# Original Dawnlight glider. Y up; origin at hand midpoint.
mtllib dawnlight-glider.mtl
o DawnlightGlider
v -125.000000 54.000000 -24.000000
v -109.375000 59.625000 -27.875000
v -109.375000 62.125000 -14.500000
v -125.000000 56.500000 -11.333333
v -125.000000 56.500000 -11.333333
v -109.375000 62.125000 -14.500000
v -109.375000 63.955127 -1.125000
v -125.000000 58.330127 1.333333
v -125.000000 58.330127 1.333333
v -109.375000 63.955127 -1.125000
v -109.375000 64.625000 12.250000
v -125.000000 59.000000 14.000000
v -125.000000 59.000000 14.000000
v -109.375000 64.625000 12.250000
v -109.375000 63.955127 25.625000
v -125.000000 58.330127 26.666667
v -125.000000 58.330127 26.666667
v -109.375000 63.955127 25.625000
v -109.375000 62.125000 39.000000
v -125.000000 56.500000 39.333333
v -125.000000 56.500000 39.333333
v -109.375000 62.125000 39.000000
v -109.375000 59.625000 52.375000
v -125.000000 54.000000 52.000000
v -109.375000 59.625000 -27.875000
v -93.750000 64.500000 -31.750000
v -93.750000 67.000000 -17.666667
v -109.375000 62.125000 -14.500000
v -109.375000 62.125000 -14.500000
v -93.750000 67.000000 -17.666667
v -93.750000 68.830127 -3.583333
v -109.375000 63.955127 -1.125000
v -109.375000 63.955127 -1.125000
v -93.750000 68.830127 -3.583333
v -93.750000 69.500000 10.500000
v -109.375000 64.625000 12.250000
v -109.375000 64.625000 12.250000
v -93.750000 69.500000 10.500000
v -93.750000 68.830127 24.583333
v -109.375000 63.955127 25.625000
v -109.375000 63.955127 25.625000
v -93.750000 68.830127 24.583333
v -93.750000 67.000000 38.666667
v -109.375000 62.125000 39.000000
v -109.375000 62.125000 39.000000
v -93.750000 67.000000 38.666667
v -93.750000 64.500000 52.750000
v -109.375000 59.625000 52.375000
v -93.750000 64.500000 -31.750000
v -78.125000 68.625000 -35.625000
v -78.125000 71.125000 -20.833333
v -93.750000 67.000000 -17.666667
v -93.750000 67.000000 -17.666667
v -78.125000 71.125000 -20.833333
v -78.125000 72.955127 -6.041667
v -93.750000 68.830127 -3.583333
v -93.750000 68.830127 -3.583333
v -78.125000 72.955127 -6.041667
v -78.125000 73.625000 8.750000
v -93.750000 69.500000 10.500000
v -93.750000 69.500000 10.500000
v -78.125000 73.625000 8.750000
v -78.125000 72.955127 23.541667
v -93.750000 68.830127 24.583333
v -93.750000 68.830127 24.583333
v -78.125000 72.955127 23.541667
v -78.125000 71.125000 38.333333
v -93.750000 67.000000 38.666667
v -93.750000 67.000000 38.666667
v -78.125000 71.125000 38.333333
v -78.125000 68.625000 53.125000
v -93.750000 64.500000 52.750000
v -78.125000 68.625000 -35.625000
v -62.500000 72.000000 -39.500000
v -62.500000 74.500000 -24.000000
v -78.125000 71.125000 -20.833333
v -78.125000 71.125000 -20.833333
v -62.500000 74.500000 -24.000000
v -62.500000 76.330127 -8.500000
v -78.125000 72.955127 -6.041667
v -78.125000 72.955127 -6.041667
v -62.500000 76.330127 -8.500000
v -62.500000 77.000000 7.000000
v -78.125000 73.625000 8.750000
v -78.125000 73.625000 8.750000
v -62.500000 77.000000 7.000000
v -62.500000 76.330127 22.500000
v -78.125000 72.955127 23.541667
v -78.125000 72.955127 23.541667
v -62.500000 76.330127 22.500000
v -62.500000 74.500000 38.000000
v -78.125000 71.125000 38.333333
v -78.125000 71.125000 38.333333
v -62.500000 74.500000 38.000000
v -62.500000 72.000000 53.500000
v -78.125000 68.625000 53.125000
v -62.500000 72.000000 -39.500000
v -46.875000 74.625000 -43.375000
v -46.875000 77.125000 -27.166667
v -62.500000 74.500000 -24.000000
v -62.500000 74.500000 -24.000000
v -46.875000 77.125000 -27.166667
v -46.875000 78.955127 -10.958333
v -62.500000 76.330127 -8.500000
v -62.500000 76.330127 -8.500000
v -46.875000 78.955127 -10.958333
v -46.875000 79.625000 5.250000
v -62.500000 77.000000 7.000000
v -62.500000 77.000000 7.000000
v -46.875000 79.625000 5.250000
v -46.875000 78.955127 21.458333
v -62.500000 76.330127 22.500000
v -62.500000 76.330127 22.500000
v -46.875000 78.955127 21.458333
v -46.875000 77.125000 37.666667
v -62.500000 74.500000 38.000000
v -62.500000 74.500000 38.000000
v -46.875000 77.125000 37.666667
v -46.875000 74.625000 53.875000
v -62.500000 72.000000 53.500000
v -46.875000 74.625000 -43.375000
v -31.250000 76.500000 -47.250000
v -31.250000 79.000000 -30.333333
v -46.875000 77.125000 -27.166667
v -46.875000 77.125000 -27.166667
v -31.250000 79.000000 -30.333333
v -31.250000 80.830127 -13.416667
v -46.875000 78.955127 -10.958333
v -46.875000 78.955127 -10.958333
v -31.250000 80.830127 -13.416667
v -31.250000 81.500000 3.500000
v -46.875000 79.625000 5.250000
v -46.875000 79.625000 5.250000
v -31.250000 81.500000 3.500000
v -31.250000 80.830127 20.416667
v -46.875000 78.955127 21.458333
v -46.875000 78.955127 21.458333
v -31.250000 80.830127 20.416667
v -31.250000 79.000000 37.333333
v -46.875000 77.125000 37.666667
v -46.875000 77.125000 37.666667
v -31.250000 79.000000 37.333333
v -31.250000 76.500000 54.250000
v -46.875000 74.625000 53.875000
v -31.250000 76.500000 -47.250000
v -15.625000 77.625000 -51.125000
v -15.625000 80.125000 -33.500000
v -31.250000 79.000000 -30.333333
v -31.250000 79.000000 -30.333333
v -15.625000 80.125000 -33.500000
v -15.625000 81.955127 -15.875000
v -31.250000 80.830127 -13.416667
v -31.250000 80.830127 -13.416667
v -15.625000 81.955127 -15.875000
v -15.625000 82.625000 1.750000
v -31.250000 81.500000 3.500000
v -31.250000 81.500000 3.500000
v -15.625000 82.625000 1.750000
v -15.625000 81.955127 19.375000
v -31.250000 80.830127 20.416667
v -31.250000 80.830127 20.416667
v -15.625000 81.955127 19.375000
v -15.625000 80.125000 37.000000
v -31.250000 79.000000 37.333333
v -31.250000 79.000000 37.333333
v -15.625000 80.125000 37.000000
v -15.625000 77.625000 54.625000
v -31.250000 76.500000 54.250000
v -15.625000 77.625000 -51.125000
v 0.000000 78.000000 -55.000000
v 0.000000 80.500000 -36.666667
v -15.625000 80.125000 -33.500000
v -15.625000 80.125000 -33.500000
v 0.000000 80.500000 -36.666667
v 0.000000 82.330127 -18.333333
v -15.625000 81.955127 -15.875000
v -15.625000 81.955127 -15.875000
v 0.000000 82.330127 -18.333333
v 0.000000 83.000000 0.000000
v -15.625000 82.625000 1.750000
v -15.625000 82.625000 1.750000
v 0.000000 83.000000 0.000000
v 0.000000 82.330127 18.333333
v -15.625000 81.955127 19.375000
v -15.625000 81.955127 19.375000
v 0.000000 82.330127 18.333333
v 0.000000 80.500000 36.666667
v -15.625000 80.125000 37.000000
v -15.625000 80.125000 37.000000
v 0.000000 80.500000 36.666667
v 0.000000 78.000000 55.000000
v -15.625000 77.625000 54.625000
v 0.000000 78.000000 -55.000000
v 15.625000 77.625000 -51.125000
v 15.625000 80.125000 -33.500000
v 0.000000 80.500000 -36.666667
v 0.000000 80.500000 -36.666667
v 15.625000 80.125000 -33.500000
v 15.625000 81.955127 -15.875000
v 0.000000 82.330127 -18.333333
v 0.000000 82.330127 -18.333333
v 15.625000 81.955127 -15.875000
v 15.625000 82.625000 1.750000
v 0.000000 83.000000 0.000000
v 0.000000 83.000000 0.000000
v 15.625000 82.625000 1.750000
v 15.625000 81.955127 19.375000
v 0.000000 82.330127 18.333333
v 0.000000 82.330127 18.333333
v 15.625000 81.955127 19.375000
v 15.625000 80.125000 37.000000
v 0.000000 80.500000 36.666667
v 0.000000 80.500000 36.666667
v 15.625000 80.125000 37.000000
v 15.625000 77.625000 54.625000
v 0.000000 78.000000 55.000000
v 15.625000 77.625000 -51.125000
v 31.250000 76.500000 -47.250000
v 31.250000 79.000000 -30.333333
v 15.625000 80.125000 -33.500000
v 15.625000 80.125000 -33.500000
v 31.250000 79.000000 -30.333333
v 31.250000 80.830127 -13.416667
v 15.625000 81.955127 -15.875000
v 15.625000 81.955127 -15.875000
v 31.250000 80.830127 -13.416667
v 31.250000 81.500000 3.500000
v 15.625000 82.625000 1.750000
v 15.625000 82.625000 1.750000
v 31.250000 81.500000 3.500000
v 31.250000 80.830127 20.416667
v 15.625000 81.955127 19.375000
v 15.625000 81.955127 19.375000
v 31.250000 80.830127 20.416667
v 31.250000 79.000000 37.333333
v 15.625000 80.125000 37.000000
v 15.625000 80.125000 37.000000
v 31.250000 79.000000 37.333333
v 31.250000 76.500000 54.250000
v 15.625000 77.625000 54.625000
v 31.250000 76.500000 -47.250000
v 46.875000 74.625000 -43.375000
v 46.875000 77.125000 -27.166667
v 31.250000 79.000000 -30.333333
v 31.250000 79.000000 -30.333333
v 46.875000 77.125000 -27.166667
v 46.875000 78.955127 -10.958333
v 31.250000 80.830127 -13.416667
v 31.250000 80.830127 -13.416667
v 46.875000 78.955127 -10.958333
v 46.875000 79.625000 5.250000
v 31.250000 81.500000 3.500000
v 31.250000 81.500000 3.500000
v 46.875000 79.625000 5.250000
v 46.875000 78.955127 21.458333
v 31.250000 80.830127 20.416667
v 31.250000 80.830127 20.416667
v 46.875000 78.955127 21.458333
v 46.875000 77.125000 37.666667
v 31.250000 79.000000 37.333333
v 31.250000 79.000000 37.333333
v 46.875000 77.125000 37.666667
v 46.875000 74.625000 53.875000
v 31.250000 76.500000 54.250000
v 46.875000 74.625000 -43.375000
v 62.500000 72.000000 -39.500000
v 62.500000 74.500000 -24.000000
v 46.875000 77.125000 -27.166667
v 46.875000 77.125000 -27.166667
v 62.500000 74.500000 -24.000000
v 62.500000 76.330127 -8.500000
v 46.875000 78.955127 -10.958333
v 46.875000 78.955127 -10.958333
v 62.500000 76.330127 -8.500000
v 62.500000 77.000000 7.000000
v 46.875000 79.625000 5.250000
v 46.875000 79.625000 5.250000
v 62.500000 77.000000 7.000000
v 62.500000 76.330127 22.500000
v 46.875000 78.955127 21.458333
v 46.875000 78.955127 21.458333
v 62.500000 76.330127 22.500000
v 62.500000 74.500000 38.000000
v 46.875000 77.125000 37.666667
v 46.875000 77.125000 37.666667
v 62.500000 74.500000 38.000000
v 62.500000 72.000000 53.500000
v 46.875000 74.625000 53.875000
v 62.500000 72.000000 -39.500000
v 78.125000 68.625000 -35.625000
v 78.125000 71.125000 -20.833333
v 62.500000 74.500000 -24.000000
v 62.500000 74.500000 -24.000000
v 78.125000 71.125000 -20.833333
v 78.125000 72.955127 -6.041667
v 62.500000 76.330127 -8.500000
v 62.500000 76.330127 -8.500000
v 78.125000 72.955127 -6.041667
v 78.125000 73.625000 8.750000
v 62.500000 77.000000 7.000000
v 62.500000 77.000000 7.000000
v 78.125000 73.625000 8.750000
v 78.125000 72.955127 23.541667
v 62.500000 76.330127 22.500000
v 62.500000 76.330127 22.500000
v 78.125000 72.955127 23.541667
v 78.125000 71.125000 38.333333
v 62.500000 74.500000 38.000000
v 62.500000 74.500000 38.000000
v 78.125000 71.125000 38.333333
v 78.125000 68.625000 53.125000
v 62.500000 72.000000 53.500000
v 78.125000 68.625000 -35.625000
v 93.750000 64.500000 -31.750000
v 93.750000 67.000000 -17.666667
v 78.125000 71.125000 -20.833333
v 78.125000 71.125000 -20.833333
v 93.750000 67.000000 -17.666667
v 93.750000 68.830127 -3.583333
v 78.125000 72.955127 -6.041667
v 78.125000 72.955127 -6.041667
v 93.750000 68.830127 -3.583333
v 93.750000 69.500000 10.500000
v 78.125000 73.625000 8.750000
v 78.125000 73.625000 8.750000
v 93.750000 69.500000 10.500000
v 93.750000 68.830127 24.583333
v 78.125000 72.955127 23.541667
v 78.125000 72.955127 23.541667
v 93.750000 68.830127 24.583333
v 93.750000 67.000000 38.666667
v 78.125000 71.125000 38.333333
v 78.125000 71.125000 38.333333
v 93.750000 67.000000 38.666667
v 93.750000 64.500000 52.750000
v 78.125000 68.625000 53.125000
v 93.750000 64.500000 -31.750000
v 109.375000 59.625000 -27.875000
v 109.375000 62.125000 -14.500000
v 93.750000 67.000000 -17.666667
v 93.750000 67.000000 -17.666667
v 109.375000 62.125000 -14.500000
v 109.375000 63.955127 -1.125000
v 93.750000 68.830127 -3.583333
v 93.750000 68.830127 -3.583333
v 109.375000 63.955127 -1.125000
v 109.375000 64.625000 12.250000
v 93.750000 69.500000 10.500000
v 93.750000 69.500000 10.500000
v 109.375000 64.625000 12.250000
v 109.375000 63.955127 25.625000
v 93.750000 68.830127 24.583333
v 93.750000 68.830127 24.583333
v 109.375000 63.955127 25.625000
v 109.375000 62.125000 39.000000
v 93.750000 67.000000 38.666667
v 93.750000 67.000000 38.666667
v 109.375000 62.125000 39.000000
v 109.375000 59.625000 52.375000
v 93.750000 64.500000 52.750000
v 109.375000 59.625000 -27.875000
v 125.000000 54.000000 -24.000000
v 125.000000 56.500000 -11.333333
v 109.375000 62.125000 -14.500000
v 109.375000 62.125000 -14.500000
v 125.000000 56.500000 -11.333333
v 125.000000 58.330127 1.333333
v 109.375000 63.955127 -1.125000
v 109.375000 63.955127 -1.125000
v 125.000000 58.330127 1.333333
v 125.000000 59.000000 14.000000
v 109.375000 64.625000 12.250000
v 109.375000 64.625000 12.250000
v 125.000000 59.000000 14.000000
v 125.000000 58.330127 26.666667
v 109.375000 63.955127 25.625000
v 109.375000 63.955127 25.625000
v 125.000000 58.330127 26.666667
v 125.000000 56.500000 39.333333
v 109.375000 62.125000 39.000000
v 109.375000 62.125000 39.000000
v 125.000000 56.500000 39.333333
v 125.000000 54.000000 52.000000
v 109.375000 59.625000 52.375000
v -126.400000 52.000000 -24.000000
v -125.700000 50.810511 -23.765232
v -124.300000 50.810511 -23.765232
v -123.600000 52.000000 -24.000000
v -124.300000 53.189489 -24.234768
v -125.700000 53.189489 -24.234768
v -126.400000 54.500000 -11.333333
v -125.700000 53.310511 -11.098566
v -124.300000 53.310511 -11.098566
v -123.600000 54.500000 -11.333333
v -124.300000 55.689489 -11.568101
v -125.700000 55.689489 -11.568101
v -126.400000 54.500000 -11.333333
v -125.700000 53.300025 -11.159956
v -124.300000 53.300025 -11.159956
v -123.600000 54.500000 -11.333333
v -124.300000 55.699975 -11.506710
v -125.700000 55.699975 -11.506710
v -126.400000 56.330127 1.333333
v -125.700000 55.130152 1.506710
v -124.300000 55.130152 1.506710
v -123.600000 56.330127 1.333333
v -124.300000 57.530102 1.159956
v -125.700000 57.530102 1.159956
v -126.400000 56.330127 1.333333
v -125.700000 55.119383 1.397363
v -124.300000 55.119383 1.397363
v -123.600000 56.330127 1.333333
v -124.300000 57.540871 1.269304
v -125.700000 57.540871 1.269304
v -126.400000 57.000000 14.000000
v -125.700000 55.789256 14.064030
v -124.300000 55.789256 14.064030
v -123.600000 57.000000 14.000000
v -124.300000 58.210744 13.935970
v -125.700000 58.210744 13.935970
v -126.400000 57.000000 14.000000
v -125.700000 55.789256 13.935970
v -124.300000 55.789256 13.935970
v -123.600000 57.000000 14.000000
v -124.300000 58.210744 14.064030
v -125.700000 58.210744 14.064030
v -126.400000 56.330127 26.666667
v -125.700000 55.119383 26.602637
v -124.300000 55.119383 26.602637
v -123.600000 56.330127 26.666667
v -124.300000 57.540871 26.730696
v -125.700000 57.540871 26.730696
v -126.400000 56.330127 26.666667
v -125.700000 55.130152 26.493290
v -124.300000 55.130152 26.493290
v -123.600000 56.330127 26.666667
v -124.300000 57.530102 26.840044
v -125.700000 57.530102 26.840044
v -126.400000 54.500000 39.333333
v -125.700000 53.300025 39.159956
v -124.300000 53.300025 39.159956
v -123.600000 54.500000 39.333333
v -124.300000 55.699975 39.506710
v -125.700000 55.699975 39.506710
v -126.400000 54.500000 39.333333
v -125.700000 53.310511 39.098566
v -124.300000 53.310511 39.098566
v -123.600000 54.500000 39.333333
v -124.300000 55.689489 39.568101
v -125.700000 55.689489 39.568101
v -126.400000 52.000000 52.000000
v -125.700000 50.810511 51.765232
v -124.300000 50.810511 51.765232
v -123.600000 52.000000 52.000000
v -124.300000 53.189489 52.234768
v -125.700000 53.189489 52.234768
v -63.900000 70.000000 -39.500000
v -63.200000 68.803034 -39.306941
v -61.800000 68.803034 -39.306941
v -61.100000 70.000000 -39.500000
v -61.800000 71.196966 -39.693059
v -63.200000 71.196966 -39.693059
v -63.900000 72.500000 -24.000000
v -63.200000 71.303034 -23.806941
v -61.800000 71.303034 -23.806941
v -61.100000 72.500000 -24.000000
v -61.800000 73.696966 -24.193059
v -63.200000 73.696966 -24.193059
v -63.900000 72.500000 -24.000000
v -63.200000 71.295928 -23.857832
v -61.800000 71.295928 -23.857832
v -61.100000 72.500000 -24.000000
v -61.800000 73.704072 -24.142168
v -63.200000 73.704072 -24.142168
v -63.900000 74.330127 -8.500000
v -63.200000 73.126055 -8.357832
v -61.800000 73.126055 -8.357832
v -61.100000 74.330127 -8.500000
v -61.800000 75.534199 -8.642168
v -63.200000 75.534199 -8.642168
v -63.900000 74.330127 -8.500000
v -63.200000 73.118822 -8.447650
v -61.800000 73.118822 -8.447650
v -61.100000 74.330127 -8.500000
v -61.800000 75.541432 -8.552350
v -63.200000 75.541432 -8.552350
v -63.900000 75.000000 7.000000
v -63.200000 73.788695 7.052350
v -61.800000 73.788695 7.052350
v -61.100000 75.000000 7.000000
v -61.800000 76.211305 6.947650
v -63.200000 76.211305 6.947650
v -63.900000 75.000000 7.000000
v -63.200000 73.788695 6.947650
v -61.800000 73.788695 6.947650
v -61.100000 75.000000 7.000000
v -61.800000 76.211305 7.052350
v -63.200000 76.211305 7.052350
v -63.900000 74.330127 22.500000
v -63.200000 73.118822 22.447650
v -61.800000 73.118822 22.447650
v -61.100000 74.330127 22.500000
v -61.800000 75.541432 22.552350
v -63.200000 75.541432 22.552350
v -63.900000 74.330127 22.500000
v -63.200000 73.126055 22.357832
v -61.800000 73.126055 22.357832
v -61.100000 74.330127 22.500000
v -61.800000 75.534199 22.642168
v -63.200000 75.534199 22.642168
v -63.900000 72.500000 38.000000
v -63.200000 71.295928 37.857832
v -61.800000 71.295928 37.857832
v -61.100000 72.500000 38.000000
v -61.800000 73.704072 38.142168
v -63.200000 73.704072 38.142168
v -63.900000 72.500000 38.000000
v -63.200000 71.303034 37.806941
v -61.800000 71.303034 37.806941
v -61.100000 72.500000 38.000000
v -61.800000 73.696966 38.193059
v -63.200000 73.696966 38.193059
v -63.900000 70.000000 53.500000
v -63.200000 68.803034 53.306941
v -61.800000 68.803034 53.306941
v -61.100000 70.000000 53.500000
v -61.800000 71.196966 53.693059
v -63.200000 71.196966 53.693059
v -1.400000 76.000000 -55.000000
v -0.700000 74.798682 -54.836184
v 0.700000 74.798682 -54.836184
v 1.400000 76.000000 -55.000000
v 0.700000 77.201318 -55.163816
v -0.700000 77.201318 -55.163816
v -1.400000 78.500000 -36.666667
v -0.700000 77.298682 -36.502851
v 0.700000 77.298682 -36.502851
v 1.400000 78.500000 -36.666667
v 0.700000 79.701318 -36.830483
v -0.700000 79.701318 -36.830483
v -1.400000 78.500000 -36.666667
v -0.700000 77.293561 -36.546234
v 0.700000 77.293561 -36.546234
v 1.400000 78.500000 -36.666667
v 0.700000 79.706439 -36.787100
v -0.700000 79.706439 -36.787100
v -1.400000 80.330127 -18.333333
v -0.700000 79.123688 -18.212900
v 0.700000 79.123688 -18.212900
v 1.400000 80.330127 -18.333333
v 0.700000 81.536566 -18.453766
v -0.700000 81.536566 -18.453766
v -1.400000 80.330127 -18.333333
v -0.700000 79.118500 -18.289062
v 0.700000 79.118500 -18.289062
v 1.400000 80.330127 -18.333333
v 0.700000 81.541754 -18.377604
v -0.700000 81.541754 -18.377604
v -1.400000 81.000000 0.000000
v -0.700000 79.788373 0.044271
v 0.700000 79.788373 0.044271
v 1.400000 81.000000 0.000000
v 0.700000 82.211627 -0.044271
v -0.700000 82.211627 -0.044271
v -1.400000 81.000000 0.000000
v -0.700000 79.788373 -0.044271
v 0.700000 79.788373 -0.044271
v 1.400000 81.000000 -0.000000
v 0.700000 82.211627 0.044271
v -0.700000 82.211627 0.044271
v -1.400000 80.330127 18.333333
v -0.700000 79.118500 18.289062
v 0.700000 79.118500 18.289062
v 1.400000 80.330127 18.333333
v 0.700000 81.541754 18.377604
v -0.700000 81.541754 18.377604
v -1.400000 80.330127 18.333333
v -0.700000 79.123688 18.212900
v 0.700000 79.123688 18.212900
v 1.400000 80.330127 18.333333
v 0.700000 81.536566 18.453766
v -0.700000 81.536566 18.453766
v -1.400000 78.500000 36.666667
v -0.700000 77.293561 36.546234
v 0.700000 77.293561 36.546234
v 1.400000 78.500000 36.666667
v 0.700000 79.706439 36.787100
v -0.700000 79.706439 36.787100
v -1.400000 78.500000 36.666667
v -0.700000 77.298682 36.502851
v 0.700000 77.298682 36.502851
v 1.400000 78.500000 36.666667
v 0.700000 79.701318 36.830483
v -0.700000 79.701318 36.830483
v -1.400000 76.000000 55.000000
v -0.700000 74.798682 54.836184
v 0.700000 74.798682 54.836184
v 1.400000 76.000000 55.000000
v 0.700000 77.201318 55.163816
v -0.700000 77.201318 55.163816
v 61.100000 70.000000 -39.500000
v 61.800000 68.803034 -39.306941
v 63.200000 68.803034 -39.306941
v 63.900000 70.000000 -39.500000
v 63.200000 71.196966 -39.693059
v 61.800000 71.196966 -39.693059
v 61.100000 72.500000 -24.000000
v 61.800000 71.303034 -23.806941
v 63.200000 71.303034 -23.806941
v 63.900000 72.500000 -24.000000
v 63.200000 73.696966 -24.193059
v 61.800000 73.696966 -24.193059
v 61.100000 72.500000 -24.000000
v 61.800000 71.295928 -23.857832
v 63.200000 71.295928 -23.857832
v 63.900000 72.500000 -24.000000
v 63.200000 73.704072 -24.142168
v 61.800000 73.704072 -24.142168
v 61.100000 74.330127 -8.500000
v 61.800000 73.126055 -8.357832
v 63.200000 73.126055 -8.357832
v 63.900000 74.330127 -8.500000
v 63.200000 75.534199 -8.642168
v 61.800000 75.534199 -8.642168
v 61.100000 74.330127 -8.500000
v 61.800000 73.118822 -8.447650
v 63.200000 73.118822 -8.447650
v 63.900000 74.330127 -8.500000
v 63.200000 75.541432 -8.552350
v 61.800000 75.541432 -8.552350
v 61.100000 75.000000 7.000000
v 61.800000 73.788695 7.052350
v 63.200000 73.788695 7.052350
v 63.900000 75.000000 7.000000
v 63.200000 76.211305 6.947650
v 61.800000 76.211305 6.947650
v 61.100000 75.000000 7.000000
v 61.800000 73.788695 6.947650
v 63.200000 73.788695 6.947650
v 63.900000 75.000000 7.000000
v 63.200000 76.211305 7.052350
v 61.800000 76.211305 7.052350
v 61.100000 74.330127 22.500000
v 61.800000 73.118822 22.447650
v 63.200000 73.118822 22.447650
v 63.900000 74.330127 22.500000
v 63.200000 75.541432 22.552350
v 61.800000 75.541432 22.552350
v 61.100000 74.330127 22.500000
v 61.800000 73.126055 22.357832
v 63.200000 73.126055 22.357832
v 63.900000 74.330127 22.500000
v 63.200000 75.534199 22.642168
v 61.800000 75.534199 22.642168
v 61.100000 72.500000 38.000000
v 61.800000 71.295928 37.857832
v 63.200000 71.295928 37.857832
v 63.900000 72.500000 38.000000
v 63.200000 73.704072 38.142168
v 61.800000 73.704072 38.142168
v 61.100000 72.500000 38.000000
v 61.800000 71.303034 37.806941
v 63.200000 71.303034 37.806941
v 63.900000 72.500000 38.000000
v 63.200000 73.696966 38.193059
v 61.800000 73.696966 38.193059
v 61.100000 70.000000 53.500000
v 61.800000 68.803034 53.306941
v 63.200000 68.803034 53.306941
v 63.900000 70.000000 53.500000
v 63.200000 71.196966 53.693059
v 61.800000 71.196966 53.693059
v 123.600000 52.000000 -24.000000
v 124.300000 50.810511 -23.765232
v 125.700000 50.810511 -23.765232
v 126.400000 52.000000 -24.000000
v 125.700000 53.189489 -24.234768
v 124.300000 53.189489 -24.234768
v 123.600000 54.500000 -11.333333
v 124.300000 53.310511 -11.098566
v 125.700000 53.310511 -11.098566
v 126.400000 54.500000 -11.333333
v 125.700000 55.689489 -11.568101
v 124.300000 55.689489 -11.568101
v 123.600000 54.500000 -11.333333
v 124.300000 53.300025 -11.159956
v 125.700000 53.300025 -11.159956
v 126.400000 54.500000 -11.333333
v 125.700000 55.699975 -11.506710
v 124.300000 55.699975 -11.506710
v 123.600000 56.330127 1.333333
v 124.300000 55.130152 1.506710
v 125.700000 55.130152 1.506710
v 126.400000 56.330127 1.333333
v 125.700000 57.530102 1.159956
v 124.300000 57.530102 1.159956
v 123.600000 56.330127 1.333333
v 124.300000 55.119383 1.397363
v 125.700000 55.119383 1.397363
v 126.400000 56.330127 1.333333
v 125.700000 57.540871 1.269304
v 124.300000 57.540871 1.269304
v 123.600000 57.000000 14.000000
v 124.300000 55.789256 14.064030
v 125.700000 55.789256 14.064030
v 126.400000 57.000000 14.000000
v 125.700000 58.210744 13.935970
v 124.300000 58.210744 13.935970
v 123.600000 57.000000 14.000000
v 124.300000 55.789256 13.935970
v 125.700000 55.789256 13.935970
v 126.400000 57.000000 14.000000
v 125.700000 58.210744 14.064030
v 124.300000 58.210744 14.064030
v 123.600000 56.330127 26.666667
v 124.300000 55.119383 26.602637
v 125.700000 55.119383 26.602637
v 126.400000 56.330127 26.666667
v 125.700000 57.540871 26.730696
v 124.300000 57.540871 26.730696
v 123.600000 56.330127 26.666667
v 124.300000 55.130152 26.493290
v 125.700000 55.130152 26.493290
v 126.400000 56.330127 26.666667
v 125.700000 57.530102 26.840044
v 124.300000 57.530102 26.840044
v 123.600000 54.500000 39.333333
v 124.300000 53.300025 39.159956
v 125.700000 53.300025 39.159956
v 126.400000 54.500000 39.333333
v 125.700000 55.699975 39.506710
v 124.300000 55.699975 39.506710
v 123.600000 54.500000 39.333333
v 124.300000 53.310511 39.098566
v 125.700000 53.310511 39.098566
v 126.400000 54.500000 39.333333
v 125.700000 55.689489 39.568101
v 124.300000 55.689489 39.568101
v 123.600000 52.000000 52.000000
v 124.300000 50.810511 51.765232
v 125.700000 50.810511 51.765232
v 126.400000 52.000000 52.000000
v 125.700000 53.189489 52.234768
v 124.300000 53.189489 52.234768
v -124.566725 54.000000 -22.252924
v -124.284283 52.528402 -23.250234
v -124.717558 52.528402 -24.997310
v -125.433275 54.000000 -25.747076
v -125.715717 55.471598 -24.749766
v -125.282442 55.471598 -23.002690
v -108.941725 59.625000 -26.127924
v -108.659283 58.153402 -27.125234
v -109.092558 58.153402 -28.872310
v -109.808275 59.625000 -29.622076
v -110.090717 61.096598 -28.624766
v -109.657442 61.096598 -26.877690
v -108.941725 59.625000 -26.127924
v -108.719848 58.133062 -27.110214
v -109.153123 58.133062 -28.857289
v -109.808275 59.625000 -29.622076
v -110.030152 61.116938 -28.639786
v -109.596877 61.116938 -26.892711
v -93.316725 64.500000 -30.002924
v -93.094848 63.008062 -30.985214
v -93.528123 63.008062 -32.732289
v -94.183275 64.500000 -33.497076
v -94.405152 65.991938 -32.514786
v -93.971877 65.991938 -30.767711
v -93.316725 64.500000 -30.002924
v -93.157805 62.989940 -30.969601
v -93.591080 62.989940 -32.716676
v -94.183275 64.500000 -33.497076
v -94.342195 66.010060 -32.530399
v -93.908920 66.010060 -30.783324
v -77.691725 68.625000 -33.877924
v -77.532805 67.114940 -34.844601
v -77.966080 67.114940 -36.591676
v -78.558275 68.625000 -37.372076
v -78.717195 70.135060 -36.405399
v -78.283920 70.135060 -34.658324
v -77.691725 68.625000 -33.877924
v -77.597910 67.099323 -34.828454
v -78.031185 67.099323 -36.575530
v -78.558275 68.625000 -37.372076
v -78.652090 70.150677 -36.421546
v -78.218815 70.150677 -34.674470
v -62.066725 72.000000 -37.752924
v -61.972910 70.474323 -38.703454
v -62.406185 70.474323 -40.450530
v -62.933275 72.000000 -41.247076
v -63.027090 73.525677 -40.296546
v -62.593815 73.525677 -38.549470
v -62.066725 72.000000 -37.752924
v -62.039866 70.461474 -38.686849
v -62.473141 70.461474 -40.433925
v -62.933275 72.000000 -41.247076
v -62.960134 73.538526 -40.313151
v -62.526859 73.538526 -38.566075
v -46.441725 74.625000 -41.627924
v -46.414866 73.086474 -42.561849
v -46.848141 73.086474 -44.308925
v -47.308275 74.625000 -45.122076
v -47.335134 76.163526 -44.188151
v -46.901859 76.163526 -42.441075
v -46.441725 74.625000 -41.627924
v -46.483323 73.076621 -42.544872
v -46.916598 73.076621 -44.291948
v -47.308275 74.625000 -45.122076
v -47.266677 76.173379 -44.205128
v -46.833402 76.173379 -42.458052
v -30.816725 76.500000 -45.502924
v -30.858323 74.951621 -46.419872
v -31.291598 74.951621 -48.166948
v -31.683275 76.500000 -48.997076
v -31.641677 78.048379 -48.080128
v -31.208402 78.048379 -46.333052
v -30.816725 76.500000 -45.502924
v -30.927886 74.944947 -46.402620
v -31.361161 74.944947 -48.149696
v -31.683275 76.500000 -48.997076
v -31.572114 78.055053 -48.097380
v -31.138839 78.055053 -46.350304
v -15.191725 77.625000 -49.377924
v -15.302886 76.069947 -50.277620
v -15.736161 76.069947 -52.024696
v -16.058275 77.625000 -52.872076
v -15.947114 79.180053 -51.972380
v -15.513839 79.180053 -50.225304
v -15.191725 77.625000 -49.377924
v -15.373128 76.066577 -50.260201
v -15.806402 76.066577 -52.007276
v -16.058275 77.625000 -52.872076
v -15.876872 79.183423 -51.989799
v -15.443598 79.183423 -50.242724
v 0.433275 78.000000 -53.252924
v 0.251872 76.441577 -54.135201
v -0.181402 76.441577 -55.882276
v -0.433275 78.000000 -56.747076
v -0.251872 79.558423 -55.864799
v 0.181402 79.558423 -54.117724
v -0.433275 78.000000 -53.252924
v -0.251872 76.441577 -54.135201
v 0.181402 76.441577 -55.882276
v 0.433275 78.000000 -56.747076
v 0.251872 79.558423 -55.864799
v -0.181402 79.558423 -54.117724
v 15.191725 77.625000 -49.377924
v 15.373128 76.066577 -50.260201
v 15.806402 76.066577 -52.007276
v 16.058275 77.625000 -52.872076
v 15.876872 79.183423 -51.989799
v 15.443598 79.183423 -50.242724
v 15.191725 77.625000 -49.377924
v 15.302886 76.069947 -50.277620
v 15.736161 76.069947 -52.024696
v 16.058275 77.625000 -52.872076
v 15.947114 79.180053 -51.972380
v 15.513839 79.180053 -50.225304
v 30.816725 76.500000 -45.502924
v 30.927886 74.944947 -46.402620
v 31.361161 74.944947 -48.149696
v 31.683275 76.500000 -48.997076
v 31.572114 78.055053 -48.097380
v 31.138839 78.055053 -46.350304
v 30.816725 76.500000 -45.502924
v 30.858323 74.951621 -46.419872
v 31.291598 74.951621 -48.166948
v 31.683275 76.500000 -48.997076
v 31.641677 78.048379 -48.080128
v 31.208402 78.048379 -46.333052
v 46.441725 74.625000 -41.627924
v 46.483323 73.076621 -42.544872
v 46.916598 73.076621 -44.291948
v 47.308275 74.625000 -45.122076
v 47.266677 76.173379 -44.205128
v 46.833402 76.173379 -42.458052
v 46.441725 74.625000 -41.627924
v 46.414866 73.086474 -42.561849
v 46.848141 73.086474 -44.308925
v 47.308275 74.625000 -45.122076
v 47.335134 76.163526 -44.188151
v 46.901859 76.163526 -42.441075
v 62.066725 72.000000 -37.752924
v 62.039866 70.461474 -38.686849
v 62.473141 70.461474 -40.433925
v 62.933275 72.000000 -41.247076
v 62.960134 73.538526 -40.313151
v 62.526859 73.538526 -38.566075
v 62.066725 72.000000 -37.752924
v 61.972910 70.474323 -38.703454
v 62.406185 70.474323 -40.450530
v 62.933275 72.000000 -41.247076
v 63.027090 73.525677 -40.296546
v 62.593815 73.525677 -38.549470
v 77.691725 68.625000 -33.877924
v 77.597910 67.099323 -34.828454
v 78.031185 67.099323 -36.575530
v 78.558275 68.625000 -37.372076
v 78.652090 70.150677 -36.421546
v 78.218815 70.150677 -34.674470
v 77.691725 68.625000 -33.877924
v 77.532805 67.114940 -34.844601
v 77.966080 67.114940 -36.591676
v 78.558275 68.625000 -37.372076
v 78.717195 70.135060 -36.405399
v 78.283920 70.135060 -34.658324
v 93.316725 64.500000 -30.002924
v 93.157805 62.989940 -30.969601
v 93.591080 62.989940 -32.716676
v 94.183275 64.500000 -33.497076
v 94.342195 66.010060 -32.530399
v 93.908920 66.010060 -30.783324
v 93.316725 64.500000 -30.002924
v 93.094848 63.008062 -30.985214
v 93.528123 63.008062 -32.732289
v 94.183275 64.500000 -33.497076
v 94.405152 65.991938 -32.514786
v 93.971877 65.991938 -30.767711
v 108.941725 59.625000 -26.127924
v 108.719848 58.133062 -27.110214
v 109.153123 58.133062 -28.857289
v 109.808275 59.625000 -29.622076
v 110.030152 61.116938 -28.639786
v 109.596877 61.116938 -26.892711
v 108.941725 59.625000 -26.127924
v 108.659283 58.153402 -27.125234
v 109.092558 58.153402 -28.872310
v 109.808275 59.625000 -29.622076
v 110.090717 61.096598 -28.624766
v 109.657442 61.096598 -26.877690
v 124.566725 54.000000 -22.252924
v 124.284283 52.528402 -23.250234
v 124.717558 52.528402 -24.997310
v 125.433275 54.000000 -25.747076
v 125.715717 55.471598 -24.749766
v 125.282442 55.471598 -23.002690
v -125.043188 54.000000 53.799482
v -124.493869 52.533253 52.912406
v -124.450681 52.533253 51.112924
v -124.956812 54.000000 50.200518
v -125.506131 55.466747 51.087594
v -125.549319 55.466747 52.887076
v -109.418188 59.625000 54.174482
v -108.868869 58.158253 53.287406
v -108.825681 58.158253 51.487924
v -109.331812 59.625000 50.575518
v -109.881131 61.091747 51.462594
v -109.924319 61.091747 53.262076
v -109.418188 59.625000 54.174482
v -108.932562 58.136863 53.285878
v -108.889375 58.136863 51.486396
v -109.331812 59.625000 50.575518
v -109.817438 61.113137 51.464122
v -109.860625 61.113137 53.263604
v -93.793188 64.500000 54.549482
v -93.307562 63.011863 53.660878
v -93.264375 63.011863 51.861396
v -93.706812 64.500000 50.950518
v -94.192438 65.988137 51.839122
v -94.235625 65.988137 53.638604
v -93.793188 64.500000 54.549482
v -93.373913 62.992765 53.659285
v -93.330725 62.992765 51.859803
v -93.706812 64.500000 50.950518
v -94.126087 66.007235 51.840715
v -94.169275 66.007235 53.640197
v -78.168188 68.625000 54.924482
v -77.748913 67.117765 54.034285
v -77.705725 67.117765 52.234803
v -78.081812 68.625000 51.325518
v -78.501087 70.132235 52.215715
v -78.544275 70.132235 54.015197
v -78.168188 68.625000 54.924482
v -77.817659 67.101275 54.032635
v -77.774471 67.101275 52.233154
v -78.081812 68.625000 51.325518
v -78.432341 70.148725 52.217365
v -78.475529 70.148725 54.016846
v -62.543188 72.000000 55.299482
v -62.192659 70.476275 54.407635
v -62.149471 70.476275 52.608154
v -62.456812 72.000000 51.700518
v -62.807341 73.523725 52.592365
v -62.850529 73.523725 54.391846
v -62.543188 72.000000 55.299482
v -62.263474 70.462686 54.405936
v -62.220286 70.462686 52.606454
v -62.456812 72.000000 51.700518
v -62.736526 73.537314 52.594064
v -62.779714 73.537314 54.393546
v -46.918188 74.625000 55.674482
v -46.638474 73.087686 54.780936
v -46.595286 73.087686 52.981454
v -46.831812 74.625000 52.075518
v -47.111526 76.162314 52.969064
v -47.154714 76.162314 54.768546
v -46.918188 74.625000 55.674482
v -46.710971 73.077252 54.779196
v -46.667783 73.077252 52.979714
v -46.831812 74.625000 52.075518
v -47.039029 76.172748 52.970804
v -47.082217 76.172748 54.770286
v -31.293188 76.500000 56.049482
v -31.085971 74.952252 55.154196
v -31.042783 74.952252 53.354714
v -31.206812 76.500000 52.450518
v -31.414029 78.047748 53.345804
v -31.457217 78.047748 55.145286
v -31.293188 76.500000 56.049482
v -31.159711 74.945177 55.152426
v -31.116523 74.945177 53.352944
v -31.206812 76.500000 52.450518
v -31.340289 78.054823 53.347574
v -31.383477 78.054823 55.147056
v -15.668188 77.625000 56.424482
v -15.534711 76.070177 55.527426
v -15.491523 76.070177 53.727944
v -15.581812 77.625000 52.825518
v -15.715289 79.179823 53.722574
v -15.758477 79.179823 55.522056
v -15.668188 77.625000 56.424482
v -15.609214 76.066603 55.525638
v -15.566026 76.066603 53.726156
v -15.581812 77.625000 52.825518
v -15.640786 79.183397 53.724362
v -15.683974 79.183397 55.523844
v -0.043188 78.000000 56.799482
v 0.015786 76.441603 55.900638
v 0.058974 76.441603 54.101156
v 0.043188 78.000000 53.200518
v -0.015786 79.558397 54.099362
v -0.058974 79.558397 55.898844
v 0.043188 78.000000 56.799482
v -0.015786 76.441603 55.900638
v -0.058974 76.441603 54.101156
v -0.043188 78.000000 53.200518
v 0.015786 79.558397 54.099362
v 0.058974 79.558397 55.898844
v 15.668188 77.625000 56.424482
v 15.609214 76.066603 55.525638
v 15.566026 76.066603 53.726156
v 15.581812 77.625000 52.825518
v 15.640786 79.183397 53.724362
v 15.683974 79.183397 55.523844
v 15.668188 77.625000 56.424482
v 15.534711 76.070177 55.527426
v 15.491523 76.070177 53.727944
v 15.581812 77.625000 52.825518
v 15.715289 79.179823 53.722574
v 15.758477 79.179823 55.522056
v 31.293188 76.500000 56.049482
v 31.159711 74.945177 55.152426
v 31.116523 74.945177 53.352944
v 31.206812 76.500000 52.450518
v 31.340289 78.054823 53.347574
v 31.383477 78.054823 55.147056
v 31.293188 76.500000 56.049482
v 31.085971 74.952252 55.154196
v 31.042783 74.952252 53.354714
v 31.206812 76.500000 52.450518
v 31.414029 78.047748 53.345804
v 31.457217 78.047748 55.145286
v 46.918188 74.625000 55.674482
v 46.710971 73.077252 54.779196
v 46.667783 73.077252 52.979714
v 46.831812 74.625000 52.075518
v 47.039029 76.172748 52.970804
v 47.082217 76.172748 54.770286
v 46.918188 74.625000 55.674482
v 46.638474 73.087686 54.780936
v 46.595286 73.087686 52.981454
v 46.831812 74.625000 52.075518
v 47.111526 76.162314 52.969064
v 47.154714 76.162314 54.768546
v 62.543188 72.000000 55.299482
v 62.263474 70.462686 54.405936
v 62.220286 70.462686 52.606454
v 62.456812 72.000000 51.700518
v 62.736526 73.537314 52.594064
v 62.779714 73.537314 54.393546
v 62.543188 72.000000 55.299482
v 62.192659 70.476275 54.407635
v 62.149471 70.476275 52.608154
v 62.456812 72.000000 51.700518
v 62.807341 73.523725 52.592365
v 62.850529 73.523725 54.391846
v 78.168188 68.625000 54.924482
v 77.817659 67.101275 54.032635
v 77.774471 67.101275 52.233154
v 78.081812 68.625000 51.325518
v 78.432341 70.148725 52.217365
v 78.475529 70.148725 54.016846
v 78.168188 68.625000 54.924482
v 77.748913 67.117765 54.034285
v 77.705725 67.117765 52.234803
v 78.081812 68.625000 51.325518
v 78.501087 70.132235 52.215715
v 78.544275 70.132235 54.015197
v 93.793188 64.500000 54.549482
v 93.373913 62.992765 53.659285
v 93.330725 62.992765 51.859803
v 93.706812 64.500000 50.950518
v 94.126087 66.007235 51.840715
v 94.169275 66.007235 53.640197
v 93.793188 64.500000 54.549482
v 93.307562 63.011863 53.660878
v 93.264375 63.011863 51.861396
v 93.706812 64.500000 50.950518
v 94.192438 65.988137 51.839122
v 94.235625 65.988137 53.638604
v 109.418188 59.625000 54.174482
v 108.932562 58.136863 53.285878
v 108.889375 58.136863 51.486396
v 109.331812 59.625000 50.575518
v 109.817438 61.113137 51.464122
v 109.860625 61.113137 53.263604
v 109.418188 59.625000 54.174482
v 108.868869 58.158253 53.287406
v 108.825681 58.158253 51.487924
v 109.331812 59.625000 50.575518
v 109.881131 61.091747 51.462594
v 109.924319 61.091747 53.262076
v 125.043188 54.000000 53.799482
v 124.493869 52.533253 52.912406
v 124.450681 52.533253 51.112924
v 124.956812 54.000000 50.200518
v 125.506131 55.466747 51.087594
v 125.549319 55.466747 52.887076
v -21.012691 0.000000 -1.259055
v -22.330786 -0.906827 -1.276027
v -23.318096 -0.906827 -0.016971
v -22.987309 -0.000000 1.259055
v -21.669214 0.906827 1.276027
v -20.681904 0.906827 0.016971
v -69.012691 70.473600 -38.899055
v -70.330786 69.566773 -38.916027
v -71.318096 69.566773 -37.656971
v -70.987309 70.473600 -36.380945
v -69.669214 71.380427 -36.363973
v -68.681904 71.380427 -37.623029
v -23.189138 0.000000 -1.070491
v -23.244232 -0.988500 0.186422
v -22.055095 -0.988500 1.256914
v -20.810862 -0.000000 1.070491
v -20.755768 0.988500 -0.186422
v -21.944905 0.988500 -1.256914
v -71.189138 70.473600 52.249509
v -71.244232 69.485100 53.506422
v -70.055095 69.485100 54.576914
v -68.810862 70.473600 54.390491
v -68.755768 71.462100 53.133578
v -69.944905 71.462100 52.063086
v 22.987309 0.000000 1.259055
v 23.318096 -0.906827 -0.016971
v 22.330786 -0.906827 -1.276027
v 21.012691 -0.000000 -1.259055
v 20.681904 0.906827 0.016971
v 21.669214 0.906827 1.276027
v 70.987309 70.473600 -36.380945
v 71.318096 69.566773 -37.656971
v 70.330786 69.566773 -38.916027
v 69.012691 70.473600 -38.899055
v 68.681904 71.380427 -37.623029
v 69.669214 71.380427 -36.363973
v 20.810862 0.000000 1.070491
v 22.055095 -0.988500 1.256914
v 23.244232 -0.988500 0.186422
v 23.189138 -0.000000 -1.070491
v 21.944905 0.988500 -1.256914
v 20.755768 0.988500 -0.186422
v 68.810862 70.473600 54.390491
v 70.055095 69.485100 54.576914
v 71.244232 69.485100 53.506422
v 71.189138 70.473600 52.249509
v 69.944905 71.462100 52.063086
v 68.755768 71.462100 53.133578
v -38.000000 0.000000 2.500000
v -38.000000 -2.165064 1.250000
v -38.000000 -2.165064 -1.250000
v -38.000000 -0.000000 -2.500000
v -38.000000 2.165064 -1.250000
v -38.000000 2.165064 1.250000
v 38.000000 0.000000 2.500000
v 38.000000 -2.165064 1.250000
v 38.000000 -2.165064 -1.250000
v 38.000000 -0.000000 -2.500000
v 38.000000 2.165064 -1.250000
v 38.000000 2.165064 1.250000
v -30.000000 0.000000 3.100000
v -30.000000 -2.684679 1.550000
v -30.000000 -2.684679 -1.550000
v -30.000000 -0.000000 -3.100000
v -30.000000 2.684679 -1.550000
v -30.000000 2.684679 1.550000
v -14.000000 0.000000 3.100000
v -14.000000 -2.684679 1.550000
v -14.000000 -2.684679 -1.550000
v -14.000000 -0.000000 -3.100000
v -14.000000 2.684679 -1.550000
v -14.000000 2.684679 1.550000
v 14.000000 0.000000 3.100000
v 14.000000 -2.684679 1.550000
v 14.000000 -2.684679 -1.550000
v 14.000000 -0.000000 -3.100000
v 14.000000 2.684679 -1.550000
v 14.000000 2.684679 1.550000
v 30.000000 0.000000 3.100000
v 30.000000 -2.684679 1.550000
v 30.000000 -2.684679 -1.550000
v 30.000000 -0.000000 -3.100000
v 30.000000 2.684679 -1.550000
v 30.000000 2.684679 1.550000
vt 0.000000 1.000000
vt 0.062500 1.000000
vt 0.062500 0.865885
vt 0.000000 0.865885
vt 0.000000 0.865885
vt 0.062500 0.865885
vt 0.062500 0.731771
vt 0.000000 0.731771
vt 0.000000 0.731771
vt 0.062500 0.731771
vt 0.062500 0.597656
vt 0.000000 0.597656
vt 0.000000 0.597656
vt 0.062500 0.597656
vt 0.062500 0.463542
vt 0.000000 0.463542
vt 0.000000 0.463542
vt 0.062500 0.463542
vt 0.062500 0.329427
vt 0.000000 0.329427
vt 0.000000 0.329427
vt 0.062500 0.329427
vt 0.062500 0.195312
vt 0.000000 0.195312
vt 0.062500 1.000000
vt 0.125000 1.000000
vt 0.125000 0.865885
vt 0.062500 0.865885
vt 0.062500 0.865885
vt 0.125000 0.865885
vt 0.125000 0.731771
vt 0.062500 0.731771
vt 0.062500 0.731771
vt 0.125000 0.731771
vt 0.125000 0.597656
vt 0.062500 0.597656
vt 0.062500 0.597656
vt 0.125000 0.597656
vt 0.125000 0.463542
vt 0.062500 0.463542
vt 0.062500 0.463542
vt 0.125000 0.463542
vt 0.125000 0.329427
vt 0.062500 0.329427
vt 0.062500 0.329427
vt 0.125000 0.329427
vt 0.125000 0.195312
vt 0.062500 0.195312
vt 0.125000 1.000000
vt 0.187500 1.000000
vt 0.187500 0.865885
vt 0.125000 0.865885
vt 0.125000 0.865885
vt 0.187500 0.865885
vt 0.187500 0.731771
vt 0.125000 0.731771
vt 0.125000 0.731771
vt 0.187500 0.731771
vt 0.187500 0.597656
vt 0.125000 0.597656
vt 0.125000 0.597656
vt 0.187500 0.597656
vt 0.187500 0.463542
vt 0.125000 0.463542
vt 0.125000 0.463542
vt 0.187500 0.463542
vt 0.187500 0.329427
vt 0.125000 0.329427
vt 0.125000 0.329427
vt 0.187500 0.329427
vt 0.187500 0.195312
vt 0.125000 0.195312
vt 0.187500 1.000000
vt 0.250000 1.000000
vt 0.250000 0.865885
vt 0.187500 0.865885
vt 0.187500 0.865885
vt 0.250000 0.865885
vt 0.250000 0.731771
vt 0.187500 0.731771
vt 0.187500 0.731771
vt 0.250000 0.731771
vt 0.250000 0.597656
vt 0.187500 0.597656
vt 0.187500 0.597656
vt 0.250000 0.597656
vt 0.250000 0.463542
vt 0.187500 0.463542
vt 0.187500 0.463542
vt 0.250000 0.463542
vt 0.250000 0.329427
vt 0.187500 0.329427
vt 0.187500 0.329427
vt 0.250000 0.329427
vt 0.250000 0.195312
vt 0.187500 0.195312
vt 0.250000 1.000000
vt 0.312500 1.000000
vt 0.312500 0.865885
vt 0.250000 0.865885
vt 0.250000 0.865885
vt 0.312500 0.865885
vt 0.312500 0.731771
vt 0.250000 0.731771
vt 0.250000 0.731771
vt 0.312500 0.731771
vt 0.312500 0.597656
vt 0.250000 0.597656
vt 0.250000 0.597656
vt 0.312500 0.597656
vt 0.312500 0.463542
vt 0.250000 0.463542
vt 0.250000 0.463542
vt 0.312500 0.463542
vt 0.312500 0.329427
vt 0.250000 0.329427
vt 0.250000 0.329427
vt 0.312500 0.329427
vt 0.312500 0.195312
vt 0.250000 0.195312
vt 0.312500 1.000000
vt 0.375000 1.000000
vt 0.375000 0.865885
vt 0.312500 0.865885
vt 0.312500 0.865885
vt 0.375000 0.865885
vt 0.375000 0.731771
vt 0.312500 0.731771
vt 0.312500 0.731771
vt 0.375000 0.731771
vt 0.375000 0.597656
vt 0.312500 0.597656
vt 0.312500 0.597656
vt 0.375000 0.597656
vt 0.375000 0.463542
vt 0.312500 0.463542
vt 0.312500 0.463542
vt 0.375000 0.463542
vt 0.375000 0.329427
vt 0.312500 0.329427
vt 0.312500 0.329427
vt 0.375000 0.329427
vt 0.375000 0.195312
vt 0.312500 0.195312
vt 0.375000 1.000000
vt 0.437500 1.000000
vt 0.437500 0.865885
vt 0.375000 0.865885
vt 0.375000 0.865885
vt 0.437500 0.865885
vt 0.437500 0.731771
vt 0.375000 0.731771
vt 0.375000 0.731771
vt 0.437500 0.731771
vt 0.437500 0.597656
vt 0.375000 0.597656
vt 0.375000 0.597656
vt 0.437500 0.597656
vt 0.437500 0.463542
vt 0.375000 0.463542
vt 0.375000 0.463542
vt 0.437500 0.463542
vt 0.437500 0.329427
vt 0.375000 0.329427
vt 0.375000 0.329427
vt 0.437500 0.329427
vt 0.437500 0.195312
vt 0.375000 0.195312
vt 0.437500 1.000000
vt 0.500000 1.000000
vt 0.500000 0.865885
vt 0.437500 0.865885
vt 0.437500 0.865885
vt 0.500000 0.865885
vt 0.500000 0.731771
vt 0.437500 0.731771
vt 0.437500 0.731771
vt 0.500000 0.731771
vt 0.500000 0.597656
vt 0.437500 0.597656
vt 0.437500 0.597656
vt 0.500000 0.597656
vt 0.500000 0.463542
vt 0.437500 0.463542
vt 0.437500 0.463542
vt 0.500000 0.463542
vt 0.500000 0.329427
vt 0.437500 0.329427
vt 0.437500 0.329427
vt 0.500000 0.329427
vt 0.500000 0.195312
vt 0.437500 0.195312
vt 0.500000 1.000000
vt 0.562500 1.000000
vt 0.562500 0.865885
vt 0.500000 0.865885
vt 0.500000 0.865885
vt 0.562500 0.865885
vt 0.562500 0.731771
vt 0.500000 0.731771
vt 0.500000 0.731771
vt 0.562500 0.731771
vt 0.562500 0.597656
vt 0.500000 0.597656
vt 0.500000 0.597656
vt 0.562500 0.597656
vt 0.562500 0.463542
vt 0.500000 0.463542
vt 0.500000 0.463542
vt 0.562500 0.463542
vt 0.562500 0.329427
vt 0.500000 0.329427
vt 0.500000 0.329427
vt 0.562500 0.329427
vt 0.562500 0.195312
vt 0.500000 0.195312
vt 0.562500 1.000000
vt 0.625000 1.000000
vt 0.625000 0.865885
vt 0.562500 0.865885
vt 0.562500 0.865885
vt 0.625000 0.865885
vt 0.625000 0.731771
vt 0.562500 0.731771
vt 0.562500 0.731771
vt 0.625000 0.731771
vt 0.625000 0.597656
vt 0.562500 0.597656
vt 0.562500 0.597656
vt 0.625000 0.597656
vt 0.625000 0.463542
vt 0.562500 0.463542
vt 0.562500 0.463542
vt 0.625000 0.463542
vt 0.625000 0.329427
vt 0.562500 0.329427
vt 0.562500 0.329427
vt 0.625000 0.329427
vt 0.625000 0.195312
vt 0.562500 0.195312
vt 0.625000 1.000000
vt 0.687500 1.000000
vt 0.687500 0.865885
vt 0.625000 0.865885
vt 0.625000 0.865885
vt 0.687500 0.865885
vt 0.687500 0.731771
vt 0.625000 0.731771
vt 0.625000 0.731771
vt 0.687500 0.731771
vt 0.687500 0.597656
vt 0.625000 0.597656
vt 0.625000 0.597656
vt 0.687500 0.597656
vt 0.687500 0.463542
vt 0.625000 0.463542
vt 0.625000 0.463542
vt 0.687500 0.463542
vt 0.687500 0.329427
vt 0.625000 0.329427
vt 0.625000 0.329427
vt 0.687500 0.329427
vt 0.687500 0.195312
vt 0.625000 0.195312
vt 0.687500 1.000000
vt 0.750000 1.000000
vt 0.750000 0.865885
vt 0.687500 0.865885
vt 0.687500 0.865885
vt 0.750000 0.865885
vt 0.750000 0.731771
vt 0.687500 0.731771
vt 0.687500 0.731771
vt 0.750000 0.731771
vt 0.750000 0.597656
vt 0.687500 0.597656
vt 0.687500 0.597656
vt 0.750000 0.597656
vt 0.750000 0.463542
vt 0.687500 0.463542
vt 0.687500 0.463542
vt 0.750000 0.463542
vt 0.750000 0.329427
vt 0.687500 0.329427
vt 0.687500 0.329427
vt 0.750000 0.329427
vt 0.750000 0.195312
vt 0.687500 0.195312
vt 0.750000 1.000000
vt 0.812500 1.000000
vt 0.812500 0.865885
vt 0.750000 0.865885
vt 0.750000 0.865885
vt 0.812500 0.865885
vt 0.812500 0.731771
vt 0.750000 0.731771
vt 0.750000 0.731771
vt 0.812500 0.731771
vt 0.812500 0.597656
vt 0.750000 0.597656
vt 0.750000 0.597656
vt 0.812500 0.597656
vt 0.812500 0.463542
vt 0.750000 0.463542
vt 0.750000 0.463542
vt 0.812500 0.463542
vt 0.812500 0.329427
vt 0.750000 0.329427
vt 0.750000 0.329427
vt 0.812500 0.329427
vt 0.812500 0.195312
vt 0.750000 0.195312
vt 0.812500 1.000000
vt 0.875000 1.000000
vt 0.875000 0.865885
vt 0.812500 0.865885
vt 0.812500 0.865885
vt 0.875000 0.865885
vt 0.875000 0.731771
vt 0.812500 0.731771
vt 0.812500 0.731771
vt 0.875000 0.731771
vt 0.875000 0.597656
vt 0.812500 0.597656
vt 0.812500 0.597656
vt 0.875000 0.597656
vt 0.875000 0.463542
vt 0.812500 0.463542
vt 0.812500 0.463542
vt 0.875000 0.463542
vt 0.875000 0.329427
vt 0.812500 0.329427
vt 0.812500 0.329427
vt 0.875000 0.329427
vt 0.875000 0.195312
vt 0.812500 0.195312
vt 0.875000 1.000000
vt 0.937500 1.000000
vt 0.937500 0.865885
vt 0.875000 0.865885
vt 0.875000 0.865885
vt 0.937500 0.865885
vt 0.937500 0.731771
vt 0.875000 0.731771
vt 0.875000 0.731771
vt 0.937500 0.731771
vt 0.937500 0.597656
vt 0.875000 0.597656
vt 0.875000 0.597656
vt 0.937500 0.597656
vt 0.937500 0.463542
vt 0.875000 0.463542
vt 0.875000 0.463542
vt 0.937500 0.463542
vt 0.937500 0.329427
vt 0.875000 0.329427
vt 0.875000 0.329427
vt 0.937500 0.329427
vt 0.937500 0.195312
vt 0.875000 0.195312
vt 0.937500 1.000000
vt 1.000000 1.000000
vt 1.000000 0.865885
vt 0.937500 0.865885
vt 0.937500 0.865885
vt 1.000000 0.865885
vt 1.000000 0.731771
vt 0.937500 0.731771
vt 0.937500 0.731771
vt 1.000000 0.731771
vt 1.000000 0.597656
vt 0.937500 0.597656
vt 0.937500 0.597656
vt 1.000000 0.597656
vt 1.000000 0.463542
vt 0.937500 0.463542
vt 0.937500 0.463542
vt 1.000000 0.463542
vt 1.000000 0.329427
vt 0.937500 0.329427
vt 0.937500 0.329427
vt 1.000000 0.329427
vt 1.000000 0.195312
vt 0.937500 0.195312
vt 0.100000 0.164062
vt 0.100000 0.156250
vt 0.100000 0.148438
vt 0.100000 0.140625
vt 0.100000 0.132812
vt 0.100000 0.125000
vt 0.900000 0.164062
vt 0.900000 0.156250
vt 0.900000 0.148438
vt 0.900000 0.140625
vt 0.900000 0.132812
vt 0.900000 0.125000
vt 0.100000 0.164062
vt 0.100000 0.156250
vt 0.100000 0.148438
vt 0.100000 0.140625
vt 0.100000 0.132812
vt 0.100000 0.125000
vt 0.900000 0.164062
vt 0.900000 0.156250
vt 0.900000 0.148438
vt 0.900000 0.140625
vt 0.900000 0.132812
vt 0.900000 0.125000
vt 0.100000 0.164062
vt 0.100000 0.156250
vt 0.100000 0.148438
vt 0.100000 0.140625
vt 0.100000 0.132812
vt 0.100000 0.125000
vt 0.900000 0.164062
vt 0.900000 0.156250
vt 0.900000 0.148438
vt 0.900000 0.140625
vt 0.900000 0.132812
vt 0.900000 0.125000
vt 0.100000 0.164062
vt 0.100000 0.156250
vt 0.100000 0.148438
vt 0.100000 0.140625
vt 0.100000 0.132812
vt 0.100000 0.125000
vt 0.900000 0.164062
vt 0.900000 0.156250
vt 0.900000 0.148438
vt 0.900000 0.140625
vt 0.900000 0.132812
vt 0.900000 0.125000
vt 0.100000 0.164062
vt 0.100000 0.156250
vt 0.100000 0.148438
vt 0.100000 0.140625
vt 0.100000 0.132812
vt 0.100000 0.125000
vt 0.900000 0.164062
vt 0.900000 0.156250
vt 0.900000 0.148438
vt 0.900000 0.140625
vt 0.900000 0.132812
vt 0.900000 0.125000
vt 0.100000 0.164062
vt 0.100000 0.156250
vt 0.100000 0.148438
vt 0.100000 0.140625
vt 0.100000 0.132812
vt 0.100000 0.125000
vt 0.900000 0.164062
vt 0.900000 0.156250
vt 0.900000 0.148438
vt 0.900000 0.140625
vt 0.900000 0.132812
vt 0.900000 0.125000
vt 0.100000 0.164062
vt 0.100000 0.156250
vt 0.100000 0.148438
vt 0.100000 0.140625
vt 0.100000 0.132812
vt 0.100000 0.125000
vt 0.900000 0.164062
vt 0.900000 0.156250
vt 0.900000 0.148438
vt 0.900000 0.140625
vt 0.900000 0.132812
vt 0.900000 0.125000
vt 0.100000 0.164062
vt 0.100000 0.156250
vt 0.100000 0.148438
vt 0.100000 0.140625
vt 0.100000 0.132812
vt 0.100000 0.125000
vt 0.900000 0.164062
vt 0.900000 0.156250
vt 0.900000 0.148438
vt 0.900000 0.140625
vt 0.900000 0.132812
vt 0.900000 0.125000
vt 0.100000 0.164062
vt 0.100000 0.156250
vt 0.100000 0.148438
vt 0.100000 0.140625
vt 0.100000 0.132812
vt 0.100000 0.125000
vt 0.900000 0.164062
vt 0.900000 0.156250
vt 0.900000 0.148438
vt 0.900000 0.140625
vt 0.900000 0.132812
vt 0.900000 0.125000
vt 0.100000 0.164062
vt 0.100000 0.156250
vt 0.100000 0.148438
vt 0.100000 0.140625
vt 0.100000 0.132812
vt 0.100000 0.125000
vt 0.900000 0.164062
vt 0.900000 0.156250
vt 0.900000 0.148438
vt 0.900000 0.140625
vt 0.900000 0.132812
vt 0.900000 0.125000
vt 0.100000 0.164062
vt 0.100000 0.156250
vt 0.100000 0.148438
vt 0.100000 0.140625
vt 0.100000 0.132812
vt 0.100000 0.125000
vt 0.900000 0.164062
vt 0.900000 0.156250
vt 0.900000 0.148438
vt 0.900000 0.140625
vt 0.900000 0.132812
vt 0.900000 0.125000
vt 0.100000 0.164062
vt 0.100000 0.156250
vt 0.100000 0.148438
vt 0.100000 0.140625
vt 0.100000 0.132812
vt 0.100000 0.125000
vt 0.900000 0.164062
vt 0.900000 0.156250
vt 0.900000 0.148438
vt 0.900000 0.140625
vt 0.900000 0.132812
vt 0.900000 0.125000
vt 0.100000 0.164062
vt 0.100000 0.156250
vt 0.100000 0.148438
vt 0.100000 0.140625
vt 0.100000 0.132812
vt 0.100000 0.125000
vt 0.900000 0.164062
vt 0.900000 0.156250
vt 0.900000 0.148438
vt 0.900000 0.140625
vt 0.900000 0.132812
vt 0.900000 0.125000
vt 0.100000 0.164062
vt 0.100000 0.156250
vt 0.100000 0.148438
vt 0.100000 0.140625
vt 0.100000 0.132812
vt 0.100000 0.125000
vt 0.900000 0.164062
vt 0.900000 0.156250
vt 0.900000 0.148438
vt 0.900000 0.140625
vt 0.900000 0.132812
vt 0.900000 0.125000
vt 0.100000 0.164062
vt 0.100000 0.156250
vt 0.100000 0.148438
vt 0.100000 0.140625
vt 0.100000 0.132812
vt 0.100000 0.125000
vt 0.900000 0.164062
vt 0.900000 0.156250
vt 0.900000 0.148438
vt 0.900000 0.140625
vt 0.900000 0.132812
vt 0.900000 0.125000
vt 0.100000 0.164062
vt 0.100000 0.156250
vt 0.100000 0.148438
vt 0.100000 0.140625
vt 0.100000 0.132812
vt 0.100000 0.125000
vt 0.900000 0.164062
vt 0.900000 0.156250
vt 0.900000 0.148438
vt 0.900000 0.140625
vt 0.900000 0.132812
vt 0.900000 0.125000
vt 0.100000 0.164062
vt 0.100000 0.156250
vt 0.100000 0.148438
vt 0.100000 0.140625
vt 0.100000 0.132812
vt 0.100000 0.125000
vt 0.900000 0.164062
vt 0.900000 0.156250
vt 0.900000 0.148438
vt 0.900000 0.140625
vt 0.900000 0.132812
vt 0.900000 0.125000
vt 0.100000 0.164062
vt 0.100000 0.156250
vt 0.100000 0.148438
vt 0.100000 0.140625
vt 0.100000 0.132812
vt 0.100000 0.125000
vt 0.900000 0.164062
vt 0.900000 0.156250
vt 0.900000 0.148438
vt 0.900000 0.140625
vt 0.900000 0.132812
vt 0.900000 0.125000
vt 0.100000 0.164062
vt 0.100000 0.156250
vt 0.100000 0.148438
vt 0.100000 0.140625
vt 0.100000 0.132812
vt 0.100000 0.125000
vt 0.900000 0.164062
vt 0.900000 0.156250
vt 0.900000 0.148438
vt 0.900000 0.140625
vt 0.900000 0.132812
vt 0.900000 0.125000
vt 0.100000 0.164062
vt 0.100000 0.156250
vt 0.100000 0.148438
vt 0.100000 0.140625
vt 0.100000 0.132812
vt 0.100000 0.125000
vt 0.900000 0.164062
vt 0.900000 0.156250
vt 0.900000 0.148438
vt 0.900000 0.140625
vt 0.900000 0.132812
vt 0.900000 0.125000
vt 0.100000 0.164062
vt 0.100000 0.156250
vt 0.100000 0.148438
vt 0.100000 0.140625
vt 0.100000 0.132812
vt 0.100000 0.125000
vt 0.900000 0.164062
vt 0.900000 0.156250
vt 0.900000 0.148438
vt 0.900000 0.140625
vt 0.900000 0.132812
vt 0.900000 0.125000
vt 0.100000 0.164062
vt 0.100000 0.156250
vt 0.100000 0.148438
vt 0.100000 0.140625
vt 0.100000 0.132812
vt 0.100000 0.125000
vt 0.900000 0.164062
vt 0.900000 0.156250
vt 0.900000 0.148438
vt 0.900000 0.140625
vt 0.900000 0.132812
vt 0.900000 0.125000
vt 0.100000 0.164062
vt 0.100000 0.156250
vt 0.100000 0.148438
vt 0.100000 0.140625
vt 0.100000 0.132812
vt 0.100000 0.125000
vt 0.900000 0.164062
vt 0.900000 0.156250
vt 0.900000 0.148438
vt 0.900000 0.140625
vt 0.900000 0.132812
vt 0.900000 0.125000
vt 0.100000 0.164062
vt 0.100000 0.156250
vt 0.100000 0.148438
vt 0.100000 0.140625
vt 0.100000 0.132812
vt 0.100000 0.125000
vt 0.900000 0.164062
vt 0.900000 0.156250
vt 0.900000 0.148438
vt 0.900000 0.140625
vt 0.900000 0.132812
vt 0.900000 0.125000
vt 0.100000 0.164062
vt 0.100000 0.156250
vt 0.100000 0.148438
vt 0.100000 0.140625
vt 0.100000 0.132812
vt 0.100000 0.125000
vt 0.900000 0.164062
vt 0.900000 0.156250
vt 0.900000 0.148438
vt 0.900000 0.140625
vt 0.900000 0.132812
vt 0.900000 0.125000
vt 0.100000 0.164062
vt 0.100000 0.156250
vt 0.100000 0.148438
vt 0.100000 0.140625
vt 0.100000 0.132812
vt 0.100000 0.125000
vt 0.900000 0.164062
vt 0.900000 0.156250
vt 0.900000 0.148438
vt 0.900000 0.140625
vt 0.900000 0.132812
vt 0.900000 0.125000
vt 0.100000 0.164062
vt 0.100000 0.156250
vt 0.100000 0.148438
vt 0.100000 0.140625
vt 0.100000 0.132812
vt 0.100000 0.125000
vt 0.900000 0.164062
vt 0.900000 0.156250
vt 0.900000 0.148438
vt 0.900000 0.140625
vt 0.900000 0.132812
vt 0.900000 0.125000
vt 0.100000 0.164062
vt 0.100000 0.156250
vt 0.100000 0.148438
vt 0.100000 0.140625
vt 0.100000 0.132812
vt 0.100000 0.125000
vt 0.900000 0.164062
vt 0.900000 0.156250
vt 0.900000 0.148438
vt 0.900000 0.140625
vt 0.900000 0.132812
vt 0.900000 0.125000
vt 0.100000 0.164062
vt 0.100000 0.156250
vt 0.100000 0.148438
vt 0.100000 0.140625
vt 0.100000 0.132812
vt 0.100000 0.125000
vt 0.900000 0.164062
vt 0.900000 0.156250
vt 0.900000 0.148438
vt 0.900000 0.140625
vt 0.900000 0.132812
vt 0.900000 0.125000
vt 0.100000 0.164062
vt 0.100000 0.156250
vt 0.100000 0.148438
vt 0.100000 0.140625
vt 0.100000 0.132812
vt 0.100000 0.125000
vt 0.900000 0.164062
vt 0.900000 0.156250
vt 0.900000 0.148438
vt 0.900000 0.140625
vt 0.900000 0.132812
vt 0.900000 0.125000
vt 0.100000 0.164062
vt 0.100000 0.156250
vt 0.100000 0.148438
vt 0.100000 0.140625
vt 0.100000 0.132812
vt 0.100000 0.125000
vt 0.900000 0.164062
vt 0.900000 0.156250
vt 0.900000 0.148438
vt 0.900000 0.140625
vt 0.900000 0.132812
vt 0.900000 0.125000
vt 0.100000 0.164062
vt 0.100000 0.156250
vt 0.100000 0.148438
vt 0.100000 0.140625
vt 0.100000 0.132812
vt 0.100000 0.125000
vt 0.900000 0.164062
vt 0.900000 0.156250
vt 0.900000 0.148438
vt 0.900000 0.140625
vt 0.900000 0.132812
vt 0.900000 0.125000
vt 0.100000 0.164062
vt 0.100000 0.156250
vt 0.100000 0.148438
vt 0.100000 0.140625
vt 0.100000 0.132812
vt 0.100000 0.125000
vt 0.900000 0.164062
vt 0.900000 0.156250
vt 0.900000 0.148438
vt 0.900000 0.140625
vt 0.900000 0.132812
vt 0.900000 0.125000
vt 0.100000 0.164062
vt 0.100000 0.156250
vt 0.100000 0.148438
vt 0.100000 0.140625
vt 0.100000 0.132812
vt 0.100000 0.125000
vt 0.900000 0.164062
vt 0.900000 0.156250
vt 0.900000 0.148438
vt 0.900000 0.140625
vt 0.900000 0.132812
vt 0.900000 0.125000
vt 0.100000 0.164062
vt 0.100000 0.156250
vt 0.100000 0.148438
vt 0.100000 0.140625
vt 0.100000 0.132812
vt 0.100000 0.125000
vt 0.900000 0.164062
vt 0.900000 0.156250
vt 0.900000 0.148438
vt 0.900000 0.140625
vt 0.900000 0.132812
vt 0.900000 0.125000
vt 0.100000 0.164062
vt 0.100000 0.156250
vt 0.100000 0.148438
vt 0.100000 0.140625
vt 0.100000 0.132812
vt 0.100000 0.125000
vt 0.900000 0.164062
vt 0.900000 0.156250
vt 0.900000 0.148438
vt 0.900000 0.140625
vt 0.900000 0.132812
vt 0.900000 0.125000
vt 0.100000 0.164062
vt 0.100000 0.156250
vt 0.100000 0.148438
vt 0.100000 0.140625
vt 0.100000 0.132812
vt 0.100000 0.125000
vt 0.900000 0.164062
vt 0.900000 0.156250
vt 0.900000 0.148438
vt 0.900000 0.140625
vt 0.900000 0.132812
vt 0.900000 0.125000
vt 0.100000 0.164062
vt 0.100000 0.156250
vt 0.100000 0.148438
vt 0.100000 0.140625
vt 0.100000 0.132812
vt 0.100000 0.125000
vt 0.900000 0.164062
vt 0.900000 0.156250
vt 0.900000 0.148438
vt 0.900000 0.140625
vt 0.900000 0.132812
vt 0.900000 0.125000
vt 0.100000 0.164062
vt 0.100000 0.156250
vt 0.100000 0.148438
vt 0.100000 0.140625
vt 0.100000 0.132812
vt 0.100000 0.125000
vt 0.900000 0.164062
vt 0.900000 0.156250
vt 0.900000 0.148438
vt 0.900000 0.140625
vt 0.900000 0.132812
vt 0.900000 0.125000
vt 0.100000 0.164062
vt 0.100000 0.156250
vt 0.100000 0.148438
vt 0.100000 0.140625
vt 0.100000 0.132812
vt 0.100000 0.125000
vt 0.900000 0.164062
vt 0.900000 0.156250
vt 0.900000 0.148438
vt 0.900000 0.140625
vt 0.900000 0.132812
vt 0.900000 0.125000
vt 0.100000 0.164062
vt 0.100000 0.156250
vt 0.100000 0.148438
vt 0.100000 0.140625
vt 0.100000 0.132812
vt 0.100000 0.125000
vt 0.900000 0.164062
vt 0.900000 0.156250
vt 0.900000 0.148438
vt 0.900000 0.140625
vt 0.900000 0.132812
vt 0.900000 0.125000
vt 0.100000 0.164062
vt 0.100000 0.156250
vt 0.100000 0.148438
vt 0.100000 0.140625
vt 0.100000 0.132812
vt 0.100000 0.125000
vt 0.900000 0.164062
vt 0.900000 0.156250
vt 0.900000 0.148438
vt 0.900000 0.140625
vt 0.900000 0.132812
vt 0.900000 0.125000
vt 0.100000 0.164062
vt 0.100000 0.156250
vt 0.100000 0.148438
vt 0.100000 0.140625
vt 0.100000 0.132812
vt 0.100000 0.125000
vt 0.900000 0.164062
vt 0.900000 0.156250
vt 0.900000 0.148438
vt 0.900000 0.140625
vt 0.900000 0.132812
vt 0.900000 0.125000
vt 0.100000 0.164062
vt 0.100000 0.156250
vt 0.100000 0.148438
vt 0.100000 0.140625
vt 0.100000 0.132812
vt 0.100000 0.125000
vt 0.900000 0.164062
vt 0.900000 0.156250
vt 0.900000 0.148438
vt 0.900000 0.140625
vt 0.900000 0.132812
vt 0.900000 0.125000
vt 0.100000 0.164062
vt 0.100000 0.156250
vt 0.100000 0.148438
vt 0.100000 0.140625
vt 0.100000 0.132812
vt 0.100000 0.125000
vt 0.900000 0.164062
vt 0.900000 0.156250
vt 0.900000 0.148438
vt 0.900000 0.140625
vt 0.900000 0.132812
vt 0.900000 0.125000
vt 0.100000 0.164062
vt 0.100000 0.156250
vt 0.100000 0.148438
vt 0.100000 0.140625
vt 0.100000 0.132812
vt 0.100000 0.125000
vt 0.900000 0.164062
vt 0.900000 0.156250
vt 0.900000 0.148438
vt 0.900000 0.140625
vt 0.900000 0.132812
vt 0.900000 0.125000
vt 0.100000 0.164062
vt 0.100000 0.156250
vt 0.100000 0.148438
vt 0.100000 0.140625
vt 0.100000 0.132812
vt 0.100000 0.125000
vt 0.900000 0.164062
vt 0.900000 0.156250
vt 0.900000 0.148438
vt 0.900000 0.140625
vt 0.900000 0.132812
vt 0.900000 0.125000
vt 0.100000 0.164062
vt 0.100000 0.156250
vt 0.100000 0.148438
vt 0.100000 0.140625
vt 0.100000 0.132812
vt 0.100000 0.125000
vt 0.900000 0.164062
vt 0.900000 0.156250
vt 0.900000 0.148438
vt 0.900000 0.140625
vt 0.900000 0.132812
vt 0.900000 0.125000
vt 0.100000 0.164062
vt 0.100000 0.156250
vt 0.100000 0.148438
vt 0.100000 0.140625
vt 0.100000 0.132812
vt 0.100000 0.125000
vt 0.900000 0.164062
vt 0.900000 0.156250
vt 0.900000 0.148438
vt 0.900000 0.140625
vt 0.900000 0.132812
vt 0.900000 0.125000
vt 0.100000 0.164062
vt 0.100000 0.156250
vt 0.100000 0.148438
vt 0.100000 0.140625
vt 0.100000 0.132812
vt 0.100000 0.125000
vt 0.900000 0.164062
vt 0.900000 0.156250
vt 0.900000 0.148438
vt 0.900000 0.140625
vt 0.900000 0.132812
vt 0.900000 0.125000
vt 0.100000 0.164062
vt 0.100000 0.156250
vt 0.100000 0.148438
vt 0.100000 0.140625
vt 0.100000 0.132812
vt 0.100000 0.125000
vt 0.900000 0.164062
vt 0.900000 0.156250
vt 0.900000 0.148438
vt 0.900000 0.140625
vt 0.900000 0.132812
vt 0.900000 0.125000
vt 0.100000 0.164062
vt 0.100000 0.156250
vt 0.100000 0.148438
vt 0.100000 0.140625
vt 0.100000 0.132812
vt 0.100000 0.125000
vt 0.900000 0.164062
vt 0.900000 0.156250
vt 0.900000 0.148438
vt 0.900000 0.140625
vt 0.900000 0.132812
vt 0.900000 0.125000
vt 0.100000 0.164062
vt 0.100000 0.156250
vt 0.100000 0.148438
vt 0.100000 0.140625
vt 0.100000 0.132812
vt 0.100000 0.125000
vt 0.900000 0.164062
vt 0.900000 0.156250
vt 0.900000 0.148438
vt 0.900000 0.140625
vt 0.900000 0.132812
vt 0.900000 0.125000
vt 0.100000 0.164062
vt 0.100000 0.156250
vt 0.100000 0.148438
vt 0.100000 0.140625
vt 0.100000 0.132812
vt 0.100000 0.125000
vt 0.900000 0.164062
vt 0.900000 0.156250
vt 0.900000 0.148438
vt 0.900000 0.140625
vt 0.900000 0.132812
vt 0.900000 0.125000
vt 0.100000 0.164062
vt 0.100000 0.156250
vt 0.100000 0.148438
vt 0.100000 0.140625
vt 0.100000 0.132812
vt 0.100000 0.125000
vt 0.900000 0.164062
vt 0.900000 0.156250
vt 0.900000 0.148438
vt 0.900000 0.140625
vt 0.900000 0.132812
vt 0.900000 0.125000
vt 0.100000 0.164062
vt 0.100000 0.156250
vt 0.100000 0.148438
vt 0.100000 0.140625
vt 0.100000 0.132812
vt 0.100000 0.125000
vt 0.900000 0.164062
vt 0.900000 0.156250
vt 0.900000 0.148438
vt 0.900000 0.140625
vt 0.900000 0.132812
vt 0.900000 0.125000
vt 0.100000 0.164062
vt 0.100000 0.156250
vt 0.100000 0.148438
vt 0.100000 0.140625
vt 0.100000 0.132812
vt 0.100000 0.125000
vt 0.900000 0.164062
vt 0.900000 0.156250
vt 0.900000 0.148438
vt 0.900000 0.140625
vt 0.900000 0.132812
vt 0.900000 0.125000
vt 0.100000 0.164062
vt 0.100000 0.156250
vt 0.100000 0.148438
vt 0.100000 0.140625
vt 0.100000 0.132812
vt 0.100000 0.125000
vt 0.900000 0.164062
vt 0.900000 0.156250
vt 0.900000 0.148438
vt 0.900000 0.140625
vt 0.900000 0.132812
vt 0.900000 0.125000
vt 0.100000 0.164062
vt 0.100000 0.156250
vt 0.100000 0.148438
vt 0.100000 0.140625
vt 0.100000 0.132812
vt 0.100000 0.125000
vt 0.900000 0.164062
vt 0.900000 0.156250
vt 0.900000 0.148438
vt 0.900000 0.140625
vt 0.900000 0.132812
vt 0.900000 0.125000
vt 0.100000 0.164062
vt 0.100000 0.156250
vt 0.100000 0.148438
vt 0.100000 0.140625
vt 0.100000 0.132812
vt 0.100000 0.125000
vt 0.900000 0.164062
vt 0.900000 0.156250
vt 0.900000 0.148438
vt 0.900000 0.140625
vt 0.900000 0.132812
vt 0.900000 0.125000
vt 0.100000 0.164062
vt 0.100000 0.156250
vt 0.100000 0.148438
vt 0.100000 0.140625
vt 0.100000 0.132812
vt 0.100000 0.125000
vt 0.900000 0.164062
vt 0.900000 0.156250
vt 0.900000 0.148438
vt 0.900000 0.140625
vt 0.900000 0.132812
vt 0.900000 0.125000
vt 0.100000 0.164062
vt 0.100000 0.156250
vt 0.100000 0.148438
vt 0.100000 0.140625
vt 0.100000 0.132812
vt 0.100000 0.125000
vt 0.900000 0.164062
vt 0.900000 0.156250
vt 0.900000 0.148438
vt 0.900000 0.140625
vt 0.900000 0.132812
vt 0.900000 0.125000
vt 0.100000 0.164062
vt 0.100000 0.156250
vt 0.100000 0.148438
vt 0.100000 0.140625
vt 0.100000 0.132812
vt 0.100000 0.125000
vt 0.900000 0.164062
vt 0.900000 0.156250
vt 0.900000 0.148438
vt 0.900000 0.140625
vt 0.900000 0.132812
vt 0.900000 0.125000
vt 0.100000 0.164062
vt 0.100000 0.156250
vt 0.100000 0.148438
vt 0.100000 0.140625
vt 0.100000 0.132812
vt 0.100000 0.125000
vt 0.900000 0.164062
vt 0.900000 0.156250
vt 0.900000 0.148438
vt 0.900000 0.140625
vt 0.900000 0.132812
vt 0.900000 0.125000
vt 0.100000 0.164062
vt 0.100000 0.156250
vt 0.100000 0.148438
vt 0.100000 0.140625
vt 0.100000 0.132812
vt 0.100000 0.125000
vt 0.900000 0.164062
vt 0.900000 0.156250
vt 0.900000 0.148438
vt 0.900000 0.140625
vt 0.900000 0.132812
vt 0.900000 0.125000
vt 0.100000 0.164062
vt 0.100000 0.156250
vt 0.100000 0.148438
vt 0.100000 0.140625
vt 0.100000 0.132812
vt 0.100000 0.125000
vt 0.900000 0.164062
vt 0.900000 0.156250
vt 0.900000 0.148438
vt 0.900000 0.140625
vt 0.900000 0.132812
vt 0.900000 0.125000
vt 0.100000 0.164062
vt 0.100000 0.156250
vt 0.100000 0.148438
vt 0.100000 0.140625
vt 0.100000 0.132812
vt 0.100000 0.125000
vt 0.900000 0.164062
vt 0.900000 0.156250
vt 0.900000 0.148438
vt 0.900000 0.140625
vt 0.900000 0.132812
vt 0.900000 0.125000
vt 0.100000 0.062500
vt 0.100000 0.062500
vt 0.100000 0.062500
vt 0.100000 0.062500
vt 0.100000 0.062500
vt 0.100000 0.062500
vt 0.900000 0.062500
vt 0.900000 0.062500
vt 0.900000 0.062500
vt 0.900000 0.062500
vt 0.900000 0.062500
vt 0.900000 0.062500
vt 0.100000 0.062500
vt 0.100000 0.062500
vt 0.100000 0.062500
vt 0.100000 0.062500
vt 0.100000 0.062500
vt 0.100000 0.062500
vt 0.900000 0.062500
vt 0.900000 0.062500
vt 0.900000 0.062500
vt 0.900000 0.062500
vt 0.900000 0.062500
vt 0.900000 0.062500
usemtl CanvasAndWood
f 1/1 3/3 2/2
f 1/1 4/4 3/3
f 5/5 7/7 6/6
f 5/5 8/8 7/7
f 9/9 11/11 10/10
f 9/9 12/12 11/11
f 13/13 15/15 14/14
f 13/13 16/16 15/15
f 17/17 19/19 18/18
f 17/17 20/20 19/19
f 21/21 23/23 22/22
f 21/21 24/24 23/23
f 25/25 27/27 26/26
f 25/25 28/28 27/27
f 29/29 31/31 30/30
f 29/29 32/32 31/31
f 33/33 35/35 34/34
f 33/33 36/36 35/35
f 37/37 39/39 38/38
f 37/37 40/40 39/39
f 41/41 43/43 42/42
f 41/41 44/44 43/43
f 45/45 47/47 46/46
f 45/45 48/48 47/47
f 49/49 51/51 50/50
f 49/49 52/52 51/51
f 53/53 55/55 54/54
f 53/53 56/56 55/55
f 57/57 59/59 58/58
f 57/57 60/60 59/59
f 61/61 63/63 62/62
f 61/61 64/64 63/63
f 65/65 67/67 66/66
f 65/65 68/68 67/67
f 69/69 71/71 70/70
f 69/69 72/72 71/71
f 73/73 75/75 74/74
f 73/73 76/76 75/75
f 77/77 79/79 78/78
f 77/77 80/80 79/79
f 81/81 83/83 82/82
f 81/81 84/84 83/83
f 85/85 87/87 86/86
f 85/85 88/88 87/87
f 89/89 91/91 90/90
f 89/89 92/92 91/91
f 93/93 95/95 94/94
f 93/93 96/96 95/95
f 97/97 99/99 98/98
f 97/97 100/100 99/99
f 101/101 103/103 102/102
f 101/101 104/104 103/103
f 105/105 107/107 106/106
f 105/105 108/108 107/107
f 109/109 111/111 110/110
f 109/109 112/112 111/111
f 113/113 115/115 114/114
f 113/113 116/116 115/115
f 117/117 119/119 118/118
f 117/117 120/120 119/119
f 121/121 123/123 122/122
f 121/121 124/124 123/123
f 125/125 127/127 126/126
f 125/125 128/128 127/127
f 129/129 131/131 130/130
f 129/129 132/132 131/131
f 133/133 135/135 134/134
f 133/133 136/136 135/135
f 137/137 139/139 138/138
f 137/137 140/140 139/139
f 141/141 143/143 142/142
f 141/141 144/144 143/143
f 145/145 147/147 146/146
f 145/145 148/148 147/147
f 149/149 151/151 150/150
f 149/149 152/152 151/151
f 153/153 155/155 154/154
f 153/153 156/156 155/155
f 157/157 159/159 158/158
f 157/157 160/160 159/159
f 161/161 163/163 162/162
f 161/161 164/164 163/163
f 165/165 167/167 166/166
f 165/165 168/168 167/167
f 169/169 171/171 170/170
f 169/169 172/172 171/171
f 173/173 175/175 174/174
f 173/173 176/176 175/175
f 177/177 179/179 178/178
f 177/177 180/180 179/179
f 181/181 183/183 182/182
f 181/181 184/184 183/183
f 185/185 187/187 186/186
f 185/185 188/188 187/187
f 189/189 191/191 190/190
f 189/189 192/192 191/191
f 193/193 195/195 194/194
f 193/193 196/196 195/195
f 197/197 199/199 198/198
f 197/197 200/200 199/199
f 201/201 203/203 202/202
f 201/201 204/204 203/203
f 205/205 207/207 206/206
f 205/205 208/208 207/207
f 209/209 211/211 210/210
f 209/209 212/212 211/211
f 213/213 215/215 214/214
f 213/213 216/216 215/215
f 217/217 219/219 218/218
f 217/217 220/220 219/219
f 221/221 223/223 222/222
f 221/221 224/224 223/223
f 225/225 227/227 226/226
f 225/225 228/228 227/227
f 229/229 231/231 230/230
f 229/229 232/232 231/231
f 233/233 235/235 234/234
f 233/233 236/236 235/235
f 237/237 239/239 238/238
f 237/237 240/240 239/239
f 241/241 243/243 242/242
f 241/241 244/244 243/243
f 245/245 247/247 246/246
f 245/245 248/248 247/247
f 249/249 251/251 250/250
f 249/249 252/252 251/251
f 253/253 255/255 254/254
f 253/253 256/256 255/255
f 257/257 259/259 258/258
f 257/257 260/260 259/259
f 261/261 263/263 262/262
f 261/261 264/264 263/263
f 265/265 267/267 266/266
f 265/265 268/268 267/267
f 269/269 271/271 270/270
f 269/269 272/272 271/271
f 273/273 275/275 274/274
f 273/273 276/276 275/275
f 277/277 279/279 278/278
f 277/277 280/280 279/279
f 281/281 283/283 282/282
f 281/281 284/284 283/283
f 285/285 287/287 286/286
f 285/285 288/288 287/287
f 289/289 291/291 290/290
f 289/289 292/292 291/291
f 293/293 295/295 294/294
f 293/293 296/296 295/295
f 297/297 299/299 298/298
f 297/297 300/300 299/299
f 301/301 303/303 302/302
f 301/301 304/304 303/303
f 305/305 307/307 306/306
f 305/305 308/308 307/307
f 309/309 311/311 310/310
f 309/309 312/312 311/311
f 313/313 315/315 314/314
f 313/313 316/316 315/315
f 317/317 319/319 318/318
f 317/317 320/320 319/319
f 321/321 323/323 322/322
f 321/321 324/324 323/323
f 325/325 327/327 326/326
f 325/325 328/328 327/327
f 329/329 331/331 330/330
f 329/329 332/332 331/331
f 333/333 335/335 334/334
f 333/333 336/336 335/335
f 337/337 339/339 338/338
f 337/337 340/340 339/339
f 341/341 343/343 342/342
f 341/341 344/344 343/343
f 345/345 347/347 346/346
f 345/345 348/348 347/347
f 349/349 351/351 350/350
f 349/349 352/352 351/351
f 353/353 355/355 354/354
f 353/353 356/356 355/355
f 357/357 359/359 358/358
f 357/357 360/360 359/359
f 361/361 363/363 362/362
f 361/361 364/364 363/363
f 365/365 367/367 366/366
f 365/365 368/368 367/367
f 369/369 371/371 370/370
f 369/369 372/372 371/371
f 373/373 375/375 374/374
f 373/373 376/376 375/375
f 377/377 379/379 378/378
f 377/377 380/380 379/379
f 381/381 383/383 382/382
f 381/381 384/384 383/383
f 385/385 391/391 392/392
f 385/385 392/392 386/386
f 386/386 392/392 393/393
f 386/386 393/393 387/387
f 387/387 393/393 394/394
f 387/387 394/394 388/388
f 388/388 394/394 395/395
f 388/388 395/395 389/389
f 389/389 395/395 396/396
f 389/389 396/396 390/390
f 390/390 396/396 391/391
f 390/390 391/391 385/385
f 385/385 387/387 386/386
f 391/391 392/392 393/393
f 385/385 388/388 387/387
f 391/391 393/393 394/394
f 385/385 389/389 388/388
f 391/391 394/394 395/395
f 385/385 390/390 389/389
f 391/391 395/395 396/396
f 397/397 403/403 404/404
f 397/397 404/404 398/398
f 398/398 404/404 405/405
f 398/398 405/405 399/399
f 399/399 405/405 406/406
f 399/399 406/406 400/400
f 400/400 406/406 407/407
f 400/400 407/407 401/401
f 401/401 407/407 408/408
f 401/401 408/408 402/402
f 402/402 408/408 403/403
f 402/402 403/403 397/397
f 397/397 399/399 398/398
f 403/403 404/404 405/405
f 397/397 400/400 399/399
f 403/403 405/405 406/406
f 397/397 401/401 400/400
f 403/403 406/406 407/407
f 397/397 402/402 401/401
f 403/403 407/407 408/408
f 409/409 415/415 416/416
f 409/409 416/416 410/410
f 410/410 416/416 417/417
f 410/410 417/417 411/411
f 411/411 417/417 418/418
f 411/411 418/418 412/412
f 412/412 418/418 419/419
f 412/412 419/419 413/413
f 413/413 419/419 420/420
f 413/413 420/420 414/414
f 414/414 420/420 415/415
f 414/414 415/415 409/409
f 409/409 411/411 410/410
f 415/415 416/416 417/417
f 409/409 412/412 411/411
f 415/415 417/417 418/418
f 409/409 413/413 412/412
f 415/415 418/418 419/419
f 409/409 414/414 413/413
f 415/415 419/419 420/420
f 421/421 427/427 428/428
f 421/421 428/428 422/422
f 422/422 428/428 429/429
f 422/422 429/429 423/423
f 423/423 429/429 430/430
f 423/423 430/430 424/424
f 424/424 430/430 431/431
f 424/424 431/431 425/425
f 425/425 431/431 432/432
f 425/425 432/432 426/426
f 426/426 432/432 427/427
f 426/426 427/427 421/421
f 421/421 423/423 422/422
f 427/427 428/428 429/429
f 421/421 424/424 423/423
f 427/427 429/429 430/430
f 421/421 425/425 424/424
f 427/427 430/430 431/431
f 421/421 426/426 425/425
f 427/427 431/431 432/432
f 433/433 439/439 440/440
f 433/433 440/440 434/434
f 434/434 440/440 441/441
f 434/434 441/441 435/435
f 435/435 441/441 442/442
f 435/435 442/442 436/436
f 436/436 442/442 443/443
f 436/436 443/443 437/437
f 437/437 443/443 444/444
f 437/437 444/444 438/438
f 438/438 444/444 439/439
f 438/438 439/439 433/433
f 433/433 435/435 434/434
f 439/439 440/440 441/441
f 433/433 436/436 435/435
f 439/439 441/441 442/442
f 433/433 437/437 436/436
f 439/439 442/442 443/443
f 433/433 438/438 437/437
f 439/439 443/443 444/444
f 445/445 451/451 452/452
f 445/445 452/452 446/446
f 446/446 452/452 453/453
f 446/446 453/453 447/447
f 447/447 453/453 454/454
f 447/447 454/454 448/448
f 448/448 454/454 455/455
f 448/448 455/455 449/449
f 449/449 455/455 456/456
f 449/449 456/456 450/450
f 450/450 456/456 451/451
f 450/450 451/451 445/445
f 445/445 447/447 446/446
f 451/451 452/452 453/453
f 445/445 448/448 447/447
f 451/451 453/453 454/454
f 445/445 449/449 448/448
f 451/451 454/454 455/455
f 445/445 450/450 449/449
f 451/451 455/455 456/456
f 457/457 463/463 464/464
f 457/457 464/464 458/458
f 458/458 464/464 465/465
f 458/458 465/465 459/459
f 459/459 465/465 466/466
f 459/459 466/466 460/460
f 460/460 466/466 467/467
f 460/460 467/467 461/461
f 461/461 467/467 468/468
f 461/461 468/468 462/462
f 462/462 468/468 463/463
f 462/462 463/463 457/457
f 457/457 459/459 458/458
f 463/463 464/464 465/465
f 457/457 460/460 459/459
f 463/463 465/465 466/466
f 457/457 461/461 460/460
f 463/463 466/466 467/467
f 457/457 462/462 461/461
f 463/463 467/467 468/468
f 469/469 475/475 476/476
f 469/469 476/476 470/470
f 470/470 476/476 477/477
f 470/470 477/477 471/471
f 471/471 477/477 478/478
f 471/471 478/478 472/472
f 472/472 478/478 479/479
f 472/472 479/479 473/473
f 473/473 479/479 480/480
f 473/473 480/480 474/474
f 474/474 480/480 475/475
f 474/474 475/475 469/469
f 469/469 471/471 470/470
f 475/475 476/476 477/477
f 469/469 472/472 471/471
f 475/475 477/477 478/478
f 469/469 473/473 472/472
f 475/475 478/478 479/479
f 469/469 474/474 473/473
f 475/475 479/479 480/480
f 481/481 487/487 488/488
f 481/481 488/488 482/482
f 482/482 488/488 489/489
f 482/482 489/489 483/483
f 483/483 489/489 490/490
f 483/483 490/490 484/484
f 484/484 490/490 491/491
f 484/484 491/491 485/485
f 485/485 491/491 492/492
f 485/485 492/492 486/486
f 486/486 492/492 487/487
f 486/486 487/487 481/481
f 481/481 483/483 482/482
f 487/487 488/488 489/489
f 481/481 484/484 483/483
f 487/487 489/489 490/490
f 481/481 485/485 484/484
f 487/487 490/490 491/491
f 481/481 486/486 485/485
f 487/487 491/491 492/492
f 493/493 499/499 500/500
f 493/493 500/500 494/494
f 494/494 500/500 501/501
f 494/494 501/501 495/495
f 495/495 501/501 502/502
f 495/495 502/502 496/496
f 496/496 502/502 503/503
f 496/496 503/503 497/497
f 497/497 503/503 504/504
f 497/497 504/504 498/498
f 498/498 504/504 499/499
f 498/498 499/499 493/493
f 493/493 495/495 494/494
f 499/499 500/500 501/501
f 493/493 496/496 495/495
f 499/499 501/501 502/502
f 493/493 497/497 496/496
f 499/499 502/502 503/503
f 493/493 498/498 497/497
f 499/499 503/503 504/504
f 505/505 511/511 512/512
f 505/505 512/512 506/506
f 506/506 512/512 513/513
f 506/506 513/513 507/507
f 507/507 513/513 514/514
f 507/507 514/514 508/508
f 508/508 514/514 515/515
f 508/508 515/515 509/509
f 509/509 515/515 516/516
f 509/509 516/516 510/510
f 510/510 516/516 511/511
f 510/510 511/511 505/505
f 505/505 507/507 506/506
f 511/511 512/512 513/513
f 505/505 508/508 507/507
f 511/511 513/513 514/514
f 505/505 509/509 508/508
f 511/511 514/514 515/515
f 505/505 510/510 509/509
f 511/511 515/515 516/516
f 517/517 523/523 524/524
f 517/517 524/524 518/518
f 518/518 524/524 525/525
f 518/518 525/525 519/519
f 519/519 525/525 526/526
f 519/519 526/526 520/520
f 520/520 526/526 527/527
f 520/520 527/527 521/521
f 521/521 527/527 528/528
f 521/521 528/528 522/522
f 522/522 528/528 523/523
f 522/522 523/523 517/517
f 517/517 519/519 518/518
f 523/523 524/524 525/525
f 517/517 520/520 519/519
f 523/523 525/525 526/526
f 517/517 521/521 520/520
f 523/523 526/526 527/527
f 517/517 522/522 521/521
f 523/523 527/527 528/528
f 529/529 535/535 536/536
f 529/529 536/536 530/530
f 530/530 536/536 537/537
f 530/530 537/537 531/531
f 531/531 537/537 538/538
f 531/531 538/538 532/532
f 532/532 538/538 539/539
f 532/532 539/539 533/533
f 533/533 539/539 540/540
f 533/533 540/540 534/534
f 534/534 540/540 535/535
f 534/534 535/535 529/529
f 529/529 531/531 530/530
f 535/535 536/536 537/537
f 529/529 532/532 531/531
f 535/535 537/537 538/538
f 529/529 533/533 532/532
f 535/535 538/538 539/539
f 529/529 534/534 533/533
f 535/535 539/539 540/540
f 541/541 547/547 548/548
f 541/541 548/548 542/542
f 542/542 548/548 549/549
f 542/542 549/549 543/543
f 543/543 549/549 550/550
f 543/543 550/550 544/544
f 544/544 550/550 551/551
f 544/544 551/551 545/545
f 545/545 551/551 552/552
f 545/545 552/552 546/546
f 546/546 552/552 547/547
f 546/546 547/547 541/541
f 541/541 543/543 542/542
f 547/547 548/548 549/549
f 541/541 544/544 543/543
f 547/547 549/549 550/550
f 541/541 545/545 544/544
f 547/547 550/550 551/551
f 541/541 546/546 545/545
f 547/547 551/551 552/552
f 553/553 559/559 560/560
f 553/553 560/560 554/554
f 554/554 560/560 561/561
f 554/554 561/561 555/555
f 555/555 561/561 562/562
f 555/555 562/562 556/556
f 556/556 562/562 563/563
f 556/556 563/563 557/557
f 557/557 563/563 564/564
f 557/557 564/564 558/558
f 558/558 564/564 559/559
f 558/558 559/559 553/553
f 553/553 555/555 554/554
f 559/559 560/560 561/561
f 553/553 556/556 555/555
f 559/559 561/561 562/562
f 553/553 557/557 556/556
f 559/559 562/562 563/563
f 553/553 558/558 557/557
f 559/559 563/563 564/564
f 565/565 571/571 572/572
f 565/565 572/572 566/566
f 566/566 572/572 573/573
f 566/566 573/573 567/567
f 567/567 573/573 574/574
f 567/567 574/574 568/568
f 568/568 574/574 575/575
f 568/568 575/575 569/569
f 569/569 575/575 576/576
f 569/569 576/576 570/570
f 570/570 576/576 571/571
f 570/570 571/571 565/565
f 565/565 567/567 566/566
f 571/571 572/572 573/573
f 565/565 568/568 567/567
f 571/571 573/573 574/574
f 565/565 569/569 568/568
f 571/571 574/574 575/575
f 565/565 570/570 569/569
f 571/571 575/575 576/576
f 577/577 583/583 584/584
f 577/577 584/584 578/578
f 578/578 584/584 585/585
f 578/578 585/585 579/579
f 579/579 585/585 586/586
f 579/579 586/586 580/580
f 580/580 586/586 587/587
f 580/580 587/587 581/581
f 581/581 587/587 588/588
f 581/581 588/588 582/582
f 582/582 588/588 583/583
f 582/582 583/583 577/577
f 577/577 579/579 578/578
f 583/583 584/584 585/585
f 577/577 580/580 579/579
f 583/583 585/585 586/586
f 577/577 581/581 580/580
f 583/583 586/586 587/587
f 577/577 582/582 581/581
f 583/583 587/587 588/588
f 589/589 595/595 596/596
f 589/589 596/596 590/590
f 590/590 596/596 597/597
f 590/590 597/597 591/591
f 591/591 597/597 598/598
f 591/591 598/598 592/592
f 592/592 598/598 599/599
f 592/592 599/599 593/593
f 593/593 599/599 600/600
f 593/593 600/600 594/594
f 594/594 600/600 595/595
f 594/594 595/595 589/589
f 589/589 591/591 590/590
f 595/595 596/596 597/597
f 589/589 592/592 591/591
f 595/595 597/597 598/598
f 589/589 593/593 592/592
f 595/595 598/598 599/599
f 589/589 594/594 593/593
f 595/595 599/599 600/600
f 601/601 607/607 608/608
f 601/601 608/608 602/602
f 602/602 608/608 609/609
f 602/602 609/609 603/603
f 603/603 609/609 610/610
f 603/603 610/610 604/604
f 604/604 610/610 611/611
f 604/604 611/611 605/605
f 605/605 611/611 612/612
f 605/605 612/612 606/606
f 606/606 612/612 607/607
f 606/606 607/607 601/601
f 601/601 603/603 602/602
f 607/607 608/608 609/609
f 601/601 604/604 603/603
f 607/607 609/609 610/610
f 601/601 605/605 604/604
f 607/607 610/610 611/611
f 601/601 606/606 605/605
f 607/607 611/611 612/612
f 613/613 619/619 620/620
f 613/613 620/620 614/614
f 614/614 620/620 621/621
f 614/614 621/621 615/615
f 615/615 621/621 622/622
f 615/615 622/622 616/616
f 616/616 622/622 623/623
f 616/616 623/623 617/617
f 617/617 623/623 624/624
f 617/617 624/624 618/618
f 618/618 624/624 619/619
f 618/618 619/619 613/613
f 613/613 615/615 614/614
f 619/619 620/620 621/621
f 613/613 616/616 615/615
f 619/619 621/621 622/622
f 613/613 617/617 616/616
f 619/619 622/622 623/623
f 613/613 618/618 617/617
f 619/619 623/623 624/624
f 625/625 631/631 632/632
f 625/625 632/632 626/626
f 626/626 632/632 633/633
f 626/626 633/633 627/627
f 627/627 633/633 634/634
f 627/627 634/634 628/628
f 628/628 634/634 635/635
f 628/628 635/635 629/629
f 629/629 635/635 636/636
f 629/629 636/636 630/630
f 630/630 636/636 631/631
f 630/630 631/631 625/625
f 625/625 627/627 626/626
f 631/631 632/632 633/633
f 625/625 628/628 627/627
f 631/631 633/633 634/634
f 625/625 629/629 628/628
f 631/631 634/634 635/635
f 625/625 630/630 629/629
f 631/631 635/635 636/636
f 637/637 643/643 644/644
f 637/637 644/644 638/638
f 638/638 644/644 645/645
f 638/638 645/645 639/639
f 639/639 645/645 646/646
f 639/639 646/646 640/640
f 640/640 646/646 647/647
f 640/640 647/647 641/641
f 641/641 647/647 648/648
f 641/641 648/648 642/642
f 642/642 648/648 643/643
f 642/642 643/643 637/637
f 637/637 639/639 638/638
f 643/643 644/644 645/645
f 637/637 640/640 639/639
f 643/643 645/645 646/646
f 637/637 641/641 640/640
f 643/643 646/646 647/647
f 637/637 642/642 641/641
f 643/643 647/647 648/648
f 649/649 655/655 656/656
f 649/649 656/656 650/650
f 650/650 656/656 657/657
f 650/650 657/657 651/651
f 651/651 657/657 658/658
f 651/651 658/658 652/652
f 652/652 658/658 659/659
f 652/652 659/659 653/653
f 653/653 659/659 660/660
f 653/653 660/660 654/654
f 654/654 660/660 655/655
f 654/654 655/655 649/649
f 649/649 651/651 650/650
f 655/655 656/656 657/657
f 649/649 652/652 651/651
f 655/655 657/657 658/658
f 649/649 653/653 652/652
f 655/655 658/658 659/659
f 649/649 654/654 653/653
f 655/655 659/659 660/660
f 661/661 667/667 668/668
f 661/661 668/668 662/662
f 662/662 668/668 669/669
f 662/662 669/669 663/663
f 663/663 669/669 670/670
f 663/663 670/670 664/664
f 664/664 670/670 671/671
f 664/664 671/671 665/665
f 665/665 671/671 672/672
f 665/665 672/672 666/666
f 666/666 672/672 667/667
f 666/666 667/667 661/661
f 661/661 663/663 662/662
f 667/667 668/668 669/669
f 661/661 664/664 663/663
f 667/667 669/669 670/670
f 661/661 665/665 664/664
f 667/667 670/670 671/671
f 661/661 666/666 665/665
f 667/667 671/671 672/672
f 673/673 679/679 680/680
f 673/673 680/680 674/674
f 674/674 680/680 681/681
f 674/674 681/681 675/675
f 675/675 681/681 682/682
f 675/675 682/682 676/676
f 676/676 682/682 683/683
f 676/676 683/683 677/677
f 677/677 683/683 684/684
f 677/677 684/684 678/678
f 678/678 684/684 679/679
f 678/678 679/679 673/673
f 673/673 675/675 674/674
f 679/679 680/680 681/681
f 673/673 676/676 675/675
f 679/679 681/681 682/682
f 673/673 677/677 676/676
f 679/679 682/682 683/683
f 673/673 678/678 677/677
f 679/679 683/683 684/684
f 685/685 691/691 692/692
f 685/685 692/692 686/686
f 686/686 692/692 693/693
f 686/686 693/693 687/687
f 687/687 693/693 694/694
f 687/687 694/694 688/688
f 688/688 694/694 695/695
f 688/688 695/695 689/689
f 689/689 695/695 696/696
f 689/689 696/696 690/690
f 690/690 696/696 691/691
f 690/690 691/691 685/685
f 685/685 687/687 686/686
f 691/691 692/692 693/693
f 685/685 688/688 687/687
f 691/691 693/693 694/694
f 685/685 689/689 688/688
f 691/691 694/694 695/695
f 685/685 690/690 689/689
f 691/691 695/695 696/696
f 697/697 703/703 704/704
f 697/697 704/704 698/698
f 698/698 704/704 705/705
f 698/698 705/705 699/699
f 699/699 705/705 706/706
f 699/699 706/706 700/700
f 700/700 706/706 707/707
f 700/700 707/707 701/701
f 701/701 707/707 708/708
f 701/701 708/708 702/702
f 702/702 708/708 703/703
f 702/702 703/703 697/697
f 697/697 699/699 698/698
f 703/703 704/704 705/705
f 697/697 700/700 699/699
f 703/703 705/705 706/706
f 697/697 701/701 700/700
f 703/703 706/706 707/707
f 697/697 702/702 701/701
f 703/703 707/707 708/708
f 709/709 715/715 716/716
f 709/709 716/716 710/710
f 710/710 716/716 717/717
f 710/710 717/717 711/711
f 711/711 717/717 718/718
f 711/711 718/718 712/712
f 712/712 718/718 719/719
f 712/712 719/719 713/713
f 713/713 719/719 720/720
f 713/713 720/720 714/714
f 714/714 720/720 715/715
f 714/714 715/715 709/709
f 709/709 711/711 710/710
f 715/715 716/716 717/717
f 709/709 712/712 711/711
f 715/715 717/717 718/718
f 709/709 713/713 712/712
f 715/715 718/718 719/719
f 709/709 714/714 713/713
f 715/715 719/719 720/720
f 721/721 727/727 728/728
f 721/721 728/728 722/722
f 722/722 728/728 729/729
f 722/722 729/729 723/723
f 723/723 729/729 730/730
f 723/723 730/730 724/724
f 724/724 730/730 731/731
f 724/724 731/731 725/725
f 725/725 731/731 732/732
f 725/725 732/732 726/726
f 726/726 732/732 727/727
f 726/726 727/727 721/721
f 721/721 723/723 722/722
f 727/727 728/728 729/729
f 721/721 724/724 723/723
f 727/727 729/729 730/730
f 721/721 725/725 724/724
f 727/727 730/730 731/731
f 721/721 726/726 725/725
f 727/727 731/731 732/732
f 733/733 739/739 740/740
f 733/733 740/740 734/734
f 734/734 740/740 741/741
f 734/734 741/741 735/735
f 735/735 741/741 742/742
f 735/735 742/742 736/736
f 736/736 742/742 743/743
f 736/736 743/743 737/737
f 737/737 743/743 744/744
f 737/737 744/744 738/738
f 738/738 744/744 739/739
f 738/738 739/739 733/733
f 733/733 735/735 734/734
f 739/739 740/740 741/741
f 733/733 736/736 735/735
f 739/739 741/741 742/742
f 733/733 737/737 736/736
f 739/739 742/742 743/743
f 733/733 738/738 737/737
f 739/739 743/743 744/744
f 745/745 751/751 752/752
f 745/745 752/752 746/746
f 746/746 752/752 753/753
f 746/746 753/753 747/747
f 747/747 753/753 754/754
f 747/747 754/754 748/748
f 748/748 754/754 755/755
f 748/748 755/755 749/749
f 749/749 755/755 756/756
f 749/749 756/756 750/750
f 750/750 756/756 751/751
f 750/750 751/751 745/745
f 745/745 747/747 746/746
f 751/751 752/752 753/753
f 745/745 748/748 747/747
f 751/751 753/753 754/754
f 745/745 749/749 748/748
f 751/751 754/754 755/755
f 745/745 750/750 749/749
f 751/751 755/755 756/756
f 757/757 763/763 764/764
f 757/757 764/764 758/758
f 758/758 764/764 765/765
f 758/758 765/765 759/759
f 759/759 765/765 766/766
f 759/759 766/766 760/760
f 760/760 766/766 767/767
f 760/760 767/767 761/761
f 761/761 767/767 768/768
f 761/761 768/768 762/762
f 762/762 768/768 763/763
f 762/762 763/763 757/757
f 757/757 759/759 758/758
f 763/763 764/764 765/765
f 757/757 760/760 759/759
f 763/763 765/765 766/766
f 757/757 761/761 760/760
f 763/763 766/766 767/767
f 757/757 762/762 761/761
f 763/763 767/767 768/768
f 769/769 775/775 776/776
f 769/769 776/776 770/770
f 770/770 776/776 777/777
f 770/770 777/777 771/771
f 771/771 777/777 778/778
f 771/771 778/778 772/772
f 772/772 778/778 779/779
f 772/772 779/779 773/773
f 773/773 779/779 780/780
f 773/773 780/780 774/774
f 774/774 780/780 775/775
f 774/774 775/775 769/769
f 769/769 771/771 770/770
f 775/775 776/776 777/777
f 769/769 772/772 771/771
f 775/775 777/777 778/778
f 769/769 773/773 772/772
f 775/775 778/778 779/779
f 769/769 774/774 773/773
f 775/775 779/779 780/780
f 781/781 787/787 788/788
f 781/781 788/788 782/782
f 782/782 788/788 789/789
f 782/782 789/789 783/783
f 783/783 789/789 790/790
f 783/783 790/790 784/784
f 784/784 790/790 791/791
f 784/784 791/791 785/785
f 785/785 791/791 792/792
f 785/785 792/792 786/786
f 786/786 792/792 787/787
f 786/786 787/787 781/781
f 781/781 783/783 782/782
f 787/787 788/788 789/789
f 781/781 784/784 783/783
f 787/787 789/789 790/790
f 781/781 785/785 784/784
f 787/787 790/790 791/791
f 781/781 786/786 785/785
f 787/787 791/791 792/792
f 793/793 799/799 800/800
f 793/793 800/800 794/794
f 794/794 800/800 801/801
f 794/794 801/801 795/795
f 795/795 801/801 802/802
f 795/795 802/802 796/796
f 796/796 802/802 803/803
f 796/796 803/803 797/797
f 797/797 803/803 804/804
f 797/797 804/804 798/798
f 798/798 804/804 799/799
f 798/798 799/799 793/793
f 793/793 795/795 794/794
f 799/799 800/800 801/801
f 793/793 796/796 795/795
f 799/799 801/801 802/802
f 793/793 797/797 796/796
f 799/799 802/802 803/803
f 793/793 798/798 797/797
f 799/799 803/803 804/804
f 805/805 811/811 812/812
f 805/805 812/812 806/806
f 806/806 812/812 813/813
f 806/806 813/813 807/807
f 807/807 813/813 814/814
f 807/807 814/814 808/808
f 808/808 814/814 815/815
f 808/808 815/815 809/809
f 809/809 815/815 816/816
f 809/809 816/816 810/810
f 810/810 816/816 811/811
f 810/810 811/811 805/805
f 805/805 807/807 806/806
f 811/811 812/812 813/813
f 805/805 808/808 807/807
f 811/811 813/813 814/814
f 805/805 809/809 808/808
f 811/811 814/814 815/815
f 805/805 810/810 809/809
f 811/811 815/815 816/816
f 817/817 823/823 824/824
f 817/817 824/824 818/818
f 818/818 824/824 825/825
f 818/818 825/825 819/819
f 819/819 825/825 826/826
f 819/819 826/826 820/820
f 820/820 826/826 827/827
f 820/820 827/827 821/821
f 821/821 827/827 828/828
f 821/821 828/828 822/822
f 822/822 828/828 823/823
f 822/822 823/823 817/817
f 817/817 819/819 818/818
f 823/823 824/824 825/825
f 817/817 820/820 819/819
f 823/823 825/825 826/826
f 817/817 821/821 820/820
f 823/823 826/826 827/827
f 817/817 822/822 821/821
f 823/823 827/827 828/828
f 829/829 835/835 836/836
f 829/829 836/836 830/830
f 830/830 836/836 837/837
f 830/830 837/837 831/831
f 831/831 837/837 838/838
f 831/831 838/838 832/832
f 832/832 838/838 839/839
f 832/832 839/839 833/833
f 833/833 839/839 840/840
f 833/833 840/840 834/834
f 834/834 840/840 835/835
f 834/834 835/835 829/829
f 829/829 831/831 830/830
f 835/835 836/836 837/837
f 829/829 832/832 831/831
f 835/835 837/837 838/838
f 829/829 833/833 832/832
f 835/835 838/838 839/839
f 829/829 834/834 833/833
f 835/835 839/839 840/840
f 841/841 847/847 848/848
f 841/841 848/848 842/842
f 842/842 848/848 849/849
f 842/842 849/849 843/843
f 843/843 849/849 850/850
f 843/843 850/850 844/844
f 844/844 850/850 851/851
f 844/844 851/851 845/845
f 845/845 851/851 852/852
f 845/845 852/852 846/846
f 846/846 852/852 847/847
f 846/846 847/847 841/841
f 841/841 843/843 842/842
f 847/847 848/848 849/849
f 841/841 844/844 843/843
f 847/847 849/849 850/850
f 841/841 845/845 844/844
f 847/847 850/850 851/851
f 841/841 846/846 845/845
f 847/847 851/851 852/852
f 853/853 859/859 860/860
f 853/853 860/860 854/854
f 854/854 860/860 861/861
f 854/854 861/861 855/855
f 855/855 861/861 862/862
f 855/855 862/862 856/856
f 856/856 862/862 863/863
f 856/856 863/863 857/857
f 857/857 863/863 864/864
f 857/857 864/864 858/858
f 858/858 864/864 859/859
f 858/858 859/859 853/853
f 853/853 855/855 854/854
f 859/859 860/860 861/861
f 853/853 856/856 855/855
f 859/859 861/861 862/862
f 853/853 857/857 856/856
f 859/859 862/862 863/863
f 853/853 858/858 857/857
f 859/859 863/863 864/864
f 865/865 871/871 872/872
f 865/865 872/872 866/866
f 866/866 872/872 873/873
f 866/866 873/873 867/867
f 867/867 873/873 874/874
f 867/867 874/874 868/868
f 868/868 874/874 875/875
f 868/868 875/875 869/869
f 869/869 875/875 876/876
f 869/869 876/876 870/870
f 870/870 876/876 871/871
f 870/870 871/871 865/865
f 865/865 867/867 866/866
f 871/871 872/872 873/873
f 865/865 868/868 867/867
f 871/871 873/873 874/874
f 865/865 869/869 868/868
f 871/871 874/874 875/875
f 865/865 870/870 869/869
f 871/871 875/875 876/876
f 877/877 883/883 884/884
f 877/877 884/884 878/878
f 878/878 884/884 885/885
f 878/878 885/885 879/879
f 879/879 885/885 886/886
f 879/879 886/886 880/880
f 880/880 886/886 887/887
f 880/880 887/887 881/881
f 881/881 887/887 888/888
f 881/881 888/888 882/882
f 882/882 888/888 883/883
f 882/882 883/883 877/877
f 877/877 879/879 878/878
f 883/883 884/884 885/885
f 877/877 880/880 879/879
f 883/883 885/885 886/886
f 877/877 881/881 880/880
f 883/883 886/886 887/887
f 877/877 882/882 881/881
f 883/883 887/887 888/888
f 889/889 895/895 896/896
f 889/889 896/896 890/890
f 890/890 896/896 897/897
f 890/890 897/897 891/891
f 891/891 897/897 898/898
f 891/891 898/898 892/892
f 892/892 898/898 899/899
f 892/892 899/899 893/893
f 893/893 899/899 900/900
f 893/893 900/900 894/894
f 894/894 900/900 895/895
f 894/894 895/895 889/889
f 889/889 891/891 890/890
f 895/895 896/896 897/897
f 889/889 892/892 891/891
f 895/895 897/897 898/898
f 889/889 893/893 892/892
f 895/895 898/898 899/899
f 889/889 894/894 893/893
f 895/895 899/899 900/900
f 901/901 907/907 908/908
f 901/901 908/908 902/902
f 902/902 908/908 909/909
f 902/902 909/909 903/903
f 903/903 909/909 910/910
f 903/903 910/910 904/904
f 904/904 910/910 911/911
f 904/904 911/911 905/905
f 905/905 911/911 912/912
f 905/905 912/912 906/906
f 906/906 912/912 907/907
f 906/906 907/907 901/901
f 901/901 903/903 902/902
f 907/907 908/908 909/909
f 901/901 904/904 903/903
f 907/907 909/909 910/910
f 901/901 905/905 904/904
f 907/907 910/910 911/911
f 901/901 906/906 905/905
f 907/907 911/911 912/912
f 913/913 919/919 920/920
f 913/913 920/920 914/914
f 914/914 920/920 921/921
f 914/914 921/921 915/915
f 915/915 921/921 922/922
f 915/915 922/922 916/916
f 916/916 922/922 923/923
f 916/916 923/923 917/917
f 917/917 923/923 924/924
f 917/917 924/924 918/918
f 918/918 924/924 919/919
f 918/918 919/919 913/913
f 913/913 915/915 914/914
f 919/919 920/920 921/921
f 913/913 916/916 915/915
f 919/919 921/921 922/922
f 913/913 917/917 916/916
f 919/919 922/922 923/923
f 913/913 918/918 917/917
f 919/919 923/923 924/924
f 925/925 931/931 932/932
f 925/925 932/932 926/926
f 926/926 932/932 933/933
f 926/926 933/933 927/927
f 927/927 933/933 934/934
f 927/927 934/934 928/928
f 928/928 934/934 935/935
f 928/928 935/935 929/929
f 929/929 935/935 936/936
f 929/929 936/936 930/930
f 930/930 936/936 931/931
f 930/930 931/931 925/925
f 925/925 927/927 926/926
f 931/931 932/932 933/933
f 925/925 928/928 927/927
f 931/931 933/933 934/934
f 925/925 929/929 928/928
f 931/931 934/934 935/935
f 925/925 930/930 929/929
f 931/931 935/935 936/936
f 937/937 943/943 944/944
f 937/937 944/944 938/938
f 938/938 944/944 945/945
f 938/938 945/945 939/939
f 939/939 945/945 946/946
f 939/939 946/946 940/940
f 940/940 946/946 947/947
f 940/940 947/947 941/941
f 941/941 947/947 948/948
f 941/941 948/948 942/942
f 942/942 948/948 943/943
f 942/942 943/943 937/937
f 937/937 939/939 938/938
f 943/943 944/944 945/945
f 937/937 940/940 939/939
f 943/943 945/945 946/946
f 937/937 941/941 940/940
f 943/943 946/946 947/947
f 937/937 942/942 941/941
f 943/943 947/947 948/948
f 949/949 955/955 956/956
f 949/949 956/956 950/950
f 950/950 956/956 957/957
f 950/950 957/957 951/951
f 951/951 957/957 958/958
f 951/951 958/958 952/952
f 952/952 958/958 959/959
f 952/952 959/959 953/953
f 953/953 959/959 960/960
f 953/953 960/960 954/954
f 954/954 960/960 955/955
f 954/954 955/955 949/949
f 949/949 951/951 950/950
f 955/955 956/956 957/957
f 949/949 952/952 951/951
f 955/955 957/957 958/958
f 949/949 953/953 952/952
f 955/955 958/958 959/959
f 949/949 954/954 953/953
f 955/955 959/959 960/960
f 961/961 967/967 968/968
f 961/961 968/968 962/962
f 962/962 968/968 969/969
f 962/962 969/969 963/963
f 963/963 969/969 970/970
f 963/963 970/970 964/964
f 964/964 970/970 971/971
f 964/964 971/971 965/965
f 965/965 971/971 972/972
f 965/965 972/972 966/966
f 966/966 972/972 967/967
f 966/966 967/967 961/961
f 961/961 963/963 962/962
f 967/967 968/968 969/969
f 961/961 964/964 963/963
f 967/967 969/969 970/970
f 961/961 965/965 964/964
f 967/967 970/970 971/971
f 961/961 966/966 965/965
f 967/967 971/971 972/972
f 973/973 979/979 980/980
f 973/973 980/980 974/974
f 974/974 980/980 981/981
f 974/974 981/981 975/975
f 975/975 981/981 982/982
f 975/975 982/982 976/976
f 976/976 982/982 983/983
f 976/976 983/983 977/977
f 977/977 983/983 984/984
f 977/977 984/984 978/978
f 978/978 984/984 979/979
f 978/978 979/979 973/973
f 973/973 975/975 974/974
f 979/979 980/980 981/981
f 973/973 976/976 975/975
f 979/979 981/981 982/982
f 973/973 977/977 976/976
f 979/979 982/982 983/983
f 973/973 978/978 977/977
f 979/979 983/983 984/984
f 985/985 991/991 992/992
f 985/985 992/992 986/986
f 986/986 992/992 993/993
f 986/986 993/993 987/987
f 987/987 993/993 994/994
f 987/987 994/994 988/988
f 988/988 994/994 995/995
f 988/988 995/995 989/989
f 989/989 995/995 996/996
f 989/989 996/996 990/990
f 990/990 996/996 991/991
f 990/990 991/991 985/985
f 985/985 987/987 986/986
f 991/991 992/992 993/993
f 985/985 988/988 987/987
f 991/991 993/993 994/994
f 985/985 989/989 988/988
f 991/991 994/994 995/995
f 985/985 990/990 989/989
f 991/991 995/995 996/996
f 997/997 1003/1003 1004/1004
f 997/997 1004/1004 998/998
f 998/998 1004/1004 1005/1005
f 998/998 1005/1005 999/999
f 999/999 1005/1005 1006/1006
f 999/999 1006/1006 1000/1000
f 1000/1000 1006/1006 1007/1007
f 1000/1000 1007/1007 1001/1001
f 1001/1001 1007/1007 1008/1008
f 1001/1001 1008/1008 1002/1002
f 1002/1002 1008/1008 1003/1003
f 1002/1002 1003/1003 997/997
f 997/997 999/999 998/998
f 1003/1003 1004/1004 1005/1005
f 997/997 1000/1000 999/999
f 1003/1003 1005/1005 1006/1006
f 997/997 1001/1001 1000/1000
f 1003/1003 1006/1006 1007/1007
f 997/997 1002/1002 1001/1001
f 1003/1003 1007/1007 1008/1008
f 1009/1009 1015/1015 1016/1016
f 1009/1009 1016/1016 1010/1010
f 1010/1010 1016/1016 1017/1017
f 1010/1010 1017/1017 1011/1011
f 1011/1011 1017/1017 1018/1018
f 1011/1011 1018/1018 1012/1012
f 1012/1012 1018/1018 1019/1019
f 1012/1012 1019/1019 1013/1013
f 1013/1013 1019/1019 1020/1020
f 1013/1013 1020/1020 1014/1014
f 1014/1014 1020/1020 1015/1015
f 1014/1014 1015/1015 1009/1009
f 1009/1009 1011/1011 1010/1010
f 1015/1015 1016/1016 1017/1017
f 1009/1009 1012/1012 1011/1011
f 1015/1015 1017/1017 1018/1018
f 1009/1009 1013/1013 1012/1012
f 1015/1015 1018/1018 1019/1019
f 1009/1009 1014/1014 1013/1013
f 1015/1015 1019/1019 1020/1020
f 1021/1021 1027/1027 1028/1028
f 1021/1021 1028/1028 1022/1022
f 1022/1022 1028/1028 1029/1029
f 1022/1022 1029/1029 1023/1023
f 1023/1023 1029/1029 1030/1030
f 1023/1023 1030/1030 1024/1024
f 1024/1024 1030/1030 1031/1031
f 1024/1024 1031/1031 1025/1025
f 1025/1025 1031/1031 1032/1032
f 1025/1025 1032/1032 1026/1026
f 1026/1026 1032/1032 1027/1027
f 1026/1026 1027/1027 1021/1021
f 1021/1021 1023/1023 1022/1022
f 1027/1027 1028/1028 1029/1029
f 1021/1021 1024/1024 1023/1023
f 1027/1027 1029/1029 1030/1030
f 1021/1021 1025/1025 1024/1024
f 1027/1027 1030/1030 1031/1031
f 1021/1021 1026/1026 1025/1025
f 1027/1027 1031/1031 1032/1032
f 1033/1033 1039/1039 1040/1040
f 1033/1033 1040/1040 1034/1034
f 1034/1034 1040/1040 1041/1041
f 1034/1034 1041/1041 1035/1035
f 1035/1035 1041/1041 1042/1042
f 1035/1035 1042/1042 1036/1036
f 1036/1036 1042/1042 1043/1043
f 1036/1036 1043/1043 1037/1037
f 1037/1037 1043/1043 1044/1044
f 1037/1037 1044/1044 1038/1038
f 1038/1038 1044/1044 1039/1039
f 1038/1038 1039/1039 1033/1033
f 1033/1033 1035/1035 1034/1034
f 1039/1039 1040/1040 1041/1041
f 1033/1033 1036/1036 1035/1035
f 1039/1039 1041/1041 1042/1042
f 1033/1033 1037/1037 1036/1036
f 1039/1039 1042/1042 1043/1043
f 1033/1033 1038/1038 1037/1037
f 1039/1039 1043/1043 1044/1044
f 1045/1045 1051/1051 1052/1052
f 1045/1045 1052/1052 1046/1046
f 1046/1046 1052/1052 1053/1053
f 1046/1046 1053/1053 1047/1047
f 1047/1047 1053/1053 1054/1054
f 1047/1047 1054/1054 1048/1048
f 1048/1048 1054/1054 1055/1055
f 1048/1048 1055/1055 1049/1049
f 1049/1049 1055/1055 1056/1056
f 1049/1049 1056/1056 1050/1050
f 1050/1050 1056/1056 1051/1051
f 1050/1050 1051/1051 1045/1045
f 1045/1045 1047/1047 1046/1046
f 1051/1051 1052/1052 1053/1053
f 1045/1045 1048/1048 1047/1047
f 1051/1051 1053/1053 1054/1054
f 1045/1045 1049/1049 1048/1048
f 1051/1051 1054/1054 1055/1055
f 1045/1045 1050/1050 1049/1049
f 1051/1051 1055/1055 1056/1056
f 1057/1057 1063/1063 1064/1064
f 1057/1057 1064/1064 1058/1058
f 1058/1058 1064/1064 1065/1065
f 1058/1058 1065/1065 1059/1059
f 1059/1059 1065/1065 1066/1066
f 1059/1059 1066/1066 1060/1060
f 1060/1060 1066/1066 1067/1067
f 1060/1060 1067/1067 1061/1061
f 1061/1061 1067/1067 1068/1068
f 1061/1061 1068/1068 1062/1062
f 1062/1062 1068/1068 1063/1063
f 1062/1062 1063/1063 1057/1057
f 1057/1057 1059/1059 1058/1058
f 1063/1063 1064/1064 1065/1065
f 1057/1057 1060/1060 1059/1059
f 1063/1063 1065/1065 1066/1066
f 1057/1057 1061/1061 1060/1060
f 1063/1063 1066/1066 1067/1067
f 1057/1057 1062/1062 1061/1061
f 1063/1063 1067/1067 1068/1068
f 1069/1069 1075/1075 1076/1076
f 1069/1069 1076/1076 1070/1070
f 1070/1070 1076/1076 1077/1077
f 1070/1070 1077/1077 1071/1071
f 1071/1071 1077/1077 1078/1078
f 1071/1071 1078/1078 1072/1072
f 1072/1072 1078/1078 1079/1079
f 1072/1072 1079/1079 1073/1073
f 1073/1073 1079/1079 1080/1080
f 1073/1073 1080/1080 1074/1074
f 1074/1074 1080/1080 1075/1075
f 1074/1074 1075/1075 1069/1069
f 1069/1069 1071/1071 1070/1070
f 1075/1075 1076/1076 1077/1077
f 1069/1069 1072/1072 1071/1071
f 1075/1075 1077/1077 1078/1078
f 1069/1069 1073/1073 1072/1072
f 1075/1075 1078/1078 1079/1079
f 1069/1069 1074/1074 1073/1073
f 1075/1075 1079/1079 1080/1080
f 1081/1081 1087/1087 1088/1088
f 1081/1081 1088/1088 1082/1082
f 1082/1082 1088/1088 1089/1089
f 1082/1082 1089/1089 1083/1083
f 1083/1083 1089/1089 1090/1090
f 1083/1083 1090/1090 1084/1084
f 1084/1084 1090/1090 1091/1091
f 1084/1084 1091/1091 1085/1085
f 1085/1085 1091/1091 1092/1092
f 1085/1085 1092/1092 1086/1086
f 1086/1086 1092/1092 1087/1087
f 1086/1086 1087/1087 1081/1081
f 1081/1081 1083/1083 1082/1082
f 1087/1087 1088/1088 1089/1089
f 1081/1081 1084/1084 1083/1083
f 1087/1087 1089/1089 1090/1090
f 1081/1081 1085/1085 1084/1084
f 1087/1087 1090/1090 1091/1091
f 1081/1081 1086/1086 1085/1085
f 1087/1087 1091/1091 1092/1092
f 1093/1093 1099/1099 1100/1100
f 1093/1093 1100/1100 1094/1094
f 1094/1094 1100/1100 1101/1101
f 1094/1094 1101/1101 1095/1095
f 1095/1095 1101/1101 1102/1102
f 1095/1095 1102/1102 1096/1096
f 1096/1096 1102/1102 1103/1103
f 1096/1096 1103/1103 1097/1097
f 1097/1097 1103/1103 1104/1104
f 1097/1097 1104/1104 1098/1098
f 1098/1098 1104/1104 1099/1099
f 1098/1098 1099/1099 1093/1093
f 1093/1093 1095/1095 1094/1094
f 1099/1099 1100/1100 1101/1101
f 1093/1093 1096/1096 1095/1095
f 1099/1099 1101/1101 1102/1102
f 1093/1093 1097/1097 1096/1096
f 1099/1099 1102/1102 1103/1103
f 1093/1093 1098/1098 1097/1097
f 1099/1099 1103/1103 1104/1104
f 1105/1105 1111/1111 1112/1112
f 1105/1105 1112/1112 1106/1106
f 1106/1106 1112/1112 1113/1113
f 1106/1106 1113/1113 1107/1107
f 1107/1107 1113/1113 1114/1114
f 1107/1107 1114/1114 1108/1108
f 1108/1108 1114/1114 1115/1115
f 1108/1108 1115/1115 1109/1109
f 1109/1109 1115/1115 1116/1116
f 1109/1109 1116/1116 1110/1110
f 1110/1110 1116/1116 1111/1111
f 1110/1110 1111/1111 1105/1105
f 1105/1105 1107/1107 1106/1106
f 1111/1111 1112/1112 1113/1113
f 1105/1105 1108/1108 1107/1107
f 1111/1111 1113/1113 1114/1114
f 1105/1105 1109/1109 1108/1108
f 1111/1111 1114/1114 1115/1115
f 1105/1105 1110/1110 1109/1109
f 1111/1111 1115/1115 1116/1116
f 1117/1117 1123/1123 1124/1124
f 1117/1117 1124/1124 1118/1118
f 1118/1118 1124/1124 1125/1125
f 1118/1118 1125/1125 1119/1119
f 1119/1119 1125/1125 1126/1126
f 1119/1119 1126/1126 1120/1120
f 1120/1120 1126/1126 1127/1127
f 1120/1120 1127/1127 1121/1121
f 1121/1121 1127/1127 1128/1128
f 1121/1121 1128/1128 1122/1122
f 1122/1122 1128/1128 1123/1123
f 1122/1122 1123/1123 1117/1117
f 1117/1117 1119/1119 1118/1118
f 1123/1123 1124/1124 1125/1125
f 1117/1117 1120/1120 1119/1119
f 1123/1123 1125/1125 1126/1126
f 1117/1117 1121/1121 1120/1120
f 1123/1123 1126/1126 1127/1127
f 1117/1117 1122/1122 1121/1121
f 1123/1123 1127/1127 1128/1128
f 1129/1129 1135/1135 1136/1136
f 1129/1129 1136/1136 1130/1130
f 1130/1130 1136/1136 1137/1137
f 1130/1130 1137/1137 1131/1131
f 1131/1131 1137/1137 1138/1138
f 1131/1131 1138/1138 1132/1132
f 1132/1132 1138/1138 1139/1139
f 1132/1132 1139/1139 1133/1133
f 1133/1133 1139/1139 1140/1140
f 1133/1133 1140/1140 1134/1134
f 1134/1134 1140/1140 1135/1135
f 1134/1134 1135/1135 1129/1129
f 1129/1129 1131/1131 1130/1130
f 1135/1135 1136/1136 1137/1137
f 1129/1129 1132/1132 1131/1131
f 1135/1135 1137/1137 1138/1138
f 1129/1129 1133/1133 1132/1132
f 1135/1135 1138/1138 1139/1139
f 1129/1129 1134/1134 1133/1133
f 1135/1135 1139/1139 1140/1140
f 1141/1141 1147/1147 1148/1148
f 1141/1141 1148/1148 1142/1142
f 1142/1142 1148/1148 1149/1149
f 1142/1142 1149/1149 1143/1143
f 1143/1143 1149/1149 1150/1150
f 1143/1143 1150/1150 1144/1144
f 1144/1144 1150/1150 1151/1151
f 1144/1144 1151/1151 1145/1145
f 1145/1145 1151/1151 1152/1152
f 1145/1145 1152/1152 1146/1146
f 1146/1146 1152/1152 1147/1147
f 1146/1146 1147/1147 1141/1141
f 1141/1141 1143/1143 1142/1142
f 1147/1147 1148/1148 1149/1149
f 1141/1141 1144/1144 1143/1143
f 1147/1147 1149/1149 1150/1150
f 1141/1141 1145/1145 1144/1144
f 1147/1147 1150/1150 1151/1151
f 1141/1141 1146/1146 1145/1145
f 1147/1147 1151/1151 1152/1152
f 1153/1153 1159/1159 1160/1160
f 1153/1153 1160/1160 1154/1154
f 1154/1154 1160/1160 1161/1161
f 1154/1154 1161/1161 1155/1155
f 1155/1155 1161/1161 1162/1162
f 1155/1155 1162/1162 1156/1156
f 1156/1156 1162/1162 1163/1163
f 1156/1156 1163/1163 1157/1157
f 1157/1157 1163/1163 1164/1164
f 1157/1157 1164/1164 1158/1158
f 1158/1158 1164/1164 1159/1159
f 1158/1158 1159/1159 1153/1153
f 1153/1153 1155/1155 1154/1154
f 1159/1159 1160/1160 1161/1161
f 1153/1153 1156/1156 1155/1155
f 1159/1159 1161/1161 1162/1162
f 1153/1153 1157/1157 1156/1156
f 1159/1159 1162/1162 1163/1163
f 1153/1153 1158/1158 1157/1157
f 1159/1159 1163/1163 1164/1164
f 1165/1165 1171/1171 1172/1172
f 1165/1165 1172/1172 1166/1166
f 1166/1166 1172/1172 1173/1173
f 1166/1166 1173/1173 1167/1167
f 1167/1167 1173/1173 1174/1174
f 1167/1167 1174/1174 1168/1168
f 1168/1168 1174/1174 1175/1175
f 1168/1168 1175/1175 1169/1169
f 1169/1169 1175/1175 1176/1176
f 1169/1169 1176/1176 1170/1170
f 1170/1170 1176/1176 1171/1171
f 1170/1170 1171/1171 1165/1165
f 1165/1165 1167/1167 1166/1166
f 1171/1171 1172/1172 1173/1173
f 1165/1165 1168/1168 1167/1167
f 1171/1171 1173/1173 1174/1174
f 1165/1165 1169/1169 1168/1168
f 1171/1171 1174/1174 1175/1175
f 1165/1165 1170/1170 1169/1169
f 1171/1171 1175/1175 1176/1176
f 1177/1177 1183/1183 1184/1184
f 1177/1177 1184/1184 1178/1178
f 1178/1178 1184/1184 1185/1185
f 1178/1178 1185/1185 1179/1179
f 1179/1179 1185/1185 1186/1186
f 1179/1179 1186/1186 1180/1180
f 1180/1180 1186/1186 1187/1187
f 1180/1180 1187/1187 1181/1181
f 1181/1181 1187/1187 1188/1188
f 1181/1181 1188/1188 1182/1182
f 1182/1182 1188/1188 1183/1183
f 1182/1182 1183/1183 1177/1177
f 1177/1177 1179/1179 1178/1178
f 1183/1183 1184/1184 1185/1185
f 1177/1177 1180/1180 1179/1179
f 1183/1183 1185/1185 1186/1186
f 1177/1177 1181/1181 1180/1180
f 1183/1183 1186/1186 1187/1187
f 1177/1177 1182/1182 1181/1181
f 1183/1183 1187/1187 1188/1188
f 1189/1189 1195/1195 1196/1196
f 1189/1189 1196/1196 1190/1190
f 1190/1190 1196/1196 1197/1197
f 1190/1190 1197/1197 1191/1191
f 1191/1191 1197/1197 1198/1198
f 1191/1191 1198/1198 1192/1192
f 1192/1192 1198/1198 1199/1199
f 1192/1192 1199/1199 1193/1193
f 1193/1193 1199/1199 1200/1200
f 1193/1193 1200/1200 1194/1194
f 1194/1194 1200/1200 1195/1195
f 1194/1194 1195/1195 1189/1189
f 1189/1189 1191/1191 1190/1190
f 1195/1195 1196/1196 1197/1197
f 1189/1189 1192/1192 1191/1191
f 1195/1195 1197/1197 1198/1198
f 1189/1189 1193/1193 1192/1192
f 1195/1195 1198/1198 1199/1199
f 1189/1189 1194/1194 1193/1193
f 1195/1195 1199/1199 1200/1200
f 1201/1201 1207/1207 1208/1208
f 1201/1201 1208/1208 1202/1202
f 1202/1202 1208/1208 1209/1209
f 1202/1202 1209/1209 1203/1203
f 1203/1203 1209/1209 1210/1210
f 1203/1203 1210/1210 1204/1204
f 1204/1204 1210/1210 1211/1211
f 1204/1204 1211/1211 1205/1205
f 1205/1205 1211/1211 1212/1212
f 1205/1205 1212/1212 1206/1206
f 1206/1206 1212/1212 1207/1207
f 1206/1206 1207/1207 1201/1201
f 1201/1201 1203/1203 1202/1202
f 1207/1207 1208/1208 1209/1209
f 1201/1201 1204/1204 1203/1203
f 1207/1207 1209/1209 1210/1210
f 1201/1201 1205/1205 1204/1204
f 1207/1207 1210/1210 1211/1211
f 1201/1201 1206/1206 1205/1205
f 1207/1207 1211/1211 1212/1212
