// Generated by tools/generate_pedestal_texture.py; do not edit.
// Original Dawnlight stone; provenance: art/pedestal/README.md.
#pragma once

namespace dawnlight::pedestal_art {
inline constexpr unsigned kSize = 256, kLastMip = 6;
alignas(32) inline constexpr unsigned char kPixels[] = {
    0x52,0x89,0x62,0xea,0x52,0x89,0x52,0x68,0x5a,0xa9,0x5a,0xa9,0x5a,0xa9,0x4a,0x27,0x5a,0xa9,0x52,0x68,0x4a,0x48,0x4a,0x27,
    0x4a,0x48,0x52,0x88,0x4a,0x48,0x52,0x89,0x52,0x88,0x41,0xe6,0x4a,0x48,0x5a,0xa9,0x52,0x68,0x42,0x07,0x41,0xe6,0x4a,0x48,
    0x52,0x48,0x42,0x07,0x4a,0x68,0x52,0x89,0x52,0x68,0x5a,0xc9,0x5a,0x88,0x4a,0x27,0x4a,0x48,0x63,0x0a,0x5a,0xc9,0x5a,0xa9,
    0x4a,0x48,0x62,0xea,0x63,0x0a,0x4a,0x48,0x4a,0x27,0x4a,0x48,0x52,0x68,0x4a,0x28,0x52,0x68,0x4a,0x48,0x42,0x07,0x4a,0x48,
    0x62,0xc9,0x52,0x68,0x4a,0x27,0x4a,0x48,0x52,0x89,0x4a,0x48,0x42,0x07,0x4a,0x48,0x4a,0x27,0x4a,0x48,0x42,0x07,0x42,0x27,
    0x42,0x07,0x52,0x68,0x52,0x68,0x52,0x68,0x42,0x27,0x4a,0x48,0x62,0xc9,0x52,0x68,0x4a,0x27,0x52,0x88,0x62,0xc9,0x52,0x68,
    0x52,0x68,0x52,0x89,0x5a,0xc9,0x52,0x68,0x52,0x88,0x5a,0xa8,0x5a,0x88,0x62,0xea,0x52,0x68,0x5a,0x88,0x4a,0x27,0x52,0x48,
    0x5a,0xa8,0x62,0xe9,0x52,0x48,0x4a,0x48,0x52,0x68,0x5a,0xa9,0x52,0x68,0x4a,0x47,0x5a,0xa8,0x5a,0x88,0x5a,0xa9,0x5a,0x88,
    0x4a,0x47,0x52,0x88,0x5a,0xa8,0x52,0x68,0x52,0x68,0x5a,0xa8,0x62,0xc9,0x52,0x68,0x4a,0x47,0x5a,0x88,0x5a,0xc9,0x5a,0x88,
    0x5a,0x88,0x5a,0xa9,0x42,0x07,0x52,0x48,0x52,0x47,0x52,0x68,0x4a,0x48,0x52,0x88,0x52,0x47,0x52,0x68,0x42,0x07,0x4a,0x47,
    0x52,0x88,0x5a,0x88,0x4a,0x47,0x4a,0x47,0x52,0x88,0x52,0x68,0x52,0x48,0x5a,0xa9,0x4a,0x27,0x4a,0x27,0x4a,0x27,0x41,0xe6,
    0x4a,0x27,0x41,0xe6,0x4a,0x27,0x41,0xe7,0x42,0x07,0x42,0x06,0x4a,0x07,0x4a,0x47,0x4a,0x27,0x41,0xe6,0x42,0x07,0x4a,0x47,
    0x4a,0x27,0x52,0x68,0x4a,0x47,0x4a,0x27,0x42,0x07,0x52,0x68,0x4a,0x27,0x4a,0x07,0x4a,0x27,0x4a,0x27,0x4a,0x07,0x4a,0x27,
    0x4a,0x47,0x52,0x47,0x4a,0x27,0x52,0x47,0x52,0x68,0x52,0x47,0x5a,0x88,0x4a,0x27,0x4a,0x27,0x4a,0x27,0x4a,0x27,0x4a,0x27,
    0x42,0x07,0x41,0xe6,0x4a,0x27,0x4a,0x06,0x4a,0x27,0x41,0xe6,0x4a,0x27,0x4a,0x47,0x52,0x88,0x5a,0x88,0x52,0x68,0x4a,0x48,
    0x52,0x47,0x52,0x68,0x5a,0xa8,0x5a,0xa9,0x42,0x06,0x4a,0x27,0x4a,0x47,0x5a,0x88,0x42,0x07,0x52,0x47,0x52,0x68,0x52,0x88,
    0x52,0x88,0x52,0x88,0x5a,0xa9,0x5a,0xa8,0x5a,0xa9,0x5a,0xa9,0x5a,0x88,0x5a,0xa8,0x52,0x68,0x4a,0x47,0x52,0x67,0x52,0x68,
    0x5a,0xa9,0x5a,0xa9,0x52,0x48,0x52,0x68,0x4a,0x47,0x52,0x68,0x52,0x88,0x52,0x68,0x52,0x68,0x4a,0x48,0x52,0x68,0x5a,0x88,
    0x52,0x68,0x4a,0x48,0x52,0x88,0x5a,0xa9,0x52,0x88,0x5a,0xa8,0x52,0x47,0x42,0x06,0x5a,0xa9,0x5a,0xa9,0x62,0xea,0x5a,0x88,
    0x52,0x68,0x4a,0x27,0x52,0x68,0x5a,0xa9,0x52,0x68,0x52,0x67,0x4a,0x07,0x4a,0x48,0x39,0xe6,0x52,0x68,0x52,0x68,0x52,0x68,
    0x5a,0x89,0x5a,0xa9,0x4a,0x27,0x4a,0x48,0x5a,0x89,0x62,0xea,0x52,0x68,0x4a,0x47,0x5a,0x89,0x52,0x68,0x52,0x68,0x5a,0xa9,
    0x4a,0x27,0x4a,0x48,0x52,0x88,0x6b,0x0a,0x5a,0xa9,0x52,0x88,0x4a,0x48,0x4a,0x48,0x52,0x89,0x5a,0xa9,0x52,0x89,0x52,0x89,
    0x5a,0xa9,0x63,0x0a,0x52,0x88,0x52,0x68,0x52,0x68,0x52,0x68,0x52,0x68,0x52,0x68,0x42,0x06,0x52,0x88,0x62,0xea,0x52,0x68,
    0x5a,0xa9,0x4a,0x47,0x4a,0x48,0x42,0x07,0x52,0x48,0x52,0x88,0x4a,0x27,0x42,0x07,0x52,0x68,0x52,0x68,0x4a,0x27,0x52,0x68,
    0x4a,0x48,0x4a,0x48,0x52,0x68,0x52,0x68,0x4a,0x48,0x52,0x68,0x52,0x88,0x4a,0x27,0x42,0x07,0x4a,0x27,0x52,0x68,0x52,0x68,
    0x52,0x68,0x4a,0x27,0x52,0x68,0x52,0x68,0x4a,0x68,0x52,0x48,0x52,0x68,0x5a,0xa9,0x42,0x06,0x4a,0x27,0x52,0x88,0x5a,0xa8,
    0x4a,0x27,0x52,0x68,0x5a,0xa9,0x5a,0x88,0x4a,0x48,0x62,0xc9,0x5a,0xa9,0x52,0x68,0x5a,0xa9,0x52,0x88,0x4a,0x27,0x42,0x07,
    0x52,0x67,0x5a,0x89,0x4a,0x27,0x42,0x07,0x5a,0xa8,0x5a,0x89,0x4a,0x27,0x52,0x68,0x52,0x89,0x52,0x68,0x4a,0x48,0x52,0x68,
    0x41,0xe6,0x4a,0x27,0x4a,0x27,0x42,0x07,0x42,0x07,0x52,0x89,0x4a,0x48,0x41,0xe7,0x52,0x88,0x4a,0x48,0x4a,0x27,0x42,0x07,
    0x4a,0x48,0x42,0x07,0x52,0x68,0x42,0x27,0x42,0x07,0x42,0x07,0x4a,0x48,0x52,0x68,0x41,0xe6,0x39,0xe6,0x42,0x27,0x4a,0x48,
    0x39,0xc6,0x39,0xe6,0x4a,0x27,0x52,0x68,0x52,0x68,0x52,0x89,0x4a,0x48,0x52,0x68,0x52,0x68,0x4a,0x48,0x52,0x68,0x5a,0xc9,
    0x6b,0x0a,0x62,0xea,0x4a,0x27,0x52,0x88,0x5a,0xc9,0x62,0xca,0x52,0x68,0x4a,0x27,0x5a,0xa9,0x4a,0x27,0x52,0x88,0x5a,0xa9,
    0x52,0x88,0x5a,0xa9,0x4a,0x47,0x62,0xea,0x52,0x48,0x62,0xca,0x4a,0x27,0x4a,0x27,0x4a,0x48,0x52,0x89,0x52,0x68,0x52,0x68,
    0x4a,0x27,0x4a,0x48,0x5a,0xa9,0x4a,0x48,0x5a,0xa9,0x4a,0x48,0x52,0x88,0x62,0xc9,0x5a,0x89,0x52,0x88,0x4a,0x47,0x4a,0x27,
    0x5a,0xa9,0x4a,0x48,0x52,0x68,0x4a,0x27,0x4a,0x47,0x4a,0x48,0x5a,0xa9,0x5a,0xa9,0x5a,0xa9,0x52,0x88,0x52,0x68,0x52,0x48,
    0x52,0x68,0x5a,0xa9,0x52,0x68,0x4a,0x48,0x52,0x68,0x5a,0xa9,0x52,0x88,0x4a,0x48,0x62,0xca,0x4a,0x48,0x4a,0x48,0x52,0x68,
    0x4a,0x48,0x52,0x68,0x5a,0xa9,0x52,0x68,0x52,0x68,0x5a,0xa9,0x5a,0xc9,0x4a,0x47,0x52,0x88,0x5a,0xa9,0x5a,0xa9,0x42,0x27,
    0x4a,0x48,0x4a,0x48,0x52,0x88,0x5a,0xa9,0x41,0xe6,0x52,0x47,0x5a,0xa8,0x62,0xc9,0x41,0xe6,0x4a,0x27,0x52,0x68,0x52,0x88,
    0x42,0x07,0x4a,0x47,0x4a,0x47,0x4a,0x47,0x52,0x88,0x4a,0x47,0x52,0x68,0x42,0x07,0x5a,0x88,0x5a,0xa9,0x5a,0x88,0x6a,0xea,
    0x52,0x88,0x52,0x68,0x52,0x68,0x52,0x88,0x4a,0x47,0x52,0x68,0x52,0x68,0x5a,0x88,0x52,0x47,0x4a,0x47,0x52,0x68,0x52,0x68,
    0x5a,0xa9,0x52,0x68,0x52,0x88,0x5a,0x88,0x52,0x68,0x52,0x68,0x4a,0x47,0x52,0x88,0x52,0x88,0x4a,0x47,0x52,0x68,0x52,0x68,
    0x52,0x68,0x5a,0x88,0x52,0x68,0x4a,0x47,0x52,0x89,0x52,0x88,0x52,0x68,0x52,0x88,0x62,0xea,0x52,0x88,0x52,0x68,0x52,0x88,
    0x52,0x88,0x52,0x68,0x52,0x68,0x52,0x68,0x52,0x68,0x52,0x68,0x52,0x68,0x52,0x68,0x52,0x68,0x52,0x68,0x52,0x68,0x52,0x68,
    0x52,0x68,0x52,0x68,0x52,0x88,0x52,0x68,0x52,0x68,0x52,0x48,0x4a,0x47,0x52,0x48,0x5a,0xc9,0x52,0x68,0x5a,0x89,0x42,0x07,
    0x5a,0xa9,0x63,0x0a,0x41,0xe6,0x52,0x68,0x62,0xea,0x8c,0x2e,0x4a,0x27,0x52,0x68,0x73,0x4b,0x5a,0xa9,0x39,0xc6,0x4a,0x27,
    0x5a,0xc9,0x52,0x88,0x4a,0x47,0x52,0x88,0x6b,0x0a,0x63,0x0a,0x52,0x68,0x52,0x68,0x5a,0xa9,0x52,0x68,0x52,0x68,0x52,0x68,
    0x52,0x68,0x52,0x89,0x5a,0xa9,0x52,0x68,0x52,0x88,0x52,0x88,0x62,0xea,0x4a,0x48,0x4a,0x47,0x5a,0x89,0x52,0x68,0x52,0x68,
    0x52,0x68,0x5a,0xa9,0x4a,0x48,0x5a,0x89,0x5a,0xa9,0x5a,0xa9,0x5a,0xca,0x73,0x8c,0x52,0x68,0x62,0xea,0x62,0xea,0x52,0x68,
    0x5a,0xa9,0x52,0x88,0x52,0x68,0x4a,0x27,0x62,0xea,0x52,0x88,0x52,0x88,0x52,0x88,0x52,0x89,0x4a,0x48,0x52,0x68,0x5a,0xa9,
    0x5a,0xa9,0x6b,0x0a,0x42,0x07,0x5a,0xa9,0x5a,0xa9,0x52,0x68,0x5a,0x89,0x4a,0x47,0x5a,0x89,0x4a,0x47,0x52,0x68,0x52,0x89,
    0x52,0x68,0x4a,0x48,0x4a,0x48,0x52,0x68,0x4a,0x48,0x42,0x07,0x42,0x07,0x42,0x07,0x4a,0x27,0x4a,0x48,0x4a,0x27,0x42,0x07,
    0x52,0x89,0x52,0x68,0x4a,0x27,0x4a,0x27,0x4a,0x27,0x4a,0x48,0x42,0x07,0x42,0x27,0x4a,0x27,0x4a,0x48,0x42,0x07,0x4a,0x48,
    0x4a,0x27,0x41,0xe6,0x4a,0x28,0x4a,0x48,0x4a,0x27,0x42,0x07,0x4a,0x48,0x4a,0x48,0x4a,0x47,0x4a,0x48,0x42,0x07,0x4a,0x27,
    0x52,0x68,0x52,0x48,0x4a,0x48,0x4a,0x47,0x4a,0x07,0x4a,0x47,0x52,0x68,0x4a,0x47,0x4a,0x27,0x4a,0x27,0x4a,0x27,0x4a,0x47,
    0x4a,0x27,0x4a,0x27,0x52,0x68,0x52,0x48,0x4a,0x47,0x42,0x07,0x52,0x68,0x52,0x68,0x4a,0x47,0x52,0x68,0x52,0x68,0x4a,0x47,
    0x4a,0x27,0x52,0x68,0x52,0x68,0x5a,0x88,0x52,0x68,0x4a,0x47,0x4a,0x47,0x4a,0x47,0x52,0x88,0x4a,0x47,0x4a,0x27,0x4a,0x27,
    0x4a,0x47,0x63,0x0a,0x63,0x0b,0x4a,0x48,0x52,0x68,0x52,0x68,0x63,0x0b,0x4a,0x48,0x4a,0x47,0x4a,0x27,0x41,0xe6,0x4a,0x48,
    0x4a,0x27,0x52,0x48,0x5a,0x89,0x4a,0x47,0x52,0x68,0x62,0xe9,0x62,0xe9,0x4a,0x48,0x4a,0x27,0x52,0x68,0x52,0x89,0x52,0x68,
    0x42,0x07,0x4a,0x48,0x52,0x68,0x52,0x68,0x42,0x07,0x52,0x88,0x5a,0xc9,0x52,0x68,0x52,0x88,0x52,0x89,0x52,0x68,0x4a,0x27,
    0x5a,0xa9,0x5a,0x89,0x42,0x07,0x4a,0x47,0x52,0x89,0x52,0x89,0x4a,0x48,0x5a,0xc9,0x4a,0x27,0x4a,0x27,0x52,0x68,0x5a,0xa9,
    0x42,0x07,0x4a,0x48,0x52,0x68,0x52,0x68,0x52,0x68,0x52,0x88,0x4a,0x47,0x4a,0x27,0x52,0x88,0x5a,0xa9,0x4a,0x27,0x42,0x07,
    0x42,0x07,0x52,0x88,0x4a,0x48,0x4a,0x48,0x41,0xe7,0x4a,0x27,0x4a,0x48,0x52,0x88,0x42,0x07,0x42,0x07,0x41,0xe6,0x5a,0xa9,
    0x41,0xe6,0x42,0x07,0x42,0x27,0x4a,0x48,0x4a,0x27,0x4a,0x27,0x52,0x48,0x5a,0xc9,0x62,0xea,0x5a,0xc9,0x52,0x88,0x52,0x68,
    0x63,0x0a,0x52,0x68,0x52,0x88,0x5a,0xa9,0x62,0xea,0x52,0x68,0x52,0x68,0x62,0xea,0x52,0x88,0x5a,0xc9,0x5a,0x88,0x5a,0xa9,
    0x62,0xe9,0x52,0x88,0x52,0x68,0x52,0x68,0x5a,0xa9,0x52,0x88,0x4a,0x27,0x42,0x27,0x52,0x88,0x52,0x88,0x5a,0xa9,0x52,0x48,
    0x52,0x47,0x5a,0xa9,0x52,0x88,0x5a,0xa9,0x5a,0x89,0x62,0xea,0x62,0xc9,0x52,0x48,0x52,0x68,0x52,0x88,0x4a,0x27,0x5a,0x88,
    0x52,0x68,0x62,0xca,0x52,0x88,0x62,0xea,0x52,0x68,0x62,0xc9,0x5a,0xc9,0x5a,0x88,0x5a,0xa9,0x5a,0xa9,0x52,0x88,0x52,0x68,
    0x5a,0xc9,0x62,0xea,0x6b,0x0a,0x62,0xea,0x5a,0xa9,0x5a,0xa9,0x6b,0x0a,0x62,0xc9,0x52,0x88,0x52,0x48,0x5a,0xc9,0x52,0x88,
    0x73,0x6c,0x5a,0xa9,0x5a,0xc9,0x5a,0xa9,0x52,0x88,0x62,0xc9,0x5a,0xa9,0x62,0xea,0x52,0x68,0x5a,0xa9,0x5a,0xa9,0x5a,0xa9,
    0x52,0x68,0x6b,0x0a,0x5a,0xc9,0x52,0x89,0x5a,0xc9,0x4a,0x48,0x4a,0x48,0x62,0xc9,0x5a,0xa9,0x5a,0xa9,0x52,0x68,0x52,0x89,
    0x5a,0xca,0x62,0xea,0x52,0x88,0x5a,0x89,0x5a,0xc9,0x5a,0xa9,0x52,0x88,0x62,0xca,0x5a,0xc9,0x52,0x68,0x4a,0x27,0x52,0x48,
    0x5a,0xa9,0x5a,0xa9,0x52,0x68,0x52,0x88,0x52,0x89,0x5a,0xa9,0x5a,0xa9,0x5a,0xc9,0x5a,0xa9,0x62,0xc9,0x6b,0x0a,0x52,0x89,
    0x6b,0x2b,0x52,0x89,0x63,0x0b,0x52,0x88,0x5a,0xa9,0x4a,0x68,0x63,0x0a,0x52,0x68,0x52,0x68,0x52,0x89,0x5a,0xa9,0x52,0x88,
    0x52,0x48,0x5a,0xa9,0x52,0x68,0x42,0x27,0x4a,0x48,0x4a,0x27,0x4a,0x48,0x52,0x88,0x52,0x68,0x42,0x07,0x4a,0x27,0x62,0xea,
    0x4a,0x48,0x4a,0x27,0x52,0x88,0x52,0x89,0x4a,0x48,0x52,0x89,0x5a,0xa9,0x4a,0x48,0x52,0x88,0x52,0x68,0x6b,0x0b,0x52,0x88,
    0x4a,0x27,0x4a,0x48,0x62,0xea,0x5a,0xa9,0x39,0xe6,0x39,0xc6,0x39,0xc6,0x52,0x68,0x4a,0x48,0x4a,0x27,0x31,0xa5,0x41,0xe6,
    0x5a,0xa9,0x5a,0xc9,0x5a,0xc9,0x5a,0xa9,0x62,0xca,0x5a,0xa9,0x52,0x68,0x5a,0xa9,0x52,0x89,0x52,0x89,0x5a,0xc9,0x52,0x89,
    0x52,0x68,0x62,0xea,0x5a,0xa9,0x52,0x88,0x52,0x68,0x42,0x07,0x52,0x68,0x4a,0x48,0x52,0x68,0x52,0x68,0x52,0x88,0x52,0x88,
    0x4a,0x27,0x52,0x88,0x4a,0x27,0x52,0x68,0x52,0x68,0x52,0x68,0x4a,0x27,0x4a,0x27,0x42,0x07,0x4a,0x27,0x5a,0x89,0x4a,0x27,
    0x4a,0x48,0x52,0x88,0x52,0x89,0x4a,0x48,0x52,0x68,0x5a,0xa9,0x4a,0x27,0x52,0x68,0x4a,0x27,0x5a,0xc9,0x52,0x88,0x5a,0x89,
    0x52,0x88,0x52,0x68,0x4a,0x47,0x52,0x68,0x52,0x88,0x4a,0x27,0x4a,0x27,0x4a,0x27,0x4a,0x48,0x42,0x07,0x4a,0x27,0x42,0x07,
    0x52,0x68,0x52,0x48,0x4a,0x48,0x4a,0x48,0x52,0x68,0x4a,0x47,0x52,0x68,0x42,0x07,0x4a,0x27,0x4a,0x48,0x62,0xca,0x41,0xe6,
    0x4a,0x48,0x5a,0xa9,0x5a,0xa9,0x41,0xe7,0x4a,0x48,0x52,0x68,0x5a,0xa9,0x62,0xea,0x39,0xe6,0x42,0x07,0x41,0xe6,0x41,0xe6,
    0x41,0xe7,0x41,0xe6,0x4a,0x27,0x52,0x89,0x39,0xe6,0x42,0x07,0x42,0x07,0x52,0x68,0x42,0x07,0x4a,0x27,0x39,0xc6,0x39,0xc6,
    0x41,0xe7,0x4a,0x27,0x52,0x68,0x52,0x88,0x42,0x27,0x4a,0x48,0x4a,0x27,0x52,0x68,0x52,0x48,0x52,0x68,0x5a,0x89,0x62,0xea,
    0x4a,0x48,0x52,0x89,0x52,0x88,0x5a,0xa9,0x52,0x89,0x52,0x68,0x4a,0x48,0x52,0x68,0x52,0x68,0x42,0x27,0x41,0xe7,0x41,0xe6,
    0x5a,0xc9,0x4a,0x48,0x4a,0x27,0x42,0x07,0x5a,0xc9,0x5a,0xc9,0x4a,0x48,0x52,0x68,0x52,0x68,0x5a,0xc9,0x52,0x68,0x39,0xe6,
    0x5a,0xa9,0x63,0x0b,0x4a,0x48,0x4a,0x27,0x52,0x48,0x7b,0xad,0x4a,0x48,0x41,0xe6,0x4a,0x48,0x52,0x68,0x52,0x88,0x4a,0x48,
    0x4a,0x27,0x41,0xe7,0x42,0x27,0x52,0x68,0x4a,0x27,0x5a,0xa9,0x4a,0x48,0x4a,0x27,0x42,0x07,0x5a,0xa9,0x52,0x68,0x41,0xe7,
    0x5a,0xa9,0x5a,0xa9,0x4a,0x48,0x42,0x07,0x4a,0x27,0x52,0x88,0x52,0x88,0x5a,0xa9,0x4a,0x68,0x4a,0x28,0x4a,0x48,0x62,0xea,
    0x4a,0x48,0x4a,0x68,0x52,0x68,0x52,0x48,0x52,0x48,0x52,0x68,0x52,0x88,0x4a,0x48,0x6b,0x0a,0x5a,0xa8,0x62,0xa8,0x62,0xe9,
    0x6b,0x2a,0x52,0x88,0x52,0x67,0x62,0xc9,0x5a,0xa8,0x6a,0xe9,0x5a,0x87,0x62,0xc8,0x5a,0xa9,0x7b,0x8b,0x7b,0x6b,0x83,0xed,
    0x52,0x88,0x5a,0xa9,0x52,0x68,0x52,0x68,0x62,0xc9,0x52,0x68,0x5a,0xa9,0x52,0x88,0x62,0xe9,0x52,0x68,0x52,0x68,0x52,0x88,
    0x52,0x88,0x42,0x07,0x4a,0x27,0x52,0x88,0x5a,0x89,0x62,0xc9,0x52,0x88,0x52,0x48,0x52,0x68,0x5a,0xc9,0x5a,0xc9,0x5a,0x88,
    0x4a,0x27,0x52,0x88,0x5a,0xa9,0x5a,0x88,0x52,0x48,0x5a,0x89,0x5a,0xa9,0x5a,0xc9,0x52,0x68,0x4a,0x27,0x4a,0x27,0x5a,0x88,
    0x52,0x47,0x52,0x47,0x4a,0x27,0x5a,0xa9,0x5a,0x88,0x52,0x88,0x52,0x68,0x4a,0x27,0x5a,0xa8,0x52,0x68,0x52,0x68,0x4a,0x27,
    0x4a,0x47,0x4a,0x47,0x52,0x68,0x4a,0x27,0x4a,0x47,0x41,0xe6,0x52,0x68,0x4a,0x27,0x41,0xe6,0x42,0x07,0x42,0x07,0x4a,0x07,
    0x4a,0x27,0x4a,0x27,0x52,0x48,0x4a,0x27,0x4a,0x27,0x4a,0x27,0x4a,0x47,0x52,0x47,0x52,0x68,0x4a,0x27,0x4a,0x47,0x4a,0x47,
    0x4a,0x27,0x42,0x07,0x42,0x07,0x42,0x06,0x42,0x07,0x4a,0x27,0x42,0x07,0x52,0x88,0x4a,0x47,0x42,0x06,0x41,0xe6,0x4a,0x27,
    0x4a,0x47,0x42,0x06,0x52,0x88,0x52,0x47,0x4a,0x47,0x52,0x47,0x5a,0x88,0x52,0x68,0x52,0x88,0x52,0x88,0x5a,0xa8,0x5a,0x88,
    0x4a,0x27,0x4a,0x27,0x52,0x68,0x5a,0x88,0x4a,0x27,0x4a,0x47,0x4a,0x47,0x52,0x47,0x52,0x68,0x52,0x68,0x5a,0xa9,0x5a,0x88,
    0x5a,0xa8,0x42,0x07,0x4a,0x47,0x4a,0x27,0x5a,0xa9,0x52,0x48,0x52,0x68,0x52,0x88,0x5a,0x88,0x52,0x68,0x62,0xe9,0x63,0x0a,
    0x62,0xc9,0x5a,0xa8,0x62,0xc9,0x5a,0xa9,0x4a,0x47,0x52,0x88,0x52,0x47,0x52,0x68,0x5a,0xa8,0x52,0x68,0x52,0x68,0x4a,0x68,
    0x4a,0x47,0x5a,0xa9,0x52,0x68,0x52,0x68,0x52,0x68,0x5a,0x88,0x52,0x47,0x52,0x88,0x52,0x88,0x5a,0xa9,0x5a,0x88,0x52,0x88,
    0x52,0x68,0x52,0x68,0x52,0x89,0x4a,0x48,0x4a,0x47,0x4a,0x47,0x5a,0xa9,0x52,0x68,0x5a,0xa9,0x5a,0xa8,0x62,0xc9,0x5a,0xa9,
    0x52,0x88,0x5a,0x88,0x52,0x68,0x52,0x88,0x42,0x07,0x52,0x88,0x5a,0x89,0x5a,0xa9,0x5a,0xa9,0x52,0x68,0x4a,0x48,0x52,0x68,
    0x52,0x68,0x4a,0x27,0x52,0x68,0x42,0x27,0x5a,0x89,0x52,0x48,0x52,0x48,0x4a,0x47,0x52,0x68,0x4a,0x48,0x52,0x68,0x52,0x88,
    0x52,0x68,0x4a,0x48,0x4a,0x48,0x52,0x89,0x42,0x27,0x41,0xe6,0x4a,0x27,0x52,0x89,0x4a,0x27,0x42,0x07,0x4a,0x48,0x6b,0x2a,
    0x5a,0xa9,0x52,0x47,0x4a,0x06,0x4a,0x07,0x62,0xea,0x62,0xc9,0x62,0xca,0x4a,0x47,0x62,0xc9,0x62,0xea,0x73,0x8c,0x4a,0x27,
    0x62,0xea,0x52,0x88,0x62,0xc9,0x4a,0x27,0x52,0x68,0x52,0x68,0x62,0xea,0x4a,0x48,0x52,0x68,0x5a,0xa9,0x63,0x0a,0x4a,0x48,
    0x4a,0x48,0x52,0x68,0x52,0x68,0x5a,0xa9,0x4a,0x48,0x4a,0x48,0x52,0x88,0x52,0x68,0x52,0x68,0x52,0x48,0x4a,0x48,0x4a,0x48,
    0x42,0x27,0x4a,0x48,0x4a,0x27,0x4a,0x47,0x4a,0x48,0x52,0x68,0x52,0x68,0x52,0x68,0x52,0x68,0x4a,0x27,0x4a,0x48,0x52,0x89,
    0x52,0x68,0x4a,0x27,0x4a,0x27,0x52,0x88,0x4a,0x48,0x4a,0x48,0x42,0x06,0x4a,0x47,0x4a,0x48,0x52,0x68,0x42,0x07,0x4a,0x47,
    0x4a,0x48,0x4a,0x27,0x52,0x68,0x4a,0x27,0x52,0x68,0x52,0x68,0x4a,0x48,0x4a,0x27,0x4a,0x48,0x4a,0x48,0x42,0x07,0x4a,0x27,
    0x5a,0xa9,0x52,0x68,0x4a,0x47,0x4a,0x27,0x4a,0x27,0x4a,0x48,0x4a,0x48,0x4a,0x27,0x5a,0x89,0x42,0x07,0x39,0xc6,0x4a,0x27,
    0x42,0x07,0x42,0x07,0x42,0x07,0x42,0x07,0x42,0x07,0x42,0x07,0x4a,0x48,0x4a,0x48,0x4a,0x27,0x4a,0x27,0x4a,0x27,0x42,0x07,
    0x62,0xc9,0x4a,0x48,0x4a,0x48,0x52,0x68,0x4a,0x48,0x5a,0xa9,0x52,0x88,0x4a,0x48,0x4a,0x27,0x4a,0x48,0x4a,0x27,0x4a,0x48,
    0x5a,0xc9,0x52,0x88,0x52,0x68,0x5a,0xa9,0x4a,0x27,0x52,0x68,0x5a,0xc9,0x4a,0x47,0x5a,0xa9,0x5a,0xa9,0x52,0x88,0x42,0x07,
    0x52,0x89,0x4a,0x27,0x5a,0xc9,0x52,0x68,0x52,0x88,0x52,0x68,0x52,0x89,0x52,0x68,0x52,0x68,0x5a,0xa9,0x52,0x68,0x52,0x89,
    0x4a,0x27,0x4a,0x47,0x52,0x68,0x52,0x68,0x4a,0x47,0x52,0x68,0x52,0x89,0x52,0x88,0x52,0x68,0x52,0x68,0x5a,0xc9,0x4a,0x48,
    0x4a,0x48,0x42,0x07,0x42,0x07,0x52,0x68,0x52,0x68,0x52,0x48,0x4a,0x27,0x4a,0x47,0x42,0x27,0x4a,0x47,0x52,0x68,0x52,0x68,
    0x4a,0x68,0x52,0x68,0x52,0x68,0x52,0x68,0x4a,0x48,0x4a,0x47,0x5a,0x89,0x52,0x68,0x52,0x68,0x4a,0x27,0x52,0x68,0x52,0x68,
    0x52,0x89,0x4a,0x27,0x4a,0x27,0x4a,0x47,0x52,0x68,0x4a,0x27,0x4a,0x26,0x52,0x47,0x4a,0x07,0x4a,0x27,0x52,0x47,0x4a,0x47,
    0x42,0x07,0x52,0x47,0x4a,0x27,0x52,0x67,0x5a,0xa9,0x52,0x47,0x5a,0x88,0x5a,0x88,0x52,0x68,0x4a,0x27,0x52,0x67,0x4a,0x27,
    0x52,0x68,0x4a,0x27,0x4a,0x47,0x5a,0xa9,0x52,0x47,0x4a,0x27,0x52,0x68,0x52,0x68,0x5a,0x88,0x5a,0x88,0x5a,0x88,0x5a,0xa9,
    0x5a,0x88,0x52,0x67,0x52,0x68,0x5a,0xa8,0x52,0x68,0x52,0x68,0x5a,0x88,0x52,0x68,0x52,0x88,0x52,0x68,0x4a,0x27,0x52,0x68,
    0x4a,0x27,0x52,0x88,0x62,0xea,0x52,0x68,0x52,0x88,0x4a,0x27,0x52,0x88,0x5a,0x89,0x52,0x88,0x52,0x68,0x52,0x89,0x4a,0x48,
    0x5a,0x89,0x5a,0xa9,0x52,0x88,0x52,0x89,0x5a,0xa9,0x52,0x88,0x52,0x68,0x52,0x68,0x52,0x89,0x52,0x68,0x4a,0x47,0x4a,0x27,
    0x52,0x68,0x52,0x68,0x52,0x68,0x52,0x68,0x52,0x68,0x4a,0x48,0x52,0x68,0x4a,0x27,0x4a,0x48,0x4a,0x48,0x4a,0x27,0x4a,0x27,
    0x4a,0x27,0x4a,0x27,0x42,0x27,0x4a,0x27,0x52,0x47,0x52,0x68,0x52,0x88,0x5a,0xa9,0x52,0x68,0x4a,0x47,0x5a,0xa9,0x62,0xea,
    0x42,0x07,0x4a,0x27,0x52,0x68,0x52,0x68,0x4a,0x27,0x4a,0x27,0x62,0xea,0x5a,0xa9,0x5a,0xa9,0x62,0xea,0x62,0xc9,0x5a,0xa9,
    0x62,0xea,0x5a,0xc9,0x5a,0xc9,0x6b,0x2b,0x5a,0xc9,0x5a,0xa9,0x52,0x68,0x5a,0xa9,0x52,0x88,0x4a,0x68,0x52,0x68,0x52,0x68,
    0x6b,0x2b,0x5a,0xa9,0x52,0x88,0x4a,0x48,0x6b,0x0a,0x52,0x89,0x52,0x88,0x4a,0x48,0x62,0xc9,0x52,0x88,0x52,0x88,0x4a,0x48,
    0x5a,0x89,0x52,0x89,0x52,0x68,0x42,0x27,0x4a,0x48,0x63,0x0a,0x52,0x88,0x5a,0xa9,0x4a,0x48,0x42,0x27,0x63,0x0a,0x63,0x0a,
    0x4a,0x27,0x52,0x68,0x62,0xca,0x52,0x88,0x4a,0x27,0x42,0x07,0x4a,0x47,0x52,0x68,0x4a,0x47,0x42,0x27,0x52,0x68,0x42,0x07,
    0x52,0x68,0x5a,0xc9,0x6b,0x2a,0x5a,0xa9,0x5a,0x89,0x62,0xc9,0x52,0x47,0x5a,0xa8,0x4a,0x47,0x62,0xea,0x6b,0x09,0x5a,0x88,
    0x4a,0x27,0x4a,0x48,0x52,0x68,0x4a,0x28,0x42,0x07,0x42,0x07,0x42,0x07,0x4a,0x27,0x6b,0x0a,0x42,0x27,0x42,0x07,0x42,0x07,
    0x62,0xc9,0x42,0x07,0x4a,0x47,0x4a,0x48,0x4a,0x27,0x4a,0x27,0x4a,0x27,0x4a,0x47,0x52,0x68,0x4a,0x48,0x4a,0x27,0x52,0x68,
    0x4a,0x27,0x4a,0x48,0x4a,0x27,0x52,0x68,0x52,0x68,0x4a,0x27,0x52,0x88,0x52,0x68,0x41,0xe6,0x4a,0x27,0x4a,0x47,0x52,0x88,
    0x4a,0x27,0x52,0x68,0x52,0x68,0x4a,0x48,0x42,0x27,0x5a,0xa9,0x6b,0x2b,0x52,0x48,0x52,0x68,0x4a,0x27,0x52,0x88,0x52,0x68,
    0x52,0x88,0x52,0x68,0x4a,0x27,0x42,0x07,0x52,0x68,0x52,0x68,0x4a,0x47,0x4a,0x27,0x4a,0x27,0x4a,0x27,0x4a,0x27,0x52,0x68,
    0x4a,0x27,0x4a,0x47,0x52,0x68,0x5a,0x89,0x4a,0x47,0x52,0x68,0x52,0x68,0x4a,0x48,0x4a,0x47,0x52,0x48,0x63,0x0a,0x62,0xca,
    0x52,0x68,0x52,0x68,0x62,0xca,0x62,0xca,0x4a,0x48,0x5a,0xa8,0x5a,0x88,0x5a,0xa9,0x4a,0x48,0x52,0x68,0x5a,0xa9,0x5a,0xa9,
    0x4a,0x27,0x52,0x89,0x5a,0xa9,0x5a,0xa9,0x52,0x88,0x52,0x88,0x4a,0x47,0x4a,0x48,0x52,0x88,0x4a,0x47,0x52,0x68,0x52,0x88,
    0x52,0x68,0x5a,0xa9,0x4a,0x48,0x4a,0x48,0x4a,0x48,0x62,0xca,0x4a,0x27,0x4a,0x27,0x52,0x68,0x41,0xe6,0x4a,0x47,0x4a,0x47,
    0x5a,0xa9,0x62,0xea,0x5a,0xca,0x5a,0xa9,0x5a,0x89,0x52,0x68,0x4a,0x48,0x52,0x68,0x52,0x68,0x52,0x88,0x52,0x68,0x5a,0xc9,
    0x4a,0x47,0x5a,0x89,0x5a,0xa9,0x5a,0xa9,0x4a,0x48,0x52,0x88,0x5a,0xc9,0x52,0x89,0x4a,0x27,0x4a,0x48,0x4a,0x27,0x5a,0xc9,
    0x5a,0xa9,0x52,0x68,0x63,0x0a,0x52,0x88,0x62,0xea,0x52,0x68,0x5a,0xc9,0x52,0x88,0x4a,0x47,0x42,0x07,0x42,0x27,0x52,0x88,
    0x5a,0xa9,0x52,0x88,0x52,0x68,0x5a,0xa9,0x4a,0x27,0x42,0x07,0x42,0x07,0x52,0x68,0x5a,0xa9,0x4a,0x47,0x42,0x27,0x52,0x68,
    0x52,0x89,0x52,0x88,0x4a,0x27,0x52,0x88,0x52,0x68,0x5a,0x88,0x62,0xc9,0x62,0xea,0x52,0x88,0x4a,0x47,0x52,0x68,0x5a,0xa9,
    0x5a,0xa8,0x52,0x68,0x52,0x88,0x4a,0x47,0x62,0xc9,0x42,0x27,0x4a,0x48,0x4a,0x48,0x5a,0xa9,0x63,0x0a,0x5a,0xa9,0x62,0xc9,
    0x52,0x68,0x62,0xc9,0x52,0x88,0x52,0x68,0x52,0x47,0x62,0xc9,0x62,0xc9,0x52,0x68,0x52,0x88,0x52,0x68,0x39,0xa6,0x42,0x07,
    0x62,0xc9,0x62,0xea,0x5a,0xa9,0x62,0xea,0x52,0x88,0x62,0xc9,0x6b,0x2b,0x73,0x8c,0x4a,0x47,0x62,0xea,0x6b,0x2b,0x73,0x6c,
    0x42,0x07,0x63,0x0a,0x6b,0x2b,0x4a,0x47,0x52,0x68,0x52,0x89,0x52,0x89,0x5a,0xa9,0x5a,0xca,0x52,0x68,0x52,0x68,0x5a,0xa9,
    0x52,0x89,0x5a,0xa9,0x5a,0xa9,0x63,0x0a,0x29,0x65,0x4a,0x27,0x6b,0x0a,0x6b,0x2b,0x6b,0x2b,0x5a,0xa9,0x52,0x68,0x5a,0xa9,
    0x62,0xea,0x5a,0xc9,0x5a,0xa9,0x5a,0xa9,0x5a,0xa9,0x5a,0xca,0x5a,0xa9,0x52,0x89,0x52,0x89,0x5a,0xca,0x52,0x89,0x52,0x89,
    0x5a,0xa9,0x52,0x88,0x5a,0xa9,0x5a,0xca,0x52,0x68,0x5a,0xa9,0x5a,0xca,0x52,0x89,0x52,0x48,0x62,0xca,0x5a,0xc9,0x52,0x89,
    0x5a,0xc9,0x4a,0x48,0x52,0x68,0x5a,0xa9,0x62,0xea,0x52,0x68,0x52,0x68,0x4a,0x27,0x5a,0xca,0x5a,0xa9,0x52,0x88,0x52,0x68,
    0x5a,0xca,0x52,0x89,0x5a,0xa9,0x5a,0xa9,0x52,0x68,0x4a,0x27,0x52,0x88,0x52,0x48,0x4a,0x48,0x52,0x89,0x52,0x88,0x4a,0x48,
    0x4a,0x48,0x4a,0x48,0x52,0x68,0x52,0x89,0x52,0x88,0x5a,0xa9,0x4a,0x47,0x5a,0x89,0x5a,0x89,0x52,0x68,0x4a,0x27,0x52,0x68,
    0x4a,0x48,0x52,0x68,0x4a,0x27,0x39,0xc6,0x4a,0x48,0x4a,0x48,0x41,0xe7,0x39,0xc6,0x52,0x68,0x52,0x68,0x42,0x07,0x52,0x68,
    0x4a,0x27,0x52,0x68,0x5a,0xa9,0x52,0x68,0x52,0x68,0x62,0xc9,0x62,0xea,0x5a,0xa9,0x4a,0x47,0x4a,0x47,0x5a,0xa9,0x5a,0x89,
    0x5a,0xa9,0x52,0x88,0x52,0x68,0x52,0x68,0x5a,0xc9,0x62,0xea,0x52,0x88,0x52,0x68,0x52,0x68,0x4a,0x48,0x4a,0x48,0x4a,0x48,
    0x5a,0xa9,0x4a,0x48,0x4a,0x27,0x4a,0x48,0x52,0x68,0x52,0x88,0x5a,0xa9,0x52,0x68,0x52,0x88,0x52,0x68,0x52,0x68,0x52,0x48,
    0x62,0xc9,0x62,0xea,0x5a,0xa9,0x5a,0xa9,0x6b,0x2b,0x62,0xc9,0x5a,0xa9,0x52,0x68,0x52,0x88,0x4a,0x47,0x52,0x68,0x5a,0xc9,
    0x52,0x68,0x63,0x0a,0x62,0xc9,0x73,0x4b,0x5a,0xa9,0x4a,0x27,0x4a,0x27,0x52,0x68,0x5a,0xc9,0x52,0x88,0x5a,0xa9,0x4a,0x68,
    0x5a,0x89,0x5a,0xa9,0x62,0xc9,0x4a,0x27,0x83,0xcd,0x84,0x0f,0x5a,0xc9,0x5a,0xca,0x4a,0x48,0x5a,0xca,0x5a,0xca,0x62,0xca,
    0x4a,0x48,0x4a,0x48,0x31,0xa5,0x4a,0x48,0x52,0x89,0x39,0xc6,0x4a,0x27,0x4a,0x48,0x52,0x88,0x4a,0x27,0x4a,0x48,0x4a,0x48,
    0x4a,0x48,0x42,0x07,0x39,0xe6,0x42,0x27,0x52,0x48,0x4a,0x48,0x52,0x68,0x42,0x07,0x5a,0x89,0x52,0x68,0x4a,0x48,0x4a,0x27,
    0x52,0x88,0x52,0x68,0x5a,0x89,0x4a,0x48,0x42,0x07,0x42,0x27,0x4a,0x27,0x52,0x48,0x39,0xe6,0x4a,0x27,0x41,0xe6,0x4a,0x47,
    0x42,0x07,0x42,0x07,0x4a,0x48,0x4a,0x48,0x4a,0x48,0x4a,0x27,0x52,0x68,0x5a,0x89,0x4a,0x48,0x52,0x68,0x41,0xe7,0x39,0xe6,
    0x4a,0x48,0x52,0x88,0x4a,0x27,0x52,0x68,0x52,0x68,0x5a,0xa9,0x52,0x68,0x5a,0xa9,0x52,0x88,0x52,0x88,0x52,0x68,0x42,0x27,
    0x39,0xc6,0x5a,0xa9,0x62,0xea,0x42,0x07,0x52,0x68,0x4a,0x48,0x5a,0xa9,0x4a,0x68,0x52,0x68,0x52,0x68,0x62,0xea,0x5a,0xc9,
    0x4a,0x27,0x52,0x88,0x62,0xea,0x5a,0xa9,0x4a,0x48,0x52,0x89,0x4a,0x48,0x4a,0x48,0x4a,0x47,0x5a,0xc9,0x5a,0xa9,0x4a,0x27,
    0x52,0x68,0x5a,0x89,0x5a,0x89,0x4a,0x48,0x52,0x68,0x5a,0xc9,0x52,0x68,0x52,0x68,0x4a,0x27,0x52,0x68,0x4a,0x48,0x4a,0x27,
    0x4a,0x48,0x52,0x68,0x42,0x27,0x4a,0x48,0x4a,0x48,0x4a,0x48,0x4a,0x27,0x4a,0x48,0x4a,0x07,0x42,0x07,0x4a,0x27,0x39,0xe6,
    0x52,0x68,0x5a,0xc9,0x63,0x0a,0x62,0xea,0x52,0x88,0x4a,0x48,0x4a,0x48,0x42,0x07,0x4a,0x48,0x4a,0x48,0x4a,0x48,0x4a,0x48,
    0x4a,0x27,0x4a,0x48,0x4a,0x48,0x52,0x68,0x4a,0x48,0x42,0x07,0x52,0x88,0x52,0x68,0x4a,0x48,0x4a,0x48,0x52,0x68,0x42,0x27,
    0x42,0x07,0x5a,0xca,0x5a,0xca,0x39,0xe6,0x52,0x69,0x4a,0x68,0x5a,0xa9,0x39,0xe6,0x4a,0x27,0x5a,0xa9,0x62,0xc9,0x5a,0xa9,
    0x4a,0x27,0x52,0x47,0x5a,0xa9,0x5a,0xa9,0x39,0xc6,0x4a,0x27,0x52,0x68,0x52,0x68,0x31,0x85,0x42,0x07,0x42,0x07,0x42,0x07,
    0x62,0xea,0x52,0x47,0x4a,0x27,0x4a,0x47,0x5a,0xc9,0x52,0x88,0x4a,0x27,0x4a,0x27,0x4a,0x48,0x52,0x68,0x41,0xe6,0x42,0x06,
    0x52,0x88,0x4a,0x27,0x42,0x07,0x41,0xe6,0x41,0xe6,0x42,0x07,0x52,0x88,0x52,0x47,0x42,0x06,0x42,0x07,0x4a,0x07,0x41,0xe6,
    0x4a,0x27,0x52,0x47,0x4a,0x27,0x42,0x06,0x4a,0x27,0x52,0x47,0x4a,0x27,0x4a,0x27,0x4a,0x27,0x52,0x68,0x4a,0x27,0x42,0x07,
    0x4a,0x27,0x5a,0x88,0x52,0x68,0x4a,0x27,0x42,0x07,0x52,0x68,0x5a,0x88,0x4a,0x27,0x41,0xe6,0x42,0x06,0x4a,0x27,0x5a,0xa9,
    0x52,0x68,0x52,0x68,0x5a,0x88,0x52,0x67,0x5a,0x88,0x62,0xc9,0x52,0x88,0x52,0x88,0x5a,0x88,0x62,0xe9,0x42,0x06,0x4a,0x47,
    0x62,0xc9,0x4a,0x47,0x4a,0x27,0x42,0x06,0x5a,0xa9,0x4a,0x27,0x4a,0x48,0x39,0xc6,0x52,0x68,0x52,0x88,0x4a,0x47,0x4a,0x07,
    0x4a,0x27,0x5a,0xa9,0x52,0x68,0x62,0xc9,0x4a,0x27,0x52,0x68,0x5a,0xa9,0x52,0x47,0x52,0x68,0x52,0x68,0x52,0x47,0x52,0x68,
    0x6b,0x0a,0x52,0x68,0x4a,0x47,0x4a,0x27,0x62,0xea,0x6b,0x0b,0x4a,0x47,0x52,0x68,0x5a,0xa9,0x62,0xc9,0x52,0x68,0x5a,0xc9,
    0x5a,0xa8,0x52,0x88,0x5a,0xa9,0x4a,0x47,0x62,0xc9,0x6b,0x0a,0x62,0xc9,0x5a,0x88,0x4a,0x27,0x5a,0xa9,0x52,0x68,0x52,0x68,
    0x41,0xe6,0x4a,0x68,0x5a,0x89,0x4a,0x47,0x4a,0x27,0x52,0x68,0x4a,0x47,0x5a,0xa9,0x4a,0x48,0x5a,0xea,0x5a,0xc9,0x4a,0x47,
    0x5a,0xa9,0x52,0x88,0x5a,0x89,0x5a,0x89,0x52,0x68,0x52,0x88,0x5a,0xa9,0x5a,0xa9,0x4a,0x27,0x4a,0x27,0x41,0xe7,0x42,0x07,
    0x52,0x68,0x4a,0x27,0x4a,0x48,0x4a,0x47,0x5a,0x88,0x4a,0x27,0x52,0x48,0x52,0x88,0x52,0x68,0x52,0x88,0x5a,0x89,0x5a,0xa9,
    0x42,0x07,0x52,0x68,0x62,0xea,0x94,0x2e,0x4a,0x47,0x4a,0x48,0x5a,0xa9,0x6b,0x2b,0x52,0x88,0x52,0x88,0x4a,0x48,0x4a,0x48,
    0x4a,0x48,0x62,0xc9,0x6b,0x2b,0x5a,0xc9,0x62,0xea,0x62,0xea,0x52,0x68,0x4a,0x47,0x5a,0xa9,0x4a,0x48,0x42,0x07,0x42,0x07,
    0x52,0x89,0x52,0x88,0x52,0x88,0x52,0x88,0x4a,0x48,0x52,0x88,0x5a,0xa9,0x52,0x68,0x4a,0x48,0x4a,0x47,0x4a,0x47,0x42,0x07,
    0x42,0x07,0x4a,0x27,0x52,0x88,0x52,0x88,0x52,0x68,0x52,0x68,0x5a,0x88,0x5a,0xa9,0x5a,0xa9,0x5a,0x89,0x52,0x68,0x52,0x68,
    0x4a,0x47,0x4a,0x48,0x5a,0xa9,0x4a,0x48,0x52,0x48,0x4a,0x48,0x5a,0x89,0x4a,0x48,0x52,0x68,0x52,0x68,0x52,0x68,0x4a,0x27,
    0x52,0x48,0x52,0x67,0x52,0x47,0x4a,0x68,0x4a,0x47,0x4a,0x48,0x4a,0x47,0x42,0x07,0x52,0x89,0x52,0x88,0x42,0x07,0x42,0x07,
    0x52,0x68,0x4a,0x27,0x4a,0x27,0x4a,0x27,0x42,0x07,0x4a,0x47,0x52,0x47,0x4a,0x47,0x52,0x68,0x52,0x68,0x4a,0x27,0x4a,0x47,
    0x4a,0x27,0x4a,0x27,0x4a,0x27,0x4a,0x48,0x42,0x07,0x41,0xe6,0x4a,0x48,0x5a,0xa9,0x4a,0x27,0x39,0xe6,0x4a,0x47,0x4a,0x07,
    0x5a,0x88,0x52,0x68,0x52,0x68,0x4a,0x48,0x5a,0xa8,0x52,0x68,0x4a,0x47,0x42,0x07,0x52,0x68,0x4a,0x47,0x4a,0x47,0x4a,0x27,
    0x52,0x68,0x52,0x68,0x4a,0x47,0x4a,0x48,0x4a,0x27,0x5a,0xc9,0x52,0x89,0x4a,0x48,0x52,0x89,0x5a,0xa9,0x52,0x48,0x4a,0x47,
    0x5a,0xa9,0x52,0x89,0x4a,0x27,0x4a,0x27,0x5a,0xa9,0x62,0xea,0x52,0x67,0x4a,0x27,0x42,0x07,0x4a,0x48,0x52,0x88,0x52,0x88,
    0x4a,0x27,0x4a,0x27,0x42,0x07,0x5a,0x89,0x39,0xc6,0x39,0xc6,0x4a,0x27,0x5a,0xa9,0x4a,0x47,0x52,0x68,0x52,0x68,0x41,0xe6,
    0x4a,0x47,0x41,0xe6,0x4a,0x27,0x52,0x89,0x5a,0x89,0x4a,0x27,0x42,0x07,0x52,0x68,0x4a,0x48,0x4a,0x27,0x4a,0x48,0x52,0x68,
    0x4a,0x48,0x52,0x68,0x4a,0x48,0x4a,0x48,0x5a,0xa9,0x52,0x88,0x4a,0x48,0x52,0x88,0x52,0x68,0x4a,0x48,0x4a,0x47,0x52,0x47,
    0x52,0x68,0x52,0x68,0x52,0x68,0x52,0x47,0x4a,0x48,0x4a,0x47,0x52,0x68,0x52,0x88,0x5a,0x89,0x4a,0x27,0x4a,0x27,0x4a,0x07,
    0x4a,0x47,0x4a,0x47,0x4a,0x47,0x4a,0x48,0x52,0x48,0x52,0x89,0x52,0x68,0x52,0x68,0x5a,0xa9,0x4a,0x47,0x5a,0x89,0x52,0x88,
    0x4a,0x27,0x4a,0x47,0x52,0x47,0x4a,0x27,0x4a,0x27,0x42,0x07,0x4a,0x27,0x4a,0x27,0x52,0x68,0x4a,0x27,0x4a,0x27,0x42,0x06,
    0x52,0x68,0x4a,0x27,0x4a,0x27,0x41,0xe6,0x52,0x47,0x52,0x67,0x5a,0x88,0x52,0x67,0x4a,0x27,0x52,0x68,0x52,0x67,0x52,0x68,
    0x4a,0x27,0x52,0x47,0x52,0x67,0x5a,0xa8,0x5a,0x88,0x5a,0x88,0x52,0x47,0x5a,0xa8,0x52,0x47,0x4a,0x47,0x52,0x68,0x52,0x68,
    0x5a,0xa9,0x52,0x68,0x52,0x47,0x62,0xc9,0x5a,0xa9,0x52,0x68,0x5a,0x88,0x52,0x67,0x52,0x47,0x52,0x88,0x5a,0xa8,0x4a,0x47,
    0x5a,0xa9,0x4a,0x27,0x4a,0x27,0x52,0x68,0x5a,0x89,0x52,0x68,0x52,0x68,0x4a,0x47,0x52,0x68,0x5a,0xa9,0x52,0x68,0x4a,0x47,
    0x52,0x89,0x52,0x68,0x52,0x88,0x4a,0x48,0x4a,0x48,0x4a,0x47,0x4a,0x27,0x4a,0x27,0x4a,0x27,0x42,0x07,0x42,0x07,0x42,0x07,
    0x4a,0x27,0x42,0x07,0x42,0x07,0x42,0x07,0x4a,0x27,0x52,0x88,0x4a,0x27,0x4a,0x27,0x42,0x07,0x42,0x07,0x52,0x88,0x5a,0xa9,
    0x4a,0x27,0x4a,0x27,0x42,0x07,0x4a,0x27,0x42,0x07,0x42,0x07,0x4a,0x27,0x4a,0x47,0x42,0x27,0x4a,0x27,0x42,0x07,0x4a,0x27,
    0x52,0x68,0x4a,0x27,0x4a,0x47,0x42,0x07,0x42,0x07,0x42,0x07,0x4a,0x48,0x4a,0x48,0x52,0x68,0x52,0x68,0x4a,0x48,0x4a,0x27,
    0x4a,0x27,0x4a,0x27,0x4a,0x27,0x4a,0x27,0x4a,0x48,0x4a,0x48,0x4a,0x48,0x42,0x07,0x4a,0x48,0x4a,0x27,0x4a,0x48,0x4a,0x27,
    0x4a,0x47,0x4a,0x48,0x4a,0x48,0x4a,0x27,0x4a,0x27,0x4a,0x48,0x41,0xe6,0x42,0x07,0x4a,0x47,0x42,0x07,0x42,0x07,0x4a,0x48,
    0x42,0x07,0x4a,0x27,0x41,0xe6,0x52,0x48,0x4a,0x47,0x52,0x68,0x42,0x07,0x42,0x07,0x52,0x68,0x4a,0x48,0x4a,0x27,0x52,0x68,
    0x4a,0x47,0x4a,0x27,0x5a,0x89,0x5a,0xa8,0x52,0x48,0x52,0x68,0x4a,0x27,0x4a,0x27,0x42,0x07,0x4a,0x47,0x4a,0x27,0x4a,0x27,
    0x4a,0x48,0x42,0x07,0x42,0x07,0x42,0x07,0x62,0xea,0x52,0x68,0x4a,0x48,0x4a,0x48,0x52,0x88,0x52,0x68,0x52,0x89,0x4a,0x48,
    0x52,0x68,0x4a,0x27,0x5a,0xa9,0x52,0x68,0x42,0x07,0x52,0x68,0x4a,0x48,0x4a,0x27,0x52,0x68,0x42,0x27,0x52,0x68,0x5a,0xa9,
    0x52,0x68,0x52,0x68,0x4a,0x27,0x52,0x68,0x4a,0x27,0x52,0x68,0x52,0x68,0x4a,0x27,0x4a,0x27,0x4a,0x27,0x52,0x68,0x5a,0xa9,
    0x52,0x89,0x52,0x88,0x4a,0x47,0x4a,0x47,0x52,0x68,0x62,0xea,0x5a,0xa9,0x4a,0x47,0x42,0x07,0x42,0x27,0x52,0x68,0x4a,0x48,
    0x4a,0x48,0x42,0x07,0x52,0x68,0x52,0x68,0x4a,0x47,0x42,0x07,0x4a,0x47,0x4a,0x27,0x42,0x07,0x4a,0x27,0x4a,0x27,0x4a,0x48,
    0x52,0x88,0x52,0x47,0x4a,0x27,0x4a,0x48,0x5a,0x89,0x52,0x68,0x4a,0x47,0x52,0x68,0x4a,0x27,0x5a,0x88,0x62,0xea,0x63,0x0a,
    0x4a,0x48,0x4a,0x27,0x4a,0x47,0x4a,0x27,0x4a,0x27,0x42,0x27,0x4a,0x47,0x4a,0x27,0x52,0x88,0x5a,0xa9,0x52,0x47,0x52,0x68,
    0x63,0x0a,0x5a,0xca,0x4a,0x48,0x52,0x68,0x52,0x89,0x62,0xea,0x5a,0xa9,0x52,0x88,0x4a,0x47,0x52,0x89,0x5a,0xa9,0x52,0x88,
    0x52,0x88,0x5a,0xa9,0x5a,0xa9,0x4a,0x27,0x5a,0x89,0x62,0xea,0x5a,0xa9,0x52,0x89,0x62,0xca,0x62,0xea,0x52,0x89,0x5a,0xa9,
    0x5a,0xa9,0x4a,0x48,0x4a,0x48,0x4a,0x27,0x39,0xe6,0x4a,0x27,0x52,0x47,0x4a,0x27,0x5a,0xa9,0x52,0x68,0x52,0x68,0x62,0xea,
    0x52,0x88,0x4a,0x48,0x5a,0xc9,0x5a,0x89,0x6b,0x0a,0x62,0xc9,0x52,0x88,0x5a,0xa9,0x52,0x68,0x62,0xea,0x5a,0xc9,0x62,0xca,
    0x52,0x68,0x4a,0x27,0x5a,0x88,0x4a,0x47,0x4a,0x48,0x52,0x68,0x5a,0xa9,0x42,0x07,0x52,0x68,0x4a,0x48,0x52,0x88,0x5a,0xc9,
    0x5a,0xa9,0x52,0x68,0x52,0x88,0x5a,0xc9,0x4a,0x48,0x4a,0x47,0x4a,0x27,0x4a,0x48,0x42,0x27,0x4a,0x27,0x52,0x68,0x52,0x88,
    0x5a,0x89,0x5a,0x88,0x5a,0xc9,0x52,0x48,0x62,0xea,0x5a,0xc9,0x6b,0x2b,0x5a,0x89,0x4a,0x47,0x41,0xe6,0x4a,0x47,0x52,0x68,
    0x4a,0x48,0x4a,0x48,0x52,0x68,0x62,0xc9,0x4a,0x47,0x52,0x68,0x52,0x47,0x52,0x67,0x62,0xe9,0x5a,0xa9,0x52,0x68,0x4a,0x48,
    0x52,0x68,0x39,0xa6,0x4a,0x27,0x4a,0x27,0x6b,0x2b,0x6b,0x2b,0x8c,0x0e,0x6b,0x2b,0x6b,0x2a,0x7b,0xad,0x6b,0x0a,0x73,0x4b,
    0x5a,0xc9,0x6b,0x2b,0x4a,0x27,0x39,0xc6,0x52,0x68,0x5a,0xc9,0x6b,0x4b,0x4a,0x27,0x5a,0xc9,0x62,0xea,0x4a,0x27,0x4a,0x27,
    0x73,0x4b,0x5a,0xa9,0x4a,0x48,0x4a,0x47,0x62,0xea,0x62,0xca,0x52,0x68,0x4a,0x27,0x39,0xc6,0x31,0x65,0x4a,0x48,0x52,0x89,
    0x4a,0x48,0x42,0x07,0x52,0x89,0x52,0x68,0x52,0x89,0x52,0x68,0x52,0x48,0x5a,0xc9,0x5a,0xa9,0x63,0x0b,0x5a,0x89,0x52,0x68,
    0x62,0xea,0x5a,0xa9,0x4a,0x48,0x6b,0x2b,0x52,0x68,0x52,0x68,0x52,0x68,0x52,0x68,0x52,0x68,0x4a,0x48,0x52,0x48,0x5a,0xa9,
    0x4a,0x27,0x4a,0x48,0x4a,0x27,0x5a,0xc9,0x62,0xca,0x5a,0xa9,0x52,0x88,0x52,0x89,0x5a,0xa9,0x5a,0xa9,0x4a,0x48,0x52,0x68,
    0x5a,0xa9,0x4a,0x48,0x42,0x07,0x4a,0x68,0x52,0x89,0x5a,0xca,0x4a,0x47,0x42,0x07,0x52,0x88,0x5a,0xc9,0x52,0x88,0x4a,0x48,
    0x42,0x27,0x52,0x69,0x52,0x68,0x5a,0xa9,0x4a,0x47,0x5a,0xa9,0x52,0x88,0x5a,0xc9,0x41,0xe6,0x4a,0x48,0x5a,0xa9,0x6b,0x2b,
    0x52,0x89,0x4a,0x48,0x4a,0x47,0x5a,0x89,0x62,0xea,0x5a,0xa9,0x52,0x68,0x5a,0xa9,0x62,0xca,0x4a,0x48,0x5a,0xa9,0x5a,0x89,
    0x52,0x68,0x4a,0x48,0x5a,0x89,0x4a,0x47,0x4a,0x27,0x42,0x07,0x5a,0xa9,0x52,0x89,0x4a,0x47,0x4a,0x47,0x52,0x88,0x4a,0x48,
    0x41,0xe6,0x4a,0x27,0x4a,0x27,0x4a,0x27,0x4a,0x27,0x4a,0x27,0x42,0x07,0x4a,0x48,0x4a,0x48,0x4a,0x68,0x4a,0x48,0x42,0x07,
    0x4a,0x27,0x42,0x27,0x42,0x07,0x52,0x48,0x52,0x48,0x4a,0x48,0x52,0x68,0x52,0x68,0x4a,0x27,0x4a,0x27,0x4a,0x48,0x5a,0xa9,
    0x52,0x88,0x52,0x48,0x4a,0x27,0x4a,0x48,0x52,0x68,0x4a,0x27,0x4a,0x27,0x42,0x07,0x52,0x68,0x52,0x48,0x63,0x0a,0x5a,0xa9,
    0x52,0x68,0x5a,0xa9,0x62,0xc9,0x62,0xea,0x5a,0xa9,0x62,0xea,0x73,0x6c,0x83,0xee,0x5a,0xa9,0x62,0xea,0x5a,0xc9,0x62,0xea,
    0x4a,0x27,0x62,0xca,0x6b,0x2b,0x52,0x68,0x62,0xe9,0x5a,0xc9,0x62,0xea,0x52,0x88,0x73,0x4c,0x62,0xea,0x52,0x88,0x62,0xca,
    0x6b,0x0a,0x5a,0xa9,0x52,0x48,0x42,0x07,0x52,0x88,0x52,0x68,0x4a,0x47,0x52,0x89,0x5a,0xa9,0x5a,0x88,0x52,0x68,0x4a,0x47,
    0x4a,0x27,0x42,0x07,0x42,0x07,0x41,0xe6,0x42,0x07,0x4a,0x27,0x41,0xe6,0x4a,0x27,0x4a,0x48,0x4a,0x48,0x4a,0x48,0x5a,0xa9,
    0x4a,0x48,0x4a,0x48,0x4a,0x27,0x5a,0x89,0x52,0x68,0x5a,0xc9,0x5a,0xa9,0x5a,0xa9,0x52,0x88,0x52,0x68,0x52,0x88,0x52,0x68,
    0x52,0x48,0x42,0x07,0x52,0x68,0x4a,0x47,0x52,0x68,0x52,0x68,0x52,0x68,0x52,0x48,0x4a,0x47,0x4a,0x27,0x4a,0x27,0x4a,0x27,
    0x4a,0x48,0x52,0x68,0x4a,0x27,0x42,0x07,0x42,0x07,0x5a,0x89,0x4a,0x48,0x4a,0x48,0x4a,0x27,0x52,0x48,0x4a,0x48,0x52,0x68,
    0x4a,0x48,0x4a,0x27,0x52,0x68,0x4a,0x27,0x52,0x88,0x4a,0x27,0x52,0x48,0x52,0x68,0x52,0x68,0x4a,0x27,0x52,0x68,0x4a,0x27,
    0x5a,0xa9,0x4a,0x48,0x52,0x68,0x4a,0x47,0x42,0x07,0x52,0x48,0x5a,0xa9,0x5a,0xa9,0x4a,0x48,0x52,0x68,0x6b,0x0a,0x6b,0x2b,
    0x4a,0x47,0x62,0xc9,0x5a,0xa9,0x5a,0x89,0x42,0x07,0x62,0xea,0x6b,0x2b,0x52,0x68,0x52,0x88,0x5a,0xc9,0x5a,0xa9,0x52,0x68,
    0x52,0x88,0x4a,0x48,0x52,0x68,0x52,0x68,0x42,0x06,0x4a,0x47,0x52,0x88,0x52,0x88,0x4a,0x48,0x5a,0xa9,0x5a,0xa9,0x4a,0x47,
    0x4a,0x27,0x41,0xe6,0x52,0x68,0x4a,0x27,0x4a,0x47,0x4a,0x27,0x52,0x68,0x52,0x68,0x52,0x48,0x4a,0x27,0x42,0x07,0x42,0x07,
    0x4a,0x27,0x4a,0x48,0x42,0x07,0x52,0x68,0x4a,0x47,0x4a,0x27,0x42,0x07,0x52,0xa9,0x42,0x07,0x52,0x68,0x52,0x89,0x52,0x89,
    0x42,0x27,0x5a,0xa9,0x5a,0xa9,0x5a,0xa9,0x52,0x88,0x62,0xc9,0x5a,0x89,0x52,0x89,0x4a,0x48,0x52,0x89,0x52,0xa9,0x4a,0x27,
    0x4a,0x27,0x52,0x68,0x4a,0x48,0x4a,0x48,0x4a,0x48,0x42,0x07,0x52,0x68,0x52,0x68,0x42,0x27,0x52,0x68,0x4a,0x27,0x4a,0x27,
    0x41,0xe6,0x52,0x47,0x52,0x68,0x42,0x07,0x52,0x48,0x4a,0x27,0x52,0x68,0x4a,0x27,0x52,0x88,0x4a,0x47,0x4a,0x27,0x42,0x07,
    0x5a,0xa9,0x52,0x68,0x52,0x68,0x4a,0x47,0x4a,0x27,0x52,0x88,0x52,0x68,0x4a,0x27,0x5a,0xa9,0x62,0xea,0x4a,0x48,0x42,0x07,
    0x5a,0x88,0x52,0x68,0x52,0x88,0x4a,0x27,0x4a,0x47,0x4a,0x07,0x4a,0x47,0x52,0x47,0x4a,0x27,0x41,0xe6,0x41,0xe6,0x42,0x06,
    0x4a,0x27,0x42,0x06,0x42,0x06,0x42,0x07,0x52,0x67,0x52,0x67,0x42,0x07,0x4a,0x07,0x6b,0x09,0x52,0x88,0x42,0x07,0x4a,0x47,
    0x4a,0x07,0x42,0x06,0x42,0x07,0x4a,0x47,0x52,0x68,0x4a,0x27,0x42,0x06,0x4a,0x48,0x52,0x68,0x42,0x06,0x4a,0x27,0x52,0x68,
    0x52,0x68,0x52,0x68,0x52,0x68,0x4a,0x07,0x5a,0xa9,0x52,0x68,0x4a,0x27,0x4a,0x27,0x4a,0x47,0x5a,0x88,0x52,0x48,0x52,0x68,
    0x4a,0x48,0x4a,0x47,0x52,0x68,0x5a,0x89,0x4a,0x27,0x42,0x07,0x4a,0x27,0x52,0x48,0x4a,0x27,0x52,0x68,0x52,0x68,0x52,0x68,
    0x4a,0x47,0x42,0x07,0x52,0x68,0x62,0xc9,0x52,0x88,0x52,0x68,0x4a,0x48,0x52,0x88,0x42,0x07,0x4a,0x48,0x4a,0x48,0x4a,0x48,
    0x52,0x68,0x52,0x68,0x52,0x88,0x52,0x68,0x4a,0x27,0x52,0x68,0x4a,0x48,0x41,0xe6,0x52,0x89,0x4a,0x27,0x52,0x68,0x52,0x68,
    0x4a,0x28,0x4a,0x27,0x5a,0xa9,0x52,0x89,0x31,0xa5,0x42,0x07,0x5a,0xa9,0x62,0xe9,0x5a,0xc9,0x5a,0xa9,0x42,0x07,0x52,0x89,
    0x5a,0xc9,0x4a,0x47,0x39,0xa5,0x62,0xea,0x4a,0x27,0x39,0xc6,0x42,0x27,0x5a,0xca,0x4a,0x48,0x52,0x68,0x5a,0x89,0x6b,0x0a,
    0x42,0x07,0x52,0x68,0x52,0x68,0x73,0x4b,0x52,0x89,0x52,0x68,0x52,0x68,0x62,0xea,0x52,0x89,0x4a,0x48,0x4a,0x27,0x5a,0xa9,
    0x62,0xea,0x52,0x88,0x5a,0x88,0x52,0x48,0x52,0x68,0x4a,0x27,0x63,0x0a,0x5a,0xc9,0x5a,0xc9,0x62,0xc9,0x62,0xea,0x7b,0x6c,
    0x52,0x88,0x62,0xea,0x8c,0x2e,0x62,0xc9,0x4a,0x47,0x4a,0x47,0x62,0xea,0x52,0x68,0x52,0x68,0x5a,0x89,0x52,0x68,0x5a,0x89,
    0x5a,0xa9,0x52,0x89,0x52,0x48,0x5a,0xa9,0x52,0x48,0x4a,0x48,0x5a,0xa9,0x5a,0xa9,0x5a,0xa9,0x5a,0xc9,0x52,0x68,0x4a,0x68,
    0x62,0xca,0x62,0xea,0x52,0x88,0x52,0x68,0x52,0x68,0x5a,0xa9,0x52,0x68,0x4a,0x27,0x52,0x68,0x5a,0xa9,0x52,0x68,0x52,0x68,
    0x52,0x68,0x62,0xea,0x52,0x68,0x4a,0x48,0x4a,0x27,0x52,0x48,0x42,0x07,0x52,0x89,0x4a,0x48,0x4a,0x47,0x4a,0x27,0x4a,0x48,
    0x52,0x68,0x52,0x68,0x4a,0x48,0x4a,0x48,0x4a,0x47,0x52,0x47,0x52,0x47,0x4a,0x27,0x4a,0x48,0x52,0x47,0x52,0x67,0x52,0x47,
    0x4a,0x68,0x4a,0x47,0x4a,0x27,0x4a,0x27,0x4a,0x48,0x4a,0x48,0x4a,0x27,0x4a,0x27,0x4a,0x27,0x4a,0x47,0x5a,0xa8,0x5a,0x88,
    0x42,0x07,0x4a,0x47,0x52,0x48,0x62,0xc9,0x52,0x47,0x4a,0x27,0x5a,0xa9,0x52,0x88,0x4a,0x47,0x4a,0x27,0x4a,0x47,0x4a,0x47,
    0x52,0x88,0x4a,0x27,0x52,0x68,0x41,0xe6,0x52,0x68,0x4a,0x48,0x52,0x88,0x4a,0x48,0x4a,0x27,0x4a,0x68,0x52,0x68,0x5a,0xa9,
    0x4a,0x47,0x4a,0x27,0x4a,0x27,0x52,0x88,0x5a,0xa9,0x52,0x88,0x52,0x68,0x5a,0x89,0x52,0x68,0x5a,0xa9,0x5a,0xc9,0x4a,0x48,
    0x73,0x4b,0x4a,0x47,0x62,0xc9,0x52,0x68,0x52,0x68,0x4a,0x27,0x52,0x48,0x52,0x68,0x4a,0x48,0x4a,0x48,0x52,0x68,0x4a,0x47,
    0x42,0x07,0x4a,0x48,0x52,0x88,0x4a,0x27,0x4a,0x27,0x4a,0x47,0x4a,0x47,0x4a,0x47,0x52,0x68,0x4a,0x27,0x4a,0x27,0x52,0x68,
    0x52,0x47,0x52,0x68,0x4a,0x47,0x42,0x07,0x52,0x68,0x5a,0xa8,0x52,0x68,0x4a,0x47,0x62,0xea,0x5a,0xa9,0x5a,0xa9,0x52,0x68,
    0x62,0xc9,0x5a,0x88,0x4a,0x27,0x4a,0x27,0x5a,0x89,0x52,0x88,0x4a,0x48,0x52,0x88,0x4a,0x47,0x52,0x68,0x5a,0x89,0x52,0x68,
    0x52,0x47,0x4a,0x47,0x5a,0x88,0x4a,0x27,0x4a,0x27,0x62,0xea,0x62,0xc9,0x4a,0x27,0x4a,0x48,0x52,0x68,0x52,0x48,0x52,0x88,
    0x5a,0xa9,0x52,0x88,0x52,0x48,0x4a,0x27,0x52,0x88,0x52,0x68,0x5a,0xc9,0x5a,0x89,0x52,0x47,0x4a,0x48,0x62,0xea,0x62,0xea,
    0x5a,0xa9,0x52,0x68,0x52,0x68,0x52,0x68,0x52,0x48,0x52,0x68,0x5a,0x88,0x42,0x06,0x52,0x68,0x52,0x68,0x4a,0x47,0x52,0x88,
    0x52,0x88,0x4a,0x47,0x52,0x68,0x52,0x47,0x52,0x68,0x4a,0x47,0x4a,0x27,0x41,0xe7,0x4a,0x48,0x52,0x68,0x4a,0x27,0x4a,0x27,
    0x4a,0x47,0x4a,0x47,0x4a,0x48,0x52,0x48,0x4a,0x27,0x52,0x68,0x52,0x68,0x52,0x68,0x4a,0x27,0x4a,0x47,0x4a,0x27,0x52,0x88,
    0x52,0x68,0x52,0x88,0x4a,0x47,0x39,0xc6,0x52,0x88,0x52,0x68,0x52,0x68,0x4a,0x27,0x52,0x68,0x52,0x68,0x52,0x68,0x39,0xa5,
    0x62,0xc9,0x4a,0x47,0x52,0x68,0x4a,0x47,0x5a,0xc9,0x6b,0x4b,0x4a,0x27,0x52,0x89,0x31,0x84,0x5a,0xa9,0x52,0x88,0x52,0x89,
    0x29,0x44,0x41,0xe6,0x52,0x68,0x42,0x07,0x4a,0x48,0x5a,0xc9,0x4a,0x48,0x4a,0x27,0x4a,0x27,0x83,0xed,0x5a,0xa9,0x52,0x68,
    0x4a,0x27,0x62,0xc9,0x4a,0x27,0x4a,0x27,0x4a,0x27,0x41,0xe6,0x4a,0x47,0x39,0xc6,0x4a,0x47,0x52,0x68,0x4a,0x48,0x52,0x88,
    0x4a,0x48,0x4a,0x48,0x5a,0x88,0x52,0x68,0x4a,0x48,0x52,0x68,0x42,0x07,0x52,0x68,0x5a,0x89,0x5a,0xc9,0x42,0x27,0x4a,0x27,
    0x4a,0x27,0x39,0xe6,0x5a,0xc9,0x4a,0x48,0x52,0x68,0x41,0xe6,0x42,0x07,0x4a,0x27,0x52,0x68,0x4a,0x27,0x4a,0x47,0x42,0x07,
    0x42,0x07,0x42,0x27,0x52,0x88,0x52,0x68,0x4a,0x27,0x42,0x07,0x42,0x07,0x52,0x68,0x41,0xe6,0x4a,0x27,0x4a,0x48,0x4a,0x48,
    0x4a,0x47,0x4a,0x27,0x4a,0x27,0x42,0x07,0x4a,0x48,0x4a,0x27,0x4a,0x48,0x4a,0x47,0x4a,0x47,0x52,0x68,0x4a,0x48,0x52,0x48,
    0x4a,0x48,0x4a,0x27,0x4a,0x27,0x42,0x07,0x4a,0x27,0x52,0x88,0x52,0x88,0x4a,0x48,0x4a,0x48,0x52,0x68,0x5a,0xa9,0x5a,0x88,
    0x52,0x88,0x52,0x68,0x4a,0x47,0x4a,0x27,0x52,0x88,0x52,0x88,0x4a,0x07,0x4a,0x27,0x52,0x68,0x4a,0x48,0x4a,0x48,0x52,0x68,
    0x4a,0x27,0x52,0x68,0x52,0x68,0x5a,0x89,0x4a,0x27,0x4a,0x27,0x4a,0x27,0x4a,0x27,0x4a,0x27,0x4a,0x27,0x52,0x68,0x4a,0x48,
    0x4a,0x48,0x4a,0x27,0x4a,0x48,0x52,0x88,0x52,0x68,0x4a,0x48,0x52,0x68,0x4a,0x47,0x42,0x07,0x52,0x68,0x4a,0x48,0x39,0xe6,
    0x4a,0x48,0x4a,0x27,0x52,0x68,0x4a,0x47,0x4a,0x48,0x52,0x88,0x5a,0xa9,0x52,0x48,0x4a,0x47,0x4a,0x48,0x42,0x27,0x4a,0x48,
    0x41,0xe6,0x52,0x68,0x4a,0x07,0x4a,0x27,0x5a,0xa8,0x52,0x88,0x52,0x68,0x52,0x68,0x73,0x4b,0x62,0xc9,0x5a,0xc9,0x6b,0x4b,
    0x4a,0x47,0x52,0x68,0x4a,0x48,0x42,0x07,0x42,0x07,0x4a,0x27,0x41,0xe6,0x4a,0x48,0x42,0x06,0x42,0x07,0x4a,0x47,0x52,0x89,
    0x52,0x68,0x4a,0x27,0x5a,0xa9,0x52,0x68,0x4a,0x48,0x52,0x48,0x52,0x68,0x5a,0xa9,0x5a,0xa9,0x62,0xc9,0x52,0x88,0x4a,0x27,
    0x52,0x68,0x62,0xea,0x52,0x89,0x4a,0x27,0x5a,0xa9,0x5a,0xa9,0x42,0x07,0x42,0x07,0x5a,0xa9,0x4a,0x68,0x5a,0x89,0x4a,0x47,
    0x52,0x88,0x5a,0xa9,0x4a,0x27,0x52,0x68,0x4a,0x47,0x52,0x88,0x5a,0xc9,0x52,0x68,0x42,0x07,0x4a,0x47,0x6b,0x0a,0x52,0x88,
    0x42,0x07,0x4a,0x47,0x52,0x88,0x52,0x89,0x52,0x68,0x52,0x68,0x5a,0xa9,0x52,0x88,0x52,0x89,0x52,0x68,0x4a,0x27,0x52,0x68,
    0x5a,0xa9,0x5a,0xa9,0x5a,0xa9,0x62,0xe9,0x4a,0x47,0x5a,0xa9,0x5a,0xc9,0x52,0x89,0x4a,0x47,0x4a,0x27,0x4a,0x07,0x4a,0x27,
    0x5a,0x88,0x5a,0xa9,0x52,0x68,0x52,0x88,0x62,0xc9,0x63,0x0b,0x62,0xea,0x52,0x88,0x52,0x89,0x4a,0x27,0x62,0xe9,0x6b,0x2b,
    0x4a,0x27,0x5a,0x88,0x73,0x4b,0x5a,0xc9,0x52,0x68,0x4a,0x27,0x52,0x68,0x4a,0x48,0x52,0x47,0x5a,0x88,0x4a,0x07,0x39,0xc6,
    0x4a,0x48,0x52,0x88,0x5a,0x88,0x4a,0x47,0x52,0x88,0x5a,0xc9,0x62,0xc9,0x62,0xea,0x52,0x89,0x6b,0x0a,0x62,0xea,0x5a,0xa9,
    0x5a,0x88,0x62,0xea,0x5a,0xa9,0x52,0x48,0x4a,0x27,0x4a,0x47,0x5a,0xa8,0x5a,0xa9,0x6b,0x0a,0x62,0xea,0x5a,0xa9,0x6b,0x2b,
    0x62,0xea,0x6b,0x0a,0x52,0x88,0x62,0xea,0x4a,0x47,0x6b,0x0a,0x6b,0x2b,0x63,0x0a,0x5a,0xa8,0x5a,0xc9,0x62,0xc9,0x62,0xea,
    0x73,0x6b,0x5a,0xa9,0x52,0x68,0x5a,0xc9,0x62,0xc9,0x5a,0x88,0x52,0x89,0x52,0x88,0x5a,0xa9,0x62,0xc9,0x52,0x68,0x52,0x68,
    0x6b,0x0a,0x5a,0xa9,0x52,0x88,0x52,0x68,0x6b,0x0a,0x73,0x4c,0x52,0x88,0x39,0xc6,0x52,0x89,0x5a,0xa9,0x52,0x88,0x5a,0xa9,
    0x52,0x88,0x52,0x68,0x6b,0x0a,0x62,0xea,0x41,0xe7,0x52,0x89,0x5a,0xca,0x4a,0x48,0x62,0xc9,0x62,0xea,0x52,0x88,0x4a,0x48,
    0x4a,0x27,0x52,0x88,0x5a,0xc9,0x52,0x68,0x4a,0x47,0x4a,0x48,0x5a,0xc9,0x4a,0x27,0x52,0x68,0x52,0x68,0x5a,0x89,0x4a,0x48,
    0x4a,0x47,0x5a,0x89,0x42,0x07,0x5a,0xa9,0x52,0x48,0x4a,0x47,0x4a,0x47,0x62,0xea,0x4a,0x27,0x4a,0x27,0x42,0x07,0x52,0x68,
    0x4a,0x48,0x42,0x07,0x52,0x88,0x52,0x68,0x5a,0xa9,0x4a,0x27,0x52,0x68,0x52,0x68,0x5a,0xc9,0x5a,0xa9,0x5a,0xa9,0x52,0x68,
    0x62,0xca,0x5a,0xca,0x52,0x88,0x52,0x68,0x63,0x0b,0x7b,0xce,0x4a,0x48,0x52,0x68,0x52,0x89,0x5a,0xc9,0x5a,0xa9,0x52,0x88,
    0x52,0x68,0x52,0x48,0x5a,0xc9,0x4a,0x27,0x4a,0x27,0x52,0x88,0x5a,0xa9,0x52,0x68,0x5a,0xa9,0x5a,0xc9,0x4a,0x48,0x4a,0x48,
    0x52,0x68,0x4a,0x48,0x52,0x68,0x52,0x68,0x4a,0x48,0x4a,0x28,0x4a,0x48,0x4a,0x27,0x4a,0x48,0x4a,0x27,0x4a,0x48,0x52,0x68,
    0x5a,0xa9,0x4a,0x48,0x4a,0x28,0x5a,0xa9,0x4a,0x48,0x52,0x88,0x52,0x68,0x42,0x06,0x4a,0x48,0x4a,0x27,0x4a,0x27,0x52,0x48,
    0x52,0x68,0x4a,0x27,0x4a,0x48,0x4a,0x48,0x4a,0x48,0x42,0x07,0x42,0x27,0x41,0xe6,0x4a,0x27,0x4a,0x27,0x4a,0x27,0x4a,0x47,
    0x6b,0x2b,0x39,0xe6,0x42,0x07,0x5a,0xc9,0x42,0x07,0x39,0xc6,0x4a,0x27,0x5a,0x89,0x4a,0x27,0x42,0x07,0x4a,0x48,0x42,0x07,
    0x4a,0x27,0x4a,0x47,0x4a,0x27,0x52,0x68,0x52,0x68,0x5a,0x88,0x52,0x88,0x5a,0xc9,0x5a,0x88,0x52,0x68,0x4a,0x27,0x5a,0xa9,
    0x4a,0x27,0x52,0x68,0x4a,0x27,0x5a,0x88,0x52,0x68,0x52,0x68,0x52,0x68,0x62,0xea,0x52,0x68,0x52,0x68,0x5a,0x88,0x5a,0xa9,
    0x52,0x88,0x5a,0x88,0x42,0x07,0x63,0x0a,0x52,0x88,0x52,0x68,0x5a,0x89,0x62,0xea,0x52,0x88,0x5a,0x88,0x4a,0x47,0x52,0x88,
    0x6b,0x2b,0x52,0x89,0x5a,0xa9,0x52,0x88,0x73,0x4b,0x5a,0xa9,0x5a,0x88,0x52,0x68,0x52,0x68,0x52,0x68,0x52,0x88,0x52,0x68,
    0x52,0x68,0x5a,0x89,0x62,0xc9,0x62,0xea,0x52,0x68,0x52,0x88,0x5a,0xa9,0x62,0xc9,0x5a,0x89,0x52,0x88,0x52,0x68,0x62,0xc9,
    0x52,0x68,0x52,0x68,0x52,0x68,0x62,0xea,0x5a,0x89,0x52,0x68,0x52,0x68,0x4a,0x47,0x5a,0xa9,0x4a,0x47,0x5a,0x88,0x42,0x07,
    0x62,0xc9,0x5a,0x88,0x4a,0x47,0x42,0x07,0x52,0x88,0x52,0x48,0x52,0x68,0x4a,0x27,0x52,0x88,0x52,0x68,0x4a,0x27,0x42,0x07,
    0x4a,0x27,0x4a,0x27,0x42,0x07,0x41,0xe7,0x4a,0x27,0x42,0x07,0x42,0x07,0x42,0x07,0x4a,0x27,0x4a,0x47,0x4a,0x47,0x42,0x07,
    0x4a,0x27,0x4a,0x27,0x62,0xea,0x52,0x68,0x42,0x07,0x52,0x48,0x62,0xc9,0x4a,0x27,0x52,0x68,0x5a,0x88,0x5a,0xa9,0x4a,0x27,
    0x4a,0x27,0x42,0x07,0x42,0x07,0x41,0xe6,0x5a,0xa9,0x52,0x88,0x52,0x68,0x5a,0x88,0x52,0x88,0x52,0x68,0x5a,0xa9,0x62,0xc9,
    0x52,0x68,0x5a,0xc9,0x52,0x88,0x52,0x68,0x5a,0xa9,0x62,0xca,0x4a,0x48,0x5a,0xa9,0x52,0x48,0x52,0x89,0x62,0xea,0x52,0x89,
    0x52,0x89,0x52,0x68,0x4a,0x27,0x4a,0x47,0x52,0x89,0x52,0x68,0x42,0x07,0x52,0x68,0x4a,0x27,0x41,0xe6,0x41,0xe6,0x5a,0xa9,
    0x62,0xea,0x52,0x88,0x52,0x88,0x4a,0x48,0x4a,0x27,0x5a,0xc9,0x52,0x88,0x4a,0x47,0x4a,0x27,0x52,0x68,0x4a,0x48,0x52,0x68,
    0x5a,0xa9,0x52,0x88,0x52,0x68,0x52,0x68,0x52,0x68,0x52,0x68,0x52,0x88,0x52,0x88,0x63,0x0a,0x5a,0xa9,0x5a,0xc9,0x5a,0xa9,
    0x5a,0xa9,0x5a,0xa9,0x52,0x88,0x52,0x88,0x4a,0x27,0x4a,0x47,0x52,0x88,0x62,0xc9,0x4a,0x48,0x52,0x68,0x62,0xc9,0x5a,0xa9,
    0x62,0xea,0x5a,0xa9,0x52,0x88,0x62,0xe9,0x62,0xea,0x52,0x47,0x4a,0x27,0x6b,0x0a,0x5a,0x88,0x5a,0xa8,0x5a,0x88,0x73,0x4b,
    0x41,0xe6,0x52,0x88,0x4a,0x27,0x52,0x88,0x52,0x88,0x42,0x07,0x52,0x68,0x4a,0x48,0x42,0x27,0x42,0x06,0x4a,0x48,0x4a,0x27,
    0x41,0xe6,0x4a,0x27,0x4a,0x27,0x52,0x68,0x52,0x68,0x52,0x68,0x52,0x68,0x52,0x68,0x4a,0x27,0x5a,0xa9,0x52,0x68,0x52,0x68,
    0x41,0xe6,0x4a,0x48,0x4a,0x48,0x4a,0x48,0x52,0x68,0x4a,0x47,0x52,0x68,0x52,0x68,0x52,0x68,0x4a,0x47,0x4a,0x47,0x62,0xc9,
    0x52,0x88,0x52,0x68,0x5a,0xa9,0x62,0xe9,0x5a,0xa9,0x52,0x68,0x4a,0x27,0x52,0x68,0x4a,0x27,0x52,0x68,0x52,0x68,0x62,0xc9,
    0x52,0x68,0x4a,0x48,0x4a,0x48,0x52,0x88,0x62,0xc9,0x4a,0x47,0x52,0x47,0x52,0x68,0x52,0x68,0x5a,0xa9,0x52,0x68,0x52,0x47,
    0x52,0x68,0x5a,0x89,0x5a,0xa9,0x52,0x68,0x5a,0xa9,0x4a,0x47,0x4a,0x47,0x4a,0x27,0x52,0x88,0x52,0x48,0x4a,0x47,0x4a,0x27,
    0x52,0x68,0x52,0x68,0x52,0x68,0x4a,0x27,0x4a,0x47,0x52,0x68,0x52,0x68,0x4a,0x48,0x4a,0x27,0x42,0x06,0x41,0xe6,0x4a,0x47,
    0x4a,0x27,0x4a,0x27,0x4a,0x48,0x4a,0x47,0x4a,0x48,0x4a,0x48,0x4a,0x48,0x4a,0x47,0x4a,0x27,0x42,0x07,0x52,0x68,0x4a,0x27,
    0x4a,0x27,0x4a,0x48,0x52,0x89,0x52,0x68,0x4a,0x48,0x52,0x68,0x42,0x07,0x52,0x88,0x4a,0x47,0x4a,0x27,0x42,0x07,0x62,0xc9,
    0x42,0x07,0x4a,0x27,0x4a,0x48,0x62,0xea,0x4a,0x27,0x4a,0x27,0x42,0x07,0x5a,0xa9,0x4a,0x47,0x4a,0x27,0x42,0x07,0x62,0xea,
    0x52,0x88,0x52,0x89,0x42,0x07,0x4a,0x48,0x5a,0xa9,0x4a,0x27,0x4a,0x48,0x4a,0x27,0x42,0x07,0x42,0x07,0x4a,0x48,0x4a,0x48,
    0x52,0x68,0x4a,0x48,0x4a,0x48,0x4a,0x28,0x4a,0x48,0x4a,0x48,0x52,0x68,0x42,0x07,0x42,0x07,0x4a,0x48,0x4a,0x48,0x4a,0x27,
    0x4a,0x27,0x4a,0x48,0x4a,0x27,0x52,0x68,0x4a,0x48,0x4a,0x27,0x4a,0x27,0x4a,0x27,0x42,0x07,0x4a,0x28,0x4a,0x48,0x4a,0x27,
    0x41,0xe6,0x4a,0x27,0x42,0x07,0x42,0x07,0x5a,0xa9,0x62,0xc9,0x6b,0x2b,0x52,0x68,0x5a,0x89,0x52,0x68,0x42,0x27,0x4a,0x27,
    0x5a,0x89,0x4a,0x27,0x4a,0x27,0x4a,0x47,0x52,0x68,0x52,0x68,0x42,0x06,0x4a,0x48,0x52,0x68,0x4a,0x48,0x52,0x68,0x5a,0xa9,
    0x52,0x68,0x39,0xc6,0x4a,0x27,0x4a,0x48,0x4a,0x48,0x29,0x65,0x39,0xa6,0x4a,0x48,0x4a,0x27,0x42,0x07,0x31,0x85,0x52,0x88,
    0x5a,0xc9,0x5a,0xa9,0x52,0x68,0x52,0x68,0x62,0xea,0x5a,0xc9,0x52,0x88,0x5a,0xc9,0x5a,0xa9,0x5a,0xa9,0x52,0x68,0x6b,0x0a,
    0x62,0xea,0x62,0xea,0x5a,0xa9,0x5a,0xa9,0x5a,0x88,0x5a,0xa9,0x4a,0x27,0x41,0xe6,0x63,0x0a,0x62,0xea,0x5a,0x89,0x4a,0x48,
    0x62,0xea,0x52,0x68,0x52,0x88,0x4a,0x47,0x62,0xea,0x52,0x68,0x52,0x68,0x5a,0xc9,0x4a,0x48,0x4a,0x27,0x39,0xc6,0x4a,0x27,
    0x4a,0x27,0x4a,0x27,0x42,0x07,0x52,0x68,0x4a,0x48,0x52,0x68,0x52,0x68,0x5a,0xa9,0x5a,0xa9,0x4a,0x27,0x52,0x68,0x52,0x68,
    0x5a,0xa9,0x62,0xe9,0x5a,0x88,0x52,0x88,0x5a,0xa9,0x5a,0xa9,0x5a,0x88,0x5a,0x88,0x52,0x89,0x42,0x27,0x5a,0xa9,0x62,0xa9,
    0x5a,0x89,0x52,0x68,0x52,0x88,0x52,0x68,0x5a,0xa9,0x42,0x07,0x42,0x27,0x5a,0xa9,0x62,0xea,0x42,0x07,0x4a,0x27,0x4a,0x48,
    0x4a,0x48,0x52,0x68,0x4a,0x48,0x41,0xe6,0x42,0x07,0x4a,0x27,0x5a,0xa9,0x4a,0x27,0x4a,0x48,0x4a,0x27,0x42,0x07,0x4a,0x27,
    0x42,0x27,0x4a,0x27,0x4a,0x48,0x42,0x07,0x42,0x07,0x4a,0x48,0x52,0x68,0x42,0x07,0x42,0x07,0x42,0x06,0x52,0x68,0x4a,0x47,
    0x52,0x48,0x52,0x48,0x4a,0x27,0x42,0x07,0x4a,0x07,0x4a,0x27,0x52,0x68,0x42,0x27,0x42,0x07,0x4a,0x27,0x4a,0x47,0x52,0x88,
    0x4a,0x27,0x4a,0x27,0x4a,0x27,0x4a,0x27,0x52,0x88,0x4a,0x48,0x52,0x68,0x52,0x68,0x52,0x68,0x4a,0x48,0x4a,0x27,0x52,0x48,
    0x4a,0x47,0x4a,0x27,0x52,0x68,0x4a,0x27,0x4a,0x27,0x52,0x48,0x52,0x68,0x4a,0x27,0x52,0x68,0x52,0x68,0x4a,0x48,0x52,0x68,
    0x52,0x47,0x4a,0x47,0x4a,0x27,0x52,0x88,0x42,0x06,0x52,0x48,0x4a,0x07,0x4a,0x47,0x4a,0x27,0x4a,0x27,0x52,0x68,0x52,0x68,
    0x62,0xea,0x62,0xea,0x41,0xe6,0x41,0xe6,0x52,0x89,0x5a,0xa9,0x52,0x68,0x4a,0x27,0x4a,0x47,0x52,0x68,0x5a,0xc9,0x52,0x68,
    0x4a,0x47,0x52,0x48,0x52,0x68,0x4a,0x47,0x5a,0x88,0x5a,0x88,0x5a,0xa9,0x52,0x47,0x52,0x68,0x52,0x68,0x52,0x68,0x52,0x68,
    0x4a,0x47,0x42,0x07,0x4a,0x27,0x5a,0xa9,0x4a,0x27,0x5a,0xa9,0x52,0x88,0x4a,0x27,0x52,0x68,0x4a,0x47,0x4a,0x47,0x52,0x68,
    0x5a,0x89,0x52,0x68,0x4a,0x27,0x4a,0x47,0x52,0x88,0x52,0x68,0x4a,0x27,0x4a,0x48,0x4a,0x47,0x52,0x68,0x4a,0x27,0x4a,0x27,
    0x4a,0x47,0x4a,0x48,0x4a,0x27,0x41,0xe6,0x52,0x88,0x52,0x68,0x4a,0x27,0x4a,0x47,0x52,0x68,0x4a,0x48,0x5a,0xa9,0x52,0x68,
    0x4a,0x48,0x52,0x68,0x52,0x89,0x5a,0xa9,0x39,0xe6,0x4a,0x27,0x5a,0xa9,0x62,0xea,0x41,0xe5,0x4a,0x27,0x52,0x88,0x52,0x68,
    0x52,0x47,0x42,0x06,0x5a,0xa9,0x4a,0x27,0x5a,0xa9,0x52,0x47,0x4a,0x47,0x4a,0x47,0x4a,0x48,0x4a,0x27,0x42,0x07,0x4a,0x47,
    0x4a,0x27,0x4a,0x27,0x52,0x68,0x52,0x68,0x39,0xc5,0x42,0x07,0x4a,0x48,0x52,0x88,0x4a,0x47,0x42,0x06,0x4a,0x27,0x52,0x88,
    0x52,0x68,0x4a,0x48,0x4a,0x27,0x4a,0x48,0x42,0x07,0x4a,0x48,0x4a,0x27,0x42,0x07,0x52,0x48,0x4a,0x27,0x42,0x07,0x4a,0x27,
    0x52,0x68,0x4a,0x27,0x52,0x68,0x4a,0x27,0x4a,0x27,0x4a,0x48,0x4a,0x27,0x5a,0xa9,0x42,0x07,0x42,0x07,0x4a,0x27,0x4a,0x48,
    0x42,0x07,0x4a,0x27,0x42,0x07,0x4a,0x48,0x4a,0x27,0x4a,0x48,0x4a,0x27,0x4a,0x07,0x4a,0x27,0x5a,0x89,0x52,0x68,0x42,0x07,
    0x5a,0x89,0x52,0x68,0x4a,0x47,0x42,0x27,0x4a,0x48,0x5a,0xa9,0x52,0x68,0x4a,0x27,0x42,0x07,0x4a,0x27,0x4a,0x48,0x4a,0x27,
    0x4a,0x27,0x5a,0xa9,0x52,0x88,0x4a,0x27,0x52,0x68,0x5a,0xc9,0x4a,0x48,0x42,0x07,0x4a,0x27,0x52,0x68,0x52,0x68,0x4a,0x48,
    0x42,0x07,0x4a,0x27,0x4a,0x48,0x5a,0xa9,0x4a,0x48,0x5a,0xa9,0x52,0x88,0x52,0x68,0x4a,0x48,0x5a,0xc9,0x62,0xea,0x52,0x88,
    0x4a,0x48,0x52,0x68,0x52,0x88,0x52,0x88,0x5a,0xa9,0x52,0x68,0x52,0x68,0x5a,0xa9,0x4a,0x48,0x4a,0x48,0x52,0x68,0x52,0x68,
    0x4a,0x47,0x4a,0x48,0x42,0x07,0x52,0x68,0x4a,0x48,0x52,0x48,0x4a,0x48,0x52,0x68,0x4a,0x27,0x41,0xe6,0x42,0x07,0x42,0x06,
    0x52,0x68,0x41,0xe6,0x4a,0x48,0x4a,0x48,0x4a,0x27,0x42,0x27,0x52,0x88,0x4a,0x48,0x42,0x07,0x4a,0x47,0x4a,0x48,0x52,0x68,
    0x4a,0x47,0x4a,0x27,0x4a,0x48,0x52,0x89,0x52,0x68,0x52,0x88,0x41,0xe6,0x42,0x07,0x52,0x68,0x5a,0xa9,0x42,0x07,0x52,0x89,
    0x4a,0x48,0x4a,0x47,0x4a,0x48,0x52,0x68,0x52,0x68,0x41,0xe6,0x4a,0x28,0x5a,0xa9,0x52,0x68,0x63,0x0a,0x5a,0xa9,0x5a,0xa9,
    0x52,0x88,0x5a,0xc9,0x4a,0x47,0x52,0x68,0x52,0x68,0x4a,0x48,0x39,0xe6,0x42,0x27,0x5a,0xa9,0x5a,0xa9,0x4a,0x27,0x42,0x06,
    0x5a,0x88,0x52,0x68,0x73,0x4b,0x62,0xea,0x62,0xc9,0x6b,0x0a,0x52,0x89,0x4a,0x48,0x52,0x68,0x52,0x68,0x52,0x88,0x42,0x07,
    0x62,0xc9,0x6b,0x0a,0x4a,0x27,0x41,0xe6,0x4a,0x27,0x52,0x48,0x42,0x07,0x4a,0x48,0x42,0x07,0x4a,0x48,0x4a,0x27,0x41,0xe6,
    0x52,0x68,0x41,0xe6,0x4a,0x27,0x4a,0x47,0x52,0x88,0x42,0x07,0x52,0x88,0x52,0x88,0x4a,0x27,0x52,0x88,0x52,0x68,0x4a,0x48,
    0x4a,0x27,0x5a,0x89,0x52,0x68,0x4a,0x27,0x4a,0x27,0x42,0x07,0x52,0x48,0x42,0x07,0x52,0x68,0x4a,0x48,0x52,0x88,0x4a,0x48,
    0x52,0x48,0x5a,0x88,0x62,0xea,0x73,0x4b,0x52,0x88,0x62,0xea,0x62,0xea,0x5a,0xa9,0x4a,0x48,0x4a,0x68,0x52,0x68,0x4a,0x47,
    0x4a,0x48,0x52,0x68,0x52,0x47,0x52,0x47,0x63,0x0a,0x5a,0x89,0x5a,0x88,0x5a,0xa8,0x5a,0xa9,0x5a,0x89,0x5a,0xa9,0x4a,0x27,
    0x5a,0xa9,0x52,0x68,0x62,0xc9,0x4a,0x47,0x52,0x88,0x4a,0x47,0x4a,0x27,0x52,0x48,0x4a,0x26,0x4a,0x06,0x5a,0xa8,0x73,0x6c,
    0x5a,0x88,0x52,0x68,0x5a,0xa9,0x5a,0xa9,0x52,0x88,0x6b,0x2b,0x6b,0x0a,0x4a,0x47,0x4a,0x47,0x5a,0xa9,0x52,0x68,0x4a,0x47,
    0x6b,0x09,0x5a,0xa8,0x52,0x47,0x62,0xc9,0x62,0xe9,0x5a,0xa9,0x5a,0x88,0x5a,0xa9,0x5a,0x88,0x6a,0xe9,0x5a,0x88,0x5a,0xa9,
    0x52,0x68,0x52,0x88,0x6b,0x2b,0x5a,0xc9,0x5a,0xa9,0x5a,0xc9,0x5a,0xa9,0x52,0x68,0x5a,0x88,0x5a,0xc9,0x52,0x68,0x5a,0xa9,
    0x5a,0xa9,0x52,0x88,0x52,0x88,0x52,0x68,0x52,0x88,0x5a,0x89,0x4a,0x48,0x42,0x07,0x4a,0x48,0x4a,0x48,0x62,0xea,0x5a,0xca,
    0x52,0x68,0x52,0x88,0x52,0x88,0x52,0x68,0x52,0x68,0x52,0x88,0x52,0x47,0x4a,0x27,0x52,0x68,0x52,0x88,0x4a,0x27,0x4a,0x47,
    0x52,0x68,0x5a,0xa9,0x4a,0x47,0x4a,0x47,0x4a,0x27,0x4a,0x27,0x52,0x68,0x62,0xc9,0x4a,0x07,0x41,0xe6,0x39,0xc6,0x4a,0x48,
    0x4a,0x47,0x42,0x07,0x42,0x07,0x41,0xe7,0x52,0x88,0x4a,0x48,0x52,0x89,0x62,0xea,0x5a,0x89,0x5a,0x89,0x52,0x68,0x6b,0x2b,
    0x4a,0x47,0x52,0x48,0x52,0x48,0x42,0x07,0x52,0x48,0x52,0x68,0x42,0x06,0x52,0x88,0x5a,0xca,0x7b,0xad,0x5a,0xa9,0x42,0x27,
    0x4a,0x47,0x6b,0x0b,0x52,0x89,0x42,0x07,0x62,0xca,0x5a,0xca,0x6b,0x0b,0x4a,0x27,0x52,0x68,0x52,0x68,0x4a,0x48,0x4a,0x48,
    0x52,0x89,0x5a,0xa9,0x4a,0x27,0x4a,0x27,0x52,0x68,0x52,0x68,0x52,0x89,0x52,0x68,0x4a,0x27,0x4a,0x27,0x4a,0x48,0x4a,0x48,
    0x4a,0x27,0x52,0x68,0x6b,0x0b,0x62,0xea,0x4a,0x68,0x52,0x89,0x5a,0xa9,0x4a,0x27,0x62,0xea,0x5a,0xa9,0x5a,0xa9,0x4a,0x48,
    0x52,0x89,0x52,0x88,0x52,0x88,0x52,0x68,0x5a,0x89,0x5a,0x89,0x42,0x27,0x4a,0x27,0x4a,0x48,0x4a,0x47,0x4a,0x27,0x4a,0x47,
    0x4a,0x27,0x52,0x68,0x4a,0x27,0x52,0x89,0x42,0x07,0x4a,0x27,0x42,0x07,0x52,0x68,0x4a,0x48,0x42,0x27,0x52,0x68,0x4a,0x48,
    0x4a,0x48,0x42,0x07,0x5a,0xa9,0x4a,0x47,0x52,0x88,0x4a,0x48,0x62,0xc9,0x5a,0xa9,0x4a,0x27,0x52,0x68,0x4a,0x27,0x52,0x68,
    0x4a,0x27,0x4a,0x27,0x4a,0x48,0x52,0x68,0x4a,0x07,0x4a,0x47,0x5a,0xa8,0x52,0x68,0x5a,0xa9,0x6b,0x4b,0x52,0x88,0x4a,0x48,
    0x5a,0xa9,0x5a,0xa9,0x62,0xca,0x4a,0x27,0x52,0x88,0x52,0x68,0x4a,0x47,0x52,0x68,0x52,0x48,0x52,0x68,0x52,0x68,0x62,0xc9,
    0x52,0x68,0x52,0x68,0x62,0xea,0x7b,0xad,0x4a,0x48,0x52,0x88,0x62,0xca,0x7b,0xad,0x5a,0xa9,0x5a,0xa9,0x4a,0x48,0x5a,0xc9,
    0x6b,0x0a,0x5a,0x89,0x5a,0xa9,0x4a,0x48,0x52,0x68,0x42,0x27,0x42,0x27,0x42,0x07,0x52,0x89,0x42,0x27,0x4a,0x27,0x4a,0x48,
    0x62,0xea,0x5a,0xa9,0x4a,0x48,0x52,0x68,0x4a,0x47,0x4a,0x48,0x4a,0x48,0x4a,0x48,0x4a,0x27,0x52,0x48,0x4a,0x48,0x42,0x07,
    0x52,0x48,0x52,0x68,0x52,0x88,0x4a,0x27,0x52,0x68,0x4a,0x27,0x4a,0x48,0x52,0x68,0x4a,0x48,0x4a,0x47,0x41,0xe6,0x4a,0x48,
    0x52,0x68,0x4a,0x27,0x42,0x07,0x52,0x68,0x39,0xe6,0x41,0xe6,0x42,0x07,0x4a,0x27,0x4a,0x27,0x42,0x07,0x42,0x07,0x42,0x07,
    0x52,0x88,0x52,0x88,0x52,0x88,0x42,0x07,0x52,0x68,0x4a,0x48,0x4a,0x27,0x42,0x07,0x4a,0x27,0x4a,0x27,0x4a,0x27,0x41,0xe7,
    0x4a,0x47,0x42,0x07,0x4a,0x27,0x4a,0x27,0x4a,0x27,0x41,0xe7,0x42,0x07,0x42,0x07,0x42,0x07,0x42,0x07,0x4a,0x27,0x4a,0x27,
    0x5a,0x88,0x52,0x68,0x4a,0x47,0x42,0x07,0x5a,0xa9,0x4a,0x27,0x4a,0x27,0x4a,0x27,0x5a,0x89,0x62,0xc9,0x5a,0xa9,0x5a,0x88,
    0x4a,0x48,0x5a,0xa9,0x5a,0xa9,0x4a,0x27,0x5a,0xa9,0x52,0x88,0x5a,0x89,0x5a,0xa9,0x62,0xc9,0x52,0x88,0x4a,0x47,0x52,0x88,
    0x4a,0x27,0x42,0x07,0x42,0x07,0x52,0x68,0x4a,0x27,0x4a,0x48,0x52,0x68,0x42,0x07,0x52,0x68,0x52,0x68,0x4a,0x27,0x4a,0x27,
    0x52,0x88,0x52,0x68,0x52,0x48,0x52,0x68,0x4a,0x47,0x52,0x68,0x52,0x68,0x5a,0xa9,0x42,0x07,0x4a,0x27,0x4a,0x27,0x4a,0x47,
    0x4a,0x27,0x52,0x68,0x4a,0x27,0x52,0x68,0x52,0x68,0x4a,0x47,0x4a,0x27,0x52,0x68,0x52,0x68,0x4a,0x27,0x4a,0x48,0x62,0xc9,
    0x52,0x68,0x4a,0x27,0x4a,0x48,0x52,0x68,0x52,0x68,0x52,0x68,0x52,0x68,0x5a,0xa9,0x4a,0x47,0x4a,0x47,0x4a,0x47,0x52,0x88,
    0x7b,0x8b,0x4a,0x27,0x4a,0x27,0x52,0x48,0x42,0x07,0x39,0xc6,0x42,0x07,0x4a,0x27,0x42,0x07,0x42,0x27,0x42,0x07,0x42,0x27,
    0x62,0xca,0x4a,0x27,0x42,0x27,0x42,0x27,0x4a,0x27,0x4a,0x27,0x4a,0x27,0x5a,0x89,0x4a,0x27,0x42,0x07,0x4a,0x47,0x4a,0x27,
    0x4a,0x47,0x52,0x68,0x5a,0x89,0x52,0x88,0x42,0x07,0x42,0x07,0x5a,0xa9,0x5a,0x89,0x52,0x88,0x4a,0x48,0x52,0x68,0x52,0x68,
    0x4a,0x48,0x4a,0x48,0x5a,0xa9,0x5a,0xc9,0x4a,0x27,0x5a,0xa9,0x5a,0x88,0x52,0x88,0x52,0x68,0x52,0x88,0x42,0x07,0x52,0x48,
    0x4a,0x48,0x4a,0x48,0x5a,0x88,0x5a,0xa9,0x4a,0x27,0x5a,0x89,0x5a,0xa9,0x5a,0x88,0x52,0x68,0x52,0x68,0x4a,0x47,0x4a,0x48,
    0x52,0x68,0x4a,0x27,0x42,0x07,0x52,0x68,0x42,0x07,0x5a,0xa9,0x62,0xea,0x52,0x68,0x52,0x68,0x52,0x68,0x4a,0x48,0x42,0x07,
    0x62,0xc9,0x6a,0xe9,0x4a,0x27,0x4a,0x27,0x62,0xe9,0x6a,0xe9,0x4a,0x27,0x42,0x07,0x5a,0xa9,0x52,0x48,0x5a,0x89,0x52,0x89,
    0x5a,0xa9,0x4a,0x27,0x4a,0x48,0x52,0x68,0x4a,0x47,0x52,0x68,0x4a,0x48,0x4a,0x48,0x4a,0x27,0x4a,0x27,0x52,0x68,0x52,0x68,
    0x52,0x68,0x4a,0x48,0x4a,0x48,0x4a,0x27,0x42,0x07,0x4a,0x48,0x52,0x68,0x4a,0x47,0x52,0x88,0x52,0x68,0x4a,0x48,0x4a,0x48,
    0x52,0x68,0x4a,0x27,0x4a,0x27,0x52,0x88,0x4a,0x27,0x4a,0x27,0x52,0x68,0x4a,0x27,0x42,0x27,0x42,0x07,0x4a,0x27,0x4a,0x48,
    0x4a,0x48,0x42,0x07,0x42,0x07,0x4a,0x48,0x4a,0x48,0x42,0x27,0x4a,0x27,0x4a,0x27,0x52,0x68,0x42,0x07,0x41,0xe6,0x41,0xe6,
    0x52,0x68,0x52,0x68,0x42,0x07,0x41,0xe6,0x52,0x68,0x52,0x68,0x42,0x07,0x42,0x07,0x42,0x27,0x4a,0x27,0x4a,0x27,0x42,0x06,
    0x4a,0x48,0x63,0x0a,0x52,0xa9,0x4a,0x27,0x52,0x88,0x6b,0x2b,0x62,0xea,0x42,0x27,0x52,0x68,0x5a,0xa9,0x52,0x88,0x42,0x07,
    0x52,0x88,0x5a,0xa9,0x4a,0x27,0x52,0x88,0x4a,0x27,0x4a,0x47,0x4a,0x47,0x52,0x68,0x4a,0x27,0x42,0x07,0x41,0xe6,0x52,0x68,
    0x4a,0x48,0x42,0x07,0x4a,0x27,0x4a,0x07,0x4a,0x27,0x42,0x07,0x4a,0x27,0x41,0xe6,0x4a,0x47,0x4a,0x47,0x4a,0x48,0x4a,0x48,
    0x42,0x07,0x42,0x07,0x52,0x68,0x4a,0x48,0x42,0x07,0x42,0x07,0x42,0x07,0x4a,0x27,0x4a,0x27,0x4a,0x27,0x41,0xe7,0x42,0x27,
    0x4a,0x47,0x41,0xe7,0x4a,0x27,0x62,0xc9,0x4a,0x48,0x52,0x48,0x52,0x88,0x5a,0x89,0x4a,0x27,0x4a,0x27,0x52,0x88,0x73,0x2b,
    0x42,0x07,0x4a,0x47,0x4a,0x48,0x5a,0xa9,0x4a,0x27,0x5a,0x89,0x5a,0x89,0x5a,0xc9,0x52,0x88,0x4a,0x48,0x4a,0x27,0x52,0x88,
    0x5a,0xa9,0x52,0x68,0x4a,0x48,0x4a,0x27,0x4a,0x48,0x4a,0x27,0x4a,0x47,0x52,0x68,0x5a,0xc9,0x52,0x68,0x52,0x88,0x5a,0x89,
    0x5a,0xa9,0x5a,0xa9,0x5a,0xa9,0x62,0xea,0x5a,0xc9,0x62,0xca,0x5a,0xa9,0x52,0x48,0x5a,0xa9,0x62,0xc9,0x5a,0xa9,0x42,0x07,
    0x5a,0xa9,0x5a,0xa9,0x5a,0x88,0x42,0x27,0x6b,0x0a,0x5a,0xa9,0x5a,0xca,0x52,0x88,0x5a,0xa9,0x62,0xca,0x5a,0xc9,0x5a,0x88,
    0x52,0x68,0x62,0xc9,0x52,0x88,0x4a,0x27,0x52,0x88,0x52,0x88,0x4a,0x48,0x52,0x68,0x5a,0x89,0x52,0x68,0x6b,0x2b,0x52,0x68,
    0x52,0x68,0x52,0x88,0x5a,0xc9,0x42,0x07,0x42,0x07,0x4a,0x47,0x52,0x68,0x52,0x68,0x39,0xe6,0x4a,0x47,0x52,0x89,0x52,0x88,
    0x42,0x07,0x42,0x07,0x52,0x68,0x52,0x88,0x4a,0x27,0x42,0x27,0x4a,0x27,0x52,0x68,0x52,0x68,0x4a,0x48,0x42,0x07,0x5a,0x88,
    0x4a,0x48,0x52,0x68,0x62,0xc9,0x52,0x88,0x4a,0x27,0x5a,0xa9,0x52,0x88,0x42,0x07,0x4a,0x27,0x4a,0x47,0x52,0x68,0x5a,0x88,
    0x52,0x68,0x52,0x68,0x52,0x48,0x5a,0xc9,0x4a,0x47,0x42,0x06,0x4a,0x07,0x52,0x47,0x4a,0x07,0x4a,0x48,0x52,0x68,0x4a,0x06,
    0x4a,0x27,0x4a,0x27,0x5a,0x89,0x52,0x68,0x52,0x88,0x5a,0x89,0x52,0x68,0x5a,0xa9,0x52,0x68,0x4a,0x47,0x4a,0x27,0x52,0x68,
    0x42,0x06,0x5a,0xc9,0x52,0x68,0x4a,0x48,0x41,0xe6,0x5a,0xa9,0x4a,0x27,0x52,0x48,0x5a,0xa9,0x52,0x68,0x52,0x68,0x52,0x88,
    0x5a,0xa9,0x4a,0x27,0x5a,0xa8,0x4a,0x47,0x5a,0xa9,0x4a,0x47,0x4a,0x47,0x41,0xe6,0x52,0x88,0x52,0x68,0x5a,0x88,0x4a,0x27,
    0x52,0x48,0x4a,0x27,0x5a,0xa9,0x52,0x88,0x5a,0x88,0x52,0x68,0x4a,0x47,0x4a,0x27,0x4a,0x26,0x4a,0x47,0x4a,0x47,0x41,0xe6,
    0x4a,0x47,0x4a,0x27,0x62,0xea,0x52,0x89,0x52,0x68,0x4a,0x47,0x52,0x68,0x6b,0x2b,0x4a,0x48,0x5a,0xa9,0x5a,0xa9,0x52,0x89,
    0x42,0x07,0x42,0x06,0x52,0x68,0x4a,0x48,0x42,0x07,0x52,0x88,0x52,0x68,0x52,0x48,0x4a,0x47,0x4a,0x48,0x5a,0x89,0x52,0x68,
    0x52,0x68,0x52,0x88,0x4a,0x27,0x4a,0x27,0x52,0x68,0x4a,0x48,0x42,0x27,0x4a,0x27,0x52,0x68,0x5a,0xc9,0x52,0x88,0x5a,0x89,
    0x52,0x68,0x6b,0x0a,0x6a,0xe9,0x62,0xc9,0x5a,0xa9,0x5a,0xc9,0x5a,0x89,0x52,0x68,0x4a,0x48,0x52,0x68,0x52,0x68,0x52,0x89,
    0x4a,0x48,0x52,0x68,0x4a,0x27,0x52,0x68,0x4a,0x48,0x4a,0x48,0x42,0x07,0x52,0x68,0x5a,0xa9,0x42,0x06,0x4a,0x47,0x52,0x47,
    0x52,0x68,0x4a,0x47,0x4a,0x27,0x39,0xc6,0x52,0x68,0x4a,0x47,0x4a,0x27,0x42,0x07,0x52,0x89,0x4a,0x27,0x4a,0x27,0x4a,0x07,
    0x4a,0x27,0x52,0x68,0x42,0x07,0x4a,0x27,0x41,0xe6,0x52,0x68,0x42,0x06,0x4a,0x27,0x42,0x07,0x4a,0x27,0x52,0x68,0x4a,0x27,
    0x42,0x07,0x4a,0x47,0x5a,0xc9,0x52,0x88,0x52,0x88,0x52,0x68,0x4a,0x27,0x52,0x68,0x52,0x68,0x4a,0x48,0x5a,0xa9,0x5a,0xc9,
    0x5a,0xa9,0x5a,0x88,0x5a,0x88,0x52,0x88,0x73,0x6c,0x52,0x88,0x4a,0x06,0x62,0xe9,0x52,0x68,0x52,0x68,0x4a,0x48,0x4a,0x27,
    0x5a,0xa9,0x42,0x07,0x4a,0x48,0x5a,0xa9,0x52,0x68,0x52,0x68,0x52,0x88,0x4a,0x27,0x6b,0x2b,0x5a,0x88,0x4a,0x27,0x42,0x07,
    0x42,0x06,0x42,0x07,0x41,0xe6,0x4a,0x27,0x41,0xe6,0x41,0xe6,0x41,0xe6,0x4a,0x27,0x39,0xa5,0x42,0x07,0x4a,0x27,0x42,0x07,
    0x42,0x07,0x52,0x68,0x52,0x68,0x52,0x68,0x4a,0x27,0x42,0x07,0x4a,0x48,0x52,0x88,0x42,0x27,0x42,0x07,0x52,0x68,0x52,0x68,
    0x4a,0x27,0x42,0x07,0x4a,0x27,0x4a,0x27,0x42,0x07,0x39,0xc6,0x39,0xe6,0x42,0x07,0x52,0x68,0x4a,0x48,0x4a,0x48,0x4a,0x48,
    0x4a,0x27,0x4a,0x48,0x5a,0xa9,0x4a,0x27,0x39,0xc6,0x52,0x88,0x52,0x68,0x52,0x68,0x39,0xe6,0x52,0x68,0x4a,0x27,0x52,0x68,
    0x4a,0x48,0x42,0x07,0x4a,0x27,0x4a,0x27,0x42,0x07,0x52,0x89,0x4a,0x48,0x4a,0x27,0x4a,0x27,0x42,0x07,0x42,0x27,0x4a,0x27,
    0x52,0x48,0x4a,0x48,0x4a,0x27,0x42,0x07,0x4a,0x27,0x4a,0x27,0x4a,0x48,0x52,0x48,0x52,0x68,0x41,0xe6,0x42,0x07,0x52,0x48,
    0x4a,0x48,0x4a,0x27,0x52,0x68,0x4a,0x47,0x4a,0x27,0x52,0x68,0x4a,0x48,0x42,0x07,0x4a,0x48,0x42,0x07,0x41,0xe6,0x42,0x07,
    0x4a,0x48,0x4a,0x47,0x39,0xc6,0x39,0xe6,0x4a,0x48,0x42,0x07,0x4a,0x27,0x4a,0x48,0x4a,0x48,0x4a,0x48,0x4a,0x27,0x52,0x68,
    0x4a,0x27,0x52,0x68,0x4a,0x48,0x4a,0x47,0x42,0x07,0x39,0xc6,0x4a,0x27,0x62,0xc9,0x4a,0x48,0x42,0x07,0x4a,0x48,0x7b,0x8c,
    0x42,0x07,0x4a,0x27,0x52,0x68,0x6b,0x4b,0x5a,0xa9,0x6b,0x2b,0x6b,0x2b,0x42,0x07,0x52,0x68,0x52,0x68,0x63,0x0a,0x52,0x68,
    0x5a,0xa9,0x52,0x88,0x52,0x68,0x41,0xe6,0x4a,0x48,0x52,0x68,0x4a,0x47,0x42,0x07,0x42,0x07,0x42,0x27,0x4a,0x27,0x52,0x68,
    0x4a,0x48,0x52,0x68,0x52,0x68,0x42,0x07,0x4a,0x47,0x52,0x68,0x4a,0x27,0x42,0x07,0x52,0x68,0x4a,0x27,0x42,0x07,0x4a,0x27,
    0x4a,0x48,0x42,0x07,0x52,0x88,0x62,0xca,0x4a,0x27,0x4a,0x27,0x52,0x88,0x52,0x68,0x4a,0x47,0x4a,0x27,0x52,0x88,0x5a,0xa9,
    0x42,0x07,0x52,0x68,0x52,0x89,0x52,0x88,0x5a,0xa9,0x52,0x88,0x52,0x48,0x5a,0x89,0x5a,0xa9,0x5a,0x89,0x4a,0x47,0x52,0x88,
    0x52,0x88,0x52,0x88,0x5a,0xa9,0x52,0x68,0x52,0x68,0x4a,0x48,0x52,0x68,0x52,0x48,0x52,0x68,0x4a,0x47,0x4a,0x27,0x4a,0x27,
    0x52,0x88,0x52,0x68,0x52,0x48,0x52,0x89,0x5a,0xa9,0x52,0x68,0x4a,0x48,0x4a,0x27,0x52,0x88,0x4a,0x27,0x42,0x07,0x42,0x07,
    0x4a,0x47,0x4a,0x27,0x52,0x68,0x5a,0x88,0x4a,0x48,0x4a,0x27,0x52,0x68,0x52,0x68,0x52,0x68,0x52,0x68,0x62,0xc9,0x52,0xa9,
    0x52,0x68,0x52,0x88,0x52,0x68,0x5a,0xc9,0x5a,0x88,0x5a,0xa9,0x52,0x88,0x52,0x88,0x5a,0xa9,0x5a,0xa9,0x52,0x88,0x62,0xea,
    0x52,0x88,0x4a,0x48,0x52,0x68,0x5a,0xa9,0x42,0x07,0x52,0x68,0x52,0x68,0x52,0x68,0x4a,0x47,0x52,0x68,0x52,0x68,0x52,0x88,
    0x5a,0xca,0x52,0xa9,0x5a,0xa9,0x52,0x68,0x5a,0xa9,0x5a,0xa9,0x5a,0x89,0x5a,0x88,0x5a,0xa9,0x62,0xea,0x5a,0xa9,0x5a,0xc9,
    0x52,0x68,0x52,0x68,0x52,0x68,0x4a,0x47,0x52,0x88,0x52,0x68,0x4a,0x27,0x52,0x68,0x4a,0x48,0x4a,0x48,0x52,0x68,0x52,0x68,
    0x52,0x68,0x52,0x68,0x5a,0xa9,0x4a,0x27,0x4a,0x47,0x52,0x48,0x4a,0x47,0x42,0x07,0x52,0x68,0x52,0x48,0x4a,0x27,0x41,0xe6,
    0x4a,0x48,0x4a,0x47,0x52,0x68,0x42,0x06,0x4a,0x48,0x4a,0x27,0x4a,0x47,0x4a,0x47,0x4a,0x27,0x4a,0x27,0x31,0xa5,0x41,0xe6,
    0x4a,0x27,0x4a,0x27,0x4a,0x27,0x52,0x68,0x4a,0x47,0x52,0x88,0x52,0x48,0x52,0x68,0x4a,0x27,0x52,0x88,0x52,0x88,0x52,0x68,
    0x52,0x48,0x4a,0x27,0x41,0xe6,0x4a,0x48,0x52,0x68,0x42,0x07,0x5a,0xa9,0x5a,0xc9,0x52,0x68,0x52,0x68,0x5a,0x88,0x5a,0xa9,
    0x52,0x48,0x52,0x68,0x52,0x48,0x5a,0xa9,0x4a,0x48,0x5a,0xa9,0x5a,0xa9,0x52,0x68,0x52,0x68,0x4a,0x27,0x42,0x06,0x4a,0x27,
    0x52,0x68,0x52,0x88,0x52,0x68,0x52,0x68,0x52,0x68,0x5a,0xa9,0x52,0x68,0x4a,0x47,0x62,0xea,0x5a,0x89,0x4a,0x27,0x5a,0xca,
    0x52,0x68,0x52,0x88,0x52,0x68,0x62,0xea,0x4a,0x47,0x4a,0x47,0x52,0x48,0x52,0x48,0x52,0x48,0x4a,0x27,0x4a,0x47,0x4a,0x47,
    0x52,0x88,0x52,0x68,0x62,0xea,0x52,0x68,0x4a,0x47,0x62,0xea,0x83,0xee,0x62,0xca,0x52,0x88,0x5a,0xa9,0x6b,0x2b,0x52,0x68,
    0x4a,0x47,0x5a,0xa9,0x52,0x88,0x4a,0x48,0x52,0x88,0x4a,0x27,0x4a,0x48,0x52,0x68,0x52,0x68,0x4a,0x48,0x52,0x68,0x4a,0x27,
    0x42,0x07,0x52,0x48,0x52,0x68,0x4a,0x27,0x4a,0x48,0x52,0x68,0x4a,0x48,0x4a,0x48,0x4a,0x47,0x4a,0x27,0x4a,0x47,0x52,0x88,
    0x4a,0x27,0x4a,0x27,0x4a,0x48,0x5a,0xa9,0x4a,0x47,0x4a,0x48,0x4a,0x27,0x52,0x48,0x4a,0x27,0x4a,0x48,0x4a,0x27,0x4a,0x27,
    0x5a,0xa9,0x52,0x68,0x52,0x68,0x5a,0x89,0x5a,0xa9,0x4a,0x27,0x4a,0x27,0x52,0x89,0x4a,0x48,0x4a,0x27,0x4a,0x27,0x4a,0x27,
    0x4a,0x27,0x4a,0x27,0x52,0x68,0x4a,0x47,0x52,0x68,0x52,0x88,0x52,0x89,0x5a,0xa9,0x52,0x88,0x4a,0x47,0x4a,0x48,0x52,0x88,
    0x4a,0x27,0x52,0x68,0x42,0x07,0x5a,0xa9,0x4a,0x47,0x52,0x68,0x4a,0x47,0x52,0x88,0x52,0x68,0x4a,0x48,0x5a,0xa9,0x4a,0x48,
    0x52,0x68,0x4a,0x27,0x4a,0x48,0x52,0x88,0x62,0xea,0x52,0x68,0x52,0x88,0x4a,0x27,0x73,0x4b,0x5a,0xc9,0x4a,0x48,0x4a,0x27,
    0x52,0x68,0x4a,0x48,0x4a,0x48,0x42,0x07,0x52,0x68,0x4a,0x48,0x42,0x07,0x52,0x68,0x52,0x68,0x52,0x68,0x4a,0x27,0x52,0x68,
    0x52,0x88,0x4a,0x27,0x42,0x07,0x42,0x07,0x4a,0x27,0x42,0x07,0x4a,0x27,0x4a,0x27,0x52,0x68,0x52,0x89,0x4a,0x27,0x42,0x27,
    0x4a,0x48,0x4a,0x47,0x42,0x07,0x4a,0x27,0x42,0x07,0x4a,0x27,0x42,0x07,0x42,0x07,0x52,0x88,0x5a,0xa9,0x52,0x48,0x4a,0x48,
    0x41,0xe6,0x31,0xa5,0x4a,0x27,0x52,0x68,0x41,0xe6,0x4a,0x27,0x52,0x88,0x4a,0x48,0x42,0x07,0x52,0x89,0x5a,0xc9,0x4a,0x48,
    0x52,0x88,0x52,0x68,0x52,0x88,0x5a,0x89,0x4a,0x47,0x52,0x88,0x4a,0x27,0x52,0x68,0x52,0x68,0x52,0x68,0x52,0x68,0x52,0x48,
    0x52,0x88,0x5a,0xa9,0x52,0x88,0x5a,0x89,0x5a,0xa9,0x52,0x68,0x52,0x68,0x4a,0x47,0x5a,0xa9,0x52,0x68,0x52,0x88,0x5a,0xa9,
    0x5a,0x89,0x5a,0xa9,0x52,0x68,0x52,0x68,0x5a,0xa9,0x5a,0xa9,0x52,0x88,0x52,0x88,0x52,0x68,0x52,0x68,0x4a,0x27,0x42,0x07,
    0x5a,0xa9,0x52,0x68,0x39,0xc6,0x42,0x06,0x52,0x68,0x52,0x47,0x4a,0x27,0x62,0xa9,0x52,0x47,0x52,0x47,0x52,0x88,0x5a,0xa9,
    0x4a,0x47,0x52,0x68,0x62,0xea,0x63,0x0a,0x5a,0xa9,0x62,0xe9,0x5a,0xc9,0x5a,0xa9,0x62,0xea,0x5a,0xc9,0x5a,0xa8,0x62,0xc9,
    0x6b,0x2a,0x5a,0xa9,0x62,0xc9,0x5a,0xc9,0x52,0x68,0x42,0x07,0x42,0x07,0x4a,0x27,0x39,0xc6,0x42,0x07,0x42,0x07,0x42,0x07,
    0x52,0x68,0x4a,0x27,0x4a,0x48,0x4a,0x48,0x4a,0x48,0x4a,0x48,0x4a,0x48,0x4a,0x48,0x4a,0x27,0x52,0x68,0x4a,0x48,0x41,0xe6,
    0x42,0x07,0x5a,0x89,0x52,0x89,0x42,0x27,0x4a,0x48,0x52,0x68,0x4a,0x48,0x4a,0x27,0x62,0xea,0x5a,0xc9,0x4a,0x27,0x4a,0x47,
    0x4a,0x27,0x4a,0x27,0x4a,0x47,0x52,0x68,0x42,0x07,0x4a,0x48,0x4a,0x47,0x42,0x07,0x4a,0x48,0x4a,0x27,0x42,0x07,0x39,0xe6,
    0x4a,0x27,0x52,0x68,0x4a,0x47,0x31,0xa5,0x4a,0x27,0x4a,0x27,0x4a,0x27,0x42,0x06,0x42,0x07,0x41,0xe6,0x42,0x07,0x4a,0x27,
    0x39,0xe6,0x39,0xa5,0x41,0xe6,0x42,0x07,0x39,0xc6,0x39,0xc6,0x42,0x07,0x42,0x07,0x4a,0x27,0x5a,0x88,0x4a,0x27,0x42,0x07,
    0x42,0x07,0x41,0xe6,0x4a,0x27,0x42,0x27,0x4a,0x48,0x4a,0x48,0x4a,0x27,0x4a,0x27,0x4a,0x27,0x4a,0x48,0x4a,0x47,0x4a,0x48,
    0x42,0x07,0x5a,0xa9,0x4a,0x48,0x4a,0x27,0x42,0x07,0x4a,0x48,0x52,0x89,0x4a,0x48,0x42,0x07,0x52,0x68,0x52,0x68,0x42,0x07,
    0x4a,0x48,0x42,0x27,0x4a,0x27,0x42,0x07,0x42,0x07,0x39,0xe6,0x4a,0x27,0x4a,0x48,0x4a,0x27,0x4a,0x48,0x4a,0x48,0x42,0x27,
    0x5a,0x89,0x5a,0xa9,0x52,0x68,0x52,0x68,0x4a,0x27,0x52,0x68,0x5a,0xa9,0x52,0x89,0x42,0x07,0x4a,0x48,0x4a,0x27,0x4a,0x27,
    0x42,0x07,0x4a,0x27,0x52,0x68,0x52,0x68,0x4a,0x27,0x42,0x07,0x52,0x68,0x4a,0x48,0x4a,0x27,0x52,0x68,0x52,0x68,0x52,0x68,
    0x4a,0x48,0x4a,0x27,0x4a,0x27,0x52,0x89,0x4a,0x68,0x5a,0xa9,0x52,0x68,0x52,0x89,0x4a,0x47,0x62,0xc9,0x4a,0x48,0x52,0x68,
    0x5a,0xa9,0x62,0xc9,0x4a,0x48,0x52,0x88,0x62,0xc9,0x4a,0x47,0x4a,0x67,0x52,0x68,0x5a,0xa9,0x52,0x88,0x5a,0xa9,0x63,0x0a,
    0x62,0xea,0x5a,0xa9,0x5a,0xa9,0x5a,0xc9,0x5a,0xa9,0x52,0x68,0x5a,0xa9,0x63,0x0a,0x42,0x07,0x4a,0x48,0x4a,0x27,0x4a,0x27,
    0x52,0x88,0x5a,0xc9,0x52,0x89,0x42,0x07,0x6b,0x0a,0x52,0x88,0x52,0x88,0x42,0x07,0x5a,0xa9,0x52,0x68,0x52,0x88,0x42,0x27,
    0x5a,0xc9,0x52,0x68,0x42,0x07,0x42,0x07,0x4a,0x27,0x4a,0x27,0x4a,0x27,0x42,0x07,0x42,0x07,0x4a,0x27,0x4a,0x27,0x42,0x07,
    0x52,0x89,0x5a,0xa9,0x5a,0xa9,0x4a,0x48,0x42,0x07,0x4a,0x27,0x4a,0x27,0x52,0x68,0x41,0xe7,0x42,0x07,0x41,0xe6,0x4a,0x48,
    0x42,0x07,0x39,0xc6,0x42,0x07,0x42,0x07,0x41,0xe6,0x4a,0x27,0x6b,0x0a,0x5a,0xa9,0x4a,0x48,0x4a,0x27,0x4a,0x47,0x52,0x48,
    0x4a,0x48,0x4a,0x27,0x4a,0x48,0x5a,0x89,0x4a,0x48,0x4a,0x48,0x62,0xea,0x63,0x0a,0x4a,0x27,0x52,0x68,0x4a,0x47,0x5a,0x88,
    0x5a,0xa9,0x5a,0x89,0x5a,0xa9,0x5a,0x88,0x62,0xea,0x73,0x6c,0x62,0xc9,0x5a,0x88,0x52,0x88,0x62,0xca,0x52,0x68,0x52,0x68,
    0x52,0x68,0x52,0x68,0x5a,0xa9,0x52,0x68,0x52,0x88,0x5a,0xc9,0x5a,0x89,0x4a,0x48,0x5a,0xa9,0x4a,0x47,0x4a,0x48,0x52,0x68,
    0x52,0x88,0x4a,0x48,0x52,0x89,0x52,0x68,0x52,0x68,0x4a,0x27,0x4a,0x48,0x52,0x68,0x4a,0x68,0x52,0x68,0x52,0x68,0x5a,0xa9,
    0x52,0x68,0x52,0x68,0x52,0x88,0x52,0x68,0x4a,0x48,0x52,0x68,0x5a,0x88,0x5a,0x88,0x4a,0x27,0x52,0x68,0x52,0x88,0x5a,0xa9,
    0x5a,0xc9,0x52,0x88,0x4a,0x48,0x52,0x68,0x52,0x88,0x5a,0xa9,0x5a,0xa9,0x52,0x68,0x52,0x68,0x62,0xea,0x5a,0xa9,0x4a,0x27,
    0x52,0x68,0x52,0x88,0x5a,0x88,0x5a,0x89,0x52,0x68,0x4a,0x27,0x4a,0x48,0x5a,0xca,0x52,0x88,0x4a,0x47,0x4a,0x27,0x4a,0x27,
    0x52,0x88,0x4a,0x48,0x4a,0x48,0x4a,0x27,0x4a,0x47,0x42,0x07,0x4a,0x07,0x4a,0x27,0x52,0x48,0x42,0x07,0x4a,0x27,0x5a,0x88,
    0x4a,0x48,0x4a,0x27,0x52,0x68,0x52,0x48,0x52,0x68,0x5a,0xa9,0x6b,0x0a,0x52,0x48,0x52,0x48,0x5a,0xa9,0x5a,0xa9,0x4a,0x48,
    0x52,0x48,0x41,0xe6,0x52,0x88,0x4a,0x48,0x52,0x68,0x4a,0x27,0x52,0x68,0x52,0x68,0x52,0x48,0x52,0x68,0x52,0x68,0x52,0x88,
    0x52,0x88,0x52,0x88,0x4a,0x47,0x52,0x68,0x4a,0x47,0x52,0x68,0x52,0x88,0x5a,0xa9,0x4a,0x48,0x5a,0xa9,0x52,0x68,0x52,0x68,
    0x4a,0x48,0x52,0x68,0x5a,0x89,0x4a,0x47,0x4a,0x27,0x52,0x68,0x5a,0xa9,0x52,0x68,0x52,0x88,0x5a,0xa9,0x52,0x68,0x52,0x68,
    0x4a,0x27,0x4a,0x48,0x4a,0x47,0x39,0xe6,0x52,0x68,0x41,0xe6,0x4a,0x48,0x4a,0x27,0x4a,0x48,0x4a,0x48,0x4a,0x48,0x4a,0x47,
    0x42,0x07,0x4a,0x47,0x5a,0xa9,0x5a,0xc9,0x4a,0x47,0x41,0xe6,0x4a,0x48,0x62,0xca,0x52,0x89,0x42,0x07,0x42,0x27,0x4a,0x48,
    0x4a,0x48,0x4a,0x48,0x4a,0x27,0x42,0x27,0x5a,0x88,0x62,0xe9,0x5a,0x88,0x62,0xa9,0x62,0xc9,0x62,0xc9,0x62,0xc9,0x52,0x67,
    0x4a,0x48,0x62,0xea,0x6b,0x0a,0x5a,0xa9,0x4a,0x48,0x4a,0x48,0x5a,0x89,0x5a,0xa9,0x52,0x68,0x52,0x89,0x4a,0x48,0x4a,0x27,
    0x52,0x88,0x52,0x88,0x4a,0x27,0x4a,0x27,0x62,0xea,0x52,0x88,0x4a,0x48,0x52,0x68,0x5a,0xa9,0x5a,0xa9,0x52,0x89,0x52,0x88,
    0x4a,0x27,0x42,0x07,0x4a,0x47,0x4a,0x47,0x52,0x47,0x52,0x68,0x42,0x07,0x4a,0x07,0x52,0x68,0x52,0x47,0x4a,0x27,0x4a,0x27,
    0x52,0x68,0x52,0x47,0x52,0x47,0x52,0x47,0x52,0x68,0x4a,0x48,0x4a,0x27,0x4a,0x47,0x4a,0x47,0x4a,0x47,0x52,0x68,0x4a,0x27,
    0x42,0x07,0x42,0x07,0x5a,0xa9,0x52,0x89,0x52,0x68,0x52,0x88,0x52,0x89,0x4a,0x48,0x8c,0x2f,0x5a,0xa9,0x5a,0xa9,0x73,0x4b,
    0x4a,0x27,0x73,0x4a,0x83,0xee,0x52,0x88,0x4a,0x47,0x5a,0xa9,0x62,0xea,0x62,0xea,0x4a,0x47,0x4a,0x27,0x52,0x47,0x5a,0x88,
    0x62,0xea,0x52,0x68,0x41,0xe6,0x4a,0x48,0x4a,0x27,0x4a,0x27,0x4a,0x28,0x42,0x07,0x52,0x88,0x4a,0x27,0x4a,0x27,0x4a,0x48,
    0x52,0x68,0x52,0x89,0x5a,0xa9,0x4a,0x27,0x4a,0x47,0x4a,0x27,0x4a,0x27,0x52,0x68,0x42,0x07,0x42,0x07,0x42,0x27,0x42,0x07,
    0x52,0x48,0x42,0x07,0x4a,0x27,0x4a,0x48,0x42,0x07,0x4a,0x48,0x42,0x27,0x4a,0x48,0x41,0xe6,0x42,0x07,0x42,0x07,0x4a,0x48,
    0x42,0x07,0x4a,0x27,0x42,0x07,0x42,0x07,0x4a,0x27,0x4a,0x27,0x52,0x68,0x4a,0x48,0x42,0x07,0x42,0x27,0x52,0x68,0x4a,0x27,
    0x42,0x27,0x52,0x68,0x52,0x68,0x52,0x89,0x52,0x68,0x4a,0x27,0x4a,0x27,0x4a,0x48,0x52,0x68,0x42,0x07,0x41,0xe6,0x42,0x07,
    0x52,0x68,0x52,0x68,0x4a,0x47,0x4a,0x48,0x4a,0x27,0x41,0xe6,0x42,0x07,0x42,0x07,0x4a,0x27,0x42,0x07,0x52,0x88,0x42,0x07,
    0x4a,0x47,0x41,0xe6,0x4a,0x27,0x52,0x88,0x4a,0x27,0x42,0x07,0x52,0x48,0x52,0x68,0x4a,0x48,0x52,0x88,0x4a,0x48,0x4a,0x27,
    0x52,0x68,0x52,0x68,0x4a,0x27,0x52,0x68,0x4a,0x27,0x52,0x68,0x4a,0x48,0x52,0x68,0x4a,0x27,0x4a,0x27,0x4a,0x48,0x52,0x68,
    0x4a,0x48,0x52,0x68,0x4a,0x27,0x4a,0x27,0x5a,0xa9,0x52,0x68,0x52,0x68,0x5a,0x89,0x5a,0x89,0x52,0x48,0x4a,0x47,0x52,0x68,
    0x52,0x89,0x4a,0x27,0x52,0x88,0x5a,0x89,0x4a,0x27,0x42,0x07,0x52,0x68,0x4a,0x27,0x4a,0x27,0x42,0x07,0x52,0x68,0x42,0x07,
    0x4a,0x27,0x42,0x07,0x4a,0x27,0x4a,0x48,0x4a,0x27,0x42,0x07,0x4a,0x48,0x52,0x48,0x52,0x68,0x4a,0x68,0x4a,0x27,0x4a,0x27,
    0x42,0x07,0x52,0x68,0x4a,0x27,0x42,0x06,0x42,0x07,0x4a,0x27,0x4a,0x27,0x42,0x07,0x4a,0x27,0x4a,0x27,0x42,0x07,0x52,0x48,
    0x4a,0x27,0x42,0x27,0x4a,0x47,0x4a,0x27,0x41,0xe6,0x42,0x07,0x4a,0x47,0x42,0x07,0x4a,0x27,0x42,0x07,0x4a,0x27,0x4a,0x47,
    0x4a,0x27,0x4a,0x27,0x4a,0x47,0x52,0x68,0x42,0x07,0x4a,0x47,0x5a,0xa9,0x42,0x06,0x4a,0x47,0x4a,0x27,0x4a,0x47,0x52,0x68,
    0x4a,0x27,0x4a,0x27,0x52,0x68,0x52,0x68,0x42,0x07,0x42,0x07,0x42,0x07,0x4a,0x27,0x5a,0xa9,0x62,0xea,0x52,0x88,0x52,0x68,
    0x52,0x88,0x5a,0xa9,0x4a,0x48,0x52,0x68,0x5a,0xa9,0x52,0x48,0x4a,0x48,0x4a,0x27,0x4a,0x48,0x52,0x88,0x4a,0x48,0x42,0x07,
    0x52,0x88,0x4a,0x27,0x52,0x48,0x4a,0x27,0x52,0x68,0x42,0x07,0x42,0x07,0x42,0x07,0x4a,0x27,0x4a,0x27,0x42,0x07,0x4a,0x27,
    0x52,0x68,0x4a,0x27,0x42,0x07,0x52,0x68,0x52,0x68,0x5a,0xc9,0x4a,0x68,0x4a,0x48,0x42,0x07,0x62,0xea,0x4a,0x27,0x4a,0x48,
    0x5a,0x88,0x62,0xc9,0x5a,0xa9,0x39,0xc6,0x5a,0x89,0x4a,0x48,0x4a,0x27,0x4a,0x27,0x4a,0x27,0x4a,0x48,0x4a,0x27,0x52,0x68,
    0x52,0x68,0x42,0x07,0x4a,0x27,0x52,0x88,0x52,0x68,0x41,0xe6,0x52,0x88,0x52,0x88,0x52,0x68,0x4a,0x48,0x42,0x07,0x4a,0x47,
    0x5a,0xa9,0x62,0xea,0x5a,0x89,0x5a,0xa9,0x4a,0x48,0x5a,0xa9,0x5a,0xa9,0x52,0x68,0x52,0x88,0x4a,0x48,0x4a,0x48,0x5a,0xa9,
    0x5a,0x89,0x4a,0x27,0x5a,0xa9,0x5a,0x89,0x52,0x68,0x4a,0x27,0x4a,0x47,0x4a,0x48,0x52,0x68,0x4a,0x47,0x4a,0x47,0x52,0x68,
    0x52,0x48,0x5a,0x88,0x52,0x68,0x52,0x68,0x62,0xc9,0x5a,0xa9,0x5a,0xa9,0x52,0x68,0x5a,0x88,0x52,0x88,0x52,0x68,0x52,0x68,
    0x5a,0x88,0x52,0x88,0x5a,0xa9,0x52,0x68,0x52,0x68,0x52,0x68,0x52,0x68,0x5a,0xc9,0x52,0x89,0x4a,0x47,0x42,0x07,0x52,0x68,
    0x5a,0xa9,0x5a,0xa9,0x52,0x68,0x4a,0x07,0x5a,0xa9,0x7b,0x8c,0x5a,0xa9,0x42,0x07,0x52,0x89,0x63,0x0a,0x6b,0x0a,0x41,0xe6,
    0x62,0xea,0x6b,0x2b,0x52,0x88,0x42,0x06,0x4a,0x27,0x52,0x68,0x52,0x88,0x4a,0x48,0x4a,0x27,0x5a,0xa9,0x52,0x68,0x4a,0x27,
    0x52,0x88,0x52,0x88,0x52,0x68,0x4a,0x47,0x52,0x48,0x52,0x68,0x52,0x68,0x52,0x88,0x5a,0x89,0x5a,0xa9,0x4a,0x47,0x52,0x68,
    0x4a,0x27,0x4a,0x27,0x52,0x88,0x52,0x68,0x4a,0x47,0x4a,0x47,0x52,0x88,0x4a,0x27,0x4a,0x27,0x4a,0x27,0x4a,0x27,0x4a,0x27,
    0x52,0x48,0x4a,0x48,0x42,0x27,0x4a,0x27,0x4a,0x47,0x52,0x48,0x4a,0x47,0x4a,0x47,0x4a,0x27,0x52,0x68,0x52,0x68,0x4a,0x47,
    0x4a,0x27,0x4a,0x48,0x52,0x68,0x52,0x68,0x4a,0x47,0x52,0x68,0x52,0x68,0x4a,0x27,0x4a,0x48,0x5a,0xa9,0x52,0x68,0x4a,0x27,
    0x4a,0x48,0x5a,0xa9,0x5a,0xc9,0x5a,0xa9,0x52,0x68,0x5a,0xa9,0x5a,0xa9,0x4a,0x48,0x52,0x68,0x52,0x68,0x4a,0x27,0x4a,0x48,
    0x52,0x68,0x52,0x88,0x4a,0x48,0x52,0x68,0x52,0x68,0x4a,0x47,0x4a,0x48,0x52,0x68,0x4a,0x48,0x4a,0x47,0x4a,0x47,0x4a,0x48,
    0x4a,0x47,0x4a,0x27,0x4a,0x48,0x52,0x68,0x52,0x68,0x4a,0x48,0x4a,0x48,0x4a,0x48,0x4a,0x27,0x4a,0x27,0x4a,0x48,0x4a,0x48,
    0x4a,0x48,0x4a,0x48,0x4a,0x48,0x52,0x68,0x52,0x68,0x4a,0x27,0x4a,0x47,0x4a,0x27,0x52,0x68,0x52,0x68,0x42,0x27,0x4a,0x48,
    0x4a,0x27,0x5a,0x89,0x5a,0xa9,0x4a,0x27,0x4a,0x27,0x4a,0x27,0x52,0x68,0x52,0x68,0x4a,0x27,0x4a,0x47,0x4a,0x27,0x5a,0x89,
    0x5a,0xa9,0x52,0x68,0x52,0x68,0x4a,0x48,0x52,0x88,0x5a,0xc9,0x5a,0xc9,0x4a,0x48,0x4a,0x47,0x52,0x88,0x4a,0x47,0x39,0xa6,
    0x7b,0xad,0x4a,0x48,0x52,0x68,0x5a,0xc9,0x6b,0x2b,0x42,0x27,0x39,0xc6,0x4a,0x47,0x42,0x07,0x39,0xe6,0x41,0xe6,0x4a,0x27,
    0x39,0xa6,0x41,0xe7,0x42,0x07,0x42,0x07,0x62,0xca,0x42,0x07,0x41,0xe7,0x41,0xe6,0x52,0x68,0x4a,0x48,0x42,0x27,0x42,0x27,
    0x52,0x68,0x4a,0x48,0x4a,0x27,0x4a,0x27,0x4a,0x48,0x52,0x68,0x4a,0x27,0x42,0x07,0x41,0xe6,0x4a,0x27,0x4a,0x27,0x4a,0x27,
    0x4a,0x48,0x4a,0x48,0x4a,0x47,0x5a,0x89,0x42,0x06,0x4a,0x27,0x4a,0x47,0x52,0x68,0x41,0xe6,0x4a,0x27,0x52,0x48,0x4a,0x27,
    0x4a,0x47,0x4a,0x48,0x5a,0xa9,0x52,0x68,0x4a,0x47,0x4a,0x47,0x4a,0x47,0x52,0x68,0x52,0x68,0x4a,0x27,0x4a,0x47,0x52,0x68,
    0x4a,0x47,0x4a,0x48,0x52,0x68,0x52,0x68,0x52,0x68,0x5a,0xc9,0x52,0x88,0x5a,0xa9,0x52,0x68,0x52,0x88,0x52,0x68,0x5a,0xa9,
    0x5a,0xa9,0x52,0x88,0x62,0xc9,0x52,0x68,0x52,0x68,0x52,0x88,0x6b,0x2b,0x62,0xea,0x52,0x88,0x52,0x48,0x52,0x68,0x52,0x88,
    0x52,0x88,0x52,0x88,0x5a,0xa9,0x5a,0xa9,0x5a,0xa9,0x5a,0xa9,0x6b,0x0a,0x52,0x68,0x52,0x68,0x52,0x88,0x52,0x89,0x62,0xea,
    0x52,0x48,0x52,0x88,0x5a,0x88,0x52,0x88,0x42,0x07,0x39,0xc6,0x5a,0xa9,0x62,0xea,0x5a,0xc9,0x42,0x27,0x5a,0x89,0x5a,0xc9,
    0x62,0xea,0x42,0x07,0x4a,0x48,0x52,0x88,0x62,0xc9,0x5a,0x88,0x62,0xe9,0x62,0xea,0x6b,0x0a,0x62,0xc9,0x5a,0xa9,0x5a,0x89,
    0x5a,0xa9,0x5a,0xa9,0x62,0xea,0x62,0xc9,0x5a,0xa9,0x62,0xea,0x6b,0x0a,0x62,0xe9,0x4a,0x48,0x52,0x68,0x52,0x88,0x5a,0xa9,
    0x52,0x68,0x5a,0xca,0x52,0x89,0x52,0x68,0x52,0x68,0x52,0x88,0x52,0x88,0x52,0x68,0x62,0xea,0x4a,0x48,0x52,0x68,0x52,0x68,
    0x5a,0xa9,0x5a,0xc9,0x4a,0x27,0x52,0x68,0x4a,0x27,0x52,0x68,0x52,0x68,0x52,0x48,0x52,0x68,0x52,0x88,0x52,0x68,0x4a,0x47,
    0x4a,0x27,0x4a,0x48,0x4a,0x48,0x4a,0x27,0x52,0x89,0x52,0x68,0x41,0xe7,0x39,0xe6,0x52,0x48,0x39,0xc6,0x41,0xe6,0x41,0xe6,
    0x42,0x06,0x41,0xe6,0x39,0xc6,0x42,0x07,0x52,0x68,0x42,0x07,0x41,0xe7,0x4a,0x48,0x31,0xa5,0x52,0x88,0x42,0x07,0x39,0xc6,
    0x42,0x07,0x4a,0x48,0x41,0xe6,0x31,0xa5,0x52,0x88,0x42,0x07,0x42,0x07,0x39,0xc6,0x52,0x68,0x42,0x07,0x42,0x07,0x4a,0x27,
    0x42,0x07,0x4a,0x47,0x4a,0x47,0x4a,0x27,0x42,0x07,0x4a,0x27,0x52,0x68,0x52,0x68,0x52,0x89,0x52,0x68,0x42,0x07,0x42,0x07,
    0x4a,0x27,0x42,0x07,0x4a,0x27,0x42,0x07,0x52,0x68,0x42,0x07,0x4a,0x27,0x42,0x07,0x52,0x68,0x4a,0x27,0x42,0x07,0x42,0x07,
    0x4a,0x27,0x52,0x68,0x4a,0x27,0x4a,0x48,0x42,0x07,0x41,0xe6,0x4a,0x47,0x4a,0x48,0x4a,0x27,0x4a,0x48,0x52,0x68,0x4a,0x27,
    0x41,0xe6,0x42,0x07,0x4a,0x47,0x52,0x88,0x4a,0x47,0x4a,0x28,0x52,0x68,0x52,0x68,0x42,0x07,0x42,0x07,0x4a,0x27,0x42,0x07,
    0x4a,0x48,0x52,0x68,0x52,0x68,0x62,0xca,0x52,0x48,0x52,0x88,0x5a,0xa9,0x62,0xea,0x42,0x07,0x4a,0x47,0x5a,0x88,0x5a,0xa8,
    0x39,0xe6,0x42,0x07,0x52,0x47,0x52,0x47,0x62,0xea,0x52,0x68,0x5a,0xa9,0x52,0x68,0x63,0x0a,0x5a,0xc9,0x52,0x88,0x52,0x68,
    0x52,0x88,0x5a,0xa9,0x52,0x89,0x5a,0x89,0x42,0x06,0x5a,0xa9,0x5a,0xa9,0x5a,0xa9,0x5a,0xa9,0x52,0x88,0x4a,0x27,0x6b,0x0a,
    0x5a,0xa9,0x52,0x68,0x4a,0x27,0x5a,0xa9,0x62,0xc9,0x5a,0x89,0x5a,0xa9,0x4a,0x27,0x62,0xea,0x52,0x88,0x5a,0xa9,0x5a,0x88,
    0x5a,0xa9,0x52,0x89,0x4a,0x27,0x52,0x88,0x62,0xc9,0x52,0x88,0x52,0x88,0x52,0x88,0x52,0x88,0x62,0xc9,0x62,0xea,0x5a,0xc9,
    0x62,0xc9,0x62,0xca,0x62,0xea,0x5a,0xa9,0x62,0xc9,0x5a,0xa9,0x5a,0xa9,0x4a,0x48,0x5a,0xc9,0x6b,0x0a,0x5a,0xa9,0x52,0x48,
    0x5a,0xa9,0x52,0x88,0x4a,0x27,0x5a,0xa9,0x5a,0x88,0x52,0x88,0x4a,0x47,0x5a,0xa9,0x42,0x07,0x52,0x68,0x7b,0x8c,0x73,0x4b,
    0x52,0x68,0x73,0x4b,0x6b,0x0a,0x6b,0x2b,0x62,0xc9,0x5a,0xa9,0x5a,0xa9,0x62,0xc9,0x52,0x88,0x4a,0x27,0x52,0x68,0x4a,0x27,
    0x4a,0x47,0x4a,0x27,0x4a,0x27,0x52,0x88,0x5a,0x89,0x5a,0xa9,0x62,0xc9,0x6a,0xe9,0x5a,0x89,0x62,0xc9,0x62,0xc8,0x5a,0xa8,
    0x4a,0x47,0x62,0xc9,0x5a,0x88,0x5a,0x88,0x4a,0x47,0x4a,0x68,0x4a,0x07,0x52,0x88,0x62,0xe9,0x5a,0xa8,0x4a,0x48,0x5a,0x89,
    0x5a,0x88,0x62,0xea,0x5a,0xc9,0x42,0x07,0x6b,0x4b,0x6b,0x2b,0x5a,0xc9,0x39,0xc6,0x5a,0xa9,0x41,0xe6,0x41,0xe7,0x52,0x48,
    0x52,0x68,0x4a,0x27,0x4a,0x27,0x5a,0xa9,0x5a,0xca,0x52,0x89,0x5a,0xa9,0x62,0xea,0x42,0x07,0x6b,0x4b,0x5a,0xa9,0x42,0x07,
    0x4a,0x27,0x5a,0x88,0x5a,0xc9,0x5a,0xa9,0x5a,0xc9,0x5a,0x88,0x5a,0x88,0x4a,0x47,0x5a,0x89,0x52,0x88,0x52,0x68,0x52,0x89,
    0x4a,0x27,0x52,0x88,0x52,0x68,0x4a,0x27,0x5a,0x89,0x52,0x68,0x5a,0x89,0x4a,0x48,0x62,0xc9,0x5a,0xa9,0x4a,0x47,0x42,0x07,
    0x5a,0xa9,0x62,0xea,0x52,0x68,0x4a,0x27,0x4a,0x47,0x4a,0x48,0x52,0x47,0x52,0x88,0x52,0x88,0x42,0x07,0x4a,0x47,0x52,0x48,
    0x4a,0x47,0x4a,0x48,0x52,0x68,0x52,0x68,0x52,0x68,0x52,0x88,0x52,0x68,0x52,0x68,0x5a,0x88,0x52,0x68,0x52,0x88,0x4a,0x47,
    0x4a,0x47,0x5a,0xa9,0x4a,0x47,0x52,0x68,0x4a,0x27,0x52,0x68,0x4a,0x27,0x4a,0x27,0x52,0x48,0x4a,0x27,0x52,0x48,0x52,0x68,
    0x52,0x88,0x4a,0x48,0x52,0x88,0x52,0x68,0x52,0x88,0x4a,0x27,0x52,0x88,0x4a,0x47,0x52,0x68,0x4a,0x27,0x4a,0x27,0x52,0x68,
    0x52,0x68,0x52,0x68,0x52,0x68,0x4a,0x48,0x52,0x88,0x52,0x68,0x5a,0xa9,0x4a,0x27,0x4a,0x27,0x52,0x68,0x5a,0xa9,0x52,0x68,
    0x52,0x88,0x52,0x68,0x5a,0x88,0x52,0x68,0x4a,0x48,0x5a,0x88,0x52,0x88,0x52,0x48,0x52,0x68,0x52,0x48,0x42,0x07,0x4a,0x27,
    0x52,0x89,0x5a,0x89,0x4a,0x28,0x52,0x48,0x52,0x68,0x52,0x68,0x42,0x27,0x4a,0x48,0x4a,0x27,0x4a,0x48,0x52,0x48,0x4a,0x48,
    0x52,0x68,0x5a,0x89,0x42,0x07,0x4a,0x47,0x4a,0x48,0x4a,0x27,0x52,0x68,0x4a,0x48,0x52,0x88,0x4a,0x27,0x4a,0x27,0x4a,0x48,
    0x4a,0x48,0x4a,0x48,0x4a,0x47,0x4a,0x48,0x52,0x68,0x52,0x68,0x4a,0x27,0x4a,0x48,0x42,0x07,0x4a,0x27,0x4a,0x47,0x4a,0x27,
    0x4a,0x48,0x52,0x48,0x52,0x68,0x52,0x68,0x4a,0x27,0x4a,0x48,0x42,0x07,0x42,0x07,0x4a,0x48,0x52,0x88,0x5a,0xc9,0x4a,0x48,
    0x52,0x68,0x62,0xc9,0x52,0x68,0x52,0x47,0x6b,0x2b,0x5a,0xa9,0x52,0x68,0x52,0x68,0x62,0xea,0x5a,0x88,0x52,0x68,0x52,0x68,
    0x4a,0x07,0x42,0x06,0x42,0x27,0x52,0x68,0x52,0x68,0x5a,0x88,0x4a,0x07,0x5a,0x88,0x52,0x47,0x52,0x68,0x4a,0x48,0x4a,0x47,
    0x52,0x47,0x4a,0x47,0x4a,0x47,0x52,0x48,0x52,0x68,0x5a,0x88,0x5a,0x88,0x5a,0x88,0x5a,0xa9,0x4a,0x47,0x4a,0x48,0x4a,0x27,
    0x52,0x47,0x52,0x47,0x42,0x06,0x4a,0x27,0x5a,0x88,0x52,0x68,0x4a,0x47,0x4a,0x27,0x4a,0x47,0x52,0x68,0x52,0x88,0x52,0x88,
    0x4a,0x47,0x4a,0x47,0x52,0x88,0x4a,0x27,0x42,0x07,0x5a,0xa9,0x73,0x4b,0x4a,0x27,0x5a,0xa9,0x5a,0xa8,0x5a,0x88,0x5a,0x88,
    0x52,0x88,0x52,0x88,0x62,0xc9,0x62,0xe9,0x52,0x88,0x4a,0x27,0x52,0x89,0x4a,0x48,0x4a,0x47,0x4a,0x48,0x4a,0x47,0x4a,0x48,
    0x52,0x47,0x5a,0xa9,0x52,0x88,0x4a,0x47,0x62,0xea,0x4a,0x48,0x52,0x88,0x62,0xea,0x41,0xe7,0x4a,0x48,0x42,0x07,0x42,0x07,
    0x62,0xea,0x52,0x68,0x4a,0x48,0x5a,0x89,0x6b,0x2b,0x73,0x4b,0x4a,0x47,0x4a,0x47,0x52,0x89,0x52,0x68,0x5a,0x89,0x4a,0x27,
    0x42,0x07,0x4a,0x27,0x52,0x68,0x52,0x48,0x4a,0x47,0x4a,0x27,0x4a,0x27,0x52,0x88,0x42,0x07,0x4a,0x27,0x4a,0x48,0x4a,0x47,
    0x4a,0x47,0x5a,0xa9,0x52,0x68,0x42,0x27,0x5a,0xa9,0x52,0x48,0x4a,0x48,0x52,0x88,0x5a,0x89,0x52,0x68,0x4a,0x47,0x52,0x68,
    0x42,0x07,0x4a,0x48,0x52,0x68,0x52,0x88,0x42,0x27,0x52,0x68,0x5a,0x89,0x4a,0x48,0x4a,0x27,0x4a,0x48,0x4a,0x27,0x4a,0x27,
    0x4a,0x48,0x4a,0x47,0x4a,0x48,0x4a,0x48,0x5a,0xa9,0x4a,0x48,0x52,0x68,0x4a,0x27,0x52,0x68,0x4a,0x48,0x52,0x68,0x4a,0x48,
    0x4a,0x48,0x4a,0x27,0x4a,0x48,0x4a,0x48,0x4a,0x27,0x4a,0x27,0x4a,0x27,0x42,0x27,0x52,0x68,0x42,0x07,0x42,0x07,0x4a,0x48,
    0x4a,0x48,0x42,0x07,0x52,0x88,0x42,0x07,0x52,0x68,0x4a,0x27,0x52,0x48,0x52,0x68,0x52,0x68,0x4a,0x27,0x4a,0x48,0x4a,0x48,
    0x52,0x68,0x52,0x68,0x4a,0x28,0x41,0xe7,0x42,0x07,0x4a,0x27,0x42,0x07,0x41,0xe7,0x4a,0x27,0x4a,0x27,0x4a,0x27,0x4a,0x48,
    0x52,0x47,0x4a,0x27,0x4a,0x27,0x52,0x68,0x5a,0xa9,0x52,0x68,0x4a,0x27,0x4a,0x27,0x4a,0x48,0x52,0x68,0x42,0x07,0x4a,0x68,
    0x4a,0x27,0x52,0x68,0x4a,0x27,0x4a,0x47,0x42,0x27,0x4a,0x27,0x4a,0x27,0x4a,0x48,0x4a,0x48,0x4a,0x48,0x42,0x27,0x4a,0x27,
    0x4a,0x27,0x4a,0x27,0x4a,0x27,0x42,0x07,0x42,0x07,0x41,0xe6,0x41,0xe6,0x4a,0x27,0x39,0xe6,0x39,0xc6,0x4a,0x27,0x5a,0xa9,
    0x52,0x48,0x4a,0x27,0x52,0x68,0x5a,0xa9,0x4a,0x27,0x41,0xe6,0x4a,0x27,0x4a,0x27,0x4a,0x27,0x41,0xe6,0x42,0x27,0x52,0x48,
    0x52,0x68,0x4a,0x27,0x52,0x48,0x4a,0x47,0x63,0x0a,0x5a,0x89,0x4a,0x68,0x52,0x48,0x42,0x07,0x4a,0x48,0x52,0x68,0x52,0x88,
    0x52,0x88,0x4a,0x47,0x42,0x07,0x42,0x27,0x5a,0x88,0x52,0x68,0x4a,0x48,0x52,0x68,0x52,0x89,0x4a,0x68,0x52,0x89,0x52,0x68,
    0x52,0x88,0x4a,0x27,0x52,0x68,0x52,0x68,0x52,0x89,0x5a,0x89,0x42,0x07,0x52,0x88,0x52,0x89,0x5a,0xc9,0x52,0x68,0x52,0x68,
    0x4a,0x27,0x52,0x68,0x4a,0x48,0x5a,0xa9,0x42,0x07,0x4a,0x27,0x52,0x68,0x5a,0xc9,0x62,0xea,0x52,0x68,0x4a,0x27,0x52,0x88,
    0x52,0x68,0x4a,0x48,0x52,0x88,0x62,0xea,0x4a,0x48,0x4a,0x27,0x52,0x68,0x5a,0xa9,0x52,0x48,0x42,0x07,0x52,0x68,0x62,0xea,
    0x4a,0x48,0x4a,0x27,0x52,0x68,0x4a,0x48,0x5a,0xa9,0x62,0xea,0x73,0x4b,0x52,0x68,0x5a,0x89,0x52,0x68,0x5a,0x88,0x5a,0xa9,
    0x4a,0x47,0x41,0xe6,0x4a,0x27,0x52,0x48,0x42,0x07,0x4a,0x27,0x52,0x88,0x63,0x0a,0x42,0x27,0x52,0x48,0x4a,0x27,0x5a,0x88,
    0x4a,0x27,0x5a,0x89,0x4a,0x47,0x52,0x68,0x52,0x89,0x5a,0x89,0x4a,0x48,0x52,0x68,0x5a,0xa9,0x52,0x68,0x4a,0x27,0x52,0x88,
    0x4a,0x48,0x52,0x88,0x52,0x88,0x52,0x48,0x52,0x68,0x4a,0x48,0x4a,0x47,0x52,0x68,0x4a,0x47,0x4a,0x27,0x4a,0x47,0x4a,0x27,
    0x52,0x68,0x52,0x68,0x52,0x68,0x52,0x88,0x52,0x47,0x4a,0x27,0x4a,0x27,0x52,0x88,0x4a,0x47,0x4a,0x27,0x39,0xc5,0x42,0x06,
    0x62,0xe9,0x52,0x68,0x4a,0x07,0x42,0x06,0x5a,0x88,0x52,0x88,0x4a,0x47,0x42,0x06,0x5a,0xa9,0x52,0x68,0x62,0xc9,0x5a,0x88,
    0x39,0xc6,0x52,0x68,0x52,0x88,0x52,0x68,0x41,0xe6,0x4a,0x27,0x4a,0x47,0x5a,0xc9,0x4a,0x27,0x42,0x06,0x4a,0x47,0x52,0x89,
    0x42,0x06,0x52,0x47,0x4a,0x27,0x4a,0x48,0x6b,0x0a,0x73,0x6b,0x62,0xea,0x4a,0x47,0x5a,0xa9,0x6b,0x0a,0x73,0x4b,0x42,0x06,
    0x52,0x68,0x4a,0x27,0x4a,0x27,0x52,0x48,0x4a,0x48,0x41,0xe6,0x42,0x07,0x4a,0x27,0x4a,0x27,0x39,0xe6,0x52,0x68,0x5a,0xa9,
    0x42,0x06,0x31,0xa5,0x4a,0x47,0x52,0x68,0x4a,0x27,0x4a,0x48,0x52,0x68,0x52,0x68,0x42,0x06,0x4a,0x27,0x5a,0x89,0x52,0x68,
    0x52,0x68,0x5a,0xa9,0x63,0x0b,0x52,0x68,0x4a,0x48,0x62,0xea,0x73,0x6c,0x5a,0x88,0x5a,0xc9,0x52,0x48,0x4a,0x48,0x4a,0x47,
    0x52,0x68,0x52,0x68,0x5a,0xa9,0x5a,0xa9,0x52,0x68,0x4a,0x48,0x52,0x89,0x4a,0x47,0x52,0x68,0x4a,0x27,0x52,0x68,0x4a,0x48,
    0x4a,0x27,0x4a,0x48,0x52,0x68,0x4a,0x48,0x4a,0x27,0x42,0x27,0x5a,0xa9,0x52,0x68,0x4a,0x47,0x4a,0x27,0x4a,0x47,0x4a,0x48,
    0x63,0x0a,0x52,0x68,0x42,0x06,0x42,0x07,0x4a,0x48,0x52,0x68,0x4a,0x48,0x4a,0x27,0x4a,0x48,0x42,0x07,0x42,0x07,0x52,0x48,
    0x4a,0x47,0x5a,0x88,0x5a,0xa9,0x52,0x68,0x4a,0x27,0x5a,0xa9,0x5a,0xa9,0x5a,0x89,0x42,0x07,0x52,0x68,0x5a,0x89,0x5a,0x88,
    0x42,0x07,0x52,0x68,0x62,0xc9,0x62,0xc9,0x4a,0x07,0x52,0x48,0x62,0xca,0x62,0xca,0x4a,0x27,0x4a,0x27,0x5a,0xa9,0x4a,0x47,
    0x52,0x68,0x52,0x68,0x31,0xa5,0x39,0xc6,0x5a,0xa9,0x41,0xe7,0x39,0xe6,0x41,0xe7,0x6b,0x2b,0x4a,0x27,0x41,0xe6,0x42,0x07,
    0x41,0xe6,0x39,0xc6,0x42,0x07,0x4a,0x27,0x42,0x07,0x42,0x07,0x42,0x07,0x42,0x07,0x4a,0x27,0x4a,0x48,0x4a,0x27,0x4a,0x48,
    0x4a,0x27,0x52,0x68,0x4a,0x48,0x4a,0x48,0x4a,0x27,0x52,0x68,0x39,0xe6,0x42,0x07,0x5a,0xa9,0x4a,0x48,0x42,0x07,0x42,0x06,
    0x52,0x89,0x4a,0x48,0x42,0x07,0x41,0xe6,0x41,0xe6,0x52,0x68,0x4a,0x47,0x42,0x07,0x52,0x68,0x52,0x68,0x4a,0x48,0x4a,0x48,
    0x4a,0x47,0x52,0x68,0x4a,0x47,0x4a,0x47,0x4a,0x47,0x4a,0x48,0x4a,0x27,0x4a,0x27,0x42,0x07,0x39,0xc6,0x4a,0x27,0x52,0x47,
    0x52,0x88,0x4a,0x47,0x41,0xe6,0x4a,0x27,0x52,0x68,0x4a,0x48,0x52,0x48,0x52,0x88,0x4a,0x47,0x52,0x68,0x52,0x88,0x52,0x88,
    0x52,0x88,0x52,0x89,0x5a,0xa9,0x5a,0xa9,0x52,0x68,0x52,0x88,0x52,0x68,0x52,0x68,0x52,0x68,0x52,0x68,0x5a,0xa9,0x52,0x88,
    0x52,0x88,0x52,0x48,0x5a,0x88,0x52,0x88,0x41,0xe6,0x41,0xe6,0x4a,0x27,0x41,0xe6,0x52,0x48,0x52,0x68,0x5a,0xa9,0x5a,0xa9,
    0x52,0x68,0x62,0xea,0x73,0x4b,0x6b,0x2a,0x52,0x68,0x62,0xe9,0x6b,0x2a,0x62,0xe9,0x62,0xe9,0x73,0x4b,0x6b,0x2a,0x5a,0xc9,
    0x73,0x4b,0x62,0xe9,0x62,0xc9,0x5a,0xa9,0x42,0x07,0x4a,0x27,0x52,0x68,0x4a,0x48,0x52,0x68,0x62,0xc9,0x62,0xc9,0x62,0xc9,
    0x62,0xc9,0x5a,0xa9,0x5a,0x88,0x52,0x88,0x5a,0xa9,0x62,0xc9,0x5a,0xa9,0x52,0x68,0x5a,0xc9,0x52,0x88,0x52,0x68,0x5a,0xa9,
    0x5a,0xa9,0x4a,0x47,0x62,0xea,0x52,0x68,0x5a,0xa9,0x52,0x88,0x5a,0x88,0x62,0xc9,0x52,0x88,0x5a,0xa9,0x52,0x88,0x5a,0x88,
    0x5a,0xc9,0x4a,0x48,0x5a,0xa9,0x5a,0xa9,0x62,0xea,0x4a,0x68,0x52,0x89,0x63,0x0b,0x63,0x0a,0x4a,0x27,0x42,0x07,0x52,0x89,
    0x5a,0xa8,0x62,0xc9,0x52,0x68,0x52,0x88,0x4a,0x48,0x4a,0x27,0x4a,0x27,0x41,0xe6,0x52,0x68,0x4a,0x27,0x4a,0x48,0x4a,0x27,
    0x52,0x89,0x41,0xe7,0x41,0xe6,0x42,0x07,0x5a,0x88,0x5a,0xc9,0x52,0x68,0x52,0x68,0x4a,0x47,0x4a,0x48,0x52,0x68,0x41,0xe6,
    0x4a,0x48,0x4a,0x48,0x52,0x89,0x4a,0x48,0x42,0x07,0x4a,0x27,0x42,0x07,0x42,0x27,0x52,0x68,0x52,0x68,0x39,0xe6,0x4a,0x47,
    0x4a,0x27,0x41,0xe7,0x4a,0x27,0x41,0xe7,0x4a,0x27,0x42,0x07,0x4a,0x27,0x42,0x07,0x42,0x07,0x4a,0x27,0x39,0xc6,0x41,0xe6,
    0x4a,0x27,0x4a,0x27,0x42,0x06,0x41,0xe6,0x4a,0x27,0x41,0xe6,0x42,0x07,0x4a,0x27,0x4a,0x48,0x4a,0x48,0x39,0xe6,0x42,0x07,
    0x4a,0x27,0x4a,0x27,0x42,0x07,0x4a,0x27,0x4a,0x27,0x42,0x06,0x4a,0x07,0x4a,0x27,0x42,0x07,0x52,0x68,0x4a,0x47,0x42,0x07,
    0x41,0xe6,0x4a,0x48,0x4a,0x27,0x52,0x88,0x4a,0x48,0x4a,0x07,0x4a,0x27,0x6b,0x2a,0x4a,0x27,0x42,0x06,0x52,0x88,0x5a,0x88,
    0x4a,0x27,0x4a,0x48,0x4a,0x48,0x42,0x07,0x5a,0x89,0x4a,0x47,0x52,0x68,0x4a,0x47,0x5a,0xa9,0x52,0x89,0x4a,0x48,0x4a,0x27,
    0x52,0x88,0x52,0x68,0x42,0x07,0x4a,0x48,0x42,0x27,0x52,0x88,0x62,0xa8,0x52,0x67,0x5a,0xa9,0x5a,0xa8,0x6b,0x0a,0x6a,0xe9,
    0x5a,0x88,0x62,0xc9,0x52,0x68,0x62,0xc9,0x52,0x68,0x4a,0x48,0x4a,0x48,0x52,0x48,0x4a,0x47,0x4a,0x48,0x4a,0x48,0x5a,0xa9,
    0x52,0x88,0x4a,0x27,0x5a,0xa9,0x62,0xea,0x5a,0x89,0x52,0x88,0x5a,0xa9,0x5a,0x89,0x4a,0x27,0x6b,0x2a,0x62,0xea,0x52,0x68,
    0x5a,0xa9,0x5a,0xa9,0x5a,0xa9,0x62,0xea,0x5a,0x88,0x5a,0xa9,0x52,0x68,0x62,0xea,0x52,0x47,0x62,0xea,0x62,0xc9,0x62,0xca,
    0x52,0x88,0x4a,0x27,0x4a,0x07,0x4a,0x47,0x62,0xea,0x5a,0x89,0x5a,0xa9,0x5a,0xc9,0x62,0xc9,0x52,0x48,0x52,0x88,0x52,0x48,
    0x52,0x68,0x52,0x88,0x4a,0x47,0x52,0x68,0x52,0x68,0x52,0x68,0x4a,0x47,0x52,0x88,0x52,0x88,0x5a,0xa9,0x52,0x68,0x6b,0x2b,
    0x52,0x68,0x52,0x68,0x5a,0xc9,0x5a,0x89,0x52,0x68,0x52,0x68,0x5a,0xa9,0x62,0xca,0x52,0x68,0x52,0x88,0x52,0x68,0x52,0x89,
    0x5a,0xa9,0x52,0x68,0x41,0xe6,0x4a,0x27,0x52,0x68,0x52,0x68,0x52,0x88,0x62,0xc9,0x4a,0x48,0x4a,0x27,0x5a,0xa9,0x5a,0x89,
    0x52,0x68,0x52,0x88,0x52,0x88,0x52,0x68,0x52,0x88,0x5a,0xa9,0x5a,0xc9,0x5a,0xa9,0x52,0x68,0x4a,0x48,0x4a,0x68,0x4a,0x48,
    0x4a,0x68,0x52,0x68,0x4a,0x47,0x52,0x48,0x4a,0x48,0x52,0x48,0x52,0x68,0x52,0x68,0x73,0x8c,0x62,0xea,0x52,0x68,0x39,0xc6,
    0x4a,0x47,0x5a,0x89,0x52,0x88,0x4a,0x48,0x4a,0x48,0x52,0x68,0x4a,0x68,0x4a,0x48,0x52,0x68,0x4a,0x47,0x42,0x07,0x4a,0x48,
    0x41,0xe7,0x52,0x88,0x52,0x89,0x52,0x88,0x52,0x89,0x5a,0xa9,0x52,0x68,0x4a,0x47,0x4a,0x48,0x62,0xea,0x5a,0xc9,0x52,0x68,
    0x5a,0xa9,0x6b,0x0a,0x52,0x68,0x52,0x68,0x4a,0x27,0x5a,0xa9,0x52,0x48,0x5a,0x89,0x4a,0x27,0x52,0x68,0x52,0x68,0x5a,0xa9,
    0x52,0x68,0x4a,0x48,0x5a,0x89,0x4a,0x27,0x4a,0x48,0x4a,0x27,0x42,0x07,0x4a,0x48,0x4a,0x48,0x52,0x89,0x5a,0xa9,0x62,0xc9,
    0x42,0x07,0x42,0x07,0x4a,0x48,0x52,0x89,0x42,0x07,0x39,0xe6,0x42,0x07,0x4a,0x48,0x4a,0x27,0x4a,0x27,0x42,0x27,0x4a,0x48,
    0x42,0x07,0x4a,0x47,0x52,0x68,0x52,0x68,0x52,0x68,0x52,0x68,0x52,0x68,0x52,0x88,0x4a,0x48,0x52,0x88,0x62,0xea,0x4a,0x48,
    0x4a,0x27,0x42,0x27,0x52,0x68,0x52,0x48,0x5a,0xc9,0x5a,0xa9,0x4a,0x48,0x42,0x07,0x5a,0xa9,0x52,0x89,0x4a,0x27,0x4a,0x48,
    0x4a,0x27,0x4a,0x48,0x4a,0x27,0x52,0x68,0x4a,0x27,0x42,0x07,0x52,0x48,0x52,0x68,0x52,0x68,0x52,0x88,0x4a,0x68,0x4a,0x27,
    0x52,0x68,0x52,0x68,0x52,0x68,0x4a,0x47,0x52,0x68,0x52,0x48,0x4a,0x48,0x4a,0x27,0x4a,0x47,0x4a,0x27,0x52,0x68,0x41,0xe7,
    0x4a,0x07,0x4a,0x27,0x42,0x07,0x42,0x07,0x42,0x27,0x4a,0x48,0x4a,0x27,0x42,0x07,0x4a,0x48,0x4a,0x48,0x52,0x68,0x4a,0x48,
    0x52,0x88,0x4a,0x27,0x41,0xe7,0x4a,0x48,0x52,0x68,0x52,0x89,0x4a,0x48,0x4a,0x27,0x4a,0x48,0x4a,0x48,0x4a,0x48,0x52,0x68,
    0x52,0x68,0x4a,0x27,0x4a,0x48,0x52,0x89,0x52,0x68,0x4a,0x48,0x52,0x68,0x4a,0x48,0x4a,0x27,0x4a,0x48,0x52,0x68,0x52,0x68,
    0x4a,0x27,0x52,0x88,0x52,0x88,0x4a,0x27,0x42,0x27,0x52,0x68,0x4a,0x48,0x4a,0x48,0x4a,0x48,0x52,0x68,0x4a,0x27,0x4a,0x27,
    0x52,0x68,0x4a,0x27,0x52,0x89,0x4a,0x48,0x4a,0x48,0x4a,0x48,0x42,0x07,0x52,0x88,0x52,0x48,0x4a,0x48,0x4a,0x68,0x52,0x88,
    0x42,0x07,0x4a,0x48,0x52,0x89,0x52,0x68,0x52,0x88,0x4a,0x47,0x4a,0x47,0x5a,0xa9,0x52,0x89,0x52,0x68,0x52,0x68,0x4a,0x47,
    0x4a,0x48,0x4a,0x48,0x52,0x68,0x52,0x68,0x4a,0x27,0x5a,0xca,0x7b,0x8c,0x52,0x68,0x52,0x68,0x52,0x68,0x5a,0x89,0x52,0x68,
    0x52,0x88,0x5a,0xa9,0x52,0x88,0x5a,0xa9,0x5a,0xc9,0x6b,0x2b,0x6b,0x2b,0x63,0x0a,0x5a,0xa9,0x73,0x4b,0x62,0xea,0x5a,0x89,
    0x5a,0xa9,0x5a,0x88,0x5a,0x88,0x5a,0x88,0x62,0xea,0x63,0x0a,0x5a,0x88,0x62,0xe9,0x4a,0x27,0x42,0x07,0x4a,0x48,0x52,0x68,
    0x52,0x88,0x42,0x07,0x42,0x07,0x42,0x27,0x5a,0xa8,0x5a,0x68,0x52,0x68,0x52,0x68,0x5a,0xc9,0x52,0x88,0x5a,0xa9,0x42,0x07,
    0x52,0x68,0x5a,0xa9,0x52,0x89,0x42,0x07,0x4a,0x48,0x52,0x68,0x42,0x07,0x52,0x89,0x5a,0xa9,0x42,0x07,0x4a,0x27,0x52,0x68,
    0x4a,0x47,0x5a,0xa9,0x52,0x68,0x4a,0x47,0x4a,0x27,0x5a,0xa9,0x52,0x88,0x52,0x88,0x52,0x89,0x73,0x4c,0x62,0xc9,0x41,0xe6,
    0x5a,0x89,0x42,0x07,0x52,0x68,0x52,0x68,0x4a,0x47,0x52,0x68,0x52,0x68,0x52,0x48,0x42,0x27,0x4a,0x27,0x52,0x68,0x4a,0x47,
    0x63,0x0a,0x52,0x88,0x52,0x68,0x52,0x68,0x52,0x88,0x5a,0xa9,0x4a,0x47,0x42,0x07,0x52,0x88,0x52,0x48,0x52,0x88,0x4a,0x47,
    0x52,0x48,0x52,0x89,0x5a,0xa9,0x52,0x48,0x4a,0x27,0x5a,0xa9,0x52,0x68,0x52,0x48,0x4a,0x27,0x52,0x68,0x5a,0xa9,0x4a,0x27,
    0x42,0x07,0x4a,0x48,0x4a,0x48,0x4a,0x27,0x4a,0x27,0x4a,0x27,0x42,0x07,0x4a,0x27,0x52,0x68,0x42,0x07,0x39,0xc6,0x41,0xe6,
    0x4a,0x47,0x52,0x48,0x4a,0x27,0x52,0x68,0x4a,0x27,0x4a,0x48,0x4a,0x27,0x4a,0x27,0x42,0x07,0x4a,0x48,0x4a,0x28,0x52,0x68,
    0x41,0xe6,0x4a,0x48,0x4a,0x27,0x52,0x68,0x62,0xea,0x4a,0x47,0x52,0x88,0x4a,0x27,0x52,0x68,0x52,0x68,0x4a,0x48,0x4a,0x27,
    0x52,0x68,0x42,0x07,0x52,0x68,0x5a,0xa9,0x4a,0x47,0x52,0x68,0x5a,0xc9,0x42,0x07,0x42,0x27,0x4a,0x48,0x4a,0x27,0x4a,0x48,
    0x5a,0xca,0x5a,0xa9,0x41,0xe7,0x4a,0x27,0x5a,0xa9,0x52,0x68,0x4a,0x27,0x4a,0x48,0x52,0x48,0x4a,0x27,0x5a,0x88,0x52,0x68,
    0x4a,0x27,0x4a,0x27,0x4a,0x27,0x4a,0x27,0x42,0x07,0x4a,0x28,0x4a,0x47,0x4a,0x27,0x4a,0x27,0x5a,0x89,0x52,0x88,0x52,0x68,
    0x52,0x48,0x4a,0x27,0x42,0x07,0x4a,0x48,0x4a,0x27,0x41,0xe6,0x42,0x07,0x42,0x07,0x42,0x07,0x42,0x07,0x4a,0x27,0x42,0x07,
    0x42,0x07,0x4a,0x27,0x4a,0x48,0x42,0x07,0x4a,0x48,0x52,0x68,0x4a,0x48,0x4a,0x47,0x4a,0x48,0x42,0x27,0x4a,0x27,0x39,0xc6,
    0x4a,0x27,0x4a,0x48,0x4a,0x28,0x4a,0x27,0x4a,0x27,0x4a,0x27,0x52,0x68,0x52,0x68,0x4a,0x48,0x4a,0x07,0x4a,0x48,0x4a,0x48,
    0x42,0x07,0x4a,0x27,0x4a,0x27,0x4a,0x27,0x4a,0x27,0x4a,0x48,0x52,0x88,0x5a,0xa9,0x52,0x68,0x5a,0xa9,0x4a,0x27,0x52,0x89,
    0x6b,0x0b,0x62,0xea,0x42,0x27,0x52,0x68,0x39,0xe6,0x41,0xe6,0x4a,0x27,0x52,0x48,0x4a,0x27,0x42,0x07,0x42,0x07,0x52,0x68,
    0x4a,0x28,0x4a,0x68,0x4a,0x27,0x52,0x68,0x63,0x0a,0x62,0xca,0x4a,0x27,0x52,0x88,0x4a,0x27,0x4a,0x48,0x63,0x0a,0x4a,0x48,
    0x39,0xa6,0x52,0x68,0x62,0xea,0x52,0x68,0x4a,0x27,0x52,0x68,0x4a,0x48,0x42,0x07,0x52,0x88,0x4a,0x27,0x52,0x68,0x42,0x07,
    0x4a,0x48,0x4a,0x48,0x4a,0x48,0x5a,0xa9,0x52,0x89,0x42,0x07,0x4a,0x47,0x52,0x48,0x41,0xe7,0x41,0xe6,0x52,0x88,0x4a,0x27,
    0x42,0x07,0x4a,0x27,0x4a,0x48,0x52,0x68,0x5a,0xa9,0x5a,0x88,0x4a,0x47,0x52,0x88,0x5a,0xa9,0x5a,0xa9,0x4a,0x48,0x4a,0x27,
    0x4a,0x48,0x5a,0xa9,0x62,0xc9,0x52,0x89,0x4a,0x47,0x5a,0xa9,0x5a,0xa9,0x52,0x68,0x62,0xea,0x52,0x88,0x4a,0x48,0x42,0x07,
    0x62,0xc9,0x5a,0xa9,0x5a,0xc9,0x4a,0x27,0x52,0x88,0x52,0x68,0x62,0xc9,0x52,0x68,0x4a,0x48,0x5a,0x88,0x52,0x68,0x5a,0xa9,
    0x42,0x06,0x4a,0x27,0x4a,0x27,0x52,0x47,0x4a,0x27,0x4a,0x27,0x4a,0x27,0x4a,0x27,0x4a,0x47,0x41,0xe6,0x42,0x07,0x52,0x68,
    0x4a,0x27,0x52,0x68,0x4a,0x27,0x4a,0x47,0x5a,0x88,0x4a,0x48,0x42,0x06,0x4a,0x47,0x4a,0x27,0x4a,0x27,0x41,0xe6,0x4a,0x27,
    0x52,0x68,0x4a,0x27,0x4a,0x27,0x42,0x06,0x4a,0x27,0x42,0x07,0x4a,0x27,0x41,0xe6,0x4a,0x47,0x4a,0x47,0x5a,0x88,0x5a,0xa9,
    0x4a,0x47,0x52,0x68,0x52,0x88,0x62,0xea,0x42,0x07,0x4a,0x27,0x52,0x68,0x5a,0xa9,0x42,0x07,0x4a,0x27,0x42,0x07,0x4a,0x07,
    0x5a,0xa9,0x4a,0x47,0x6b,0x0a,0x52,0x68,0x5a,0xa9,0x52,0x68,0x5a,0x88,0x52,0x68,0x5a,0xc9,0x4a,0x47,0x42,0x07,0x5a,0xa8,
    0x52,0x88,0x52,0x68,0x52,0x48,0x52,0x47,0x52,0x68,0x31,0xa5,0x42,0x07,0x5a,0xa9,0x5a,0xa9,0x42,0x07,0x42,0x06,0x52,0x47,
    0x52,0x68,0x52,0x47,0x52,0x67,0x5a,0xa9,0x4a,0x27,0x52,0x68,0x52,0x68,0x52,0x88,0x52,0x68,0x4a,0x47,0x73,0x6c,0x5a,0xa9,
    0x52,0x68,0x42,0x07,0x5a,0xa9,0x62,0xea,0x52,0x68,0x4a,0x27,0x5a,0x88,0x4a,0x47,0x4a,0x48,0x52,0x68,0x4a,0x27,0x4a,0x27,
    0x52,0x68,0x4a,0x47,0x4a,0x47,0x4a,0x48,0x52,0x68,0x4a,0x48,0x52,0x68,0x52,0x89,0x52,0x68,0x5a,0xa9,0x52,0x68,0x5a,0xa9,
    0x52,0x68,0x52,0x88,0x5a,0xa9,0x52,0x88,0x5a,0xc9,0x52,0x88,0x4a,0x27,0x4a,0x47,0x52,0x88,0x4a,0x47,0x4a,0x48,0x4a,0x48,
    0x4a,0x47,0x52,0x68,0x5a,0x89,0x4a,0x48,0x4a,0x48,0x52,0xa9,0x52,0x89,0x52,0x48,0x5a,0xc9,0x52,0x68,0x52,0x68,0x52,0x68,
    0x52,0x68,0x5a,0x89,0x4a,0x47,0x52,0x68,0x4a,0x48,0x52,0x68,0x4a,0x48,0x4a,0x27,0x52,0x68,0x4a,0x48,0x4a,0x48,0x4a,0x27,
    0x4a,0x27,0x52,0x68,0x62,0xea,0x41,0xe6,0x42,0x27,0x4a,0x48,0x5a,0xc9,0x5a,0xa9,0x4a,0x48,0x4a,0x48,0x4a,0x48,0x5a,0xa9,
    0x4a,0x68,0x4a,0x27,0x4a,0x27,0x4a,0x48,0x39,0xe6,0x41,0xe6,0x4a,0x27,0x4a,0x48,0x4a,0x48,0x42,0x07,0x42,0x07,0x4a,0x48,
    0x4a,0x48,0x42,0x07,0x42,0x27,0x4a,0x47,0x41,0xe6,0x39,0xc6,0x4a,0x27,0x4a,0x27,0x4a,0x48,0x42,0x07,0x42,0x07,0x4a,0x27,
    0x52,0x48,0x42,0x07,0x42,0x07,0x4a,0x27,0x42,0x07,0x42,0x07,0x52,0x68,0x4a,0x48,0x52,0x68,0x4a,0x27,0x4a,0x48,0x52,0x68,
    0x4a,0x27,0x42,0x27,0x4a,0x48,0x52,0x68,0x52,0x89,0x4a,0x47,0x52,0x88,0x52,0x68,0x4a,0x47,0x52,0x48,0x4a,0x27,0x42,0x27,
    0x42,0x07,0x4a,0x48,0x5a,0xa9,0x5a,0xa9,0x62,0xca,0x5a,0xa9,0x42,0x07,0x4a,0x07,0x5a,0xa9,0x5a,0xa9,0x52,0x88,0x4a,0x27,
    0x52,0x68,0x5a,0x89,0x4a,0x48,0x52,0x68,0x4a,0x48,0x52,0x68,0x52,0x68,0x52,0x68,0x52,0x68,0x52,0x68,0x5a,0x88,0x4a,0x48,
    0x42,0x07,0x52,0x47,0x5a,0x88,0x62,0xea,0x52,0x68,0x62,0xc9,0x52,0x88,0x4a,0x47,0x5a,0xc9,0x62,0xea,0x5a,0xa9,0x4a,0x27,
    0x5a,0xa9,0x4a,0x48,0x5a,0xca,0x7b,0x8c,0x52,0x68,0x63,0x0b,0x62,0xea,0x52,0x88,0x4a,0x48,0x5a,0xa9,0x5a,0xca,0x52,0x68,
    0x52,0x47,0x5a,0x88,0x52,0x67,0x52,0x88,0x73,0x6b,0x73,0x4b,0x63,0x0a,0x5a,0xa9,0x52,0x88,0x52,0x48,0x5a,0xa9,0x5a,0xa9,
    0x42,0x07,0x42,0x27,0x52,0x68,0x62,0xea,0x4a,0x47,0x4a,0x06,0x52,0x68,0x63,0x0a,0x5a,0xa9,0x5a,0xc9,0x5a,0x88,0x5a,0xa9,
    0x62,0xea,0x5a,0xc9,0x5a,0xa9,0x62,0xc9,0x6b,0x0a,0x6b,0x2b,0x5a,0xa9,0x62,0xe9,0x63,0x0a,0x62,0xc9,0x5a,0xa9,0x5a,0xa9,
    0x52,0x88,0x62,0xc9,0x63,0x0a,0x52,0x47,0x62,0xea,0x62,0xc9,0x52,0x68,0x52,0x68,0x5a,0xa9,0x52,0x48,0x5a,0xa9,0x52,0x68,
    0x42,0x07,0x52,0x68,0x62,0xea,0x62,0xca,0x5a,0x88,0x62,0xc9,0x62,0xea,0x6b,0x0a,0x62,0xc9,0x52,0x88,0x5a,0x89,0x62,0xea,
    0x5a,0xa9,0x5a,0xa9,0x5a,0xa9,0x5a,0xa9,0x52,0x88,0x5a,0x89,0x52,0x68,0x5a,0xc9,0x5a,0xc9,0x73,0x4b,0x5a,0xc9,0x73,0x6c,
    0x5a,0xa9,0x5a,0x89,0x5a,0xa9,0x5a,0xa9,0x5a,0xc9,0x5a,0xa9,0x62,0xc9,0x4a,0x27,0x62,0xea,0x52,0x88,0x5a,0xc9,0x5a,0xa9,
    0x52,0x68,0x6b,0x2b,0x42,0x07,0x52,0x88,0x4a,0x47,0x4a,0x27,0x52,0x88,0x5a,0x88,0x52,0x68,0x52,0x47,0x52,0x47,0x52,0x47,
    0x4a,0x47,0x4a,0x47,0x4a,0x27,0x4a,0x27,0x4a,0x48,0x42,0x07,0x4a,0x27,0x4a,0x27,0x62,0xe9,0x5a,0xc9,0x62,0xc9,0x4a,0x47,
    0x5a,0x88,0x52,0x68,0x73,0x4a,0x52,0x68,0x5a,0x88,0x6b,0x0a,0x63,0x0a,0x42,0x06,0x4a,0x27,0x39,0xc6,0x52,0x68,0x52,0x67,
    0x4a,0x07,0x4a,0x47,0x4a,0x47,0x42,0x06,0x42,0x07,0x41,0xe6,0x41,0xe6,0x41,0xe6,0x4a,0x27,0x5a,0xc9,0x4a,0x27,0x41,0xe5,
    0x4a,0x27,0x52,0x88,0x52,0x47,0x4a,0x27,0x4a,0x27,0x52,0x47,0x4a,0x07,0x52,0x68,0x5a,0x88,0x5a,0xa8,0x52,0x68,0x52,0x88,
    0x62,0xc9,0x6b,0x2a,0x63,0x0a,0x4a,0x48,0x5a,0x88,0x4a,0x27,0x52,0x48,0x4a,0x48,0x52,0x68,0x5a,0xa9,0x52,0x68,0x4a,0x48,
    0x4a,0x48,0x4a,0x48,0x52,0x68,0x52,0x68,0x52,0x68,0x52,0x68,0x5a,0x88,0x52,0x88,0x52,0x68,0x52,0x68,0x52,0x68,0x4a,0x47,
    0x4a,0x48,0x4a,0x47,0x4a,0x48,0x52,0x88,0x42,0x07,0x4a,0x48,0x4a,0x48,0x4a,0x27,0x4a,0x47,0x42,0x07,0x4a,0x27,0x4a,0x48,
    0x52,0x68,0x5a,0xa9,0x6a,0xea,0x5a,0x88,0x52,0xa9,0x52,0x88,0x52,0x89,0x5a,0xa9,0x4a,0x47,0x4a,0x48,0x52,0x68,0x52,0x89,
    0x4a,0x27,0x42,0x27,0x4a,0x27,0x4a,0x27,0x52,0x68,0x4a,0x27,0x5a,0x89,0x41,0xe6,0x4a,0x47,0x4a,0x27,0x73,0x6b,0x52,0x88,
    0x42,0x07,0x5a,0xc9,0x52,0x88,0x4a,0x27,0x5a,0x89,0x73,0x6c,0x62,0xea,0x41,0xe7,0x4a,0x27,0x52,0x68,0x4a,0x27,0x4a,0x48,
    0x62,0xc9,0x5a,0xa9,0x52,0x88,0x52,0x68,0x62,0xc9,0x5a,0xa9,0x5a,0xa9,0x4a,0x27,0x4a,0x27,0x5a,0x88,0x52,0x88,0x52,0x68,
    0x5a,0x89,0x7b,0x8c,0x52,0x68,0x4a,0x47,0x73,0x6c,0x6b,0x4b,0x52,0x68,0x4a,0x47,0x52,0x88,0x42,0x27,0x4a,0x48,0x52,0x48,
    0x52,0x68,0x52,0x89,0x42,0x07,0x4a,0x48,0x52,0x68,0x4a,0x48,0x5a,0xc9,0x62,0xca,0x5a,0xa9,0x52,0x68,0x52,0x68,0x52,0x68,
    0x52,0x68,0x52,0x68,0x52,0x68,0x5a,0xa9,0x4a,0x27,0x4a,0x47,0x4a,0x27,0x52,0x48,0x52,0x68,0x4a,0x47,0x4a,0x48,0x4a,0x48,
    0x52,0x68,0x4a,0x47,0x4a,0x47,0x52,0x88,0x5a,0xa9,0x52,0x68,0x52,0x68,0x52,0x68,0x52,0x68,0x4a,0x48,0x4a,0x27,0x52,0x48,
    0x52,0x68,0x4a,0x47,0x4a,0x47,0x42,0x07,0x52,0x68,0x4a,0x48,0x4a,0x27,0x4a,0x27,0x52,0x68,0x52,0x68,0x4a,0x27,0x4a,0x27,
    0x4a,0x27,0x4a,0x48,0x4a,0x27,0x42,0x07,0x5a,0xca,0x62,0xea,0x42,0x07,0x52,0x89,0x5a,0xa9,0x63,0x0a,0x5a,0xc9,0x4a,0x48,
    0x4a,0x27,0x5a,0xa9,0x52,0x68,0x42,0x07,0x52,0x68,0x4a,0x27,0x4a,0x48,0x42,0x07,0x4a,0x27,0x4a,0x27,0x42,0x07,0x52,0x68,
    0x42,0x07,0x4a,0x27,0x42,0x07,0x4a,0x27,0x42,0x27,0x41,0xe6,0x4a,0x27,0x4a,0x48,0x4a,0x27,0x42,0x27,0x41,0xe7,0x4a,0x27,
    0x4a,0x27,0x4a,0x48,0x52,0x68,0x52,0x68,0x4a,0x48,0x4a,0x47,0x52,0x68,0x42,0x07,0x42,0x07,0x52,0x68,0x4a,0x27,0x42,0x07,
    0x4a,0x48,0x52,0x89,0x4a,0x48,0x42,0x07,0x4a,0x48,0x42,0x07,0x41,0xe6,0x5a,0x89,0x52,0x68,0x42,0x27,0x4a,0x27,0x52,0x68,
    0x52,0x68,0x52,0x68,0x4a,0x27,0x42,0x27,0x52,0x68,0x4a,0x27,0x41,0xe6,0x4a,0x27,0x42,0x07,0x39,0xa6,0x4a,0x47,0x52,0x68,
    0x41,0xe7,0x4a,0x27,0x4a,0x47,0x4a,0x27,0x42,0x27,0x4a,0x48,0x4a,0x47,0x4a,0x27,0x4a,0x48,0x52,0x48,0x4a,0x27,0x52,0x68,
    0x4a,0x27,0x4a,0x27,0x52,0x68,0x4a,0x27,0x5a,0x89,0x52,0x68,0x4a,0x48,0x5a,0x89,0x5a,0xa9,0x5a,0xa9,0x52,0x68,0x52,0x89,
    0x52,0x88,0x52,0x89,0x52,0x68,0x52,0x68,0x6b,0x2b,0x52,0x88,0x4a,0x27,0x62,0xc9,0x5a,0xa9,0x42,0x07,0x31,0x65,0x4a,0x48,
    0x52,0x68,0x5a,0x89,0x42,0x07,0x4a,0x48,0x52,0x68,0x52,0x68,0x52,0x68,0x4a,0x48,0x52,0x68,0x4a,0x27,0x52,0x68,0x4a,0x48,
    0x52,0x89,0x5a,0xa9,0x52,0x68,0x4a,0x48,0x52,0x89,0x4a,0x68,0x4a,0x48,0x4a,0x48,0x42,0x07,0x41,0xe6,0x42,0x07,0x4a,0x48,
    0x52,0x68,0x4a,0x48,0x4a,0x27,0x4a,0x48,0x4a,0x27,0x4a,0x27,0x4a,0x28,0x4a,0x48,0x52,0x68,0x39,0xc6,0x39,0xe6,0x63,0x0a,
    0x4a,0x48,0x42,0x27,0x52,0xa9,0x5a,0xa9,0x4a,0x27,0x4a,0x48,0x52,0x88,0x5a,0xa9,0x4a,0x27,0x52,0x68,0x4a,0x48,0x4a,0x48,
    0x5a,0xa9,0x4a,0x48,0x42,0x07,0x52,0x68,0x4a,0x27,0x6b,0x0b,0x73,0x4b,0x5a,0xa9,0x42,0x07,0x5a,0xa9,0x6b,0x2b,0x6b,0x0a,
    0x52,0x68,0x63,0x0a,0x63,0x0a,0x62,0xea,0x5a,0xa9,0x5a,0xa9,0x6b,0x0b,0x6b,0x2b,0x42,0x07,0x52,0x88,0x5a,0xc9,0x6b,0x2b,
    0x62,0xc9,0x5a,0xa9,0x73,0x6b,0x6b,0x0a,0x62,0xe9,0x62,0xc9,0x6b,0x0a,0x62,0xea,0x4a,0x47,0x4a,0x48,0x7b,0x8c,0x6b,0x0a,
    0x63,0x0a,0x5a,0xa9,0x73,0x4b,0x62,0xea,0x4a,0x27,0x4a,0x48,0x4a,0x48,0x4a,0x68,0x52,0x88,0x4a,0x48,0x52,0x88,0x42,0x27,
    0x6b,0x2b,0x52,0x68,0x4a,0x47,0x4a,0x48,0x6b,0x0a,0x6b,0x0b,0x62,0xc9,0x42,0x07,0x4a,0x27,0x42,0x27,0x52,0x68,0x5a,0x89,
    0x4a,0x27,0x4a,0x27,0x5a,0xa9,0x62,0xca,0x62,0xc9,0x52,0x68,0x5a,0xa9,0x5a,0xa9,0x52,0x89,0x52,0x68,0x52,0x88,0x4a,0x48,
    0x5a,0xca,0x4a,0x47,0x52,0x88,0x4a,0x48,0x4a,0x48,0x4a,0x48,0x4a,0x48,0x52,0x89,0x52,0x89,0x5a,0x89,0x52,0x48,0x42,0x07,
    0x52,0x68,0x52,0x88,0x52,0x68,0x52,0x68,0x42,0x07,0x5a,0xa9,0x52,0x68,0x52,0x68,0x52,0x68,0x62,0xc9,0x6b,0x0a,0x52,0x68,
    0x5a,0xc9,0x6b,0x0a,0x62,0xc9,0x6b,0x2a,0x5a,0xea,0x6b,0x0a,0x52,0x48,0x5a,0xa9,0x5a,0xa9,0x4a,0x47,0x4a,0x27,0x4a,0x48,
    0x5a,0xa9,0x52,0x48,0x52,0x48,0x4a,0x47,0x52,0x88,0x52,0x88,0x5a,0x89,0x4a,0x47,0x5a,0xa9,0x5a,0x89,0x62,0xea,0x5a,0x89,
    0x62,0xc9,0x52,0x68,0x52,0x68,0x39,0xc6,0x5a,0xa9,0x52,0x88,0x52,0x68,0x4a,0x27,0x4a,0x47,0x63,0x0a,0x5a,0xa9,0x4a,0x48,
    0x52,0x48,0x5a,0xa9,0x52,0x68,0x52,0x68,0x4a,0x48,0x52,0x68,0x42,0x27,0x4a,0x27,0x4a,0x47,0x4a,0x47,0x52,0x68,0x5a,0xc9,
    0x52,0x89,0x4a,0x68,0x52,0x89,0x5a,0xc9,0x5a,0x89,0x52,0x68,0x4a,0x48,0x42,0x07,0x52,0x68,0x5a,0xa9,0x5a,0xa9,0x4a,0x27,
    0x4a,0x48,0x41,0xe6,0x42,0x07,0x52,0x88,0x42,0x07,0x4a,0x27,0x4a,0x27,0x52,0x89,0x42,0x07,0x42,0x07,0x4a,0x27,0x52,0x68,
    0x52,0x68,0x52,0x68,0x5a,0xa9,0x62,0xc9,0x4a,0x47,0x5a,0x88,0x5a,0xa9,0x62,0xc9,0x52,0x68,0x5a,0xa9,0x5a,0xa9,0x52,0x88,
    0x5a,0xa9,0x4a,0x48,0x4a,0x27,0x4a,0x48,0x4a,0x27,0x42,0x07,0x41,0xe6,0x39,0xc6,0x4a,0x27,0x4a,0x27,0x42,0x07,0x31,0x85,
    0x4a,0x27,0x42,0x07,0x4a,0x48,0x41,0xe7,0x52,0x68,0x42,0x07,0x42,0x07,0x4a,0x27,0x4a,0x27,0x4a,0x48,0x4a,0x47,0x4a,0x47,
    0x39,0xc6,0x4a,0x27,0x4a,0x27,0x52,0x48,0x31,0xa5,0x39,0xe6,0x41,0xe6,0x4a,0x48,0x41,0xe7,0x4a,0x48,0x4a,0x48,0x42,0x07,
    0x41,0xe6,0x41,0xe6,0x52,0x68,0x5a,0xa9,0x4a,0x27,0x52,0x68,0x5a,0xa9,0x52,0x88,0x52,0x88,0x52,0x88,0x52,0x68,0x42,0x07,
    0x4a,0x48,0x62,0xc9,0x5a,0x88,0x4a,0x27,0x62,0xea,0x4a,0x27,0x4a,0x27,0x39,0xc6,0x4a,0x48,0x5a,0xa8,0x4a,0x47,0x39,0xc6,
    0x42,0x07,0x5a,0xc9,0x4a,0x48,0x4a,0x27,0x52,0x68,0x5a,0x88,0x4a,0x27,0x52,0x68,0x4a,0x48,0x52,0x68,0x4a,0x27,0x52,0x68,
    0x4a,0x27,0x41,0xe7,0x42,0x07,0x52,0x68,0x4a,0x27,0x42,0x07,0x4a,0x27,0x4a,0x47,0x42,0x07,0x42,0x07,0x41,0xe6,0x4a,0x27,
    0x52,0x68,0x4a,0x48,0x4a,0x68,0x52,0x68,0x4a,0x48,0x52,0x89,0x4a,0x48,0x52,0x88,0x52,0x68,0x5a,0xa9,0x4a,0x47,0x52,0x68,
    0x52,0x68,0x52,0x88,0x52,0x48,0x52,0x88,0x4a,0x48,0x52,0x68,0x4a,0x27,0x5a,0xa9,0x52,0x68,0x52,0x48,0x4a,0x48,0x52,0x68,
    0x52,0x68,0x4a,0x27,0x52,0x68,0x52,0x68,0x52,0x88,0x52,0x88,0x52,0x68,0x4a,0x27,0x5a,0xc9,0x52,0x68,0x52,0x68,0x52,0x68,
    0x4a,0x27,0x52,0x68,0x4a,0x27,0x4a,0x27,0x52,0x68,0x52,0x68,0x4a,0x47,0x4a,0x27,0x5a,0xa9,0x4a,0x47,0x4a,0x47,0x52,0x68,
    0x52,0x48,0x5a,0xa8,0x52,0x68,0x4a,0x27,0x52,0x68,0x52,0x68,0x52,0x67,0x52,0x68,0x4a,0x47,0x52,0x88,0x52,0x48,0x52,0x47,
    0x4a,0x47,0x5a,0xa9,0x62,0xca,0x42,0x07,0x52,0x68,0x52,0x88,0x52,0x47,0x52,0x48,0x52,0x68,0x5a,0x88,0x52,0x68,0x42,0x06,
    0x6b,0x2a,0x73,0x4b,0x4a,0x26,0x42,0x27,0x52,0x88,0x7b,0xac,0x52,0x47,0x52,0x68,0x52,0x68,0x4a,0x27,0x4a,0x07,0x4a,0x27,
    0x52,0x68,0x5a,0xa9,0x5a,0xa9,0x5a,0xa9,0x4a,0x47,0x4a,0x48,0x5a,0xa9,0x5a,0xa9,0x5a,0x88,0x52,0x68,0x5a,0xa9,0x5a,0xc9,
    0x4a,0x27,0x42,0x06,0x42,0x06,0x52,0x68,0x4a,0x27,0x4a,0x27,0x4a,0x47,0x52,0x48,0x4a,0x47,0x4a,0x47,0x52,0x68,0x52,0x68,
    0x52,0x88,0x4a,0x27,0x52,0x67,0x42,0x07,0x5a,0xa9,0x5a,0xa9,0x52,0x68,0x4a,0x27,0x5a,0x88,0x52,0x68,0x5a,0xa9,0x4a,0x27,
    0x4a,0x47,0x4a,0x27,0x42,0x07,0x42,0x07,0x52,0x47,0x4a,0x27,0x42,0x07,0x4a,0x47,0x52,0x68,0x5a,0x89,0x52,0x88,0x5a,0x88,
    0x5a,0x88,0x5a,0x88,0x6b,0x0a,0x52,0x68,0x42,0x07,0x4a,0x48,0x5a,0xc9,0x5a,0xa9,0x52,0x88,0x4a,0x48,0x5a,0xa9,0x5a,0x88,
    0x5a,0x89,0x52,0x48,0x52,0x68,0x4a,0x47,0x52,0x68,0x52,0x68,0x52,0x68,0x4a,0x47,0x4a,0x47,0x5a,0xa9,0x52,0x68,0x52,0x68,
    0x5a,0xc9,0x5a,0xa9,0x52,0x88,0x4a,0x47,0x52,0x47,0x62,0xc9,0x52,0x68,0x4a,0x48,0x52,0x48,0x5a,0x89,0x52,0x68,0x5a,0xa9,
    0x4a,0x27,0x52,0x68,0x5a,0x89,0x5a,0xc9,0x52,0x68,0x52,0x68,0x4a,0x47,0x5a,0xa9,0x4a,0x48,0x52,0x68,0x5a,0xa9,0x52,0x89,
    0x5a,0x89,0x5a,0xa9,0x5a,0xa9,0x52,0x68,0x52,0x88,0x5a,0xa9,0x4a,0x48,0x52,0x68,0x52,0x48,0x52,0x48,0x4a,0x48,0x52,0x68,
    0x52,0x89,0x5a,0xa9,0x5a,0xa9,0x52,0x68,0x5a,0x89,0x5a,0xa9,0x5a,0xa9,0x4a,0x47,0x5a,0x89,0x52,0x68,0x5a,0xca,0x52,0x68,
    0x52,0x68,0x4a,0x47,0x52,0x68,0x4a,0x47,0x52,0x89,0x5a,0x89,0x4a,0x48,0x42,0x07,0x52,0x68,0x52,0x89,0x4a,0x48,0x4a,0x47,
    0x4a,0x48,0x52,0x68,0x4a,0x27,0x52,0x68,0x52,0x88,0x52,0x68,0x42,0x27,0x52,0x68,0x39,0xc6,0x39,0xe6,0x41,0xe6,0x4a,0x48,
    0x4a,0x27,0x39,0xe6,0x42,0x07,0x4a,0x27,0x4a,0x27,0x4a,0x48,0x4a,0x27,0x4a,0x27,0x52,0x68,0x5a,0xa9,0x4a,0x48,0x52,0x68,
    0x52,0x68,0x5a,0xa9,0x4a,0x48,0x5a,0x89,0x52,0x68,0x4a,0x48,0x52,0x68,0x52,0x68,0x42,0x07,0x41,0xe6,0x42,0x07,0x42,0x07,
    0x4a,0x48,0x4a,0x48,0x52,0x68,0x62,0xea,0x52,0x88,0x52,0x89,0x5a,0xc9,0x5a,0x89,0x4a,0x48,0x52,0x88,0x62,0xe9,0x52,0x68,
    0x5a,0x89,0x6b,0x2b,0x73,0x6c,0x73,0x6c,0x52,0x89,0x5a,0xa9,0x52,0x68,0x5a,0xc9,0x41,0xe7,0x4a,0x27,0x52,0x88,0x4a,0x48,
    0x52,0x68,0x52,0x68,0x4a,0x47,0x52,0x88,0x52,0x68,0x6b,0x0a,0x5a,0xa9,0x52,0x88,0x52,0x89,0x83,0xee,0x63,0x0a,0x62,0xca,
    0x5a,0xc9,0x62,0xca,0x73,0x6c,0x63,0x0a,0x4a,0x47,0x6b,0x0a,0x6b,0x2b,0x52,0x68,0x5a,0xa9,0x52,0x88,0x52,0x68,0x4a,0x27,
    0x62,0xea,0x52,0x89,0x52,0x88,0x52,0x68,0x52,0x68,0x52,0x67,0x5a,0x88,0x62,0xe9,0x4a,0x47,0x52,0x47,0x5a,0xa8,0x52,0x68,
    0x5a,0x88,0x52,0x67,0x52,0x67,0x52,0x88,0x5a,0x88,0x5a,0x88,0x52,0x48,0x52,0x68,0x63,0x0a,0x62,0xc8,0x52,0x47,0x62,0xea,
    0x5a,0x88,0x62,0xa8,0x52,0x67,0x52,0x68,0x52,0x68,0x5a,0x88,0x52,0x47,0x52,0x68,0x52,0x68,0x5a,0x88,0x52,0x67,0x52,0x88,
    0x62,0xc9,0x62,0xc9,0x5a,0xa9,0x52,0x88,0x7b,0x8c,0x63,0x0a,0x5a,0x88,0x52,0x68,0x5a,0xa9,0x5a,0xa9,0x4a,0x27,0x4a,0x48,
    0x4a,0x47,0x4a,0x48,0x5a,0xa9,0x63,0x0b,0x4a,0x27,0x52,0x68,0x62,0xc9,0x6b,0x0a,0x62,0xc9,0x4a,0x48,0x4a,0x47,0x5a,0x88,
    0x62,0xc9,0x62,0xc9,0x4a,0x47,0x4a,0x27,0x4a,0x48,0x4a,0x27,0x4a,0x27,0x4a,0x47,0x62,0xc9,0x52,0x68,0x52,0x88,0x6b,0x0a,
    0x5a,0x88,0x62,0xc9,0x63,0x0a,0x5a,0x89,0x52,0x88,0x62,0xea,0x5a,0xa9,0x5a,0x89,0x5a,0xa9,0x4a,0x27,0x4a,0x68,0x4a,0x48,
    0x5a,0xa8,0x52,0x68,0x62,0xc9,0x5a,0xa9,0x52,0x88,0x5a,0xc9,0x5a,0xc9,0x4a,0x47,0x62,0xea,0x63,0x0a,0x4a,0x27,0x42,0x07,
    0x52,0x88,0x52,0x88,0x52,0x68,0x52,0x68,0x52,0x68,0x52,0x68,0x52,0x68,0x52,0x68,0x52,0x68,0x52,0x68,0x52,0x47,0x52,0x88,
    0x4a,0x27,0x4a,0x27,0x52,0x88,0x5a,0xa9,0x4a,0x47,0x52,0x68,0x4a,0x27,0x4a,0x47,0x52,0x68,0x5a,0x89,0x6b,0x0a,0x5a,0xa9,
    0x52,0x68,0x4a,0x47,0x52,0x89,0x62,0xea,0x52,0x88,0x52,0x68,0x52,0x88,0x62,0xea,0x4a,0x48,0x52,0x89,0x52,0x68,0x62,0xea,
    0x73,0x4b,0x7b,0xad,0x73,0x4b,0x5a,0x88,0x5a,0xc9,0x4a,0x47,0x5a,0x89,0x62,0xca,0x62,0xea,0x5a,0xa9,0x52,0x89,0x5a,0xa9,
    0x5a,0xa9,0x62,0xea,0x5a,0xa9,0x52,0x88,0x5a,0xc9,0x52,0x68,0x4a,0x68,0x4a,0x48,0x52,0x89,0x5a,0xa9,0x62,0xea,0x63,0x0a,
    0x5a,0xa9,0x52,0x88,0x5a,0x89,0x73,0x4b,0x63,0x0a,0x62,0xea,0x5a,0xca,0x5a,0xca,0x4a,0x48,0x4a,0x48,0x4a,0x27,0x52,0x68,
    0x4a,0x48,0x4a,0x68,0x4a,0x48,0x4a,0x27,0x62,0xea,0x5a,0xc9,0x52,0x68,0x52,0x68,0x5a,0xca,0x62,0xca,0x63,0x0a,0x52,0x68,
    0x52,0x68,0x4a,0x48,0x52,0x68,0x52,0x68,0x52,0x68,0x52,0x89,0x4a,0x48,0x4a,0x48,0x52,0x68,0x5a,0xa9,0x4a,0x27,0x52,0x88,
    0x52,0x68,0x5a,0xc9,0x5a,0xa9,0x4a,0x47,0x4a,0x27,0x42,0x07,0x4a,0x48,0x62,0xea,0x4a,0x27,0x42,0x07,0x52,0x88,0x6b,0x2a,
    0x5a,0xa9,0x52,0x68,0x52,0x68,0x5a,0xa9,0x52,0x88,0x52,0x88,0x5a,0xa9,0x52,0x88,0x52,0x68,0x52,0x68,0x4a,0x68,0x52,0x68,
    0x5a,0xa9,0x52,0x68,0x5a,0xa9,0x4a,0x48,0x52,0x48,0x52,0x68,0x52,0x68,0x52,0x68,0x5a,0xa9,0x52,0x89,0x42,0x27,0x5a,0x88,
    0x52,0x88,0x52,0x68,0x4a,0x27,0x4a,0x27,0x4a,0x27,0x42,0x07,0x4a,0x48,0x52,0x68,0x52,0x68,0x42,0x27,0x4a,0x47,0x52,0x68,
    0x52,0x68,0x52,0x68,0x52,0x68,0x4a,0x27,0x41,0xe6,0x4a,0x47,0x52,0x89,0x4a,0x27,0x42,0x07,0x4a,0x27,0x52,0x68,0x4a,0x48,
    0x4a,0x47,0x4a,0x48,0x52,0x68,0x42,0x07,0x4a,0x27,0x52,0x48,0x52,0x89,0x4a,0x48,0x4a,0x47,0x42,0x07,0x4a,0x27,0x42,0x07,
    0x52,0x68,0x4a,0x27,0x4a,0x27,0x42,0x07,0x41,0xe6,0x4a,0x27,0x42,0x07,0x4a,0x27,0x4a,0x27,0x42,0x07,0x42,0x07,0x4a,0x27,
    0x42,0x07,0x4a,0x48,0x4a,0x27,0x4a,0x48,0x42,0x07,0x4a,0x48,0x52,0x68,0x42,0x07,0x4a,0x27,0x42,0x07,0x52,0x47,0x41,0xe7,
    0x42,0x07,0x42,0x07,0x41,0xe6,0x39,0xc6,0x52,0x68,0x4a,0x27,0x42,0x07,0x42,0x07,0x42,0x07,0x42,0x07,0x4a,0x27,0x52,0x68,
    0x4a,0x27,0x4a,0x27,0x42,0x07,0x4a,0x27,0x42,0x07,0x52,0x48,0x42,0x07,0x41,0xe6,0x52,0x68,0x4a,0x47,0x42,0x07,0x4a,0x48,
    0x4a,0x27,0x5a,0x88,0x4a,0x27,0x42,0x27,0x4a,0x48,0x4a,0x48,0x4a,0x27,0x4a,0x27,0x4a,0x27,0x41,0xe7,0x42,0x07,0x52,0x89,
    0x5a,0xa9,0x42,0x07,0x39,0xc6,0x42,0x07,0x4a,0x48,0x4a,0x27,0x41,0xe6,0x42,0x07,0x4a,0x27,0x4a,0x48,0x52,0x48,0x52,0x68,
    0x4a,0x48,0x4a,0x48,0x5a,0xa9,0x62,0xea,0x52,0x68,0x52,0x88,0x4a,0x27,0x42,0x07,0x4a,0x47,0x52,0x68,0x4a,0x47,0x41,0xe6,
    0x5a,0xa9,0x52,0x88,0x52,0x48,0x39,0xe6,0x4a,0x47,0x41,0xe6,0x4a,0x48,0x4a,0x27,0x4a,0x27,0x4a,0x48,0x41,0xe6,0x41,0xe7,
    0x52,0x48,0x4a,0x47,0x42,0x07,0x4a,0x47,0x42,0x06,0x52,0x68,0x52,0x68,0x4a,0x48,0x4a,0x27,0x4a,0x27,0x52,0x68,0x5a,0xc9,
    0x52,0x48,0x4a,0x48,0x52,0x68,0x52,0x68,0x52,0x88,0x4a,0x27,0x5a,0x89,0x52,0x89,0x62,0xca,0x52,0x88,0x52,0x68,0x52,0x89,
    0x5a,0xc9,0x52,0x68,0x5a,0xa9,0x52,0x88,0x4a,0x48,0x42,0x27,0x4a,0x48,0x4a,0x48,0x4a,0x48,0x5a,0xc9,0x62,0xca,0x42,0x07,
    0x4a,0x27,0x4a,0x48,0x62,0xea,0x4a,0x48,0x4a,0x27,0x4a,0x27,0x4a,0x47,0x4a,0x48,0x52,0x68,0x4a,0x48,0x4a,0x48,0x31,0xa5,
    0x52,0x68,0x52,0x68,0x52,0x68,0x4a,0x27,0x4a,0x48,0x4a,0x48,0x4a,0x48,0x4a,0x48,0x52,0x89,0x42,0x07,0x4a,0x48,0x52,0x88,
    0x41,0xe6,0x52,0x88,0x39,0xc6,0x4a,0x27,0x4a,0x47,0x52,0x68,0x41,0xe6,0x39,0xa6,0x52,0x68,0x4a,0x27,0x4a,0x48,0x52,0x88,
    0x4a,0x27,0x4a,0x48,0x42,0x07,0x52,0x68,0x41,0xe6,0x52,0x68,0x62,0xea,0x41,0xe6,0x52,0x89,0x52,0x89,0x4a,0x27,0x42,0x07,
    0x52,0x89,0x42,0x07,0x4a,0x27,0x41,0xe6,0x5a,0xca,0x52,0x48,0x4a,0x27,0x4a,0x27,0x52,0x68,0x83,0xad,0x62,0xca,0x6b,0x0b,
    0x52,0x68,0x83,0xcd,0x5a,0xc9,0x5a,0x89,0x52,0x68,0x62,0xea,0x62,0xea,0x6b,0x2b,0x5a,0xc9,0x52,0x68,0x52,0x68,0x52,0x68,
    0x62,0xea,0x62,0xea,0x4a,0x47,0x52,0x68,0x63,0x0a,0x5a,0xa9,0x5a,0xc9,0x5a,0xa9,0x62,0xca,0x42,0x07,0x4a,0x48,0x5a,0x89,
    0x42,0x07,0x42,0x07,0x4a,0x27,0x4a,0x27,0x6b,0x2b,0x73,0x6b,0x62,0xea,0x5a,0xa9,0x6b,0x2b,0x63,0x0a,0x52,0x68,0x62,0xea,
    0x5a,0xc9,0x52,0x68,0x62,0xca,0x62,0xea,0x4a,0x27,0x52,0x88,0x62,0xea,0x62,0xc9,0x52,0x68,0x52,0x68,0x52,0x48,0x52,0x88,
    0x52,0x68,0x5a,0xa9,0x41,0xe6,0x52,0x68,0x52,0x68,0x62,0xc9,0x5a,0x88,0x5a,0xa9,0x62,0xc9,0x52,0x68,0x62,0xea,0x62,0xea,
    0x62,0xea,0x52,0x68,0x4a,0x27,0x42,0x27,0x62,0xea,0x4a,0x48,0x52,0x68,0x4a,0x27,0x52,0x68,0x4a,0x27,0x4a,0x27,0x4a,0x48,
    0x41,0xe6,0x4a,0x27,0x4a,0x27,0x52,0x88,0x4a,0x48,0x52,0x48,0x4a,0x27,0x52,0x68,0x42,0x07,0x4a,0x28,0x5a,0xca,0x4a,0x68,
    0x42,0x07,0x41,0xe6,0x5a,0xa9,0x4a,0x48,0x42,0x27,0x42,0x07,0x4a,0x27,0x42,0x07,0x5a,0xa9,0x62,0xea,0x62,0xea,0x6b,0x2a,
    0x4a,0x27,0x4a,0x27,0x39,0xc6,0x6b,0x0a,0x42,0x27,0x4a,0x48,0x39,0xe6,0x42,0x27,0x52,0x68,0x4a,0x27,0x42,0x07,0x4a,0x48,
    0x5a,0x88,0x5a,0xa9,0x5a,0xc9,0x5a,0xa9,0x62,0xca,0x62,0xca,0x52,0x89,0x52,0x89,0x62,0xca,0x62,0xc9,0x52,0x68,0x39,0xc6,
    0x52,0x68,0x52,0x68,0x39,0xa6,0x31,0xa5,0x4a,0x48,0x52,0x68,0x52,0x48,0x52,0x88,0x4a,0x27,0x52,0x88,0x52,0x68,0x52,0x68,
    0x39,0xa6,0x5a,0xc9,0x52,0x68,0x5a,0xa9,0x42,0x07,0x52,0x68,0x52,0x88,0x62,0xca,0x52,0x68,0x5a,0xc9,0x42,0x07,0x42,0x27,
    0x52,0x68,0x52,0x68,0x4a,0x48,0x42,0x07,0x52,0x68,0x4a,0x27,0x4a,0x27,0x4a,0x48,0x4a,0x48,0x4a,0x28,0x5a,0xa9,0x52,0x68,
    0x52,0x68,0x52,0x68,0x42,0x07,0x52,0x89,0x4a,0x48,0x52,0x88,0x52,0x68,0x4a,0x48,0x4a,0x68,0x5a,0xa9,0x52,0x88,0x5a,0xa9,
    0x52,0x89,0x52,0x68,0x52,0x89,0x5a,0xa9,0x4a,0x47,0x4a,0x48,0x4a,0x48,0x4a,0x48,0x41,0xe6,0x5a,0xa9,0x62,0xca,0x4a,0x48,
    0x5a,0xa9,0x52,0x89,0x4a,0x48,0x4a,0x48,0x52,0x89,0x52,0x89,0x52,0x89,0x4a,0x48,0x52,0x88,0x4a,0x48,0x4a,0x27,0x4a,0x27,
    0x52,0x68,0x52,0x88,0x52,0x88,0x52,0x68,0x41,0xe6,0x42,0x27,0x52,0x89,0x5a,0xa9,0x4a,0x27,0x4a,0x48,0x52,0x88,0x52,0x68,
    0x5a,0x89,0x4a,0x27,0x4a,0x48,0x52,0x68,0x5a,0xa9,0x5a,0x89,0x4a,0x48,0x4a,0x27,0x5a,0x89,0x4a,0x48,0x4a,0x47,0x4a,0x47,
    0x52,0x68,0x52,0x68,0x52,0x68,0x4a,0x27,0x5a,0xa9,0x52,0x68,0x52,0x68,0x52,0x48,0x4a,0x27,0x4a,0x27,0x4a,0x27,0x4a,0x48,
    0x42,0x07,0x42,0x27,0x42,0x07,0x39,0xe6,0x4a,0x27,0x52,0x68,0x42,0x07,0x42,0x07,0x4a,0x47,0x4a,0x47,0x4a,0x47,0x52,0x48,
    0x42,0x27,0x42,0x06,0x52,0x48,0x5a,0x88,0x42,0x07,0x4a,0x27,0x4a,0x48,0x4a,0x48,0x4a,0x27,0x4a,0x48,0x52,0x88,0x4a,0x48,
    0x52,0x48,0x4a,0x27,0x4a,0x47,0x4a,0x48,0x4a,0x48,0x42,0x27,0x4a,0x48,0x5a,0xa9,0x52,0x68,0x4a,0x48,0x41,0xe7,0x41,0xe6,
    0x52,0x88,0x4a,0x27,0x4a,0x27,0x4a,0x27,0x4a,0x27,0x42,0x07,0x42,0x07,0x41,0xe6,0x52,0x68,0x4a,0x27,0x52,0x48,0x4a,0x27,
    0x42,0x07,0x52,0x68,0x4a,0x48,0x52,0x68,0x42,0x07,0x52,0x48,0x52,0x68,0x52,0x68,0x5a,0xc9,0x5a,0x89,0x52,0x68,0x4a,0x47,
    0x5a,0xa9,0x4a,0x48,0x5a,0xa9,0x52,0x68,0x52,0x68,0x52,0x88,0x4a,0x48,0x52,0x68,0x52,0x88,0x52,0x88,0x52,0x68,0x5a,0x89,
    0x5a,0xa9,0x52,0x88,0x4a,0x48,0x52,0x88,0x5a,0x89,0x5a,0xa9,0x4a,0x48,0x52,0x68,0x4a,0x48,0x52,0x68,0x4a,0x27,0x5a,0xca,
    0x5a,0x89,0x4a,0x48,0x52,0x68,0x4a,0x48,0x52,0x68,0x5a,0x89,0x5a,0xa9,0x52,0x88,0x5a,0x89,0x52,0x88,0x52,0x48,0x5a,0xc9,
    0x52,0x89,0x4a,0x47,0x52,0x68,0x4a,0x27,0x4a,0x27,0x4a,0x48,0x4a,0x47,0x52,0x68,0x52,0x89,0x4a,0x68,0x42,0x07,0x5a,0x88,
    0x52,0x69,0x4a,0x48,0x4a,0x48,0x5a,0xa9,0x42,0x27,0x4a,0x48,0x52,0x68,0x4a,0x27,0x4a,0x27,0x4a,0x48,0x4a,0x48,0x52,0x89,
    0x5a,0x88,0x5a,0xa9,0x62,0xc9,0x6b,0x0a,0x42,0x07,0x41,0xe6,0x4a,0x48,0x52,0x48,0x62,0xca,0x62,0xea,0x5a,0x89,0x5a,0xa9,
    0x62,0xea,0x52,0x89,0x4a,0x27,0x52,0x88,0x5a,0x89,0x4a,0x47,0x5a,0xa9,0x52,0x68,0x5a,0xa9,0x4a,0x27,0x5a,0x89,0x52,0x68,
    0x52,0x88,0x4a,0x48,0x4a,0x48,0x42,0x07,0x52,0x89,0x4a,0x48,0x52,0x68,0x4a,0x47,0x42,0x06,0x4a,0x48,0x7b,0xcd,0x6b,0x2b,
    0x42,0x07,0x31,0xa5,0x4a,0x27,0x52,0x88,0x4a,0x48,0x52,0x68,0x41,0xe6,0x4a,0x47,0x4a,0x48,0x52,0x68,0x4a,0x27,0x4a,0x27,
    0x7b,0xad,0x4a,0x48,0x42,0x07,0x4a,0x27,0x41,0xe6,0x41,0xe6,0x52,0x47,0x4a,0x27,0x4a,0x47,0x4a,0x27,0x52,0x68,0x52,0x48,
    0x42,0x06,0x4a,0x27,0x4a,0x27,0x4a,0x27,0x5a,0xa9,0x4a,0x48,0x52,0x68,0x52,0x68,0x4a,0x47,0x42,0x07,0x4a,0x27,0x52,0x68,
    0x52,0x47,0x4a,0x47,0x4a,0x27,0x4a,0x47,0x52,0x68,0x52,0x68,0x52,0x48,0x4a,0x27,0x5a,0x88,0x52,0x68,0x4a,0x47,0x5a,0xa9,
    0x4a,0x27,0x52,0x47,0x4a,0x27,0x4a,0x27,0x42,0x07,0x4a,0x47,0x4a,0x27,0x41,0xe6,0x42,0x07,0x42,0x07,0x42,0x06,0x42,0x07,
    0x5a,0xa9,0x52,0x68,0x52,0x68,0x5a,0x89,0x5a,0x88,0x4a,0x48,0x52,0x68,0x52,0x68,0x52,0x68,0x52,0x68,0x4a,0x27,0x52,0x88,
    0x52,0x68,0x52,0x68,0x39,0xe6,0x42,0x07,0x52,0x88,0x42,0x27,0x52,0x68,0x5a,0xca,0x52,0x68,0x4a,0x27,0x52,0x68,0x5a,0xa9,
    0x52,0x68,0x5a,0x88,0x52,0x68,0x4a,0x27,0x52,0x48,0x52,0x68,0x52,0x68,0x52,0x88,0x5a,0xa9,0x52,0x68,0x4a,0x27,0x4a,0x27,
    0x52,0x68,0x52,0x68,0x52,0x68,0x4a,0x47,0x52,0x88,0x4a,0x48,0x52,0x68,0x5a,0xa9,0x5a,0xa9,0x52,0x68,0x5a,0x88,0x52,0x47,
    0x5a,0xa9,0x5a,0xa9,0x52,0x68,0x5a,0xa9,0x52,0x89,0x4a,0x27,0x5a,0xc9,0x6b,0x2a,0x5a,0xc9,0x5a,0xa9,0x6b,0x09,0x62,0xc8,
    0x5a,0xa9,0x62,0xc9,0x6b,0x2a,0x63,0x0a,0x63,0x0a,0x63,0x0a,0x5a,0x89,0x6b,0x2b,0x6b,0x09,0x6b,0x0a,0x5a,0xc9,0x52,0x88,
    0x5a,0x88,0x6b,0x0a,0x8b,0xed,0x42,0x06,0x5a,0xa8,0x62,0xc9,0x7b,0xac,0x52,0x68,0x5a,0xa9,0x6b,0x0b,0x5a,0xc9,0x39,0xc6,
    0x5a,0x89,0x5a,0xa9,0x41,0xe6,0x31,0xa5,0x39,0xc6,0x52,0x68,0x4a,0x27,0x52,0x89,0x4a,0x27,0x5a,0x88,0x4a,0x48,0x5a,0xa9,
    0x52,0x68,0x52,0x68,0x52,0x88,0x62,0xc9,0x4a,0x48,0x52,0x68,0x5a,0xa9,0x52,0x88,0x4a,0x48,0x52,0x68,0x63,0x0a,0x5a,0xc9,
    0x4a,0x48,0x42,0x07,0x5a,0xa9,0x52,0x68,0x62,0xea,0x52,0x89,0x5a,0xca,0x4a,0x47,0x52,0x88,0x52,0x89,0x52,0x89,0x4a,0x27,
    0x4a,0x48,0x52,0x68,0x52,0x68,0x52,0x47,0x62,0xc9,0x62,0xea,0x4a,0x27,0x4a,0x47,0x4a,0x47,0x52,0x88,0x5a,0x88,0x4a,0x47,
    0x52,0x88,0x52,0x67,0x5a,0x88,0x4a,0x47,0x52,0x68,0x52,0x48,0x52,0x68,0x5a,0x89,0x52,0x68,0x4a,0x47,0x52,0x68,0x52,0x68,
    0x52,0x68,0x5a,0xa8,0x5a,0xa8,0x5a,0x88,0x52,0x88,0x5a,0x88,0x52,0x68,0x42,0x07,0x52,0x68,0x4a,0x47,0x5a,0x89,0x52,0x68,
    0x52,0x68,0x4a,0x27,0x52,0x88,0x5a,0xa8,0x52,0x68,0x52,0x89,0x4a,0x48,0x52,0x89,0x52,0x68,0x4a,0x48,0x4a,0x27,0x42,0x07,
    0x4a,0x27,0x52,0x68,0x52,0x68,0x4a,0x27,0x4a,0x27,0x52,0x68,0x4a,0x48,0x4a,0x27,0x4a,0x27,0x42,0x07,0x41,0xe6,0x52,0x89,
    0x42,0x07,0x41,0xe6,0x42,0x07,0x4a,0x48,0x42,0x06,0x4a,0x27,0x4a,0x28,0x4a,0x27,0x42,0x07,0x4a,0x47,0x52,0x68,0x52,0x68,
    0x42,0x07,0x42,0x06,0x4a,0x27,0x52,0x68,0x4a,0x27,0x41,0xe6,0x41,0xe6,0x41,0xe6,0x39,0xe6,0x52,0x68,0x39,0xe6,0x42,0x07,
    0x42,0x07,0x42,0x07,0x4a,0x27,0x42,0x07,0x4a,0x27,0x4a,0x27,0x41,0xe6,0x52,0x48,0x4a,0x27,0x52,0x68,0x4a,0x27,0x4a,0x27,
    0x4a,0x27,0x4a,0x48,0x4a,0x47,0x52,0x68,0x42,0x07,0x42,0x27,0x39,0xe6,0x4a,0x27,0x4a,0x47,0x4a,0x47,0x4a,0x27,0x42,0x07,
    0x4a,0x27,0x4a,0x27,0x52,0x68,0x4a,0x27,0x52,0x68,0x5a,0x88,0x6b,0x0a,0x52,0x68,0x42,0x06,0x4a,0x27,0x52,0x47,0x4a,0x27,
    0x42,0x07,0x4a,0x48,0x5a,0xa9,0x62,0xea,0x4a,0x27,0x5a,0xc9,0x5a,0xa9,0x42,0x07,0x52,0x67,0x52,0x68,0x52,0x48,0x52,0x68,
    0x5a,0x88,0x5a,0xa8,0x52,0x88,0x5a,0x88,0x52,0x68,0x52,0x68,0x42,0x07,0x5a,0xa9,0x5a,0xa8,0x52,0x68,0x4a,0x47,0x52,0x89,
    0x52,0x67,0x52,0x88,0x5a,0x88,0x52,0x68,0x52,0x67,0x5a,0x88,0x5a,0x88,0x52,0x68,0x5a,0xa9,0x5a,0x89,0x52,0x89,0x5a,0xa9,
    0x5a,0xa9,0x4a,0x48,0x52,0x68,0x5a,0xa9,0x52,0x68,0x5a,0xa9,0x5a,0xa9,0x52,0x68,0x52,0x68,0x5a,0xa8,0x52,0x88,0x4a,0x47,
    0x52,0x68,0x52,0x88,0x63,0x0a,0x5a,0xa9,0x62,0xea,0x63,0x0a,0x62,0xea,0x6a,0xea,0x52,0x68,0x5a,0xa9,0x73,0x4c,0x5a,0x89,
    0x52,0x68,0x52,0x68,0x52,0x88,0x52,0x68,0x52,0x68,0x4a,0x07,0x52,0x67,0x52,0x47,0x5a,0x88,0x4a,0x27,0x5a,0xa8,0x5a,0xa9,
    0x62,0xca,0x52,0x88,0x62,0xea,0x6b,0x0b,0x5a,0xc9,0x5a,0xc9,0x5a,0xa9,0x62,0xca,0x62,0xc9,0x5a,0x89,0x4a,0x27,0x5a,0xc9,
    0x5a,0xa9,0x52,0x88,0x5a,0x89,0x6b,0x0a,0x62,0xea,0x63,0x0a,0x7b,0x8b,0x6b,0x2a,0x5a,0xc9,0x6b,0x0a,0x73,0x4b,0x6b,0x2b,
    0x62,0xc9,0x52,0x88,0x5a,0x88,0x52,0x88,0x5a,0xa9,0x4a,0x48,0x52,0x68,0x5a,0xa9,0x5a,0xa9,0x63,0x0a,0x4a,0x27,0x6b,0x0a,
    0x6b,0x2b,0x6b,0x0a,0x4a,0x27,0x5a,0xa9,0x4a,0x27,0x4a,0x27,0x4a,0x48,0x52,0x48,0x52,0x88,0x42,0x27,0x52,0x68,0x4a,0x48,
    0x5a,0x89,0x4a,0x48,0x52,0x68,0x52,0x68,0x52,0x89,0x52,0x68,0x63,0x0a,0x62,0xea,0x4a,0x48,0x4a,0x27,0x4a,0x27,0x4a,0x48,
    0x42,0x07,0x42,0x07,0x41,0xe6,0x4a,0x27,0x41,0xe6,0x4a,0x27,0x42,0x07,0x41,0xe6,0x4a,0x27,0x42,0x07,0x4a,0x27,0x42,0x07,
    0x4a,0x27,0x4a,0x27,0x42,0x07,0x42,0x07,0x41,0xe6,0x39,0xe6,0x52,0x68,0x52,0x68,0x41,0xe6,0x41,0xe6,0x52,0x68,0x5a,0xc9,
    0x4a,0x27,0x4a,0x27,0x42,0x07,0x39,0xa6,0x42,0x07,0x42,0x06,0x39,0xe6,0x41,0xe6,0x52,0x88,0x5a,0x89,0x42,0x07,0x42,0x07,
    0x52,0x68,0x52,0x68,0x42,0x07,0x42,0x07,0x42,0x07,0x4a,0x47,0x4a,0x27,0x4a,0x47,0x42,0x06,0x39,0xc6,0x42,0x27,0x42,0x07,
    0x4a,0x48,0x42,0x07,0x42,0x27,0x52,0x68,0x4a,0x27,0x4a,0x27,0x4a,0x27,0x52,0x68,0x4a,0x27,0x4a,0x27,0x4a,0x48,0x4a,0x27,
    0x42,0x07,0x41,0xe6,0x4a,0x48,0x52,0x68,0x4a,0x48,0x42,0x07,0x42,0x07,0x42,0x07,0x5a,0x89,0x4a,0x27,0x4a,0x27,0x42,0x07,
    0x52,0x68,0x42,0x07,0x42,0x06,0x4a,0x27,0x4a,0x48,0x52,0x89,0x52,0x68,0x52,0x88,0x41,0xe6,0x4a,0x47,0x52,0x68,0x52,0x89,
    0x42,0x07,0x42,0x07,0x4a,0x27,0x52,0x48,0x42,0x07,0x42,0x07,0x4a,0x47,0x4a,0x47,0x4a,0x47,0x4a,0x27,0x52,0x68,0x52,0x48,
    0x52,0x68,0x4a,0x47,0x4a,0x27,0x52,0x88,0x5a,0x89,0x52,0x48,0x52,0x68,0x5a,0xa9,0x42,0x07,0x4a,0x28,0x5a,0xa9,0x5a,0x89,
    0x4a,0x48,0x52,0x68,0x52,0x89,0x5a,0xa9,0x5a,0x89,0x4a,0x48,0x4a,0x27,0x42,0x07,0x52,0x68,0x52,0x68,0x52,0x88,0x52,0x48,
    0x52,0x68,0x5a,0xc9,0x5a,0xa9,0x5a,0xa9,0x4a,0x48,0x4a,0x48,0x52,0x88,0x5a,0xa9,0x4a,0x47,0x52,0x88,0x5a,0xa9,0x52,0x68,
    0x4a,0x27,0x52,0x68,0x4a,0x27,0x52,0x68,0x5a,0xa9,0x52,0x68,0x4a,0x48,0x52,0x68,0x42,0x07,0x4a,0x27,0x4a,0x27,0x52,0x68,
    0x52,0x68,0x52,0x48,0x52,0x88,0x52,0x88,0x62,0xea,0x52,0x68,0x52,0x68,0x4a,0x27,0x62,0xea,0x63,0x0a,0x5a,0xc9,0x31,0xa5,
    0x5a,0xa9,0x52,0x89,0x52,0x88,0x52,0x88,0x4a,0x48,0x5a,0x89,0x52,0x68,0x52,0x68,0x4a,0x48,0x4a,0x48,0x5a,0x89,0x62,0xea,
    0x41,0xe6,0x4a,0x27,0x5a,0xa9,0x52,0x89,0x4a,0x48,0x4a,0x48,0x42,0x27,0x5a,0xc9,0x4a,0x48,0x42,0x07,0x42,0x07,0x42,0x07,
    0x52,0x68,0x62,0xea,0x5a,0xc9,0x41,0xe6,0x4a,0x27,0x52,0x88,0x5a,0x89,0x4a,0x27,0x52,0x68,0x52,0x68,0x4a,0x48,0x4a,0x27,
    0x41,0xe6,0x5a,0xa9,0x5a,0xa9,0x42,0x07,0x52,0x68,0x4a,0x47,0x5a,0xa9,0x42,0x07,0x52,0x68,0x52,0x88,0x5a,0x89,0x4a,0x47,
    0x4a,0x27,0x42,0x07,0x52,0x68,0x4a,0x27,0x4a,0x48,0x4a,0x27,0x52,0x88,0x52,0x88,0x5a,0x89,0x4a,0x47,0x4a,0x47,0x5a,0xc9,
    0x4a,0x27,0x52,0x68,0x5a,0xc9,0x4a,0x48,0x42,0x07,0x4a,0x48,0x4a,0x48,0x4a,0x27,0x4a,0x48,0x42,0x07,0x4a,0x27,0x42,0x07,
    0x4a,0x27,0x4a,0x27,0x42,0x07,0x4a,0x48,0x4a,0x27,0x4a,0x27,0x4a,0x27,0x5a,0xa9,0x4a,0x47,0x5a,0xc9,0x52,0x68,0x5a,0xa9,
    0x4a,0x27,0x5a,0xc9,0x52,0x48,0x62,0xea,0x4a,0x27,0x5a,0xc9,0x52,0x68,0x5a,0xa9,0x5a,0xa9,0x4a,0x47,0x52,0x48,0x52,0x88,
    0x5a,0x88,0x62,0xea,0x52,0x88,0x52,0x68,0x5a,0xa9,0x5a,0x89,0x5a,0xa9,0x52,0x89,0x62,0xc9,0x5a,0x89,0x52,0x88,0x52,0x88,
    0x5a,0xa9,0x6b,0x0a,0x52,0x68,0x4a,0x48,0x4a,0x48,0x42,0x07,0x4a,0x27,0x52,0x68,0x52,0x88,0x42,0x07,0x4a,0x48,0x42,0x07,
    0x52,0x68,0x52,0x68,0x4a,0x27,0x42,0x07,0x52,0x89,0x4a,0x48,0x42,0x07,0x4a,0x27,0x4a,0x27,0x4a,0x27,0x4a,0x48,0x42,0x07,
    0x42,0x07,0x42,0x07,0x52,0x68,0x4a,0x27,0x4a,0x47,0x4a,0x27,0x4a,0x47,0x52,0x68,0x4a,0x48,0x4a,0x27,0x4a,0x27,0x52,0x48,
    0x4a,0x48,0x52,0x89,0x52,0x68,0x4a,0x28,0x4a,0x27,0x4a,0x48,0x52,0x89,0x52,0x89,0x4a,0x27,0x52,0x88,0x5a,0xa9,0x52,0x89,
    0x4a,0x48,0x4a,0x48,0x52,0x88,0x52,0x68,0x42,0x07,0x42,0x07,0x4a,0x47,0x42,0x27,0x4a,0x48,0x52,0x88,0x62,0xc9,0x5a,0xa9,
    0x42,0x27,0x52,0x68,0x52,0x68,0x52,0x88,0x4a,0x27,0x52,0x68,0x52,0x68,0x52,0x68,0x4a,0x27,0x52,0x89,0x52,0x89,0x52,0x68,
    0x52,0x68,0x4a,0x48,0x4a,0x27,0x52,0x68,0x5a,0xa9,0x4a,0x47,0x4a,0x48,0x52,0x68,0x52,0x68,0x52,0x88,0x52,0x68,0x5a,0xa9,
    0x52,0x68,0x52,0x89,0x5a,0xa9,0x52,0x68,0x4a,0x48,0x52,0x68,0x52,0x89,0x52,0x68,0x4a,0x48,0x52,0x88,0x52,0x89,0x52,0x89,
    0x52,0x88,0x52,0x89,0x52,0x89,0x4a,0x48,0x52,0x89,0x4a,0x27,0x4a,0x48,0x52,0x68,0x5a,0xca,0x52,0x68,0x52,0x68,0x52,0x89,
    0x5a,0xca,0x52,0x89,0x5a,0xca,0x5a,0xa9,0x52,0x68,0x52,0x88,0x62,0xca,0x52,0x89,0x42,0x07,0x52,0x68,0x52,0x68,0x4a,0x27,
    0x52,0x68,0x52,0x68,0x52,0x68,0x4a,0x48,0x52,0x88,0x4a,0x27,0x52,0x68,0x4a,0x68,0x52,0x89,0x52,0x89,0x52,0x68,0x52,0x89,
    0x52,0x68,0x52,0x89,0x4a,0x48,0x52,0x88,0x4a,0x48,0x4a,0x48,0x4a,0x48,0x52,0x68,0x52,0x68,0x52,0x88,0x4a,0x48,0x5a,0xa9,
    0x52,0x89,0x5a,0x89,0x52,0x68,0x5a,0xa9,0x4a,0x48,0x42,0x07,0x62,0xea,0x4a,0x27,0x52,0x88,0x4a,0x27,0x4a,0x48,0x4a,0x48,
    0x5a,0xa9,0x5a,0xc9,0x5a,0xa9,0x4a,0x27,0x5a,0x88,0x4a,0x48,0x62,0xea,0x52,0x89,0x42,0x07,0x4a,0x27,0x42,0x07,0x4a,0x27,
    0x41,0xe6,0x42,0x27,0x42,0x07,0x42,0x07,0x42,0x27,0x4a,0x27,0x41,0xe6,0x4a,0x27,0x42,0x07,0x42,0x07,0x41,0xe6,0x52,0x68,
    0x4a,0x48,0x5a,0x89,0x52,0x68,0x52,0x68,0x4a,0x48,0x4a,0x27,0x52,0x68,0x52,0x68,0x4a,0x47,0x4a,0x48,0x4a,0x48,0x52,0x68,
    0x52,0x89,0x5a,0xa9,0x4a,0x47,0x42,0x27,0x52,0x68,0x4a,0x27,0x4a,0x27,0x4a,0x48,0x52,0x68,0x4a,0x48,0x4a,0x48,0x4a,0x48,
    0x4a,0x48,0x4a,0x27,0x4a,0x47,0x4a,0x48,0x52,0x88,0x4a,0x27,0x4a,0x27,0x42,0x07,0x42,0x07,0x4a,0x27,0x52,0x68,0x4a,0x48,
    0x4a,0x48,0x4a,0x47,0x4a,0x27,0x4a,0x27,0x52,0x68,0x52,0x89,0x4a,0x48,0x4a,0x27,0x4a,0x27,0x4a,0x48,0x4a,0x48,0x52,0x68,
    0x52,0x68,0x52,0x68,0x4a,0x27,0x5a,0xa9,0x4a,0x47,0x4a,0x27,0x52,0x68,0x4a,0x47,0x42,0x07,0x4a,0x27,0x52,0x48,0x5a,0xc9,
    0x4a,0x48,0x42,0x07,0x42,0x07,0x52,0x68,0x52,0x88,0x5a,0xa9,0x52,0x68,0x5a,0xa9,0x52,0x68,0x5a,0x89,0x52,0x68,0x5a,0xa9,
    0x52,0x68,0x5a,0xa9,0x5a,0xca,0x52,0x88,0x4a,0x47,0x52,0x89,0x52,0x89,0x52,0x68,0x6b,0x0b,0x5a,0xa9,0x4a,0x48,0x42,0x07,
    0x6b,0x2b,0x6b,0x2b,0x5a,0xc9,0x4a,0x27,0x52,0x68,0x5a,0xa8,0x52,0x68,0x42,0x07,0x5a,0x89,0x5a,0xa9,0x5a,0x89,0x41,0xe7,
    0x4a,0x47,0x52,0x88,0x5a,0xc9,0x4a,0x48,0x4a,0x27,0x52,0x48,0x52,0x68,0x4a,0x27,0x4a,0x48,0x4a,0x48,0x4a,0x48,0x4a,0x48,
    0x42,0x27,0x4a,0x48,0x52,0x89,0x4a,0x27,0x62,0xca,0x4a,0x47,0x41,0xe6,0x52,0x48,0x62,0xca,0x6b,0x0b,0x4a,0x27,0x63,0x0a,
    0x52,0x68,0x62,0xea,0x5a,0xa9,0x52,0x68,0x4a,0x48,0x52,0x89,0x52,0x89,0x52,0x48,0x4a,0x27,0x4a,0x48,0x52,0x88,0x52,0x68,
    0x4a,0x27,0x4a,0x48,0x4a,0x48,0x4a,0x48,0x4a,0x48,0x42,0x27,0x4a,0x27,0x4a,0x48,0x4a,0x48,0x62,0xea,0x52,0x68,0x4a,0x27,
    0x4a,0x47,0x4a,0x27,0x4a,0x48,0x42,0x27,0x4a,0x47,0x4a,0x27,0x52,0x68,0x52,0x68,0x4a,0x48,0x42,0x07,0x4a,0x27,0x52,0x88,
    0x52,0x68,0x4a,0x48,0x4a,0x27,0x41,0xe6,0x41,0xe6,0x4a,0x27,0x4a,0x47,0x4a,0x47,0x42,0x07,0x4a,0x27,0x52,0x68,0x4a,0x27,
    0x52,0x68,0x4a,0x48,0x4a,0x27,0x42,0x07,0x4a,0x27,0x52,0x88,0x4a,0x27,0x42,0x07,0x4a,0x47,0x4a,0x47,0x52,0x68,0x52,0x68,
    0x4a,0x27,0x4a,0x47,0x4a,0x47,0x52,0x68,0x4a,0x27,0x4a,0x27,0x4a,0x27,0x4a,0x07,0x4a,0x27,0x52,0x88,0x4a,0x27,0x42,0x06,
    0x4a,0x27,0x39,0xc6,0x42,0x06,0x4a,0x47,0x52,0x68,0x4a,0x27,0x42,0x07,0x52,0x68,0x52,0x68,0x52,0x88,0x52,0x68,0x5a,0xa9,
    0x52,0x68,0x5a,0xc9,0x6b,0x2a,0x52,0x88,0x52,0x68,0x52,0x68,0x4a,0x47,0x4a,0x07,0x52,0x48,0x52,0x68,0x52,0x68,0x4a,0x47,
    0x52,0x68,0x52,0x47,0x5a,0x88,0x62,0xc9,0x62,0xc9,0x52,0x68,0x5a,0xc9,0x62,0xea,0x4a,0x27,0x5a,0xa9,0x5a,0xc9,0x52,0x68,
    0x4a,0x47,0x5a,0xa9,0x52,0x88,0x39,0xe6,0x5a,0xa9,0x5a,0x88,0x42,0x07,0x42,0x27,0x52,0x88,0x4a,0x27,0x4a,0x27,0x42,0x07,
    0x5a,0x88,0x4a,0x47,0x4a,0x07,0x52,0x48,0x4a,0x27,0x4a,0x27,0x42,0x27,0x4a,0x27,0x4a,0x27,0x41,0xe6,0x42,0x07,0x39,0xc6,
    0x4a,0x27,0x42,0x07,0x52,0x68,0x4a,0x27,0x52,0x68,0x4a,0x48,0x6b,0x2b,0x6b,0x2a,0x4a,0x27,0x4a,0x28,0x5a,0xa9,0x62,0xca,
    0x42,0x07,0x52,0x89,0x4a,0x48,0x52,0x68,0x42,0x07,0x5a,0xa9,0x52,0x68,0x4a,0x27,0x5a,0xa9,0x62,0xea,0x6b,0x2b,0x5a,0xa9,
    0x73,0x4b,0x52,0x88,0x4a,0x48,0x52,0x89,0x52,0x68,0x52,0x89,0x52,0x68,0x52,0x89,0x4a,0x48,0x52,0x68,0x5a,0xc9,0x62,0xea,
    0x52,0x68,0x4a,0x27,0x4a,0x27,0x4a,0x48,0x52,0xa9,0x52,0x89,0x5a,0xc9,0x52,0x89,0x52,0x89,0x5a,0xa9,0x5a,0x89,0x52,0x88,
    0x5a,0xa9,0x5a,0xa9,0x52,0x88,0x52,0x68,0x42,0x07,0x39,0xe6,0x4a,0x27,0x39,0xc6,0x42,0x07,0x4a,0x47,0x4a,0x47,0x4a,0x27,
    0x6b,0x0a,0x62,0xea,0x5a,0x89,0x52,0x68,0x5a,0xa9,0x5a,0x89,0x5a,0xc9,0x5a,0xca,0x6b,0x2b,0x7b,0x8c,0x52,0x89,0x4a,0x27,
    0x5a,0xa9,0x5a,0xa9,0x52,0x68,0x52,0x68,0x4a,0x68,0x4a,0x47,0x52,0x88,0x52,0x88,0x52,0x88,0x52,0x68,0x6b,0x0a,0x62,0xca,
    0x52,0x88,0x4a,0x27,0x4a,0x27,0x52,0x68,0x52,0x68,0x5a,0x88,0x52,0x67,0x5a,0x88,0x4a,0x47,0x52,0x88,0x52,0x68,0x52,0x88,
    0x4a,0x27,0x4a,0x27,0x4a,0x27,0x4a,0x48,0x52,0x68,0x4a,0x47,0x52,0x88,0x52,0x47,0x5a,0x88,0x4a,0x47,0x52,0x88,0x42,0x07,
    0x52,0x68,0x4a,0x27,0x5a,0x88,0x42,0x07,0x52,0x68,0x4a,0x47,0x4a,0x27,0x42,0x06,0x42,0x06,0x4a,0x27,0x4a,0x27,0x4a,0x27,
    0x39,0xc6,0x42,0x07,0x42,0x07,0x42,0x07,0x42,0x06,0x4a,0x48,0x4a,0x27,0x41,0xe6,0x41,0xe6,0x4a,0x27,0x42,0x07,0x42,0x06,
    0x4a,0x27,0x4a,0x06,0x52,0x47,0x4a,0x27,0x4a,0x47,0x52,0x47,0x4a,0x47,0x4a,0x27,0x4a,0x47,0x42,0x07,0x52,0x48,0x52,0x68,
    0x42,0x07,0x41,0xe6,0x41,0xe6,0x4a,0x27,0x4a,0x47,0x52,0x68,0x4a,0x27,0x4a,0x27,0x4a,0x48,0x52,0x68,0x42,0x06,0x4a,0x27,
    0x4a,0x48,0x42,0x07,0x42,0x07,0x4a,0x27,0x4a,0x47,0x42,0x07,0x42,0x07,0x41,0xe6,0x39,0xe6,0x39,0xe6,0x42,0x07,0x41,0xe7,
    0x41,0xe6,0x41,0xe6,0x42,0x07,0x41,0xe6,0x4a,0x27,0x4a,0x27,0x4a,0x47,0x5a,0xc9,0x42,0x07,0x4a,0x48,0x4a,0x47,0x39,0xc6,
    0x4a,0x48,0x42,0x07,0x4a,0x27,0x5a,0x68,0x5a,0x88,0x5a,0xa9,0x42,0x07,0x52,0x47,0x4a,0x27,0x52,0x68,0x52,0x88,0x5a,0x88,
    0x52,0x88,0x52,0x88,0x5a,0x89,0x52,0x48,0x6a,0xe9,0x5a,0xa9,0x4a,0x47,0x52,0x68,0x5a,0x88,0x4a,0x47,0x52,0x68,0x52,0x68,
    0x5a,0x88,0x4a,0x47,0x4a,0x47,0x5a,0xa8,0x52,0x88,0x52,0x68,0x52,0x68,0x52,0x68,0x5a,0xa8,0x62,0xc9,0x52,0x68,0x52,0x88,
    0x5a,0xa8,0x52,0x68,0x4a,0x47,0x5a,0x88,0x5a,0x88,0x5a,0xa8,0x52,0x88,0x5a,0x89,0x5a,0x88,0x5a,0xa8,0x5a,0x88,0x52,0x68,
    0x52,0x68,0x4a,0x27,0x4a,0x27,0x52,0x68,0x52,0x48,0x42,0x07,0x39,0xc6,0x52,0x68,0x52,0x68,0x52,0x68,0x52,0x68,0x4a,0x27,
    0x52,0x67,0x52,0x68,0x5a,0x88,0x52,0x47,0x52,0x89,0x5a,0xa9,0x4a,0x47,0x4a,0x48,0x52,0x48,0x52,0x68,0x52,0x68,0x52,0x47,
    0x4a,0x27,0x4a,0x27,0x52,0x68,0x52,0x68,0x52,0x67,0x4a,0x47,0x52,0x47,0x4a,0x47,0x52,0x88,0x4a,0x48,0x5a,0xc9,0x62,0xc9,
    0x5a,0xa9,0x52,0x68,0x5a,0xa9,0x6b,0x0a,0x52,0x68,0x5a,0xca,0x52,0x68,0x63,0x0a,0x4a,0x48,0x52,0x88,0x52,0x68,0x52,0x89,
    0x5a,0xa9,0x6b,0x0a,0x62,0xc9,0x73,0x4b,0x62,0xe9,0x62,0xc9,0x62,0xea,0x63,0x0a,0x6b,0x0a,0x62,0xc9,0x73,0x6b,0x7b,0x8c,
    0x52,0x88,0x52,0x68,0x62,0xea,0x6b,0x2b,0x63,0x0a,0x62,0xea,0x5a,0xa9,0x62,0xc9,0x62,0xc9,0x62,0xea,0x62,0xea,0x52,0x68,
    0x73,0x6c,0x52,0x88,0x62,0xca,0x4a,0x48,0x84,0x0e,0x5a,0xa9,0x5a,0xa9,0x62,0xea,0x5a,0xca,0x5a,0xc9,0x5a,0xc9,0x52,0x89,
    0x52,0x68,0x52,0x88,0x52,0x68,0x5a,0xca,0x42,0x27,0x42,0x27,0x52,0x88,0x4a,0x27,0x62,0xc9,0x63,0x0a,0x4a,0x27,0x39,0xe6,
    0x4a,0x27,0x52,0x48,0x4a,0x27,0x4a,0x47,0x4a,0x27,0x52,0x68,0x4a,0x27,0x4a,0x27,0x4a,0x27,0x4a,0x47,0x52,0x68,0x5a,0xa9,
    0x4a,0x07,0x4a,0x47,0x52,0x88,0x4a,0x27,0x41,0xe6,0x4a,0x27,0x4a,0x27,0x41,0xe6,0x52,0x68,0x5a,0xa9,0x42,0x07,0x41,0xe6,
    0x52,0x68,0x52,0x68,0x42,0x07,0x42,0x07,0x42,0x07,0x4a,0x27,0x4a,0x27,0x4a,0x27,0x52,0x68,0x4a,0x47,0x42,0x07,0x52,0x68,
    0x4a,0x27,0x4a,0x27,0x4a,0x27,0x4a,0x27,0x4a,0x27,0x42,0x27,0x42,0x07,0x42,0x07,0x4a,0x27,0x4a,0x27,0x41,0xe6,0x42,0x07,
    0x42,0x07,0x4a,0x27,0x4a,0x27,0x52,0x68,0x42,0x07,0x4a,0x47,0x4a,0x27,0x4a,0x47,0x5a,0x88,0x52,0x68,0x4a,0x27,0x52,0x88,
    0x52,0x68,0x52,0x68,0x52,0x68,0x52,0x68,0x4a,0x48,0x4a,0x27,0x4a,0x27,0x4a,0x27,0x42,0x07,0x42,0x07,0x4a,0x48,0x4a,0x27,
    0x42,0x07,0x42,0x27,0x41,0xe6,0x4a,0x47,0x4a,0x27,0x42,0x06,0x4a,0x27,0x52,0x88,0x4a,0x48,0x41,0xe7,0x42,0x07,0x4a,0x48,
    0x42,0x27,0x4a,0x27,0x42,0x07,0x41,0xe6,0x41,0xe6,0x42,0x07,0x4a,0x27,0x4a,0x27,0x41,0xe6,0x4a,0x27,0x42,0x07,0x42,0x07,
    0x4a,0x27,0x52,0x68,0x52,0x68,0x4a,0x48,0x4a,0x48,0x5a,0xa9,0x5a,0xa9,0x62,0xea,0x42,0x07,0x4a,0x48,0x52,0x89,0x52,0x68,
    0x4a,0x27,0x4a,0x27,0x52,0x88,0x52,0x88,0x52,0x68,0x5a,0xa9,0x52,0x88,0x73,0x4b,0x52,0x68,0x52,0x68,0x5a,0x88,0x6b,0x2b,
    0x63,0x0a,0x5a,0xa9,0x52,0x88,0x5a,0xa9,0x52,0x68,0x5a,0xc9,0x63,0x0a,0x5a,0xa9,0x6b,0x2b,0x52,0x68,0x52,0x68,0x4a,0x27,
    0x6b,0x4b,0x62,0xea,0x4a,0x68,0x4a,0x47,0x5a,0xa9,0x52,0x88,0x52,0x68,0x4a,0x48,0x52,0x88,0x4a,0x27,0x52,0x68,0x52,0x68,
    0x5a,0xa9,0x62,0xc9,0x5a,0xa9,0x41,0xe6,0x5a,0xa9,0x52,0x89,0x42,0x07,0x4a,0x48,0x5a,0xca,0x62,0xea,0x42,0x27,0x4a,0x27,
    0x5a,0xa9,0x52,0x89,0x4a,0x28,0x5a,0x88,0x4a,0x27,0x5a,0xa9,0x5a,0xa9,0x52,0x68,0x41,0xe6,0x5a,0xa9,0x52,0x68,0x39,0xe6,
    0x4a,0x47,0x52,0x68,0x52,0x68,0x4a,0x27,0x5a,0xc9,0x5a,0x89,0x4a,0x47,0x52,0x68,0x4a,0x27,0x42,0x07,0x52,0x68,0x52,0x68,
    0x4a,0x47,0x4a,0x48,0x4a,0x48,0x52,0x68,0x4a,0x47,0x4a,0x48,0x52,0x88,0x52,0x68,0x4a,0x48,0x4a,0x48,0x4a,0x48,0x4a,0x27,
    0x4a,0x48,0x5a,0xa9,0x62,0xca,0x52,0x68,0x5a,0x89,0x5a,0x89,0x52,0x68,0x52,0x88,0x52,0x68,0x4a,0x27,0x4a,0x27,0x52,0x88,
    0x52,0x88,0x52,0x68,0x4a,0x48,0x5a,0xa9,0x42,0x06,0x4a,0x48,0x4a,0x48,0x52,0x68,0x4a,0x47,0x52,0x48,0x4a,0x47,0x4a,0x27,
    0x52,0x68,0x4a,0x47,0x5a,0xa9,0x52,0x88,0x4a,0x47,0x4a,0x47,0x5a,0x88,0x5a,0xa9,0x52,0x48,0x52,0x48,0x52,0x88,0x5a,0x89,
    0x4a,0x47,0x4a,0x27,0x52,0x68,0x62,0xc9,0x52,0x68,0x52,0x68,0x5a,0xa9,0x62,0xea,0x5a,0xa9,0x52,0x68,0x52,0x89,0x5a,0xa9,
    0x5a,0xa9,0x4a,0x27,0x52,0x89,0x62,0xc9,0x5a,0xa9,0x52,0x68,0x52,0x88,0x5a,0x89,0x5a,0x88,0x4a,0x48,0x52,0x88,0x4a,0x47,
    0x52,0x68,0x52,0x88,0x52,0x68,0x4a,0x27,0x5a,0xa9,0x5a,0xa9,0x4a,0x48,0x52,0x88,0x52,0x88,0x4a,0x27,0x4a,0x68,0x52,0x88,
    0x41,0xe6,0x4a,0x48,0x52,0x88,0x52,0x68,0x42,0x07,0x42,0x07,0x41,0xe6,0x42,0x07,0x52,0x48,0x4a,0x27,0x4a,0x27,0x4a,0x27,
    0x52,0x68,0x4a,0x48,0x4a,0x48,0x42,0x07,0x52,0x68,0x5a,0xa9,0x52,0x68,0x52,0x48,0x4a,0x27,0x4a,0x27,0x52,0x88,0x5a,0xa9,
    0x4a,0x47,0x4a,0x27,0x52,0x48,0x5a,0xa9,0x4a,0x48,0x52,0x68,0x4a,0x27,0x5a,0xc9,0x4a,0x48,0x4a,0x27,0x42,0x07,0x42,0x07,
    0x52,0x68,0x4a,0x47,0x4a,0x48,0x52,0x68,0x4a,0x48,0x52,0x48,0x52,0x68,0x5a,0xa9,0x52,0x48,0x52,0x89,0x4a,0x48,0x5a,0xa9,
    0x4a,0x27,0x52,0x68,0x4a,0x27,0x52,0x68,0x42,0x07,0x4a,0x27,0x5a,0xa9,0x5a,0xc9,0x4a,0x47,0x52,0x48,0x5a,0xa9,0x52,0x88,
    0x42,0x07,0x4a,0x47,0x5a,0x88,0x5a,0xa9,0x52,0x68,0x5a,0xa9,0x52,0x68,0x5a,0x89,0x4a,0x27,0x52,0x47,0x52,0x88,0x5a,0xa9,
    0x52,0x68,0x52,0x47,0x4a,0x27,0x5a,0xa9,0x52,0x68,0x4a,0x47,0x4a,0x47,0x4a,0x48,0x5a,0xa9,0x52,0x68,0x5a,0xc9,0x52,0x68,
    0x52,0x68,0x4a,0x48,0x5a,0xa9,0x5a,0xca,0x4a,0x48,0x52,0x68,0x5a,0xa9,0x5a,0xa9,0x52,0x68,0x5a,0x89,0x5a,0xc9,0x5a,0xc9,
    0x52,0x89,0x5a,0xa9,0x52,0x68,0x52,0x88,0x4a,0x48,0x52,0x68,0x4a,0x48,0x4a,0x48,0x52,0x88,0x5a,0xa9,0x5a,0xca,0x5a,0xa9,
    0x52,0x89,0x5a,0xca,0x5a,0xa9,0x5a,0xca,0x4a,0x48,0x5a,0xc9,0x52,0x89,0x52,0x89,0x4a,0x48,0x52,0x68,0x5a,0xc9,0x52,0x89,
    0x5a,0xa9,0x5a,0xa9,0x5a,0xa9,0x52,0x68,0x5a,0xa9,0x52,0x68,0x4a,0x48,0x5a,0x89,0x52,0x89,0x5a,0xca,0x5a,0xca,0x52,0x68,
    0x4a,0x27,0x5a,0x89,0x63,0x0a,0x5a,0xc9,0x52,0x89,0x5a,0xca,0x5a,0xa9,0x52,0x68,0x52,0x89,0x5a,0x89,0x52,0x89,0x52,0x68,
    0x52,0x68,0x5a,0x89,0x5a,0xa9,0x52,0xa9,0x5a,0xa9,0x5a,0xa9,0x5a,0xa9,0x4a,0x48,0x5a,0xa9,0x52,0x88,0x52,0x68,0x52,0x89,
    0x4a,0x48,0x5a,0x89,0x4a,0x27,0x5a,0xa9,0x52,0x68,0x5a,0xa9,0x42,0x07,0x42,0x27,0x52,0x68,0x5a,0x89,0x42,0x07,0x42,0x07,
    0x4a,0x27,0x42,0x07,0x42,0x27,0x4a,0x27,0x52,0x68,0x42,0x27,0x52,0x68,0x4a,0x27,0x5a,0x89,0x5a,0xa9,0x6b,0x0a,0x4a,0x48,
    0x62,0xca,0x52,0x89,0x52,0x89,0x52,0x88,0x5a,0xc9,0x52,0x68,0x4a,0x48,0x4a,0x27,0x52,0x68,0x52,0x68,0x52,0x48,0x4a,0x48,
    0x52,0x68,0x42,0x07,0x62,0xc9,0x4a,0x48,0x52,0x68,0x5a,0xa9,0x5a,0x89,0x4a,0x27,0x4a,0x48,0x42,0x07,0x4a,0x27,0x4a,0x27,
    0x4a,0x27,0x4a,0x27,0x42,0x07,0x4a,0x47,0x4a,0x48,0x52,0x68,0x42,0x07,0x42,0x07,0x4a,0x68,0x4a,0x27,0x42,0x27,0x41,0xe6,
    0x42,0x07,0x4a,0x47,0x4a,0x27,0x52,0x68,0x4a,0x27,0x4a,0x48,0x42,0x27,0x41,0xe7,0x52,0x68,0x52,0x68,0x4a,0x48,0x42,0x27,
    0x52,0x68,0x52,0x88,0x5a,0xa9,0x52,0x68,0x4a,0x27,0x42,0x07,0x4a,0x27,0x52,0x88,0x4a,0x48,0x4a,0x27,0x4a,0x27,0x52,0x68,
    0x4a,0x48,0x52,0x48,0x4a,0x47,0x4a,0x48,0x4a,0x27,0x52,0x68,0x52,0x88,0x52,0x68,0x4a,0x48,0x4a,0x48,0x5a,0x89,0x52,0x68,
    0x52,0x88,0x52,0x68,0x62,0xc9,0x5a,0xa9,0x52,0x68,0x5a,0xa9,0x5a,0xa9,0x4a,0x47,0x4a,0x27,0x52,0x68,0x5a,0xa9,0x52,0x68,
    0x4a,0x48,0x52,0x68,0x5a,0xa9,0x52,0x68,0x4a,0x48,0x4a,0x48,0x62,0xea,0x52,0x68,0x4a,0x48,0x4a,0x48,0x4a,0x48,0x4a,0x48,
    0x4a,0x27,0x52,0x68,0x4a,0x27,0x5a,0xa9,0x52,0x89,0x4a,0x48,0x42,0x07,0x4a,0x27,0x52,0x68,0x4a,0x48,0x4a,0x48,0x42,0x07,
    0x5a,0xa9,0x52,0x89,0x5a,0xca,0x42,0x27,0x6b,0x0a,0x5a,0xa9,0x52,0x68,0x4a,0x27,0x42,0x07,0x52,0x68,0x5a,0xa9,0x52,0x88,
    0x42,0x07,0x52,0x89,0x52,0x89,0x52,0x68,0x4a,0x27,0x52,0x68,0x52,0x88,0x4a,0x47,0x4a,0x27,0x4a,0x48,0x52,0x68,0x4a,0x48,
    0x42,0x07,0x52,0x68,0x4a,0x48,0x5a,0xa9,0x4a,0x48,0x4a,0x48,0x52,0x68,0x5a,0xa9,0x4a,0x27,0x4a,0x27,0x4a,0x48,0x42,0x06,
    0x42,0x07,0x4a,0x27,0x4a,0x27,0x52,0x68,0x5a,0xa9,0x52,0x68,0x4a,0x48,0x4a,0x27,0x5a,0x88,0x52,0x88,0x5a,0xa9,0x4a,0x48,
    0x41,0xe6,0x5a,0x89,0x52,0x68,0x52,0x48,0x4a,0x27,0x52,0x88,0x52,0x68,0x4a,0x47,0x4a,0x27,0x52,0x68,0x4a,0x27,0x52,0x68,
    0x4a,0x48,0x42,0x07,0x4a,0x47,0x52,0x68,0x4a,0x27,0x4a,0x27,0x52,0x88,0x42,0x27,0x4a,0x48,0x52,0x68,0x52,0x48,0x4a,0x48,
    0x5a,0x88,0x52,0x68,0x4a,0x27,0x4a,0x47,0x4a,0x27,0x52,0x68,0x5a,0x88,0x4a,0x27,0x42,0x07,0x52,0x68,0x52,0x68,0x4a,0x07,
    0x4a,0x27,0x4a,0x27,0x4a,0x48,0x52,0x68,0x52,0x68,0x52,0x68,0x52,0x68,0x4a,0x27,0x52,0x68,0x52,0x68,0x52,0x47,0x52,0x88,
    0x5a,0xa9,0x73,0x6c,0x73,0x4b,0x62,0xea,0x62,0xc9,0x62,0xea,0x6b,0x2b,0x62,0xea,0x62,0xea,0x5a,0x89,0x5a,0xa9,0x42,0x07,
    0x4a,0x47,0x52,0x88,0x5a,0xa9,0x5a,0xc9,0x4a,0x48,0x5a,0xa9,0x62,0xe9,0x62,0xc9,0x52,0x68,0x5a,0x88,0x62,0xe9,0x5a,0x88,
    0x4a,0x48,0x41,0xe6,0x4a,0x27,0x52,0x68,0x5a,0x88,0x4a,0x27,0x4a,0x27,0x52,0x89,0x52,0x67,0x52,0x68,0x52,0x89,0x4a,0x27,
    0x52,0x88,0x52,0x88,0x5a,0x89,0x4a,0x27,0x42,0x27,0x42,0x07,0x52,0x68,0x52,0x68,0x52,0x68,0x42,0x07,0x4a,0x47,0x4a,0x27,
    0x42,0x07,0x41,0xe6,0x4a,0x27,0x42,0x27,0x42,0x07,0x42,0x07,0x4a,0x47,0x4a,0x47,0x4a,0x27,0x4a,0x47,0x52,0x68,0x52,0x68,
    0x4a,0x48,0x52,0x88,0x5a,0xc9,0x5a,0xa9,0x52,0x88,0x52,0x68,0x52,0x88,0x4a,0x48,0x4a,0x27,0x4a,0x48,0x52,0x68,0x42,0x07,
    0x4a,0x27,0x4a,0x48,0x4a,0x47,0x52,0x68,0x4a,0x48,0x41,0xe6,0x4a,0x48,0x4a,0x47,0x4a,0x27,0x4a,0x27,0x4a,0x48,0x4a,0x48,
    0x41,0xe7,0x4a,0x27,0x52,0x68,0x4a,0x48,0x5a,0xa9,0x52,0x88,0x5a,0xa9,0x4a,0x27,0x5a,0xa9,0x52,0x68,0x52,0x68,0x4a,0x47,
    0x5a,0x88,0x4a,0x48,0x5a,0x89,0x5a,0xc9,0x5a,0xa9,0x5a,0xa9,0x52,0x68,0x52,0x88,0x4a,0x48,0x5a,0xa9,0x62,0xc9,0x5a,0x88,
    0x4a,0x47,0x52,0x48,0x52,0x88,0x4a,0x48,0x52,0x68,0x4a,0x27,0x5a,0x88,0x52,0x68,0x52,0x68,0x5a,0xc9,0x62,0xc9,0x52,0x68,
    0x4a,0x68,0x42,0x27,0x62,0xea,0x6b,0x0a,0x4a,0x48,0x5a,0xa8,0x4a,0x47,0x4a,0x47,0x4a,0x27,0x52,0x67,0x5a,0x88,0x52,0x68,
    0x4a,0x47,0x52,0x68,0x4a,0x27,0x4a,0x07,0x4a,0x47,0x52,0x48,0x4a,0x47,0x4a,0x48,0x4a,0x27,0x52,0x68,0x52,0x48,0x42,0x07,
    0x4a,0x27,0x52,0x68,0x52,0x68,0x52,0x48,0x5a,0x89,0x52,0x68,0x52,0x88,0x52,0x88,0x4a,0x48,0x4a,0x27,0x52,0x67,0x4a,0x27,
    0x4a,0x27,0x52,0x68,0x5a,0x88,0x4a,0x27,0x4a,0x27,0x62,0xea,0x52,0x48,0x41,0xe6,0x52,0x88,0x4a,0x27,0x42,0x07,0x52,0x88,
    0x42,0x06,0x42,0x07,0x42,0x27,0x5a,0x88,0x52,0x68,0x4a,0x27,0x52,0x68,0x4a,0x06,0x52,0x68,0x4a,0x47,0x4a,0x27,0x4a,0x06,
    0x4a,0x27,0x4a,0x07,0x41,0xe6,0x4a,0x27,0x4a,0x47,0x42,0x06,0x4a,0x27,0x4a,0x27,0x4a,0x27,0x52,0x47,0x4a,0x27,0x42,0x07,
    0x4a,0x47,0x52,0x47,0x4a,0x27,0x41,0xe6,0x4a,0x27,0x4a,0x07,0x42,0x06,0x4a,0x27,0x4a,0x07,0x42,0x07,0x42,0x07,0x42,0x06,
    0x42,0x07,0x42,0x07,0x41,0xe6,0x41,0xe6,0x41,0xe6,0x42,0x07,0x42,0x07,0x39,0xc6,0x4a,0x06,0x4a,0x47,0x4a,0x47,0x42,0x07,
    0x52,0x88,0x5a,0xca,0x4a,0x27,0x52,0x88,0x52,0x88,0x5a,0xa9,0x4a,0x27,0x4a,0x47,0x39,0xc6,0x5a,0xc9,0x42,0x07,0x31,0x85,
    0x4a,0x27,0x4a,0x48,0x4a,0x47,0x52,0x68,0x52,0x88,0x52,0x47,0x52,0x68,0x52,0x48,0x4a,0x47,0x4a,0x27,0x52,0x68,0x5a,0x88,
    0x4a,0x47,0x52,0x68,0x52,0x48,0x4a,0x47,0x62,0xea,0x5a,0x88,0x52,0x68,0x5a,0x88,0x52,0x67,0x5a,0x88,0x52,0x88,0x4a,0x27,
    0x4a,0x47,0x52,0x68,0x52,0x68,0x52,0x48,0x42,0x07,0x42,0x07,0x5a,0x88,0x5a,0xa9,0x62,0xc9,0x52,0x68,0x4a,0x07,0x41,0xe6,
    0x62,0xea,0x5a,0xa8,0x4a,0x47,0x52,0x67,0x52,0x68,0x4a,0x47,0x5a,0x88,0x52,0x68,0x5a,0x88,0x52,0x88,0x52,0x68,0x4a,0x27,
    0x4a,0x47,0x52,0x88,0x52,0x68,0x52,0x68,0x5a,0x88,0x52,0x68,0x4a,0x27,0x52,0x47,0x52,0x68,0x5a,0x88,0x5a,0xa9,0x5a,0xa9,
    0x62,0xc9,0x5a,0xa9,0x5a,0xa9,0x5a,0x89,0x5a,0xa9,0x4a,0x47,0x62,0xc9,0x62,0xc9,0x5a,0xa9,0x5a,0xa9,0x5a,0xc9,0x5a,0xa9,
    0x52,0x68,0x62,0xea,0x5a,0xc9,0x5a,0x88,0x5a,0x88,0x5a,0xa9,0x62,0xc9,0x6b,0x0a,0x5a,0x88,0x5a,0xa9,0x52,0x88,0x5a,0xa9,
    0x52,0x88,0x52,0x68,0x52,0x68,0x5a,0xa9,0x52,0x68,0x4a,0x47,0x52,0x88,0x5a,0xa9,0x5a,0xa8,0x62,0xc9,0x62,0xea,0x52,0x68,
    0x62,0xc9,0x62,0xc9,0x6b,0x0a,0x5a,0xa9,0x5a,0x89,0x5a,0xc9,0x5a,0xa9,0x5a,0x89,0x5a,0xa9,0x63,0x0a,0x63,0x0a,0x6b,0x0a,
    0x5a,0xa9,0x52,0x88,0x52,0x89,0x5a,0xca,0x5a,0x88,0x52,0x89,0x52,0x89,0x52,0x68,0x62,0xea,0x62,0xea,0x6b,0x0a,0x39,0xc6,
    0x63,0x0a,0x63,0x0a,0x62,0xc9,0x39,0xc6,0x63,0x0a,0x52,0x88,0x5a,0xc9,0x4a,0x47,0x41,0xe6,0x62,0xea,0x83,0xcd,0x5a,0x88,
    0x4a,0x27,0x62,0xc9,0x52,0x68,0x42,0x07,0x52,0x68,0x5a,0xa9,0x5a,0xa9,0x52,0x48,0x52,0x88,0x6b,0x0a,0x5a,0xc9,0x52,0x68,
    0x5a,0xa8,0x62,0xc9,0x5a,0xa9,0x52,0x68,0x4a,0x27,0x4a,0x47,0x52,0x88,0x52,0x89,0x4a,0x27,0x42,0x07,0x52,0x88,0x5a,0xa9,
    0x52,0x48,0x4a,0x47,0x4a,0x27,0x42,0x27,0x52,0x68,0x4a,0x47,0x4a,0x47,0x4a,0x27,0x52,0x68,0x52,0x68,0x41,0xe6,0x41,0xe6,
    0x4a,0x47,0x4a,0x27,0x42,0x07,0x42,0x07,0x39,0xc6,0x42,0x07,0x4a,0x68,0x52,0x68,0x4a,0x48,0x42,0x06,0x42,0x07,0x4a,0x48,
    0x4a,0x27,0x52,0x68,0x4a,0x48,0x52,0x68,0x5a,0xa9,0x52,0x88,0x4a,0x27,0x62,0xc9,0x52,0x88,0x4a,0x47,0x4a,0x27,0x4a,0x47,
    0x52,0x68,0x5a,0xa9,0x4a,0x47,0x5a,0x88,0x5a,0xa9,0x52,0x89,0x52,0x68,0x52,0x48,0x52,0x48,0x6b,0x0a,0x62,0xea,0x4a,0x27,
    0x52,0x68,0x52,0x68,0x6b,0x2a,0x63,0x0a,0x5a,0xa9,0x42,0x07,0x5a,0xa9,0x5a,0xa9,0x4a,0x27,0x4a,0x27,0x4a,0x27,0x4a,0x27,
    0x4a,0x47,0x52,0x68,0x52,0x68,0x52,0x68,0x4a,0x68,0x4a,0x47,0x62,0xca,0x52,0x68,0x4a,0x27,0x4a,0x47,0x52,0x68,0x52,0x68,
    0x4a,0x27,0x4a,0x48,0x5a,0xc9,0x4a,0x47,0x4a,0x48,0x4a,0x48,0x52,0x68,0x52,0x68,0x4a,0x27,0x4a,0x27,0x52,0x68,0x52,0x89,
    0x52,0x88,0x4a,0x47,0x52,0x89,0x52,0x68,0x4a,0x27,0x4a,0x27,0x4a,0x27,0x5a,0xa9,0x4a,0x27,0x4a,0x27,0x4a,0x27,0x4a,0x48,
    0x4a,0x27,0x4a,0x27,0x4a,0x27,0x42,0x07,0x52,0x68,0x52,0x88,0x52,0x47,0x52,0x68,0x5a,0xa9,0x62,0xca,0x6b,0x0a,0x52,0x68,
    0x52,0x88,0x5a,0xa9,0x52,0x88,0x52,0x68,0x42,0x07,0x52,0x88,0x5a,0xc9,0x52,0x68,0x4a,0x27,0x52,0x68,0x5a,0xa9,0x5a,0xa9,
    0x4a,0x48,0x4a,0x47,0x4a,0x27,0x4a,0x47,0x5a,0xc9,0x4a,0x27,0x4a,0x47,0x4a,0x48,0x52,0x88,0x4a,0x27,0x4a,0x48,0x4a,0x27,
    0x4a,0x48,0x4a,0x48,0x4a,0x27,0x4a,0x27,0x52,0x68,0x52,0x68,0x52,0x68,0x5a,0xa9,0x4a,0x27,0x4a,0x47,0x52,0x68,0x5a,0x88,
    0x42,0x07,0x4a,0x47,0x52,0x68,0x4a,0x47,0x52,0x68,0x52,0x68,0x52,0x88,0x4a,0x48,0x5a,0xa8,0x6a,0xe9,0x52,0x68,0x4a,0x47,
    0x52,0x67,0x6b,0x2a,0x5a,0xa9,0x52,0x68,0x5a,0xc9,0x6b,0x0a,0x4a,0x47,0x52,0x68,0x4a,0x48,0x52,0x48,0x52,0x68,0x4a,0x48,
    0x4a,0x47,0x52,0x68,0x52,0x68,0x4a,0x48,0x52,0x88,0x52,0x68,0x52,0x48,0x52,0x88,0x5a,0xa9,0x52,0x88,0x52,0x88,0x52,0x68,
    0x4a,0x48,0x52,0x68,0x52,0x88,0x4a,0x48,0x52,0x68,0x52,0x48,0x52,0x68,0x52,0x68,0x52,0x68,0x42,0x07,0x4a,0x27,0x52,0x68,
    0x52,0x88,0x52,0x68,0x4a,0x48,0x52,0x68,0x4a,0x48,0x4a,0x48,0x4a,0x47,0x52,0x88,0x5a,0x88,0x52,0x88,0x4a,0x47,0x5a,0x88,
    0x5a,0xc9,0x5a,0xa9,0x4a,0x48,0x52,0x88,0x5a,0x89,0x5a,0xa9,0x52,0x89,0x52,0x88,0x52,0x88,0x5a,0xa9,0x5a,0x88,0x52,0x68,
    0x52,0x88,0x52,0x88,0x5a,0x89,0x5a,0xa9,0x5a,0x88,0x5a,0x88,0x5a,0x88,0x52,0x88,0x52,0x68,0x52,0x88,0x5a,0x88,0x52,0x88,
    0x52,0x68,0x5a,0xa8,0x52,0x68,0x52,0x68,0x5a,0xa9,0x52,0x68,0x52,0x68,0x4a,0x48,0x52,0x68,0x52,0x88,0x52,0x68,0x52,0x68,
    0x52,0x89,0x62,0xe9,0x5a,0xa9,0x4a,0x27,0x5a,0x88,0x4a,0x47,0x52,0x68,0x4a,0x48,0x4a,0x27,0x4a,0x47,0x5a,0xa9,0x4a,0x27,
    0x5a,0x89,0x52,0x68,0x4a,0x48,0x4a,0x48,0x52,0x48,0x4a,0x27,0x42,0x07,0x4a,0x27,0x4a,0x47,0x4a,0x48,0x4a,0x48,0x52,0x68,
    0x42,0x07,0x4a,0x27,0x52,0x88,0x5a,0xc9,0x4a,0x48,0x52,0x68,0x4a,0x48,0x4a,0x48,0x52,0x88,0x5a,0xca,0x5a,0xa9,0x42,0x07,
    0x52,0x68,0x52,0x88,0x4a,0x27,0x4a,0x48,0x5a,0xa9,0x52,0x89,0x52,0x89,0x4a,0x47,0x52,0x89,0x52,0x68,0x4a,0x27,0x42,0x07,
    0x4a,0x27,0x4a,0x47,0x4a,0x47,0x39,0xc6,0x4a,0x48,0x42,0x07,0x39,0xa5,0x42,0x07,0x4a,0x48,0x5a,0xa9,0x52,0x88,0x4a,0x47,
    0x52,0x68,0x5a,0x88,0x5a,0x88,0x52,0x67,0x4a,0x48,0x52,0x88,0x5a,0xa8,0x73,0x6c,0x4a,0x48,0x5a,0x88,0x52,0x68,0x52,0x88,
    0x52,0x68,0x52,0x68,0x52,0x68,0x52,0x68,0x5a,0x88,0x5a,0xa9,0x5a,0x88,0x52,0x68,0x5a,0xc9,0x4a,0x26,0x5a,0xa8,0x52,0x68,
    0x5a,0x89,0x62,0xc9,0x63,0x0a,0x4a,0x27,0x52,0x68,0x52,0x88,0x52,0x89,0x5a,0xca,0x52,0x68,0x5a,0xc9,0x52,0x89,0x4a,0x48,
    0x4a,0x47,0x52,0x88,0x52,0x68,0x52,0x88,0x52,0x68,0x5a,0xa9,0x52,0x67,0x52,0x47,0x52,0x68,0x4a,0x27,0x4a,0x48,0x52,0x68,
    0x4a,0x27,0x4a,0x48,0x5a,0xc9,0x5a,0x89,0x52,0x68,0x5a,0xc9,0x5a,0xa9,0x5a,0x89,0x4a,0x47,0x6b,0x0a,0x5a,0xc9,0x42,0x07,
    0x52,0x68,0x5a,0xc9,0x52,0x89,0x52,0x89,0x4a,0x48,0x52,0x68,0x4a,0x48,0x5a,0xc9,0x52,0x88,0x52,0x68,0x42,0x07,0x5a,0xa9,
    0x52,0x68,0x52,0x68,0x4a,0x68,0x4a,0x48,0x52,0x68,0x52,0x89,0x5a,0x88,0x4a,0x48,0x5a,0xc9,0x52,0x68,0x4a,0x48,0x52,0x88,
    0x4a,0x48,0x52,0x68,0x52,0x89,0x52,0x89,0x52,0x68,0x5a,0xa9,0x52,0x68,0x4a,0x48,0x5a,0xa9,0x62,0xca,0x5a,0xa9,0x52,0x89,
    0x52,0x68,0x52,0x68,0x52,0x68,0x52,0x68,0x52,0x68,0x4a,0x48,0x4a,0x48,0x42,0x07,0x52,0x89,0x4a,0x48,0x52,0x88,0x4a,0x27,
    0x52,0x88,0x5a,0x89,0x63,0x0a,0x4a,0x27,0x52,0x89,0x52,0x68,0x62,0xea,0x5a,0xc9,0x52,0x89,0x5a,0xa9,0x62,0xca,0x62,0xca,
    0x4a,0x27,0x5a,0xc9,0x52,0x89,0x5a,0xc9,0x52,0x88,0x4a,0x48,0x52,0x89,0x52,0x88,0x5a,0xa9,0x5a,0xa9,0x52,0x88,0x52,0x68,
    0x52,0x68,0x6b,0x0a,0x62,0xca,0x52,0x88,0x6b,0x2b,0x31,0x85,0x52,0x88,0x73,0x6b,0x52,0x68,0x52,0x88,0x52,0x88,0x4a,0x28,
    0x5a,0xa9,0x5a,0xa9,0x5a,0xa9,0x4a,0x48,0x52,0x68,0x52,0x68,0x52,0x89,0x52,0x88,0x52,0x68,0x52,0x68,0x4a,0x27,0x42,0x27,
    0x4a,0x48,0x42,0x07,0x4a,0x68,0x42,0x07,0x4a,0x48,0x4a,0x48,0x5a,0xa9,0x4a,0x48,0x52,0x68,0x4a,0x48,0x4a,0x48,0x4a,0x27,
    0x41,0xe6,0x52,0x89,0x52,0x68,0x42,0x27,0x52,0x48,0x4a,0x48,0x52,0x88,0x4a,0x47,0x4a,0x48,0x52,0x88,0x4a,0x48,0x4a,0x27,
    0x52,0x68,0x4a,0x48,0x4a,0x27,0x52,0x48,0x52,0x68,0x4a,0x27,0x4a,0x27,0x52,0x48,0x4a,0x48,0x52,0x68,0x4a,0x27,0x42,0x27,
    0x4a,0x48,0x4a,0x48,0x4a,0x27,0x42,0x07,0x42,0x07,0x42,0x07,0x42,0x07,0x42,0x07,0x41,0xe7,0x4a,0x27,0x4a,0x27,0x42,0x07,
    0x42,0x07,0x42,0x27,0x4a,0x27,0x4a,0x27,0x42,0x07,0x4a,0x27,0x52,0x89,0x4a,0x48,0x31,0xa6,0x4a,0x48,0x5a,0xa9,0x52,0x68,
    0x42,0x07,0x42,0x27,0x4a,0x28,0x4a,0x48,0x5a,0xa9,0x62,0xea,0x7b,0xac,0x6b,0x0a,0x39,0xe6,0x4a,0x68,0x83,0xcd,0x5a,0xc9,
    0x42,0x07,0x42,0x07,0x52,0x68,0x4a,0x27,0x4a,0x48,0x42,0x07,0x52,0x68,0x52,0x68,0x52,0x68,0x6b,0x2b,0x5a,0xc9,0x4a,0x47,
    0x42,0x27,0x73,0x6b,0x6b,0x2a,0x42,0x27,0x42,0x07,0x52,0x68,0x52,0x68,0x52,0x88,0x52,0x68,0x52,0x89,0x52,0x88,0x52,0x68,
    0x4a,0x48,0x52,0x68,0x52,0x88,0x4a,0x48,0x4a,0x27,0x5a,0x89,0x62,0xea,0x4a,0x48,0x52,0x68,0x5a,0xa9,0x52,0x68,0x4a,0x48,
    0x52,0x48,0x6b,0x0a,0x62,0xc9,0x42,0x07,0x4a,0x48,0x4a,0x27,0x42,0x27,0x52,0x68,0x4a,0x47,0x4a,0x48,0x4a,0x27,0x52,0x68,
    0x4a,0x27,0x4a,0x27,0x42,0x07,0x4a,0x48,0x52,0x68,0x52,0x48,0x52,0x48,0x4a,0x47,0x52,0x68,0x62,0xc9,0x5a,0xa9,0x52,0x68,
    0x5a,0x88,0x5a,0x89,0x4a,0x47,0x52,0x68,0x52,0x88,0x4a,0x48,0x4a,0x27,0x52,0x68,0x42,0x07,0x42,0x07,0x42,0x07,0x52,0x68,
    0x52,0x68,0x42,0x07,0x4a,0x27,0x52,0x88,0x52,0x68,0x5a,0xa9,0x52,0x68,0x52,0x68,0x52,0x68,0x5a,0xa9,0x5a,0x89,0x52,0x68,
    0x52,0x88,0x52,0x68,0x52,0x88,0x5a,0xa9,0x4a,0x27,0x5a,0xa9,0x6b,0x0a,0x52,0x68,0x5a,0xa9,0x5a,0x89,0x62,0xc9,0x5a,0xa9,
    0x52,0x88,0x62,0xc9,0x62,0xea,0x5a,0xa9,0x62,0xea,0x62,0xea,0x62,0xea,0x73,0x6c,0x52,0x68,0x62,0xea,0x5a,0xa9,0x62,0xea,
    0x52,0x88,0x5a,0xa9,0x62,0xc9,0x62,0xea,0x5a,0x89,0x4a,0x27,0x62,0xca,0x4a,0x47,0x62,0xea,0x52,0x88,0x62,0xc9,0x52,0x67,
    0x5a,0xa9,0x5a,0x88,0x52,0x47,0x52,0x88,0x52,0x88,0x62,0xc9,0x52,0x67,0x5a,0xa9,0x5a,0xa8,0x6a,0xea,0x63,0x0a,0x52,0x88,
    0x6b,0x0a,0x6b,0x2b,0x52,0x89,0x4a,0x48,0x5a,0xca,0x6b,0x2b,0x5a,0xa9,0x4a,0x48,0x4a,0x47,0x52,0x68,0x4a,0x27,0x5a,0xa9,
    0x42,0x07,0x41,0xe6,0x42,0x07,0x52,0x68,0x41,0xe7,0x4a,0x48,0x4a,0x48,0x52,0x88,0x4a,0x27,0x4a,0x48,0x52,0x68,0x52,0x88,
    0x4a,0x48,0x5a,0xa9,0x52,0x89,0x52,0x68,0x4a,0x48,0x4a,0x48,0x4a,0x27,0x52,0x68,0x4a,0x27,0x4a,0x27,0x52,0x68,0x52,0x68,
    0x52,0x88,0x5a,0x89,0x4a,0x48,0x42,0x07,0x52,0x68,0x52,0x68,0x52,0x68,0x4a,0x27,0x52,0x68,0x52,0x68,0x52,0x68,0x4a,0x48,
    0x4a,0x47,0x5a,0xa8,0x5a,0xc9,0x52,0x88,0x4a,0x48,0x41,0xe6,0x42,0x27,0x4a,0x48,0x4a,0x27,0x52,0x89,0x42,0x07,0x4a,0x48,
    0x4a,0x47,0x4a,0x48,0x42,0x06,0x4a,0x47,0x4a,0x48,0x52,0x88,0x52,0x48,0x4a,0x47,0x5a,0x89,0x5a,0xc9,0x5a,0xc9,0x52,0x68,
    0x52,0x68,0x52,0x88,0x5a,0xa9,0x4a,0x47,0x52,0x68,0x62,0xea,0x5a,0xa9,0x62,0xca,0x5a,0xa9,0x5a,0xa9,0x62,0xca,0x4a,0x27,
    0x5a,0xa9,0x52,0x68,0x52,0x88,0x52,0x68,0x52,0x68,0x52,0x68,0x5a,0xa9,0x5a,0xa9,0x52,0x88,0x5a,0x89,0x4a,0x47,0x4a,0x27,
    0x5a,0xa9,0x5a,0xa9,0x42,0x07,0x4a,0x27,0x52,0x68,0x4a,0x47,0x52,0x68,0x52,0x88,0x52,0x47,0x4a,0x27,0x52,0x68,0x52,0x48,
    0x41,0xe6,0x4a,0x27,0x42,0x06,0x42,0x06,0x52,0x68,0x5a,0x88,0x52,0x48,0x62,0xea,0x52,0x68,0x4a,0x47,0x5a,0x88,0x52,0x68,
    0x4a,0x48,0x52,0x48,0x4a,0x47,0x4a,0x27,0x4a,0x48,0x4a,0x47,0x4a,0x27,0x52,0x68,0x52,0x88,0x4a,0x47,0x4a,0x48,0x52,0x88,
    0x62,0xc9,0x4a,0x27,0x4a,0x48,0x5a,0xa9,0x5a,0x88,0x52,0x48,0x52,0x68,0x52,0x68,0x4a,0x47,0x4a,0x47,0x52,0x68,0x52,0x88,
    0x4a,0x47,0x4a,0x47,0x4a,0x47,0x52,0x88,0x52,0x68,0x4a,0x27,0x41,0xe6,0x42,0x06,0x5a,0x88,0x4a,0x27,0x42,0x27,0x4a,0x27,
    0x4a,0x47,0x4a,0x27,0x52,0x68,0x4a,0x27,0x4a,0x27,0x41,0xe6,0x4a,0x27,0x52,0x68,0x52,0x47,0x4a,0x06,0x4a,0x27,0x42,0x06,
    0x4a,0x27,0x4a,0x27,0x4a,0x47,0x4a,0x27,0x4a,0x27,0x4a,0x27,0x52,0x48,0x4a,0x47,0x4a,0x47,0x4a,0x27,0x52,0x68,0x52,0x47,
    0x4a,0x47,0x5a,0xa9,0x52,0x48,0x4a,0x47,0x52,0x68,0x52,0x88,0x4a,0x47,0x4a,0x48,0x4a,0x47,0x41,0xe6,0x52,0x68,0x52,0x68,
    0x4a,0x47,0x4a,0x47,0x52,0x48,0x4a,0x47,0x5a,0xa9,0x4a,0x47,0x52,0x68,0x52,0x68,0x52,0x68,0x52,0x88,0x52,0x68,0x4a,0x47,
    0x5a,0xa9,0x52,0x68,0x52,0x68,0x62,0xc9,0x52,0x88,0x4a,0x48,0x52,0x68,0x5a,0xa9,0x5a,0xa9,0x4a,0x27,0x4a,0x27,0x62,0xc8,
    0x52,0x68,0x4a,0x47,0x62,0xc9,0x5a,0x87,0x52,0x88,0x52,0x48,0x5a,0xa9,0x62,0xc8,0x52,0x88,0x39,0xc6,0x52,0x68,0x5a,0xa9,
    0x62,0xa8,0x62,0xe9,0x52,0x88,0x4a,0x27,0x42,0x06,0x5a,0xa8,0x62,0xc9,0x52,0x68,0x52,0x46,0x62,0xc9,0x5a,0xa8,0x4a,0x48,
    0x62,0xc9,0x62,0xc9,0x4a,0x07,0x52,0x48,0x4a,0x27,0x52,0x68,0x52,0x68,0x5a,0xa9,0x42,0x07,0x52,0x68,0x5a,0x88,0x52,0x68,
    0x52,0x88,0x52,0x48,0x5a,0x88,0x52,0x88,0x5a,0xc9,0x52,0x89,0x4a,0x48,0x52,0x48,0x5a,0xa9,0x5a,0x89,0x52,0x68,0x5a,0xa9,
    0x62,0xea,0x5a,0xa9,0x5a,0x88,0x52,0x88,0x5a,0xa9,0x52,0x89,0x5a,0x89,0x52,0x48,0x52,0x48,0x52,0x68,0x52,0x68,0x52,0x68,
    0x52,0x68,0x52,0x68,0x52,0x68,0x5a,0xa9,0x5a,0x89,0x52,0x68,0x5a,0xa9,0x52,0x68,0x4a,0x27,0x52,0x68,0x52,0x68,0x52,0x88,
    0x5a,0xa9,0x5a,0xa9,0x52,0x88,0x52,0x88,0x73,0x4b,0x62,0xc9,0x62,0xea,0x6b,0x0a,0x5a,0xa8,0x5a,0xa9,0x5a,0xa9,0x5a,0xa9,
    0x52,0x88,0x52,0x68,0x4a,0x47,0x5a,0x88,0x52,0x68,0x52,0x88,0x5a,0xa9,0x5a,0xa9,0x5a,0x88,0x5a,0xa9,0x5a,0xa9,0x62,0xea,
    0x5a,0x88,0x5a,0xa9,0x52,0x89,0x5a,0xc9,0x5a,0xa9,0x62,0xc9,0x52,0x68,0x4a,0x47,0x5a,0xa9,0x5a,0xc9,0x52,0x48,0x4a,0x48,
    0x4a,0x48,0x5a,0xc9,0x62,0xc9,0x73,0x6c,0x4a,0x27,0x4a,0x48,0x4a,0x48,0x41,0xe6,0x52,0x68,0x52,0x68,0x52,0x88,0x4a,0x48,
    0x52,0x48,0x52,0x88,0x52,0x68,0x4a,0x48,0x62,0xc9,0x62,0xe9,0x52,0x48,0x4a,0x47,0x31,0xa5,0x52,0x68,0x52,0x68,0x5a,0xa9,
    0x4a,0x27,0x41,0xe6,0x4a,0x47,0x5a,0xa9,0x4a,0x27,0x4a,0x27,0x52,0x68,0x5a,0xa9,0x62,0xc9,0x52,0x68,0x39,0xc6,0x4a,0x68,
    0x73,0x4b,0x5a,0xc9,0x52,0x88,0x5a,0xc9,0x52,0x89,0x6b,0x0a,0x62,0xc9,0x62,0xc9,0x4a,0x48,0x5a,0xa9,0x7b,0x8b,0x6a,0xe9,
    0x4a,0x48,0x52,0x88,0x4a,0x47,0x4a,0x27,0x62,0xc9,0x5a,0xa9,0x5a,0xc9,0x52,0x68,0x73,0x4b,0x5a,0xa9,0x6b,0x0b,0x41,0xe6,
    0x6b,0x0a,0x5a,0xa9,0x5a,0x88,0x52,0x48,0x52,0x68,0x4a,0x27,0x4a,0x47,0x4a,0x48,0x4a,0x27,0x42,0x07,0x42,0x07,0x31,0xa5,
    0x4a,0x27,0x52,0x88,0x42,0x07,0x41,0xe6,0x52,0x68,0x4a,0x48,0x52,0x68,0x5a,0xc9,0x62,0xea,0x52,0x89,0x5a,0xa9,0x5a,0xa9,
    0x52,0x68,0x5a,0x89,0x52,0x48,0x4a,0x27,0x52,0x68,0x42,0x07,0x42,0x07,0x42,0x07,0x5a,0xc9,0x4a,0x48,0x42,0x27,0x42,0x07,
    0x4a,0x27,0x52,0x68,0x5a,0xa9,0x52,0x68,0x4a,0x07,0x52,0x68,0x5a,0xa9,0x52,0x89,0x41,0xe6,0x4a,0x27,0x4a,0x27,0x52,0x68,
    0x4a,0x48,0x5a,0x89,0x42,0x06,0x52,0x68,0x5a,0xa9,0x5a,0x89,0x4a,0x48,0x4a,0x27,0x5a,0xa9,0x5a,0xc9,0x52,0x68,0x4a,0x47,
    0x4a,0x47,0x5a,0xa9,0x5a,0x88,0x52,0x88,0x5a,0xa9,0x52,0x68,0x52,0x68,0x5a,0xca,0x52,0x68,0x52,0x88,0x52,0x68,0x52,0x47,
    0x52,0x88,0x5a,0xa9,0x52,0x68,0x4a,0x48,0x5a,0xa9,0x52,0x88,0x5a,0xc9,0x4a,0x27,0x62,0xea,0x52,0x68,0x5a,0x89,0x52,0x47,
    0x4a,0x47,0x52,0x68,0x42,0x06,0x52,0x68,0x4a,0x48,0x4a,0x27,0x4a,0x27,0x4a,0x47,0x4a,0x48,0x4a,0x27,0x52,0x68,0x52,0x68,
    0x52,0x68,0x4a,0x48,0x52,0x68,0x4a,0x47,0x5a,0xa9,0x52,0x88,0x5a,0x89,0x52,0x68,0x52,0x68,0x52,0x88,0x52,0x68,0x52,0x88,
    0x41,0xe7,0x52,0x47,0x5a,0x88,0x62,0xea,0x52,0x88,0x52,0x68,0x52,0x88,0x5a,0xa9,0x52,0x67,0x52,0x47,0x52,0x68,0x4a,0x48,
    0x4a,0x47,0x4a,0x27,0x4a,0x48,0x4a,0x48,0x5a,0xa8,0x52,0x68,0x4a,0x27,0x4a,0x68,0x52,0x67,0x5a,0x88,0x41,0xe7,0x4a,0x48,
    0x52,0x89,0x52,0x69,0x4a,0x48,0x42,0x07,0x52,0x89,0x4a,0x28,0x4a,0x27,0x4a,0x27,0x4a,0x68,0x42,0x27,0x52,0x68,0x4a,0x48,
    0x4a,0x48,0x4a,0x27,0x42,0x07,0x42,0x07,0x52,0x68,0x52,0x68,0x4a,0x27,0x52,0x68,0x41,0xe7,0x4a,0x48,0x4a,0x27,0x4a,0x48,
    0x42,0x07,0x52,0x68,0x5a,0x89,0x52,0x68,0x4a,0x48,0x4a,0x48,0x52,0x68,0x52,0x48,0x52,0x48,0x52,0x68,0x52,0x68,0x52,0x68,
    0x52,0x68,0x52,0x68,0x5a,0xa9,0x52,0x48,0x5a,0xa9,0x52,0x68,0x52,0x88,0x52,0x68,0x52,0x68,0x52,0x88,0x4a,0x47,0x4a,0x48,
    0x52,0x68,0x4a,0x48,0x52,0x88,0x5a,0x88,0x52,0x68,0x52,0x68,0x5a,0xa9,0x5a,0xc9,0x4a,0x48,0x52,0x88,0x52,0x68,0x5a,0xc9,
    0x52,0x68,0x5a,0xca,0x73,0x6c,0x73,0x6c,0x52,0x68,0x52,0x68,0x52,0x88,0x52,0x68,0x52,0x68,0x5a,0xa9,0x5a,0xc9,0x5a,0xc9,
    0x62,0xea,0x5a,0xa9,0x52,0x88,0x5a,0xca,0x5a,0x89,0x4a,0x47,0x52,0x68,0x5a,0xa9,0x52,0x68,0x52,0x68,0x52,0x88,0x52,0x88,
    0x5a,0xa9,0x42,0x27,0x4a,0x48,0x4a,0x27,0x5a,0x89,0x4a,0x48,0x52,0x68,0x4a,0x48,0x5a,0xa9,0x4a,0x48,0x52,0x68,0x4a,0x27,
    0x4a,0x48,0x41,0xe6,0x41,0xe6,0x4a,0x48,0x4a,0x48,0x4a,0x47,0x4a,0x27,0x42,0x27,0x4a,0x27,0x4a,0x27,0x41,0xe6,0x42,0x27,
    0x4a,0x27,0x42,0x27,0x41,0xe7,0x42,0x07,0x4a,0x48,0x42,0x07,0x4a,0x48,0x4a,0x48,0x4a,0x27,0x4a,0x27,0x4a,0x48,0x52,0x68,
    0x4a,0x48,0x52,0x68,0x4a,0x27,0x42,0x27,0x4a,0x48,0x52,0x68,0x4a,0x68,0x4a,0x27,0x52,0x68,0x4a,0x27,0x39,0xc6,0x52,0x68,
    0x4a,0x28,0x4a,0x48,0x52,0x88,0x4a,0x48,0x42,0x07,0x73,0x6c,0x62,0xea,0x5a,0x89,0x42,0x27,0x52,0x89,0x5a,0xc9,0x52,0x68,
    0x52,0x68,0x52,0x88,0x4a,0x48,0x4a,0x27,0x52,0x89,0x52,0x88,0x5a,0xa9,0x5a,0xa9,0x4a,0x48,0x52,0x88,0x52,0x68,0x52,0x68,
    0x42,0x07,0x4a,0x48,0x4a,0x48,0x4a,0x48,0x52,0x68,0x6b,0x2b,0x5a,0xc9,0x52,0x89,0x5a,0x89,0x5a,0xa9,0x52,0x48,0x4a,0x27,
    0x52,0x68,0x4a,0x27,0x4a,0x27,0x4a,0x48,0x4a,0x48,0x4a,0x27,0x4a,0x27,0x5a,0x89,0x62,0xea,0x5a,0x88,0x42,0x07,0x4a,0x27,
    0x52,0x68,0x5a,0x89,0x52,0x88,0x52,0x68,0x4a,0x47,0x62,0xc9,0x52,0x48,0x6b,0x0a,0x5a,0x89,0x62,0xc9,0x52,0x68,0x5a,0xa9,
    0x52,0x67,0x6b,0x0a,0x6b,0x09,0x52,0x68,0x5a,0xa9,0x5a,0xa8,0x62,0xa8,0x52,0x68,0x6b,0x0a,0x5a,0x88,0x5a,0x67,0x62,0xc9,
    0x5a,0x88,0x5a,0x88,0x52,0x47,0x62,0xc9,0x52,0x89,0x4a,0x48,0x52,0x69,0x52,0x89,0x4a,0x48,0x4a,0x48,0x4a,0x27,0x4a,0x68,
    0x4a,0x48,0x4a,0x27,0x4a,0x47,0x4a,0x48,0x52,0x68,0x42,0x07,0x42,0x07,0x52,0x68,0x5a,0xa9,0x52,0x68,0x4a,0x27,0x4a,0x48,
    0x52,0x89,0x4a,0x48,0x4a,0x48,0x4a,0x48,0x4a,0x27,0x4a,0x48,0x4a,0x27,0x4a,0x48,0x4a,0x48,0x4a,0x48,0x52,0x68,0x52,0x68,
    0x52,0x68,0x52,0x68,0x52,0x89,0x4a,0x48,0x52,0x68,0x62,0xea,0x5a,0xa9,0x5a,0xc9,0x5a,0xa9,0x52,0x68,0x62,0xc9,0x62,0xc9,
    0x4a,0x48,0x52,0x48,0x52,0x68,0x4a,0x48,0x42,0x07,0x5a,0xca,0x5a,0xa9,0x5a,0xa9,0x39,0xe6,0x42,0x07,0x52,0x68,0x4a,0x48,
    0x41,0xe6,0x4a,0x48,0x52,0x68,0x52,0x68,0x4a,0x27,0x4a,0x27,0x42,0x27,0x4a,0x48,0x52,0x89,0x42,0x07,0x4a,0x27,0x52,0x68,
    0x4a,0x47,0x42,0x07,0x4a,0x48,0x4a,0x27,0x52,0x89,0x52,0x89,0x4a,0x48,0x52,0x89,0x52,0x48,0x5a,0xa9,0x4a,0x48,0x52,0x68,
    0x52,0x48,0x5a,0xc9,0x4a,0x27,0x42,0x27,0x42,0x27,0x5a,0xa9,0x4a,0x48,0x4a,0x48,0x4a,0x48,0x42,0x07,0x4a,0x47,0x5a,0xa9,
    0x4a,0x48,0x41,0xe7,0x4a,0x27,0x5a,0x89,0x42,0x07,0x52,0x89,0x4a,0x68,0x4a,0x48,0x42,0x07,0x42,0x27,0x52,0x68,0x52,0x68,
    0x41,0xe6,0x4a,0x48,0x41,0xe6,0x4a,0x48,0x4a,0x27,0x62,0xc9,0x41,0xe7,0x52,0x68,0x52,0x89,0x4a,0x48,0x4a,0x27,0x4a,0x48,
    0x52,0x89,0x4a,0x48,0x42,0x07,0x4a,0x48,0x52,0x68,0x4a,0x48,0x42,0x07,0x52,0x88,0x4a,0x48,0x4a,0x47,0x4a,0x48,0x4a,0x48,
    0x42,0x27,0x4a,0x48,0x52,0x68,0x4a,0x27,0x4a,0x27,0x4a,0x48,0x4a,0x68,0x4a,0x27,0x4a,0x27,0x4a,0x48,0x52,0x89,0x4a,0x48,
    0x4a,0x48,0x52,0x68,0x52,0x68,0x62,0xc9,0x52,0x68,0x4a,0x48,0x42,0x27,0x42,0x27,0x4a,0x27,0x41,0xe6,0x42,0x07,0x4a,0x47,
    0x4a,0x47,0x52,0x68,0x52,0x88,0x52,0x68,0x52,0x68,0x52,0x89,0x4a,0x48,0x52,0x68,0x39,0xc6,0x4a,0x48,0x52,0x68,0x52,0x89,
    0x4a,0x48,0x4a,0x27,0x52,0x68,0x63,0x0a,0x52,0x88,0x4a,0x27,0x52,0x68,0x5a,0x88,0x5a,0xc9,0x52,0x68,0x52,0x68,0x52,0x47,
    0x52,0x89,0x5a,0xa9,0x5a,0xc9,0x52,0x68,0x4a,0x68,0x52,0x88,0x5a,0xa9,0x4a,0x48,0x6b,0x4b,0x52,0x68,0x5a,0xca,0x4a,0x27,
    0x4a,0x48,0x39,0xe6,0x4a,0x27,0x42,0x07,0x4a,0x47,0x5a,0x88,0x4a,0x47,0x4a,0x27,0x62,0xca,0x5a,0xa9,0x42,0x07,0x4a,0x27,
    0x4a,0x48,0x5a,0x89,0x4a,0x48,0x42,0x07,0x42,0x07,0x4a,0x07,0x4a,0x47,0x52,0x89,0x52,0x68,0x4a,0x27,0x5a,0x89,0x5a,0xa9,
    0x42,0x07,0x52,0x48,0x4a,0x27,0x4a,0x48,0x41,0xe6,0x42,0x07,0x4a,0x47,0x52,0x68,0x52,0x68,0x39,0xe7,0x4a,0x48,0x52,0x68,
    0x4a,0x47,0x42,0x07,0x42,0x07,0x52,0x68,0x52,0x68,0x52,0x68,0x4a,0x27,0x4a,0x47,0x52,0x68,0x52,0x68,0x4a,0x48,0x4a,0x27,
    0x4a,0x48,0x39,0xe6,0x4a,0x27,0x4a,0x48,0x52,0x48,0x5a,0xa9,0x5a,0xa9,0x62,0xc9,0x4a,0x27,0x52,0x68,0x62,0xc9,0x6b,0x0a,
    0x4a,0x27,0x4a,0x48,0x52,0x68,0x5a,0xa9,0x4a,0x28,0x4a,0x48,0x52,0x88,0x5a,0xc9,0x6b,0x4b,0x4a,0x27,0x63,0x0a,0x6b,0x2a,
    0x6b,0x4b,0x62,0xe9,0x5a,0xc9,0x41,0xe6,0x6b,0x2a,0x6b,0x0a,0x52,0x88,0x4a,0x48,0x52,0x88,0x4a,0x27,0x5a,0xa9,0x52,0x68,
    0x5a,0x88,0x5a,0xa9,0x5a,0xa8,0x4a,0x47,0x4a,0x48,0x52,0x88,0x5a,0xc9,0x5a,0xca,0x5a,0xa9,0x5a,0x89,0x5a,0xca,0x5a,0xa9,
    0x52,0x89,0x52,0x89,0x4a,0x48,0x5a,0xa9,0x5a,0xca,0x5a,0xc9,0x5a,0xca,0x52,0x88,0x63,0x0a,0x52,0x89,0x5a,0xa9,0x52,0x89,
    0x5a,0xa9,0x4a,0x47,0x5a,0xa9,0x52,0x68,0x5a,0xc9,0x52,0x68,0x4a,0x48,0x4a,0x48,0x4a,0x48,0x4a,0x27,0x52,0x88,0x4a,0x47,
    0x4a,0x27,0x42,0x27,0x4a,0x47,0x42,0x07,0x4a,0x27,0x42,0x07,0x52,0x68,0x4a,0x48,0x5a,0x89,0x42,0x07,0x52,0x68,0x42,0x07,
    0x39,0xc6,0x4a,0x48,0x52,0x68,0x52,0x88,0x42,0x07,0x52,0x68,0x52,0x68,0x5a,0xc9,0x4a,0x27,0x52,0x68,0x5a,0x88,0x62,0xc9,
    0x4a,0x48,0x4a,0x27,0x52,0x88,0x52,0x47,0x52,0x68,0x5a,0x88,0x5a,0x88,0x5a,0xa9,0x4a,0x48,0x4a,0x27,0x5a,0x89,0x52,0x89,
    0x5a,0x88,0x52,0x47,0x5a,0xa9,0x52,0x88,0x5a,0xa8,0x52,0x68,0x52,0x68,0x52,0x68,0x5a,0xa9,0x4a,0x27,0x52,0x68,0x62,0xc9,
    0x52,0x68,0x5a,0xa9,0x62,0xea,0x63,0x0a,0x5a,0xa9,0x5a,0xc9,0x5a,0xc9,0x5a,0xa9,0x4a,0x68,0x4a,0x48,0x52,0x68,0x62,0xea,
    0x52,0x68,0x6b,0x2b,0x62,0xea,0x52,0x88,0x52,0x68,0x5a,0xc9,0x5a,0xa9,0x62,0xca,0x52,0x68,0x52,0x88,0x5a,0xa9,0x52,0x88,
    0x52,0x89,0x52,0x88,0x62,0xca,0x52,0x89,0x62,0xea,0x52,0x89,0x5a,0xc9,0x4a,0x47,0x5a,0xa9,0x52,0x89,0x52,0x88,0x63,0x0a,
    0x5a,0xc9,0x52,0x88,0x5a,0xa9,0x62,0xea,0x5a,0xa9,0x5a,0xc9,0x62,0xca,0x5a,0xa9,0x5a,0xa9,0x52,0x88,0x4a,0x27,0x5a,0xa9,
    0x5a,0xc9,0x52,0x68,0x4a,0x07,0x4a,0x27,0x52,0x68,0x52,0x88,0x5a,0x88,0x4a,0x07,0x5a,0x89,0x63,0x0a,0x5a,0xc9,0x42,0x07,
    0x52,0x89,0x52,0x68,0x52,0x68,0x4a,0x27,0x52,0x88,0x4a,0x27,0x52,0x68,0x4a,0x27,0x5a,0xa9,0x4a,0x27,0x52,0x68,0x52,0x88,
    0x4a,0x48,0x52,0x68,0x5a,0xa9,0x6b,0x0a,0x4a,0x48,0x52,0x68,0x4a,0x48,0x5a,0x89,0x4a,0x48,0x6b,0x0a,0x5a,0xa9,0x4a,0x68,
    0x52,0x68,0x5a,0xa9,0x5a,0xa9,0x52,0x48,0x62,0xea,0x42,0x07,0x42,0x07,0x4a,0x27,0x52,0x89,0x5a,0xc9,0x4a,0x68,0x5a,0xa9,
    0x4a,0x48,0x5a,0xa9,0x5a,0xa9,0x62,0xca,0x4a,0x27,0x4a,0x27,0x42,0x07,0x52,0x68,0x4a,0x48,0x4a,0x48,0x4a,0x27,0x4a,0x27,
    0x4a,0x48,0x39,0xe6,0x42,0x07,0x31,0x85,0x5a,0xa9,0x4a,0x68,0x39,0xe6,0x41,0xe6,0x5a,0xa9,0x52,0x68,0x4a,0x27,0x42,0x07,
    0x42,0x07,0x4a,0x27,0x4a,0x47,0x42,0x27,0x52,0x68,0x52,0x68,0x4a,0x47,0x52,0x68,0x52,0x68,0x4a,0x27,0x4a,0x27,0x5a,0xa9,
    0x41,0xe6,0x4a,0x48,0x4a,0x47,0x52,0x48,0x42,0x07,0x4a,0x27,0x4a,0x27,0x52,0x68,0x52,0x88,0x62,0xea,0x52,0x88,0x52,0x48,
    0x52,0x68,0x52,0x68,0x5a,0x89,0x5a,0xa9,0x52,0x68,0x4a,0x47,0x52,0x48,0x52,0x68,0x52,0x88,0x52,0x68,0x52,0x48,0x42,0x07,
    0x52,0x68,0x4a,0x27,0x39,0xa6,0x41,0xe6,0x52,0x68,0x4a,0x47,0x41,0xe6,0x39,0xc6,0x52,0x48,0x5a,0x88,0x52,0x68,0x42,0x07,
    0x5a,0x88,0x5a,0xc9,0x5a,0x89,0x4a,0x47,0x52,0x68,0x4a,0x47,0x4a,0x27,0x52,0x68,0x52,0x68,0x52,0x68,0x4a,0x27,0x52,0x68,
    0x4a,0x47,0x52,0x47,0x4a,0x47,0x52,0x67,0x52,0x47,0x4a,0x27,0x4a,0x27,0x5a,0x88,0x52,0x68,0x52,0x89,0x4a,0x27,0x4a,0x27,
    0x4a,0x47,0x52,0x89,0x52,0x68,0x5a,0xa9,0x4a,0x47,0x52,0x48,0x5a,0x88,0x4a,0x47,0x52,0x68,0x52,0x67,0x52,0x68,0x42,0x27,
    0x52,0x88,0x52,0x88,0x5a,0x88,0x5a,0x88,0x52,0x68,0x52,0x68,0x5a,0x88,0x5a,0x88,0x52,0x68,0x52,0x68,0x52,0x68,0x4a,0x48,
    0x4a,0x27,0x42,0x07,0x4a,0x27,0x4a,0x27,0x5a,0x88,0x4a,0x47,0x62,0xea,0x5a,0xa9,0x5a,0x88,0x5a,0xa9,0x5a,0xc9,0x52,0x68,
    0x5a,0xc9,0x62,0xc9,0x5a,0xa8,0x52,0x88,0x5a,0xa9,0x62,0xc9,0x52,0x68,0x5a,0x88,0x5a,0xc9,0x52,0x88,0x52,0x88,0x52,0x68,
    0x5a,0xa9,0x5a,0xa9,0x5a,0xa9,0x52,0x68,0x52,0x68,0x52,0x68,0x5a,0x88,0x5a,0x88,0x5a,0xa9,0x52,0x88,0x52,0x68,0x5a,0x88,
    0x5a,0xa9,0x5a,0xa9,0x4a,0x27,0x4a,0x47,0x52,0x68,0x62,0xc9,0x5a,0xa8,0x52,0x68,0x5a,0x88,0x52,0x88,0x62,0xe9,0x5a,0x88,
    0x5a,0xc9,0x52,0x88,0x52,0x47,0x5a,0x88,0x4a,0x27,0x4a,0x48,0x4a,0x27,0x4a,0x68,0x4a,0x48,0x4a,0x47,0x39,0xe6,0x52,0x88,
    0x52,0x68,0x42,0x06,0x42,0x06,0x4a,0x47,0x5a,0xa9,0x4a,0x47,0x52,0x48,0x4a,0x27,0x4a,0x48,0x5a,0xa9,0x52,0x88,0x42,0x27,
    0x52,0x88,0x4a,0x48,0x4a,0x47,0x52,0x68,0x52,0x68,0x42,0x07,0x4a,0x27,0x52,0x88,0x52,0x68,0x52,0x48,0x4a,0x27,0x52,0x68,
    0x52,0x68,0x52,0x68,0x62,0xea,0x62,0xe9,0x52,0x88,0x4a,0x48,0x62,0xea,0x62,0xea,0x52,0x89,0x5a,0xa9,0x4a,0x27,0x52,0x68,
    0x52,0x88,0x52,0x68,0x52,0x68,0x5a,0xa9,0x5a,0xa9,0x4a,0x47,0x5a,0x88,0x5a,0xa9,0x5a,0xa9,0x4a,0x27,0x52,0x68,0x5a,0x88,
    0x5a,0xa9,0x5a,0x88,0x52,0x68,0x52,0x88,0x63,0x0a,0x62,0xc9,0x52,0x68,0x5a,0x88,0x4a,0x27,0x4a,0x27,0x52,0x88,0x4a,0x48,
    0x52,0x88,0x5a,0xa9,0x4a,0x27,0x62,0xca,0x5a,0x88,0x62,0xea,0x6b,0x2b,0x62,0xea,0x52,0x88,0x52,0x68,0x62,0xc9,0x6b,0x0a,
    0x52,0x68,0x4a,0x48,0x4a,0x27,0x5a,0xa9,0x5a,0xa9,0x52,0x88,0x4a,0x27,0x52,0x68,0x52,0x68,0x4a,0x27,0x5a,0xa8,0x5a,0xc9,
    0x5a,0xc9,0x5a,0xa9,0x52,0x47,0x4a,0x47,0x52,0x68,0x4a,0x48,0x42,0x06,0x5a,0xc9,0x5a,0xa9,0x5a,0x88,0x4a,0x48,0x5a,0xc9,
    0x52,0x68,0x4a,0x27,0x4a,0x48,0x4a,0x27,0x4a,0x27,0x41,0xe6,0x52,0x68,0x52,0x68,0x5a,0xca,0x52,0x88,0x5a,0x89,0x52,0x68,
    0x4a,0x47,0x5a,0xc9,0x52,0x68,0x4a,0x47,0x4a,0x47,0x52,0x88,0x6b,0x2b,0x5a,0x88,0x52,0x68,0x5a,0xa9,0x5a,0xa9,0x5a,0x88,
    0x6b,0x2b,0x63,0x0a,0x52,0x68,0x4a,0x27,0x52,0x88,0x52,0x68,0x52,0x68,0x4a,0x47,0x4a,0x06,0x4a,0x47,0x4a,0x47,0x52,0x68,
    0x4a,0x27,0x4a,0x27,0x52,0x48,0x4a,0x27,0x52,0x88,0x52,0x89,0x5a,0xa9,0x5a,0x88,0x5a,0x88,0x52,0x47,0x5a,0x88,0x5a,0xa8,
    0x62,0xc9,0x5a,0xa8,0x52,0x88,0x5a,0x88,0x5a,0xa9,0x5a,0xc9,0x52,0x68,0x5a,0xa8,0x52,0x48,0x4a,0x47,0x4a,0x47,0x4a,0x47,
    0x52,0x68,0x5a,0xa9,0x52,0x68,0x42,0x07,0x52,0x47,0x52,0x68,0x52,0x68,0x4a,0x48,0x52,0x47,0x4a,0x07,0x4a,0x27,0x52,0x88,
    0x4a,0x27,0x4a,0x27,0x4a,0x48,0x4a,0x48,0x42,0x07,0x4a,0x27,0x4a,0x48,0x42,0x07,0x4a,0x27,0x52,0x68,0x5a,0xa9,0x4a,0x68,
    0x5a,0xa9,0x52,0x48,0x5a,0xa9,0x52,0x89,0x52,0x89,0x4a,0x48,0x42,0x07,0x42,0x07,0x4a,0x27,0x4a,0x48,0x4a,0x27,0x4a,0x27,
    0x4a,0x27,0x52,0x68,0x5a,0xa9,0x52,0x89,0x4a,0x48,0x4a,0x48,0x52,0x68,0x52,0x48,0x42,0x07,0x52,0x68,0x5a,0x89,0x5a,0xa9,
    0x4a,0x27,0x52,0x68,0x62,0xea,0x52,0x88,0x4a,0x48,0x52,0x68,0x52,0x68,0x42,0x07,0x52,0x68,0x52,0x68,0x4a,0x48,0x4a,0x27,
    0x52,0x68,0x52,0x68,0x52,0x88,0x5a,0xa9,0x52,0x68,0x52,0x68,0x52,0x68,0x4a,0x68,0x4a,0x48,0x52,0x68,0x5a,0xa9,0x4a,0x48,
    0x42,0x07,0x4a,0x28,0x5a,0xc9,0x4a,0x48,0x5a,0x89,0x83,0xcd,0x6b,0x2b,0x5a,0xc9,0x52,0x68,0x5a,0xc9,0x52,0x89,0x42,0x07,
    0x6b,0x2b,0x62,0xea,0x52,0x68,0x52,0x68,0x62,0xea,0x52,0x68,0x52,0x68,0x4a,0x48,0x52,0x89,0x52,0x89,0x52,0x68,0x4a,0x47,
    0x4a,0x47,0x52,0x68,0x4a,0x47,0x4a,0x27,0x4a,0x27,0x4a,0x47,0x5a,0xa9,0x52,0x68,0x52,0x68,0x4a,0x27,0x52,0x68,0x52,0x68,
    0x52,0x68,0x6b,0x2b,0x62,0xea,0x42,0x07,0x52,0x68,0x5a,0xc9,0x52,0x68,0x4a,0x47,0x62,0xe9,0x5a,0xa9,0x52,0x88,0x52,0x88,
    0x52,0x68,0x7b,0xac,0x7b,0x8c,0x62,0xea,0x52,0x68,0x4a,0x48,0x42,0x07,0x42,0x07,0x4a,0x48,0x4a,0x48,0x4a,0x27,0x4a,0x27,
    0x39,0xe6,0x4a,0x48,0x42,0x07,0x4a,0x27,0x4a,0x27,0x42,0x07,0x52,0x68,0x4a,0x48,0x4a,0x27,0x4a,0x48,0x42,0x27,0x42,0x27,
    0x4a,0x48,0x4a,0x27,0x4a,0x27,0x42,0x27,0x5a,0xa9,0x5a,0x88,0x52,0x48,0x4a,0x27,0x4a,0x27,0x4a,0x27,0x52,0x89,0x4a,0x27,
    0x4a,0x27,0x4a,0x27,0x52,0x89,0x4a,0x27,0x42,0x27,0x4a,0x27,0x52,0x88,0x39,0xe6,0x5a,0x89,0x5a,0xa9,0x52,0x48,0x41,0xe6,
    0x5a,0xa9,0x52,0x89,0x4a,0x27,0x41,0xe6,0x4a,0x27,0x4a,0x48,0x42,0x27,0x4a,0x27,0x4a,0x27,0x4a,0x27,0x4a,0x47,0x4a,0x47,
    0x42,0x07,0x39,0xc6,0x42,0x07,0x4a,0x48,0x4a,0x27,0x39,0xc6,0x4a,0x47,0x4a,0x47,0x42,0x06,0x41,0xe6,0x41,0xe6,0x4a,0x27,
    0x4a,0x27,0x4a,0x47,0x4a,0x27,0x4a,0x27,0x52,0x68,0x4a,0x48,0x4a,0x48,0x42,0x07,0x4a,0x27,0x4a,0x48,0x42,0x07,0x4a,0x27,
    0x52,0x68,0x4a,0x47,0x4a,0x27,0x42,0x06,0x4a,0x27,0x52,0x88,0x4a,0x48,0x52,0x88,0x42,0x07,0x42,0x07,0x42,0x07,0x5a,0xa9,
    0x4a,0x27,0x39,0xc6,0x39,0xe6,0x42,0x06,0x5a,0x88,0x52,0x68,0x52,0x88,0x5a,0xa8,0x4a,0x47,0x52,0x68,0x52,0x68,0x52,0x68,
    0x52,0x48,0x52,0x88,0x4a,0x48,0x62,0xca,0x52,0x68,0x5a,0xc9,0x52,0x68,0x5a,0x88,0x62,0xc9,0x4a,0x48,0x4a,0x27,0x4a,0x27,
    0x62,0xea,0x52,0x68,0x5a,0xa9,0x5a,0x89,0x6b,0x0a,0x4a,0x27,0x52,0x88,0x62,0xe9,0x6b,0x0a,0x52,0x68,0x4a,0x27,0x62,0xc9,
    0x4a,0x48,0x52,0x68,0x52,0x68,0x4a,0x27,0x52,0x68,0x52,0x68,0x42,0x07,0x4a,0x27,0x52,0x68,0x5a,0xa9,0x5a,0x89,0x4a,0x68,
    0x5a,0x88,0x62,0xca,0x5a,0x89,0x52,0x68,0x5a,0xc9,0x5a,0x89,0x4a,0x27,0x4a,0x48,0x52,0x68,0x52,0x68,0x4a,0x48,0x42,0x07,
    0x4a,0x27,0x52,0x68,0x4a,0x27,0x42,0x07,0x52,0x48,0x52,0x89,0x42,0x07,0x42,0x27,0x4a,0x27,0x42,0x27,0x52,0x68,0x5a,0xa9,
    0x42,0x07,0x52,0x68,0x42,0x07,0x5a,0xa9,0x42,0x07,0x52,0x68,0x52,0x68,0x4a,0x48,0x4a,0x27,0x42,0x07,0x4a,0x48,0x52,0x88,
    0x4a,0x48,0x4a,0x27,0x5a,0xa9,0x5a,0xa9,0x4a,0x27,0x4a,0x47,0x5a,0xa9,0x4a,0x47,0x4a,0x27,0x52,0x68,0x52,0x89,0x4a,0x27,
    0x4a,0x07,0x4a,0x47,0x5a,0xa9,0x52,0x89,0x42,0x07,0x4a,0x68,0x4a,0x48,0x52,0x68,0x42,0x07,0x4a,0x27,0x42,0x07,0x42,0x27,
    0x4a,0x48,0x39,0xc6,0x41,0xe6,0x4a,0x48,0x4a,0x48,0x39,0xc6,0x4a,0x48,0x52,0x89,0x42,0x07,0x4a,0x68,0x4a,0x27,0x52,0x89,
    0x42,0x27,0x4a,0x68,0x4a,0x27,0x42,0x07,0x52,0x68,0x52,0x68,0x5a,0x88,0x42,0x07,0x5a,0xa9,0x5a,0x88,0x4a,0x47,0x52,0x68,
    0x52,0x68,0x4a,0x48,0x4a,0x27,0x4a,0x48,0x52,0x88,0x52,0x68,0x42,0x07,0x4a,0x27,0x62,0xea,0x62,0xea,0x52,0x88,0x5a,0xc9,
    0x52,0x88,0x5a,0xc9,0x52,0x68,0x52,0x68,0x52,0x68,0x52,0x88,0x5a,0x89,0x4a,0x48,0x5a,0xa9,0x6b,0x0b,0x5a,0xa9,0x4a,0x47,
    0x4a,0x27,0x62,0xea,0x5a,0xc9,0x52,0x68,0x4a,0x27,0x5a,0x88,0x5a,0x88,0x62,0xc9,0x52,0x68,0x52,0x68,0x52,0x68,0x52,0x68,
    0x52,0x68,0x52,0x88,0x5a,0xca,0x5a,0x89,0x52,0x68,0x5a,0xa9,0x52,0x68,0x62,0xea,0x5a,0xa9,0x5a,0xa9,0x5a,0x89,0x6b,0x0a,
    0x5a,0xa9,0x52,0x68,0x5a,0xa9,0x4a,0x27,0x52,0x88,0x52,0x89,0x4a,0x27,0x4a,0x48,0x52,0x88,0x4a,0x48,0x41,0xe6,0x4a,0x27,
    0x73,0x6c,0x4a,0x48,0x41,0xe6,0x42,0x07,0x42,0x07,0x52,0x68,0x5a,0x89,0x4a,0x48,0x4a,0x27,0x4a,0x47,0x42,0x07,0x4a,0x47,
    0x4a,0x27,0x41,0xe6,0x52,0x48,0x42,0x07,0x42,0x07,0x4a,0x48,0x5a,0x88,0x4a,0x48,0x41,0xe6,0x41,0xe6,0x39,0xe6,0x52,0x68,
    0x4a,0x27,0x39,0xe6,0x39,0xe6,0x4a,0x27,0x4a,0x27,0x42,0x06,0x42,0x07,0x4a,0x47,0x42,0x06,0x41,0xe6,0x42,0x07,0x62,0xea,
    0x4a,0x48,0x42,0x07,0x52,0x68,0x52,0x68,0x5a,0xc9,0x5a,0xa9,0x4a,0x27,0x4a,0x27,0x62,0xc9,0x5a,0xa9,0x52,0x68,0x4a,0x47,
    0x4a,0x47,0x52,0x88,0x52,0x68,0x52,0x68,0x42,0x07,0x4a,0x27,0x4a,0x47,0x4a,0x48,0x4a,0x27,0x5a,0xa9,0x4a,0x47,0x4a,0x27,
    0x4a,0x48,0x4a,0x48,0x4a,0x27,0x4a,0x47,0x5a,0xa9,0x52,0x48,0x52,0x68,0x39,0xa5,0x4a,0x47,0x52,0x68,0x52,0x68,0x42,0x27,
    0x4a,0x47,0x5a,0xa9,0x4a,0x47,0x41,0xe6,0x52,0x68,0x5a,0xa9,0x42,0x07,0x52,0x68,0x42,0x06,0x5a,0xa9,0x52,0x68,0x6b,0x0a,
    0x4a,0x47,0x52,0x68,0x52,0x89,0x52,0x68,0x5a,0x88,0x5a,0xa9,0x4a,0x48,0x52,0x68,0x6b,0x0a,0x52,0x89,0x52,0x68,0x52,0x68,
    0x63,0x0a,0x5a,0xc9,0x5a,0x89,0x42,0x07,0x5a,0xc9,0x52,0x68,0x42,0x07,0x4a,0x48,0x5a,0xa9,0x5a,0xa9,0x42,0x27,0x5a,0xa9,
    0x42,0x07,0x52,0x68,0x52,0x88,0x5a,0x88,0x42,0x07,0x4a,0x27,0x42,0x07,0x42,0x07,0x62,0xea,0x5a,0x89,0x5a,0xca,0x52,0x89,
    0x5a,0xca,0x5a,0xa9,0x52,0x68,0x41,0xe7,0x4a,0x48,0x4a,0x48,0x4a,0x47,0x39,0xc6,0x42,0x07,0x4a,0x48,0x4a,0x48,0x4a,0x27,
    0x4a,0x48,0x4a,0x27,0x52,0x68,0x41,0xe6,0x41,0xe6,0x52,0x89,0x42,0x07,0x42,0x07,0x42,0x07,0x5a,0xa9,0x5a,0xc9,0x42,0x07,
    0x42,0x27,0x52,0x48,0x5a,0x88,0x42,0x07,0x52,0x68,0x4a,0x48,0x52,0x68,0x52,0x68,0x4a,0x27,0x4a,0x27,0x4a,0x27,0x52,0x68,
    0x42,0x07,0x42,0x27,0x4a,0x27,0x4a,0x27,0x52,0x48,0x52,0x68,0x4a,0x27,0x42,0x07,0x42,0x07,0x42,0x07,0x4a,0x47,0x5a,0xca,
    0x39,0xe6,0x39,0xc6,0x4a,0x27,0x52,0x68,0x52,0x68,0x42,0x27,0x42,0x07,0x52,0x68,0x4a,0x48,0x42,0x07,0x4a,0x27,0x52,0x68,
    0x5a,0x89,0x6b,0x4c,0x4a,0x48,0x4a,0x48,0x52,0x89,0x5a,0xa9,0x4a,0x48,0x4a,0x47,0x5a,0xc9,0x52,0x68,0x52,0x88,0x4a,0x47,
    0x4a,0x27,0x52,0x47,0x52,0x68,0x52,0x88,0x52,0x68,0x4a,0x48,0x62,0xea,0x42,0x07,0x52,0x68,0x5a,0xa9,0x52,0x68,0x52,0x88,
    0x52,0x68,0x5a,0x89,0x5a,0x89,0x6b,0x0a,0x5a,0x89,0x5a,0xc9,0x52,0x88,0x4a,0x47,0x52,0x88,0x63,0x0a,0x62,0xea,0x52,0x68,
    0x5a,0xa9,0x63,0x0a,0x62,0xea,0x52,0x89,0x52,0x88,0x5a,0xc9,0x52,0x68,0x5a,0x89,0x4a,0x27,0x52,0x68,0x5a,0xa9,0x6b,0x0b,
    0x5a,0xc9,0x52,0x68,0x52,0x88,0x52,0x88,0x5a,0xa9,0x5a,0xc9,0x52,0x88,0x5a,0xc9,0x52,0x68,0x5a,0xa9,0x5a,0x89,0x52,0x68,
    0x73,0x4b,0x52,0x48,0x52,0x88,0x52,0x68,0x5a,0xc9,0x52,0x89,0x5a,0x89,0x62,0xc9,0x5a,0xca,0x52,0x89,0x42,0x07,0x4a,0x27,
    0x39,0xe6,0x42,0x07,0x4a,0x47,0x4a,0x47,0x42,0x07,0x4a,0x27,0x4a,0x27,0x4a,0x48,0x6b,0x2b,0x4a,0x48,0x42,0x27,0x52,0x89,
    0x52,0x89,0x52,0x68,0x42,0x07,0x4a,0x48,0x5a,0xc9,0x4a,0x27,0x4a,0x48,0x52,0x68,0x62,0xc9,0x5a,0x88,0x42,0x07,0x4a,0x27,
    0x52,0x88,0x42,0x07,0x42,0x07,0x41,0xe6,0x52,0x88,0x52,0x88,0x52,0x68,0x52,0x68,0x4a,0x47,0x4a,0x48,0x5a,0xa9,0x5a,0xa9,
    0x52,0x68,0x4a,0x48,0x4a,0x48,0x52,0x68,0x4a,0x48,0x5a,0xa9,0x52,0x68,0x52,0x68,0x4a,0x48,0x4a,0x48,0x4a,0x27,0x42,0x07,
    0x52,0x68,0x52,0x68,0x4a,0x68,0x42,0x07,0x52,0x88,0x52,0x68,0x41,0xe6,0x42,0x07,0x42,0x07,0x41,0xe6,0x4a,0x48,0x4a,0x48,
    0x4a,0x48,0x52,0x88,0x4a,0x47,0x4a,0x68,0x4a,0x48,0x4a,0x48,0x4a,0x48,0x4a,0x68,0x52,0x68,0x4a,0x48,0x4a,0x48,0x4a,0x48,
    0x62,0xea,0x5a,0xc9,0x52,0x68,0x4a,0x27,0x52,0x68,0x52,0x68,0x52,0x68,0x4a,0x27,0x52,0x68,0x52,0x88,0x52,0x68,0x4a,0x48,
    0x4a,0x48,0x4a,0x48,0x4a,0x48,0x52,0x68,0x4a,0x47,0x5a,0x89,0x52,0x68,0x4a,0x27,0x42,0x07,0x4a,0x27,0x52,0x67,0x5a,0x88,
    0x4a,0x27,0x4a,0x47,0x52,0x68,0x52,0x68,0x52,0x68,0x52,0x89,0x52,0x68,0x52,0x68,0x52,0x67,0x52,0x67,0x4a,0x26,0x4a,0x47,
    0x5a,0x88,0x5a,0xa8,0x4a,0x27,0x52,0x47,0x52,0x68,0x52,0x68,0x42,0x27,0x4a,0x47,0x52,0x47,0x4a,0x27,0x42,0x06,0x4a,0x27,
    0x5a,0x88,0x4a,0x47,0x4a,0x47,0x4a,0x68,0x52,0x67,0x4a,0x27,0x42,0x07,0x4a,0x27,0x52,0x47,0x4a,0x27,0x4a,0x27,0x42,0x06,
    0x42,0x07,0x41,0xe6,0x42,0x07,0x42,0x07,0x4a,0x48,0x42,0x07,0x52,0x88,0x5a,0x88,0x4a,0x47,0x62,0xea,0x6b,0x2b,0x5a,0x89,
    0x4a,0x47,0x62,0xc9,0x5a,0xc9,0x52,0x88,0x42,0x07,0x52,0x48,0x52,0x48,0x4a,0x48,0x5a,0xa9,0x62,0xea,0x5a,0x88,0x5a,0xa8,
    0x5a,0xa9,0x4a,0x27,0x52,0x88,0x52,0x68,0x52,0x68,0x42,0x07,0x52,0x68,0x52,0x68,0x52,0x88,0x4a,0x27,0x52,0x68,0x52,0x68,
    0x5a,0xc9,0x52,0x88,0x4a,0x47,0x52,0x68,0x4a,0x48,0x52,0x68,0x52,0x68,0x52,0x88,0x52,0x68,0x5a,0xc9,0x6b,0x4c,0x4a,0x47,
    0x6b,0x2b,0x52,0x88,0x62,0xea,0x4a,0x27,0x52,0x68,0x4a,0x47,0x5a,0x88,0x5a,0x88,0x4a,0x48,0x52,0xa9,0x52,0x68,0x52,0x47,
    0x52,0x68,0x5a,0xa9,0x5a,0xa9,0x52,0x68,0x4a,0x48,0x52,0x88,0x5a,0x88,0x52,0x68,0x62,0xc9,0x52,0x68,0x4a,0x27,0x4a,0x27,
    0x52,0x47,0x62,0xc9,0x52,0x68,0x52,0x68,0x5a,0x88,0x5a,0xc9,0x52,0x67,0x4a,0x47,0x52,0x68,0x4a,0x47,0x52,0x48,0x52,0x47,
    0x5a,0x88,0x52,0x89,0x52,0x88,0x4a,0x27,0x52,0x68,0x52,0x68,0x52,0x68,0x42,0x07,0x52,0x68,0x4a,0x47,0x52,0x88,0x52,0x68,
    0x4a,0x47,0x52,0x68,0x52,0x67,0x4a,0x48,0x41,0xe6,0x52,0x68,0x52,0x68,0x52,0x68,0x4a,0x27,0x4a,0x48,0x4a,0x27,0x52,0x88,
    0x4a,0x48,0x4a,0x27,0x52,0x68,0x4a,0x48,0x52,0x48,0x52,0x68,0x52,0x88,0x4a,0x47,0x62,0xea,0x52,0x48,0x5a,0x88,0x52,0x88,
    0x6b,0x2b,0x5a,0xa9,0x5a,0x88,0x5a,0x88,0x52,0x68,0x63,0x0a,0x62,0xea,0x5a,0xa9,0x4a,0x47,0x73,0x4b,0x5a,0xc9,0x52,0x68,
    0x5a,0xa9,0x5a,0xa9,0x52,0x88,0x52,0x48,0x5a,0xa8,0x52,0x68,0x4a,0x27,0x52,0x68,0x52,0x88,0x5a,0xa9,0x7b,0x8d,0x7b,0xad,
    0x42,0x07,0x52,0x68,0x5a,0xa9,0x52,0x68,0x42,0x06,0x62,0xea,0x5a,0xa9,0x42,0x07,0x5a,0xa9,0x63,0x0a,0x4a,0x27,0x52,0x88,
    0x52,0x89,0x4a,0x47,0x41,0xe6,0x4a,0x27,0x52,0x89,0x42,0x06,0x4a,0x07,0x4a,0x27,0x52,0x89,0x5a,0xa9,0x5a,0x88,0x52,0x88,
    0x62,0xea,0x63,0x0a,0x63,0x0a,0x4a,0x48,0x5a,0xa9,0x5a,0xa9,0x52,0x68,0x52,0x88,0x5a,0x89,0x52,0x89,0x4a,0x27,0x4a,0x47,
    0x5a,0x88,0x5a,0x88,0x52,0x67,0x5a,0x88,0x4a,0x47,0x62,0xc9,0x62,0xe9,0x52,0x68,0x4a,0x27,0x6b,0x2a,0x6b,0x2b,0x5a,0xa9,
    0x52,0x47,0x5a,0x88,0x62,0xea,0x5a,0xc9,0x5a,0xa9,0x5a,0x88,0x5a,0xc9,0x4a,0x27,0x52,0x68,0x52,0x68,0x52,0x48,0x52,0x68,
    0x5a,0x88,0x52,0x67,0x4a,0x27,0x52,0x68,0x52,0x67,0x5a,0x88,0x4a,0x47,0x52,0x48,0x4a,0x47,0x62,0xe9,0x6b,0x2b,0x5a,0x88,
    0x52,0x68,0x52,0x47,0x62,0xc9,0x5a,0xa9,0x4a,0x27,0x52,0x47,0x52,0x47,0x52,0x47,0x52,0x47,0x4a,0x47,0x5a,0x88,0x5a,0x88,
    0x52,0x67,0x52,0x67,0x52,0x68,0x52,0x68,0x5a,0xa9,0x5a,0xc9,0x4a,0x47,0x52,0x68,0x5a,0xa8,0x5a,0x88,0x52,0x88,0x4a,0x48,
    0x52,0x68,0x52,0x68,0x52,0x88,0x4a,0x48,0x52,0x48,0x52,0x68,0x4a,0x48,0x52,0x68,0x5a,0x89,0x5a,0xca,0x4a,0x48,0x4a,0x48,
    0x4a,0x48,0x52,0x68,0x4a,0x48,0x52,0x68,0x5a,0xa9,0x5a,0xca,0x6b,0x0b,0x52,0x89,0x4a,0x48,0x4a,0x27,0x4a,0x27,0x4a,0x27,
    0x4a,0x48,0x4a,0x27,0x52,0x68,0x5a,0xa9,0x52,0x68,0x4a,0x48,0x5a,0xca,0x52,0x68,0x4a,0x27,0x4a,0x48,0x52,0x68,0x42,0x27,
    0x52,0x88,0x5a,0xc9,0x4a,0x48,0x4a,0x68,0x4a,0x48,0x4a,0x27,0x52,0x68,0x4a,0x27,0x4a,0x27,0x52,0x68,0x4a,0x47,0x4a,0x27,
    0x42,0x07,0x4a,0x27,0x4a,0x27,0x4a,0x27,0x42,0x27,0x42,0x27,0x52,0x88,0x52,0x89,0x42,0x07,0x4a,0x27,0x42,0x07,0x4a,0x48,
    0x4a,0x48,0x4a,0x48,0x4a,0x47,0x4a,0x27,0x52,0x68,0x4a,0x48,0x52,0x68,0x52,0x89,0x4a,0x48,0x6a,0xea,0x5a,0xa9,0x52,0x68,
    0x4a,0x48,0x4a,0x27,0x52,0x68,0x5a,0x89,0x4a,0x27,0x4a,0x47,0x5a,0x88,0x52,0x68,0x4a,0x48,0x4a,0x47,0x4a,0x47,0x4a,0x48,
    0x42,0x07,0x4a,0x27,0x5a,0xa9,0x4a,0x68,0x4a,0x27,0x52,0x68,0x4a,0x47,0x4a,0x27,0x52,0x88,0x52,0x68,0x42,0x06,0x4a,0x27,
    0x52,0x88,0x52,0x48,0x42,0x07,0x4a,0x27,0x4a,0x48,0x4a,0x27,0x52,0x68,0x4a,0x47,0x4a,0x27,0x4a,0x27,0x41,0xe6,0x42,0x06,
    0x4a,0x48,0x4a,0x27,0x41,0xe7,0x42,0x07,0x42,0x27,0x4a,0x27,0x42,0x27,0x42,0x07,0x52,0x88,0x5a,0xca,0x52,0x68,0x5a,0xa9,
    0x4a,0x27,0x5a,0x89,0x52,0x68,0x52,0x88,0x42,0x07,0x52,0x68,0x4a,0x48,0x52,0x68,0x42,0x07,0x4a,0x48,0x42,0x07,0x52,0x68,
    0x42,0x27,0x4a,0x48,0x4a,0x68,0x4a,0x47,0x52,0x89,0x5a,0xa9,0x5a,0xa9,0x52,0x68,0x52,0x68,0x5a,0xa9,0x5a,0xca,0x4a,0x48,
    0x62,0xea,0x52,0x68,0x5a,0xa9,0x52,0x89,0x52,0x88,0x5a,0x89,0x52,0x68,0x4a,0x27,0x52,0x48,0x52,0x68,0x52,0x68,0x42,0x07,
    0x52,0x88,0x52,0x68,0x52,0x68,0x4a,0x27,0x52,0x89,0x62,0xea,0x5a,0xa9,0x5a,0xa9,0x41,0xe7,0x42,0x27,0x41,0xe6,0x39,0xc6,
    0x41,0xe7,0x42,0x07,0x4a,0x47,0x4a,0x27,0x39,0xe6,0x39,0xc6,0x4a,0x47,0x4a,0x47,0x41,0xe6,0x4a,0x27,0x52,0x88,0x5a,0xa9,
    0x42,0x07,0x4a,0x48,0x52,0x68,0x42,0x07,0x4a,0x27,0x4a,0x27,0x5a,0x88,0x4a,0x27,0x42,0x07,0x42,0x07,0x4a,0x27,0x4a,0x27,
    0x4a,0x27,0x4a,0x27,0x4a,0x27,0x42,0x07,0x41,0xe6,0x39,0xc6,0x41,0xe7,0x4a,0x27,0x42,0x07,0x4a,0x27,0x31,0xa5,0x41,0xe6,
    0x4a,0x27,0x42,0x07,0x39,0xe6,0x42,0x07,0x42,0x07,0x42,0x07,0x42,0x07,0x39,0xc6,0x4a,0x47,0x52,0x88,0x52,0x48,0x42,0x07,
    0x52,0x88,0x4a,0x47,0x4a,0x27,0x41,0xe6,0x4a,0x27,0x52,0x68,0x42,0x07,0x39,0xe6,0x39,0xc6,0x52,0x48,0x42,0x27,0x41,0xe6,
    0x5a,0x88,0x5a,0xa8,0x52,0x68,0x6b,0x0a,0x4a,0x27,0x52,0x68,0x5a,0xa8,0x62,0xc8,0x42,0x07,0x4a,0x27,0x52,0x47,0x5a,0x88,
    0x41,0xe6,0x4a,0x06,0x4a,0x47,0x42,0x07,0x73,0x6c,0x5a,0xa9,0x4a,0x47,0x52,0x68,0x6b,0x0a,0x6b,0x0a,0x5a,0xa9,0x5a,0xc9,
    0x52,0x68,0x5a,0xa9,0x6b,0x0a,0x6b,0x2b,0x41,0xe6,0x52,0x67,0x5a,0x88,0x7b,0x8c,0x5a,0xa9,0x4a,0x48,0x4a,0x48,0x4a,0x48,
    0x52,0x68,0x52,0x68,0x42,0x07,0x4a,0x27,0x4a,0x48,0x4a,0x27,0x41,0xe6,0x5a,0xa9,0x52,0x89,0x5a,0xa9,0x4a,0x48,0x4a,0x27,
    0x41,0xe6,0x39,0xe6,0x52,0x89,0x52,0x89,0x4a,0x48,0x4a,0x27,0x4a,0x48,0x4a,0x27,0x52,0x89,0x52,0x68,0x52,0x68,0x52,0x68,
    0x4a,0x48,0x5a,0xa9,0x52,0x89,0x52,0x89,0x52,0x68,0x62,0xc9,0x52,0x47,0x6b,0x0a,0x52,0x89,0x6b,0x2b,0x5a,0xc9,0x62,0xea,
    0x52,0x68,0x52,0x89,0x4a,0x27,0x4a,0x27,0x52,0x68,0x42,0x07,0x4a,0x48,0x52,0x89,0x41,0xe7,0x42,0x07,0x4a,0x27,0x63,0x0b,
    0x39,0xa5,0x4a,0x68,0x52,0x89,0x52,0x68,0x42,0x07,0x52,0x68,0x62,0xea,0x4a,0x48,0x52,0x68,0x52,0x68,0x52,0x68,0x4a,0x27,
    0x5a,0xa9,0x4a,0x27,0x42,0x07,0x4a,0x47,0x52,0x68,0x42,0x07,0x4a,0x27,0x4a,0x68,0x4a,0x27,0x42,0x27,0x42,0x07,0x42,0x07,
    0x4a,0x27,0x4a,0x48,0x42,0x07,0x42,0x07,0x52,0x68,0x4a,0x48,0x4a,0x48,0x52,0x68,0x52,0x68,0x4a,0x27,0x4a,0x47,0x4a,0x27,
    0x4a,0x27,0x4a,0x48,0x52,0x88,0x5a,0xa9,0x4a,0x27,0x4a,0x27,0x4a,0x27,0x4a,0x48,0x4a,0x48,0x52,0x68,0x52,0x88,0x52,0x68,
    0x42,0x07,0x4a,0x48,0x4a,0x47,0x4a,0x27,0x4a,0x27,0x42,0x07,0x4a,0x47,0x52,0x88,0x4a,0x48,0x52,0x68,0x5a,0x88,0x52,0x68,
    0x4a,0x47,0x62,0xc9,0x5a,0xa9,0x52,0x89,0x4a,0x48,0x52,0x68,0x4a,0x48,0x62,0xea,0x4a,0x27,0x42,0x07,0x42,0x07,0x52,0x68,
    0x4a,0x27,0x42,0x06,0x42,0x06,0x42,0x06,0x62,0xea,0x52,0x68,0x42,0x06,0x41,0xe6,0x4a,0x48,0x52,0x68,0x4a,0x27,0x42,0x07,
    0x4a,0x27,0x4a,0x27,0x41,0xe6,0x4a,0x27,0x41,0xe6,0x4a,0x27,0x39,0xc6,0x41,0xe6,0x42,0x07,0x42,0x07,0x52,0x68,0x4a,0x27,
    0x4a,0x48,0x4a,0x68,0x4a,0x27,0x4a,0x48,0x42,0x07,0x41,0xe7,0x4a,0x27,0x42,0x07,0x42,0x07,0x42,0x07,0x4a,0x48,0x4a,0x27,
    0x41,0xe6,0x42,0x27,0x42,0x06,0x52,0x68,0x4a,0x27,0x4a,0x48,0x4a,0x48,0x4a,0x27,0x42,0x27,0x52,0x68,0x42,0x06,0x41,0xe6,
    0x4a,0x27,0x5a,0x89,0x39,0xa5,0x42,0x06,0x52,0x88,0x52,0x68,0x52,0x68,0x5a,0xa9,0x52,0x48,0x5a,0xa9,0x62,0xea,0x4a,0x27,
    0x4a,0x48,0x52,0x48,0x52,0x88,0x4a,0x27,0x4a,0x27,0x42,0x07,0x4a,0x47,0x62,0xc9,0x52,0x89,0x4a,0x47,0x62,0xe9,0x4a,0x47,
    0x52,0x68,0x62,0xc9,0x5a,0x88,0x62,0xc9,0x52,0x88,0x5a,0xa9,0x5a,0x88,0x6b,0x0a,0x5a,0x88,0x62,0xea,0x63,0x0a,0x62,0xc9,
    0x39,0xc6,0x42,0x27,0x62,0xe9,0x62,0xe9,0x62,0xea,0x5a,0xa9,0x5a,0xa8,0x6b,0x09,0x6b,0x0a,0x5a,0x88,0x5a,0xa8,0x5a,0xa8,
    0x62,0xea,0x62,0xc9,0x52,0x68,0x5a,0xa9,0x62,0xea,0x5a,0xa9,0x52,0x68,0x4a,0x27,0x6b,0x2b,0x5a,0x89,0x42,0x07,0x4a,0x48,
    0x73,0x6c,0x5a,0xa9,0x41,0xe6,0x4a,0x47,0x6b,0x0b,0x4a,0x48,0x4a,0x48,0x4a,0x48,0x4a,0x47,0x42,0x07,0x4a,0x47,0x42,0x07,
    0x52,0x88,0x4a,0x27,0x4a,0x47,0x4a,0x27,0x4a,0x27,0x41,0xe6,0x4a,0x27,0x4a,0x27,0x4a,0x27,0x4a,0x27,0x5a,0x88,0x52,0x68,
    0x42,0x07,0x4a,0x27,0x4a,0x48,0x42,0x07,0x42,0x07,0x41,0xe6,0x42,0x07,0x4a,0x47,0x4a,0x48,0x42,0x07,0x5a,0xa9,0x52,0x68,
    0x4a,0x48,0x42,0x07,0x52,0x68,0x62,0xea,0x4a,0x47,0x5a,0x88,0x52,0x68,0x52,0x68,0x5a,0xc9,0x52,0x68,0x62,0xea,0x52,0x88,
    0x62,0xc9,0x5a,0x88,0x5a,0xa9,0x5a,0xa9,0x5a,0x88,0x52,0x68,0x5a,0xc9,0x63,0x0a,0x52,0x88,0x4a,0x27,0x4a,0x27,0x4a,0x47,
    0x4a,0x27,0x52,0x68,0x52,0x88,0x4a,0x48,0x52,0x68,0x52,0x88,0x5a,0xa9,0x4a,0x47,0x5a,0xa9,0x62,0xca,0x4a,0x47,0x4a,0x27,
    0x42,0x07,0x41,0xe6,0x52,0x47,0x52,0x68,0x4a,0x47,0x42,0x07,0x42,0x07,0x4a,0x48,0x4a,0x27,0x42,0x07,0x4a,0x27,0x42,0x07,
    0x4a,0x27,0x42,0x07,0x4a,0x27,0x4a,0x27,0x42,0x07,0x52,0x47,0x52,0x68,0x5a,0x89,0x42,0x07,0x4a,0x27,0x52,0x68,0x5a,0x88,
    0x4a,0x27,0x42,0x07,0x5a,0x88,0x62,0xc9,0x4a,0x47,0x4a,0x27,0x52,0x48,0x52,0x68,0x4a,0x48,0x4a,0x27,0x52,0x68,0x4a,0x27,
    0x62,0xea,0x62,0xea,0x52,0x68,0x52,0x48,0x4a,0x27,0x62,0xc9,0x52,0x68,0x4a,0x27,0x52,0x68,0x5a,0xa9,0x52,0x48,0x4a,0x27,
    0x4a,0x47,0x4a,0x47,0x5a,0x89,0x5a,0x89,0x52,0x88,0x52,0x68,0x4a,0x47,0x42,0x06,0x4a,0x47,0x52,0x68,0x4a,0x47,0x4a,0x27,
    0x4a,0x27,0x4a,0x47,0x52,0x68,0x4a,0x27,0x5a,0xa9,0x5a,0x88,0x5a,0x89,0x5a,0xa9,0x39,0xa5,0x5a,0x89,0x62,0xea,0x6b,0x0b,
    0x41,0xe6,0x5a,0xa9,0x5a,0xc9,0x5a,0xa9,0x4a,0x27,0x52,0x68,0x4a,0x27,0x39,0xa5,0x4a,0x68,0x4a,0x48,0x52,0x68,0x42,0x07,
    0x5a,0xc9,0x5a,0xa9,0x52,0x68,0x4a,0x47,0x5a,0xca,0x73,0x6c,0x5a,0xa9,0x4a,0x27,0x42,0x27,0x6b,0x2b,0x5a,0xa9,0x4a,0x47,
    0x52,0x68,0x52,0x68,0x41,0xe7,0x4a,0x48,0x4a,0x48,0x52,0x68,0x4a,0x48,0x4a,0x47,0x4a,0x27,0x4a,0x48,0x4a,0x48,0x4a,0x27,
    0x4a,0x27,0x4a,0x27,0x4a,0x48,0x42,0x07,0x52,0x68,0x52,0x68,0x5a,0x89,0x52,0x88,0x4a,0x27,0x52,0x68,0x5a,0xa9,0x52,0x68,
    0x42,0x27,0x4a,0x48,0x4a,0x27,0x4a,0x27,0x39,0xc6,0x4a,0x48,0x4a,0x48,0x42,0x07,0x4a,0x47,0x4a,0x48,0x62,0xea,0x42,0x07,
    0x4a,0x27,0x4a,0x27,0x4a,0x48,0x39,0xc6,0x42,0x07,0x39,0xc6,0x39,0xe6,0x39,0xe6,0x41,0xe7,0x4a,0x27,0x4a,0x27,0x4a,0x27,
    0x4a,0x48,0x5a,0xa9,0x4a,0x48,0x5a,0x89,0x4a,0x47,0x52,0x88,0x42,0x07,0x4a,0x27,0x52,0x88,0x4a,0x27,0x4a,0x48,0x52,0x68,
    0x4a,0x27,0x4a,0x27,0x52,0x68,0x4a,0x27,0x4a,0x48,0x42,0x27,0x4a,0x48,0x4a,0x48,0x52,0x68,0x4a,0x48,0x4a,0x48,0x4a,0x47,
    0x4a,0x27,0x4a,0x47,0x52,0x68,0x52,0x68,0x4a,0x68,0x4a,0x27,0x5a,0xa9,0x5a,0xa9,0x4a,0x48,0x52,0x68,0x6b,0x2b,0x52,0x68,
    0x4a,0x47,0x4a,0x27,0x62,0xea,0x52,0x68,0x5a,0x89,0x4a,0x27,0x4a,0x27,0x4a,0x27,0x52,0x68,0x4a,0x48,0x52,0x68,0x39,0xe6,
    0x42,0x06,0x4a,0x06,0x4a,0x07,0x42,0x07,0x42,0x06,0x4a,0x07,0x42,0x07,0x42,0x07,0x39,0xe6,0x42,0x06,0x42,0x07,0x42,0x07,
    0x4a,0x47,0x4a,0x47,0x42,0x06,0x42,0x07,0x42,0x27,0x42,0x07,0x39,0xc6,0x39,0xe6,0x42,0x07,0x42,0x07,0x42,0x07,0x4a,0x27,
    0x39,0xe6,0x41,0xe6,0x42,0x07,0x4a,0x27,0x4a,0x27,0x52,0x89,0x4a,0x27,0x42,0x07,0x42,0x07,0x4a,0x27,0x4a,0x27,0x4a,0x27,
    0x4a,0x47,0x4a,0x27,0x39,0xe6,0x42,0x27,0x41,0xe6,0x41,0xe6,0x41,0xe6,0x42,0x07,0x4a,0x27,0x42,0x07,0x42,0x07,0x42,0x07,
    0x4a,0x27,0x52,0x47,0x4a,0x27,0x52,0x68,0x52,0x68,0x5a,0xa8,0x52,0x68,0x5a,0xa9,0x4a,0x48,0x5a,0xc9,0x52,0x88,0x4a,0x27,
    0x4a,0x27,0x52,0x89,0x4a,0x27,0x4a,0x06,0x6b,0x2b,0x52,0x89,0x52,0x68,0x4a,0x27,0x52,0x89,0x52,0x89,0x4a,0x48,0x52,0x47,
    0x52,0x47,0x52,0x47,0x52,0x48,0x4a,0x27,0x4a,0x27,0x52,0x47,0x52,0x68,0x52,0x68,0x4a,0x47,0x52,0x88,0x52,0x47,0x52,0x68,
    0x52,0x67,0x4a,0x47,0x4a,0x47,0x52,0x47,0x4a,0x27,0x4a,0x27,0x4a,0x27,0x4a,0x27,0x52,0x88,0x42,0x06,0x42,0x07,0x42,0x27,
    0x52,0x68,0x4a,0x47,0x52,0x68,0x42,0x27,0x4a,0x47,0x4a,0x27,0x4a,0x27,0x4a,0x47,0x4a,0x47,0x4a,0x47,0x52,0x88,0x4a,0x27,
    0x4a,0x27,0x4a,0x27,0x52,0x88,0x4a,0x47,0x4a,0x27,0x5a,0x88,0x52,0x88,0x52,0x48,0x4a,0x47,0x52,0x47,0x52,0x68,0x4a,0x47,
    0x4a,0x27,0x42,0x06,0x42,0x07,0x4a,0x48,0x4a,0x27,0x42,0x07,0x4a,0x27,0x4a,0x47,0x4a,0x27,0x52,0x88,0x4a,0x48,0x52,0x68,
    0x5a,0xa9,0x4a,0x48,0x42,0x27,0x4a,0x48,0x5a,0x89,0x4a,0x48,0x52,0x68,0x4a,0x48,0x52,0x68,0x4a,0x47,0x4a,0x27,0x4a,0x47,
    0x52,0x88,0x52,0x68,0x52,0x68,0x42,0x07,0x52,0x68,0x5a,0xc9,0x4a,0x27,0x41,0xe6,0x52,0x68,0x83,0xcd,0x5a,0x88,0x4a,0x27,
    0x52,0x68,0x52,0x68,0x4a,0x48,0x4a,0x27,0x4a,0x47,0x41,0xe6,0x42,0x07,0x42,0x06,0x4a,0x27,0x4a,0x27,0x4a,0x27,0x4a,0x47,
    0x4a,0x27,0x4a,0x27,0x4a,0x27,0x4a,0x48,0x4a,0x27,0x4a,0x48,0x4a,0x27,0x4a,0x48,0x4a,0x47,0x4a,0x48,0x52,0x89,0x41,0xe6,
    0x42,0x27,0x4a,0x27,0x42,0x07,0x4a,0x27,0x42,0x07,0x41,0xe6,0x5a,0xa9,0x5a,0xc9,0x41,0xe6,0x42,0x07,0x5a,0xa9,0x52,0x48,
    0x62,0xea,0x62,0xea,0x5a,0x89,0x52,0x68,0x6b,0x2b,0x52,0x88,0x5a,0x89,0x4a,0x27,0x52,0x89,0x4a,0x48,0x52,0x88,0x4a,0x47,
    0x5a,0x89,0x4a,0x48,0x5a,0xc9,0x52,0x68,0x4a,0x47,0x4a,0x47,0x4a,0x47,0x52,0x68,0x4a,0x48,0x4a,0x47,0x52,0x68,0x4a,0x47,
    0x4a,0x27,0x52,0x68,0x4a,0x47,0x42,0x07,0x4a,0x48,0x42,0x07,0x4a,0x48,0x42,0x07,0x52,0x67,0x52,0x47,0x52,0x68,0x52,0x68,
    0x4a,0x48,0x5a,0xa9,0x52,0x68,0x52,0x88,0x52,0x68,0x5a,0xc9,0x62,0xea,0x62,0xca,0x52,0x68,0x5a,0xa9,0x6b,0x2b,0x62,0xc9,
    0x62,0xe9,0x5a,0xc9,0x5a,0xa9,0x52,0x88,0x5a,0xa9,0x5a,0xa9,0x5a,0xc9,0x52,0x68,0x6b,0x2a,0x52,0x68,0x5a,0xc9,0x5a,0xa9,
    0x5a,0x89,0x52,0x68,0x4a,0x27,0x52,0x68,0x5a,0xa9,0x4a,0x47,0x5a,0xc9,0x62,0xca,0x52,0x89,0x4a,0x48,0x63,0x0a,0x73,0x8c,
    0x5a,0xc9,0x5a,0xc9,0x5a,0xa9,0x6b,0x2b,0x52,0x89,0x52,0x68,0x5a,0xa9,0x5a,0xca,0x5a,0x89,0x5a,0xa9,0x6b,0x0a,0x6b,0x0a,
    0x5a,0xc9,0x62,0xea,0x5a,0xa9,0x5a,0x88,0x63,0x0b,0x6b,0x2b,0x62,0xea,0x62,0xea,0x52,0x68,0x5a,0xa9,0x52,0x89,0x5a,0xc9,
    0x5a,0x88,0x52,0x48,0x4a,0x27,0x42,0x27,0x62,0xc9,0x5a,0xc9,0x4a,0x48,0x4a,0x48,0x52,0x68,0x6b,0x2b,0x52,0x88,0x42,0x07,
    0x62,0xca,0x6b,0x2b,0x5a,0xa9,0x4a,0x27,0x4a,0x27,0x52,0x48,0x52,0x68,0x4a,0x48,0x4a,0x27,0x4a,0x48,0x52,0x68,0x4a,0x27,
    0x42,0x07,0x4a,0x27,0x4a,0x48,0x42,0x07,0x42,0x07,0x4a,0x27,0x42,0x07,0x41,0xe6,0x4a,0x27,0x52,0x88,0x52,0x68,0x4a,0x27,
    0x52,0x88,0x52,0x68,0x4a,0x47,0x4a,0x47,0x4a,0x27,0x52,0x68,0x5a,0xc9,0x52,0x48,0x52,0x88,0x62,0xea,0x5a,0xc9,0x5a,0xc9,
    0x4a,0x68,0x4a,0x48,0x4a,0x48,0x4a,0x48,0x52,0x68,0x4a,0x27,0x41,0xe7,0x41,0xe6,0x52,0x68,0x42,0x27,0x4a,0x27,0x31,0x85,
    0x41,0xe7,0x42,0x07,0x52,0x68,0x31,0x85,0x42,0x07,0x42,0x07,0x52,0x48,0x52,0x68,0x42,0x07,0x42,0x07,0x52,0x68,0x52,0x68,
    0x39,0xa6,0x41,0xe6,0x4a,0x27,0x4a,0x48,0x39,0xc6,0x42,0x07,0x52,0x68,0x4a,0x47,0x41,0xe6,0x52,0x68,0x42,0x27,0x4a,0x27,
    0x4a,0x27,0x39,0xe6,0x41,0xe6,0x5a,0x89,0x42,0x27,0x41,0xe7,0x4a,0x27,0x52,0x68,0x4a,0x47,0x4a,0x48,0x4a,0x48,0x4a,0x48,
    0x4a,0x48,0x4a,0x27,0x52,0x68,0x5a,0xc9,0x4a,0x48,0x52,0x88,0x52,0x68,0x52,0x89,0x4a,0x27,0x4a,0x48,0x52,0x68,0x4a,0x68,
    0x39,0xe6,0x4a,0x27,0x52,0x88,0x52,0x88,0x62,0xea,0x52,0x68,0x52,0x89,0x4a,0x48,0x52,0x89,0x5a,0xa9,0x5a,0xa9,0x52,0x89,
    0x4a,0x48,0x5a,0xa9,0x6b,0x2b,0x52,0x89,0x4a,0x48,0x5a,0xa9,0x5a,0x89,0x4a,0x48,0x52,0x68,0x62,0xca,0x52,0x88,0x52,0x88,
    0x52,0x68,0x4a,0x27,0x52,0x88,0x52,0x68,0x4a,0x48,0x4a,0x48,0x4a,0x48,0x52,0x68,0x52,0x68,0x4a,0x48,0x52,0x68,0x52,0x88,
    0x31,0xa5,0x4a,0x27,0x4a,0x48,0x52,0x68,0x5a,0xa9,0x5a,0xa9,0x4a,0x27,0x4a,0x27,0x52,0x68,0x5a,0xa9,0x52,0x68,0x41,0xe6,
    0x4a,0x48,0x5a,0x89,0x52,0x68,0x42,0x06,0x5a,0xa9,0x42,0x07,0x41,0xe6,0x41,0xe6,0x5a,0xa9,0x42,0x07,0x41,0xe6,0x42,0x07,
    0x42,0x06,0x52,0x88,0x4a,0x48,0x42,0x07,0x41,0xe6,0x4a,0x47,0x52,0x68,0x52,0x68,0x42,0x27,0x42,0x07,0x41,0xe6,0x42,0x07,
    0x42,0x27,0x4a,0x27,0x4a,0x27,0x42,0x07,0x52,0x68,0x39,0xc6,0x41,0xe6,0x4a,0x47,0x52,0x68,0x52,0x68,0x5a,0xa9,0x5a,0x88,
    0x42,0x07,0x42,0x07,0x42,0x07,0x41,0xe6,0x41,0xe6,0x4a,0x48,0x42,0x07,0x42,0x07,0x4a,0x27,0x52,0x68,0x4a,0x27,0x4a,0x27,
    0x52,0x68,0x52,0x68,0x52,0x48,0x42,0x07,0x41,0xe6,0x4a,0x27,0x5a,0xa8,0x52,0x68,0x42,0x07,0x4a,0x27,0x4a,0x47,0x52,0x67,
    0x42,0x06,0x4a,0x27,0x4a,0x47,0x4a,0x47,0x41,0xe6,0x4a,0x47,0x4a,0x47,0x4a,0x47,0x42,0x07,0x42,0x06,0x52,0x47,0x5a,0xa8,
    0x4a,0x27,0x52,0x47,0x4a,0x07,0x4a,0x27,0x52,0x47,0x52,0x68,0x41,0xe6,0x4a,0x47,0x52,0x68,0x52,0x88,0x52,0x68,0x52,0x68,
    0x52,0x48,0x4a,0x48,0x4a,0x47,0x4a,0x27,0x52,0x68,0x62,0xc9,0x5a,0xca,0x63,0x0a,0x5a,0xa8,0x41,0xe6,0x5a,0xa9,0x52,0x68,
    0x52,0x68,0x4a,0x27,0x4a,0x27,0x4a,0x47,0x4a,0x48,0x52,0x68,0x4a,0x68,0x52,0x68,0x5a,0xca,0x52,0x89,0x52,0x68,0x42,0x27,
    0x5a,0xa9,0x52,0x68,0x4a,0x06,0x42,0x06,0x52,0x88,0x4a,0x27,0x41,0xe6,0x42,0x06,0x4a,0x48,0x4a,0x48,0x5a,0xa9,0x5a,0xa9,
    0x4a,0x48,0x52,0x68,0x52,0x48,0x42,0x07,0x4a,0x27,0x4a,0x27,0x39,0xc6,0x42,0x27,0x4a,0x27,0x4a,0x48,0x42,0x07,0x4a,0x27,
    0x52,0x89,0x52,0x89,0x4a,0x48,0x4a,0x27,0x4a,0x48,0x52,0x69,0x4a,0x28,0x52,0x68,0x4a,0x68,0x52,0x68,0x4a,0x48,0x4a,0x48,
    0x52,0x68,0x4a,0x48,0x4a,0x27,0x4a,0x48,0x4a,0x48,0x4a,0x48,0x41,0xe6,0x42,0x07,0x52,0x68,0x52,0x89,0x4a,0x68,0x4a,0x27,
    0x4a,0x48,0x4a,0x48,0x4a,0x27,0x42,0x07,0x52,0x68,0x4a,0x48,0x4a,0x27,0x4a,0x48,0x5a,0xc9,0x52,0x68,0x4a,0x48,0x41,0xe6,
    0x4a,0x68,0x4a,0x48,0x4a,0x48,0x42,0x07,0x4a,0x48,0x42,0x07,0x4a,0x27,0x41,0xe7,0x4a,0x48,0x4a,0x47,0x4a,0x27,0x52,0x68,
    0x4a,0x48,0x5a,0xa9,0x52,0x68,0x4a,0x27,0x4a,0x47,0x5a,0xa9,0x52,0x68,0x52,0x48,0x42,0x27,0x4a,0x47,0x52,0x48,0x4a,0x48,
    0x42,0x27,0x4a,0x27,0x4a,0x47,0x42,0x07,0x42,0x06,0x4a,0x27,0x4a,0x27,0x42,0x06,0x42,0x07,0x42,0x06,0x42,0x07,0x42,0x07,
    0x52,0x68,0x41,0xe6,0x42,0x07,0x42,0x07,0x52,0x68,0x4a,0x27,0x39,0xe6,0x42,0x07,0x42,0x06,0x42,0x06,0x39,0xe6,0x39,0xc6,
    0x41,0xe6,0x41,0xe6,0x4a,0x27,0x42,0x07,0x42,0x07,0x4a,0x27,0x4a,0x27,0x42,0x07,0x42,0x07,0x42,0x07,0x4a,0x27,0x52,0x68,
    0x4a,0x27,0x42,0x07,0x42,0x27,0x42,0x27,0x4a,0x27,0x39,0xe6,0x39,0xc6,0x41,0xe6,0x42,0x07,0x41,0xe6,0x39,0xc6,0x39,0xa5,
    0x42,0x07,0x39,0xa5,0x41,0xe6,0x42,0x07,0x42,0x07,0x52,0x68,0x31,0x85,0x6b,0x2b,0x41,0xe6,0x6b,0x2b,0x62,0xc9,0x5a,0x88,
    0x39,0xa6,0x4a,0x48,0x5a,0xa9,0x52,0x68,0x4a,0x48,0x4a,0x27,0x42,0x07,0x42,0x07,0x4a,0x48,0x4a,0x27,0x52,0x68,0x5a,0xa9,
    0x4a,0x27,0x52,0x68,0x5a,0xc9,0x5a,0x88,0x42,0x06,0x4a,0x27,0x5a,0xa9,0x52,0x67,0x42,0x27,0x4a,0x27,0x6b,0x2b,0x5a,0xa8,
    0x5a,0xa9,0x5a,0xa9,0x63,0x0a,0x62,0xc9,0x5a,0xa8,0x62,0xc9,0x62,0xea,0x52,0x68,0x4a,0x27,0x5a,0xa9,0x62,0xc9,0x52,0x68,
    0x52,0x88,0x5a,0x88,0x62,0xea,0x52,0x88,0x5a,0x89,0x62,0xc9,0x5a,0x88,0x63,0x0a,0x5a,0x88,0x6b,0x0a,0x62,0xc9,0x63,0x0a,
    0x62,0xc9,0x7b,0x6c,0x6b,0x0a,0x52,0x88,0x5a,0xc9,0x73,0x4b,0x62,0xea,0x4a,0x47,0x4a,0x48,0x42,0x07,0x4a,0x47,0x4a,0x47,
    0x4a,0x27,0x4a,0x27,0x4a,0x27,0x4a,0x27,0x4a,0x27,0x42,0x07,0x42,0x27,0x42,0x07,0x4a,0x48,0x41,0xe7,0x52,0x88,0x4a,0x27,
    0x4a,0x47,0x52,0x68,0x52,0x67,0x4a,0x47,0x5a,0xa9,0x62,0xc9,0x5a,0x88,0x52,0x47,0x52,0x48,0x4a,0x27,0x4a,0x47,0x62,0xc9,
    0x4a,0x48,0x52,0x68,0x52,0x48,0x52,0x88,0x4a,0x27,0x4a,0x27,0x5a,0xa9,0x6b,0x2b,0x4a,0x47,0x52,0x68,0x52,0x68,0x5a,0xa9,
    0x5a,0xc9,0x5a,0xa9,0x4a,0x27,0x52,0x88,0x4a,0x48,0x52,0x68,0x4a,0x47,0x52,0x47,0x62,0xea,0x52,0x68,0x5a,0x89,0x52,0x68,
    0x5a,0xa9,0x5a,0xa9,0x5a,0xa9,0x52,0x68,0x5a,0xa9,0x4a,0x48,0x52,0x89,0x52,0x88,0x52,0x68,0x5a,0xc9,0x52,0x68,0x4a,0x47,
    0x52,0x68,0x4a,0x48,0x4a,0x48,0x52,0x88,0x4a,0x48,0x52,0x88,0x63,0x0a,0x4a,0x48,0x52,0x68,0x5a,0xa9,0x5a,0xa9,0x52,0x68,
    0x5a,0xc9,0x4a,0x48,0x52,0x68,0x5a,0xa9,0x4a,0x27,0x52,0x48,0x42,0x07,0x5a,0x89,0x52,0x68,0x4a,0x27,0x42,0x07,0x4a,0x47,
    0x52,0x68,0x42,0x07,0x41,0xe6,0x4a,0x27,0x42,0x07,0x4a,0x27,0x52,0x48,0x52,0x68,0x4a,0x27,0x42,0x07,0x4a,0x27,0x52,0x68,
    0x4a,0x27,0x4a,0x07,0x41,0xe6,0x4a,0x27,0x4a,0x27,0x42,0x07,0x4a,0x27,0x4a,0x27,0x52,0x68,0x4a,0x27,0x4a,0x48,0x4a,0x27,
    0x5a,0x88,0x4a,0x47,0x4a,0x47,0x52,0x68,0x5a,0xa8,0x4a,0x47,0x52,0x68,0x52,0x68,0x4a,0x27,0x42,0x07,0x4a,0x48,0x52,0x48,
    0x4a,0x27,0x4a,0x48,0x4a,0x47,0x4a,0x47,0x52,0x68,0x5a,0xa9,0x4a,0x47,0x41,0xe6,0x52,0x68,0x5a,0xa9,0x4a,0x48,0x42,0x27,
    0x5a,0xc9,0x4a,0x48,0x4a,0x27,0x62,0xea,0x52,0x68,0x4a,0x27,0x4a,0x48,0x5a,0xa9,0x4a,0x27,0x5a,0x89,0x52,0x68,0x52,0x68,
    0x4a,0x48,0x5a,0xa9,0x6b,0x2b,0x52,0x68,0x6b,0x0a,0x4a,0x27,0x4a,0x47,0x4a,0x27,0x5a,0xa9,0x4a,0x47,0x4a,0x48,0x4a,0x47,
    0x42,0x07,0x4a,0x47,0x5a,0xa9,0x6b,0x2b,0x4a,0x27,0x5a,0x88,0x52,0x68,0x5a,0xa9,0x4a,0x27,0x52,0x68,0x52,0x88,0x4a,0x27,
    0x5a,0xa9,0x4a,0x47,0x52,0x68,0x4a,0x27,0x4a,0x27,0x4a,0x48,0x42,0x07,0x52,0x89,0x41,0xe6,0x42,0x07,0x4a,0x48,0x62,0xca,
    0x42,0x07,0x42,0x07,0x52,0x88,0x4a,0x48,0x4a,0x27,0x52,0x68,0x52,0x88,0x4a,0x48,0x62,0xca,0x4a,0x27,0x39,0xc6,0x39,0xa6,
    0x6b,0x2b,0x52,0x68,0x52,0x68,0x4a,0x27,0x42,0x07,0x4a,0x27,0x52,0x68,0x4a,0x27,0x52,0x68,0x52,0x88,0x52,0x68,0x4a,0x48,
    0x4a,0x48,0x5a,0xa9,0x52,0x88,0x52,0x68,0x4a,0x27,0x42,0x07,0x5a,0xca,0x52,0x89,0x52,0x88,0x62,0xea,0x5a,0xa9,0x52,0x88,
    0x62,0xea,0x5a,0xca,0x5a,0xca,0x5a,0xa9,0x4a,0x48,0x52,0x48,0x52,0x48,0x4a,0x27,0x4a,0x48,0x52,0x88,0x52,0x88,0x4a,0x47,
    0x42,0x07,0x4a,0x48,0x62,0xea,0x52,0x88,0x42,0x07,0x4a,0x27,0x4a,0x47,0x5a,0xc9,0x52,0x68,0x4a,0x68,0x52,0x48,0x4a,0x48,
    0x42,0x07,0x4a,0x47,0x52,0x88,0x52,0x88,0x4a,0x48,0x4a,0x48,0x5a,0xa9,0x52,0x68,0x5a,0xa9,0x6b,0x2b,0x62,0xc9,0x52,0x88,
    0x4a,0x47,0x4a,0x68,0x4a,0x48,0x4a,0x47,0x52,0x68,0x52,0x68,0x42,0x07,0x52,0x68,0x52,0x68,0x4a,0x48,0x41,0xe6,0x42,0x07,
    0x4a,0x48,0x4a,0x27,0x4a,0x47,0x4a,0x48,0x4a,0x48,0x4a,0x27,0x4a,0x47,0x52,0x68,0x5a,0xa9,0x52,0x68,0x52,0x48,0x52,0x68,
    0x52,0x68,0x5a,0x88,0x52,0x68,0x52,0x68,0x42,0x07,0x52,0x68,0x5a,0x88,0x4a,0x47,0x52,0x88,0x52,0x68,0x4a,0x27,0x41,0xe7,
    0x5a,0xa9,0x4a,0x27,0x42,0x07,0x41,0xe6,0x52,0x68,0x52,0x68,0x4a,0x47,0x4a,0x27,0x52,0x68,0x4a,0x47,0x4a,0x27,0x52,0x68,
    0x42,0x07,0x4a,0x27,0x41,0xe7,0x42,0x07,0x42,0x07,0x4a,0x27,0x4a,0x27,0x4a,0x27,0x42,0x07,0x4a,0x47,0x4a,0x47,0x42,0x27,
    0x5a,0x89,0x52,0x68,0x4a,0x48,0x4a,0x48,0x4a,0x27,0x4a,0x07,0x42,0x07,0x52,0x67,0x4a,0x47,0x4a,0x27,0x4a,0x27,0x52,0x68,
    0x42,0x27,0x4a,0x27,0x52,0x88,0x4a,0x27,0x42,0x07,0x52,0x68,0x52,0x68,0x62,0xc9,0x52,0x47,0x52,0x68,0x4a,0x47,0x52,0x68,
    0x52,0x68,0x42,0x06,0x52,0x47,0x4a,0x47,0x52,0x47,0x4a,0x27,0x4a,0x47,0x52,0x47,0x52,0x68,0x4a,0x47,0x4a,0x47,0x52,0x67,
    0x52,0x89,0x4a,0x47,0x4a,0x27,0x4a,0x07,0x5a,0x88,0x52,0x68,0x52,0x68,0x4a,0x27,0x52,0x68,0x52,0x88,0x4a,0x48,0x4a,0x27,
    0x52,0x47,0x52,0x47,0x4a,0x48,0x52,0x68,0x41,0xe6,0x4a,0x27,0x4a,0x27,0x4a,0x27,0x4a,0x27,0x4a,0x07,0x42,0x07,0x4a,0x47,
    0x4a,0x27,0x42,0x06,0x52,0x48,0x52,0x68,0x42,0x06,0x4a,0x27,0x52,0x68,0x5a,0xa9,0x4a,0x27,0x42,0x07,0x4a,0x07,0x4a,0x27,
    0x4a,0x27,0x42,0x07,0x4a,0x27,0x4a,0x27,0x4a,0x27,0x41,0xe6,0x41,0xe6,0x4a,0x27,0x42,0x07,0x52,0x68,0x42,0x07,0x42,0x07,
    0x4a,0x47,0x42,0x27,0x42,0x27,0x4a,0x27,0x41,0xe6,0x42,0x07,0x4a,0x27,0x5a,0xa9,0x4a,0x47,0x4a,0x48,0x41,0xe6,0x4a,0x48,
    0x4a,0x27,0x4a,0x48,0x4a,0x27,0x52,0x68,0x4a,0x27,0x5a,0x89,0x4a,0x68,0x4a,0x48,0x4a,0x48,0x4a,0x27,0x4a,0x47,0x52,0x68,
    0x4a,0x48,0x52,0x88,0x52,0x88,0x52,0x88,0x42,0x27,0x52,0x68,0x52,0x88,0x4a,0x27,0x52,0x68,0x4a,0x48,0x4a,0x27,0x42,0x07,
    0x52,0x68,0x4a,0x48,0x4a,0x48,0x42,0x27,0x41,0xe6,0x4a,0x27,0x4a,0x27,0x4a,0x27,0x41,0xe6,0x41,0xe6,0x39,0xc6,0x4a,0x27,
    0x41,0xe7,0x42,0x07,0x39,0xc6,0x39,0xc6,0x39,0xe6,0x42,0x07,0x42,0x07,0x42,0x07,0x41,0xe6,0x41,0xe6,0x42,0x07,0x42,0x07,
    0x4a,0x27,0x41,0xe6,0x41,0xe6,0x4a,0x27,0x41,0xe6,0x4a,0x27,0x4a,0x27,0x52,0x68,0x42,0x07,0x52,0x48,0x4a,0x48,0x4a,0x48,
    0x42,0x07,0x52,0x47,0x4a,0x47,0x4a,0x27,0x42,0x07,0x42,0x07,0x42,0x27,0x4a,0x48,0x52,0x68,0x4a,0x48,0x42,0x07,0x52,0x68,
    0x42,0x07,0x42,0x07,0x4a,0x27,0x4a,0x48,0x4a,0x27,0x41,0xe6,0x42,0x07,0x4a,0x27,0x52,0x88,0x4a,0x48,0x4a,0x27,0x5a,0x89,
    0x42,0x07,0x4a,0x48,0x62,0xc9,0x5a,0xa9,0x4a,0x48,0x4a,0x27,0x4a,0x48,0x62,0xe9,0x42,0x07,0x4a,0x48,0x42,0x07,0x52,0x68,
    0x4a,0x27,0x39,0xc6,0x52,0x68,0x52,0x68,0x5a,0xc9,0x52,0x68,0x4a,0x47,0x52,0x89,0x5a,0xa9,0x4a,0x48,0x5a,0xa9,0x5a,0xa9,
    0x52,0x48,0x52,0x89,0x52,0x68,0x6b,0x2b,0x52,0x68,0x4a,0x48,0x4a,0x27,0x52,0x89,0x5a,0xc9,0x52,0x89,0x4a,0x68,0x4a,0x27,
    0x5a,0xa9,0x6b,0x0b,0x5a,0xa9,0x4a,0x48,0x62,0xea,0x5a,0xa9,0x52,0x88,0x52,0x68,0x52,0x68,0x41,0xe6,0x42,0x06,0x4a,0x48,
    0x4a,0x27,0x4a,0x48,0x62,0xea,0x52,0x89,0x4a,0x48,0x4a,0x48,0x52,0x68,0x52,0x89,0x4a,0x27,0x52,0x68,0x5a,0xc9,0x52,0x68,
    0x4a,0x47,0x42,0x07,0x52,0x48,0x52,0x88,0x52,0x68,0x4a,0x27,0x5a,0xa9,0x52,0x48,0x4a,0x27,0x52,0x89,0x52,0xa9,0x5a,0xa9,
    0x4a,0x48,0x4a,0x48,0x5a,0xa9,0x5a,0xa9,0x5a,0xc9,0x4a,0x68,0x52,0x89,0x52,0x89,0x52,0x48,0x73,0x6c,0x6b,0x0b,0x4a,0x48,
    0x5a,0x89,0x6b,0x4b,0x62,0xea,0x5a,0x89,0x5a,0xc9,0x62,0xea,0x4a,0x47,0x4a,0x48,0x5a,0xa9,0x52,0x68,0x5a,0xa9,0x52,0x88,
    0x52,0x89,0x5a,0x89,0x5a,0x89,0x62,0xea,0x5a,0xc9,0x52,0x88,0x52,0x68,0x4a,0x48,0x52,0x88,0x52,0x68,0x52,0x88,0x52,0x68,
    0x52,0x48,0x52,0x68,0x52,0x68,0x5a,0x89,0x52,0x88,0x42,0x07,0x42,0x07,0x4a,0x48,0x5a,0xc9,0x52,0x68,0x52,0x88,0x52,0x88,
    0x5a,0xc9,0x52,0x68,0x52,0x68,0x52,0x68,0x5a,0xa9,0x52,0x68,0x4a,0x27,0x5a,0xc9,0x52,0x68,0x52,0x68,0x52,0x68,0x4a,0x47,
    0x52,0x68,0x4a,0x48,0x42,0x07,0x4a,0x27,0x4a,0x48,0x4a,0x27,0x42,0x07,0x4a,0x48,0x5a,0xa9,0x52,0x68,0x4a,0x47,0x5a,0xa9,
    0x4a,0x27,0x52,0x68,0x5a,0xa9,0x5a,0xa9,0x52,0x68,0x52,0x68,0x4a,0x48,0x5a,0xc9,0x52,0x89,0x52,0x68,0x6b,0x2b,0x52,0x89,
    0x6b,0x2b,0x6b,0x2b,0x7b,0x8c,0x42,0x07,0x42,0x07,0x4a,0x47,0x62,0xc9,0x62,0xc9,0x52,0x68,0x5a,0x89,0x52,0x48,0x5a,0x89,
    0x52,0x88,0x52,0x68,0x4a,0x27,0x39,0xc6,0x52,0x88,0x4a,0x48,0x52,0x88,0x52,0x48,0x5a,0xa9,0x62,0xea,0x62,0xc9,0x52,0x88,
    0x83,0xcd,0x5a,0xa9,0x5a,0xa9,0x5a,0xc9,0x6b,0x4c,0x62,0xea,0x62,0xca,0x52,0x89,0x42,0x07,0x4a,0x48,0x5a,0xa9,0x52,0x88,
    0x5a,0xca,0x52,0x89,0x4a,0x48,0x5a,0xc9,0x5a,0xa9,0x52,0x68,0x4a,0x48,0x5a,0xa9,0x52,0x88,0x52,0x88,0x52,0x89,0x52,0x68,
    0x52,0x68,0x52,0x68,0x52,0x89,0x5a,0xc9,0x62,0xea,0x4a,0x47,0x52,0x88,0x52,0x88,0x62,0xea,0x5a,0xca,0x5a,0xa9,0x52,0x68,
    0x5a,0xca,0x52,0x89,0x4a,0x47,0x52,0x48,0x52,0x68,0x4a,0x47,0x52,0x48,0x52,0x68,0x42,0x07,0x4a,0x27,0x4a,0x48,0x62,0xc9,
    0x5a,0x89,0x5a,0x89,0x5a,0xa9,0x52,0x88,0x4a,0x27,0x52,0x88,0x52,0x68,0x5a,0xa9,0x4a,0x48,0x52,0x68,0x4a,0x47,0x4a,0x27,
    0x52,0x88,0x62,0xc9,0x52,0x68,0x6b,0x0a,0x62,0xea,0x52,0x68,0x52,0x47,0x52,0x68,0x63,0x0a,0x52,0x68,0x52,0x68,0x52,0x88,
    0x52,0x88,0x5a,0xa9,0x62,0xc9,0x52,0x88,0x5a,0xa9,0x52,0x68,0x62,0xc9,0x4a,0x47,0x5a,0xa9,0x62,0xea,0x73,0x6b,0x62,0xc9,
    0x5a,0xa9,0x5a,0xa9,0x62,0xea,0x5a,0xa9,0x4a,0x47,0x62,0xea,0x5a,0xa9,0x52,0x68,0x4a,0x27,0x4a,0x27,0x4a,0x47,0x4a,0x47,
    0x4a,0x47,0x4a,0x27,0x52,0x88,0x4a,0x47,0x52,0x68,0x52,0x68,0x5a,0x88,0x4a,0x27,0x4a,0x47,0x4a,0x27,0x52,0x67,0x52,0x67,
    0x52,0x68,0x52,0x88,0x4a,0x48,0x4a,0x48,0x41,0xe6,0x41,0xe6,0x52,0x88,0x62,0xea,0x42,0x07,0x42,0x06,0x42,0x06,0x6b,0x2b,
    0x52,0x68,0x4a,0x47,0x4a,0x27,0x42,0x07,0x5a,0xa9,0x52,0x68,0x4a,0x47,0x39,0xc6,0x6b,0x0a,0x42,0x06,0x52,0x68,0x39,0xc6,
    0x5a,0xa9,0x4a,0x27,0x52,0x68,0x4a,0x27,0x52,0x68,0x4a,0x48,0x4a,0x48,0x52,0x68,0x42,0x06,0x52,0x48,0x4a,0x47,0x41,0xe6,
    0x41,0xe6,0x52,0x89,0x5a,0x88,0x52,0x47,0x42,0x07,0x52,0x48,0x52,0x88,0x4a,0x27,0x52,0x48,0x42,0x07,0x41,0xe6,0x42,0x27,
    0x4a,0x47,0x52,0x68,0x4a,0x27,0x4a,0x47,0x4a,0x47,0x62,0xc9,0x5a,0xa8,0x4a,0x27,0x4a,0x47,0x62,0xc9,0x5a,0x88,0x4a,0x27,
    0x4a,0x48,0x5a,0xa9,0x4a,0x48,0x4a,0x47,0x52,0x68,0x4a,0x48,0x4a,0x48,0x4a,0x48,0x4a,0x27,0x4a,0x48,0x4a,0x48,0x52,0x68,
    0x4a,0x27,0x52,0x68,0x4a,0x48,0x52,0x68,0x42,0x07,0x4a,0x27,0x4a,0x27,0x52,0x68,0x52,0x68,0x52,0x68,0x52,0x68,0x4a,0x48,
    0x52,0x89,0x52,0x68,0x4a,0x47,0x4a,0x27,0x52,0x68,0x4a,0x47,0x4a,0x48,0x4a,0x27,0x52,0x68,0x4a,0x48,0x4a,0x27,0x4a,0x47,
    0x4a,0x48,0x52,0x88,0x52,0x68,0x5a,0x89,0x4a,0x47,0x52,0x88,0x52,0x68,0x4a,0x27,0x4a,0x48,0x5a,0xa9,0x52,0x68,0x52,0x89,
    0x62,0xca,0x5a,0xc9,0x52,0x68,0x52,0x88,0x4a,0x48,0x52,0x68,0x42,0x06,0x4a,0x27,0x5a,0xa9,0x52,0x89,0x4a,0x27,0x41,0xe6,
    0x52,0x88,0x5a,0xa9,0x5a,0xa9,0x4a,0x27,0x52,0x68,0x5a,0xa9,0x52,0x68,0x5a,0xc9,0x4a,0x47,0x5a,0xa9,0x4a,0x27,0x42,0x06,
    0x52,0x47,0x5a,0xa8,0x41,0xe6,0x4a,0x27,0x6b,0x09,0x62,0xa8,0x52,0x88,0x42,0x06,0x62,0xc9,0x5a,0x88,0x7b,0x8b,0x4a,0x47,
    0x4a,0x47,0x41,0xe6,0x42,0x07,0x52,0x88,0x4a,0x27,0x39,0xc6,0x42,0x07,0x4a,0x48,0x39,0xc6,0x4a,0x48,0x41,0xe6,0x4a,0x27,
    0x4a,0x27,0x4a,0x48,0x4a,0x27,0x4a,0x27,0x42,0x07,0x42,0x07,0x42,0x07,0x4a,0x48,0x4a,0x48,0x4a,0x48,0x42,0x27,0x5a,0xc9,
    0x41,0xe7,0x42,0x07,0x41,0xe7,0x42,0x07,0x4a,0x27,0x42,0x07,0x41,0xe7,0x52,0x68,0x4a,0x27,0x52,0x68,0x4a,0x48,0x52,0x68,
    0x52,0x88,0x4a,0x48,0x52,0x68,0x52,0x68,0x4a,0x27,0x4a,0x47,0x42,0x07,0x5a,0xa9,0x52,0x88,0x52,0x68,0x52,0x68,0x5a,0xc9,
    0x52,0x88,0x52,0x89,0x62,0xe9,0x5a,0x88,0x52,0x89,0x52,0x68,0x6b,0x2a,0x7b,0x8c,0x42,0x07,0x6b,0x2b,0x62,0xea,0x62,0xea,
    0x52,0x68,0x6b,0x2b,0x5a,0xa9,0x5a,0x89,0x62,0xe9,0x62,0xea,0x6b,0x2b,0x63,0x0a,0x6b,0x2a,0x5a,0xa9,0x5a,0xa9,0x62,0xc9,
    0x62,0xc9,0x4a,0x48,0x52,0x68,0x52,0x88,0x62,0xea,0x52,0x88,0x52,0x88,0x5a,0xa9,0x73,0x6c,0x5a,0xa9,0x52,0x47,0x4a,0x27,
    0x62,0xe9,0x62,0xc8,0x4a,0x47,0x4a,0x27,0x4a,0x47,0x4a,0x27,0x4a,0x48,0x4a,0x27,0x62,0xc9,0x5a,0xc9,0x5a,0xc9,0x52,0x89,
    0x4a,0x48,0x52,0x68,0x5a,0x89,0x4a,0x48,0x4a,0x27,0x4a,0x48,0x4a,0x48,0x52,0x89,0x4a,0x27,0x52,0x88,0x5a,0xa9,0x4a,0x48,
    0x52,0x88,0x52,0x68,0x52,0x68,0x41,0xe6,0x4a,0x27,0x4a,0x48,0x52,0x68,0x4a,0x27,0x4a,0x48,0x39,0xe6,0x41,0xe6,0x5a,0xa9,
    0x39,0xe6,0x4a,0x27,0x52,0x68,0x52,0x88,0x42,0x07,0x4a,0x27,0x4a,0x27,0x42,0x07,0x4a,0x27,0x52,0x48,0x4a,0x27,0x52,0x68,
    0x5a,0xa9,0x4a,0x27,0x4a,0x27,0x4a,0x27,0x52,0x88,0x52,0x88,0x52,0x68,0x4a,0x27,0x4a,0x47,0x5a,0x89,0x5a,0xa9,0x52,0x68,
    0x52,0x88,0x5a,0xc9,0x4a,0x27,0x4a,0x27,0x52,0x88,0x4a,0x27,0x4a,0x47,0x4a,0x27,0x52,0x89,0x4a,0x48,0x42,0x27,0x4a,0x47,
    0x4a,0x27,0x4a,0x27,0x42,0x07,0x4a,0x47,0x4a,0x47,0x52,0x88,0x52,0x68,0x52,0x88,0x52,0x68,0x6b,0x0a,0x4a,0x27,0x4a,0x48,
    0x52,0x68,0x52,0x68,0x4a,0x48,0x42,0x27,0x42,0x07,0x52,0x68,0x5a,0xa9,0x52,0x68,0x4a,0x48,0x4a,0x27,0x52,0x68,0x4a,0x48,
    0x52,0x68,0x52,0x68,0x52,0x68,0x4a,0x27,0x42,0x07,0x4a,0x47,0x4a,0x47,0x52,0x88,0x42,0x07,0x4a,0x47,0x52,0x88,0x52,0x68,
    0x52,0x88,0x4a,0x47,0x52,0x48,0x4a,0x48,0x4a,0x48,0x42,0x07,0x4a,0x27,0x52,0x68,0x52,0x68,0x4a,0x27,0x4a,0x68,0x52,0x88,
    0x52,0x88,0x4a,0x27,0x63,0x2b,0x52,0x89,0x4a,0x48,0x4a,0x48,0x4a,0x47,0x52,0x47,0x52,0x88,0x52,0x68,0x4a,0x27,0x4a,0x27,
    0x52,0x68,0x5a,0xa9,0x4a,0x27,0x52,0x47,0x4a,0x27,0x4a,0x48,0x4a,0x48,0x4a,0x27,0x42,0x07,0x4a,0x48,0x52,0x68,0x52,0x88,
    0x52,0x68,0x52,0x68,0x4a,0x48,0x5a,0xc9,0x4a,0x27,0x4a,0x48,0x52,0x89,0x6b,0x0a,0x4a,0x27,0x5a,0xc9,0x62,0xea,0x5a,0xa9,
    0x52,0x88,0x52,0x88,0x4a,0x48,0x42,0x07,0x5a,0xc9,0x52,0x89,0x4a,0x47,0x5a,0x89,0x6b,0x2b,0x4a,0x48,0x4a,0x47,0x52,0x68,
    0x4a,0x48,0x5a,0xa9,0x52,0x68,0x4a,0x47,0x52,0x68,0x4a,0x47,0x52,0x68,0x4a,0x27,0x52,0x68,0x62,0xea,0x52,0x88,0x5a,0xa9,
    0x5a,0xa9,0x5a,0xa9,0x5a,0xc9,0x5a,0xa9,0x5a,0x89,0x5a,0xa9,0x62,0xea,0x5a,0xa9,0x41,0xe7,0x42,0x07,0x41,0xe6,0x4a,0x48,
    0x4a,0x27,0x52,0x48,0x5a,0xa9,0x4a,0x27,0x52,0x89,0x4a,0x27,0x5a,0xc9,0x4a,0x47,0x5a,0xa9,0x62,0xea,0x5a,0xa9,0x4a,0x48,
    0x4a,0x47,0x52,0x48,0x62,0xca,0x5a,0xa9,0x4a,0x27,0x42,0x07,0x4a,0x27,0x52,0x88,0x42,0x07,0x4a,0x47,0x4a,0x48,0x52,0x89,
    0x52,0x68,0x4a,0x27,0x52,0x68,0x52,0x88,0x6b,0x2b,0x5a,0xc9,0x62,0xea,0x5a,0xc9,0x5a,0xc9,0x52,0x89,0x52,0x88,0x42,0x07,
    0x52,0x88,0x52,0x88,0x4a,0x48,0x41,0xe6,0x52,0x68,0x5a,0x89,0x62,0xea,0x52,0x89,0x42,0x07,0x42,0x07,0x4a,0x48,0x52,0x68,
    0x42,0x07,0x4a,0x48,0x4a,0x68,0x4a,0x27,0x4a,0x27,0x4a,0x27,0x4a,0x48,0x52,0x68,0x42,0x07,0x4a,0x48,0x4a,0x47,0x42,0x07,
    0x52,0x89,0x73,0x4b,0x52,0x89,0x4a,0x48,0x52,0x68,0x52,0x68,0x4a,0x48,0x4a,0x27,0x4a,0x27,0x41,0xe6,0x4a,0x27,0x4a,0x47,
    0x4a,0x27,0x39,0xc6,0x4a,0x47,0x4a,0x27,0x52,0x68,0x5a,0xc9,0x5a,0x89,0x4a,0x27,0x4a,0x27,0x5a,0x88,0x4a,0x07,0x39,0xc6,
    0x5a,0xc9,0x5a,0xa9,0x42,0x07,0x4a,0x27,0x4a,0x27,0x52,0x68,0x4a,0x27,0x4a,0x48,0x4a,0x27,0x4a,0x27,0x52,0x88,0x52,0x48,
    0x4a,0x27,0x4a,0x27,0x4a,0x27,0x52,0x88,0x4a,0x47,0x39,0xe6,0x41,0xe6,0x5a,0xa9,0x4a,0x48,0x52,0x68,0x52,0x48,0x4a,0x27,
    0x4a,0x47,0x4a,0x48,0x4a,0x47,0x4a,0x48,0x52,0x68,0x52,0x48,0x4a,0x48,0x52,0x48,0x4a,0x47,0x4a,0x27,0x4a,0x47,0x4a,0x47,
    0x4a,0x48,0x4a,0x27,0x52,0x88,0x52,0x88,0x52,0x68,0x4a,0x48,0x52,0x68,0x52,0x68,0x62,0xea,0x52,0x89,0x5a,0xa9,0x52,0x68,
    0x5a,0xa9,0x52,0x68,0x5a,0xa9,0x6b,0x0b,0x52,0x68,0x4a,0x48,0x5a,0xa9,0x5a,0xa9,0x52,0x68,0x5a,0xa9,0x52,0x48,0x5a,0xa9,
    0x4a,0x27,0x4a,0x27,0x5a,0x88,0x4a,0x27,0x4a,0x27,0x52,0x68,0x4a,0x47,0x42,0x07,0x52,0x68,0x4a,0x47,0x42,0x07,0x4a,0x27,
    0x42,0x27,0x4a,0x27,0x4a,0x47,0x4a,0x47,0x42,0x07,0x4a,0x47,0x4a,0x27,0x4a,0x47,0x4a,0x27,0x5a,0x89,0x52,0x88,0x52,0x68,
    0x4a,0x47,0x52,0x88,0x52,0x88,0x52,0x47,0x4a,0x26,0x52,0x88,0x62,0xea,0x52,0x68,0x4a,0x27,0x5a,0xa9,0x5a,0x89,0x52,0x68,
    0x52,0x88,0x5a,0xa9,0x52,0x89,0x52,0x68,0x4a,0x27,0x52,0x89,0x52,0x89,0x5a,0x88,0x52,0x68,0x52,0x68,0x4a,0x27,0x62,0xea,
    0x42,0x07,0x52,0x68,0x52,0x68,0x52,0x68,0x52,0x48,0x52,0x89,0x52,0x89,0x52,0x88,0x62,0xea,0x52,0x68,0x5a,0xc9,0x5a,0xc9,
    0x52,0x88,0x52,0x68,0x4a,0x47,0x4a,0x48,0x5a,0xa8,0x52,0x48,0x52,0x88,0x5a,0xa9,0x62,0xea,0x62,0xea,0x62,0xea,0x5a,0xc9,
    0x52,0x89,0x52,0x68,0x39,0xe6,0x42,0x07,0x52,0x89,0x52,0x88,0x4a,0x27,0x4a,0x27,0x63,0x0a,0x73,0x4b,0x52,0x68,0x42,0x07,
    0x52,0x89,0x5a,0xa9,0x4a,0x48,0x4a,0x48,0x42,0x27,0x52,0x88,0x4a,0x47,0x4a,0x27,0x4a,0x27,0x4a,0x27,0x42,0x07,0x4a,0x27,
    0x4a,0x47,0x42,0x07,0x41,0xe6,0x42,0x07,0x4a,0x48,0x4a,0x27,0x4a,0x47,0x42,0x07,0x4a,0x48,0x4a,0x27,0x4a,0x27,0x41,0xe6,
    0x42,0x07,0x42,0x07,0x4a,0x27,0x4a,0x48,0x42,0x07,0x42,0x07,0x52,0x68,0x52,0x68,0x4a,0x27,0x4a,0x27,0x4a,0x48,0x4a,0x07,
    0x42,0x07,0x41,0xe6,0x42,0x07,0x42,0x07,0x41,0xe6,0x42,0x07,0x42,0x07,0x4a,0x27,0x4a,0x27,0x42,0x27,0x42,0x07,0x4a,0x48,
    0x52,0x68,0x4a,0x48,0x42,0x07,0x4a,0x48,0x39,0xe6,0x4a,0x27,0x42,0x07,0x52,0x68,0x42,0x07,0x4a,0x27,0x52,0x89,0x4a,0x27,
    0x4a,0x48,0x42,0x07,0x52,0x68,0x42,0x07,0x4a,0x48,0x4a,0x47,0x4a,0x27,0x5a,0xa9,0x52,0x68,0x42,0x06,0x4a,0x48,0x52,0x88,
    0x52,0x68,0x4a,0x48,0x52,0x68,0x52,0x48,0x5a,0xa9,0x4a,0x27,0x42,0x07,0x42,0x27,0x5a,0x89,0x5a,0xa9,0x42,0x27,0x4a,0x27,
    0x62,0xc9,0x62,0xea,0x52,0x68,0x41,0xe6,0x52,0x48,0x41,0xe6,0x52,0x89,0x62,0xc9,0x52,0x88,0x42,0x07,0x52,0x88,0x5a,0xa9,
    0x52,0x68,0x4a,0x27,0x52,0x48,0x52,0x68,0x4a,0x48,0x52,0x68,0x4a,0x27,0x4a,0x48,0x52,0x68,0x4a,0x48,0x4a,0x27,0x42,0x07,
    0x5a,0x89,0x52,0x88,0x41,0xe6,0x52,0x68,0x4a,0x48,0x4a,0x27,0x42,0x07,0x52,0x48,0x4a,0x48,0x52,0x48,0x52,0x88,0x5a,0x88,
    0x52,0x68,0x41,0xe6,0x4a,0x27,0x62,0xea,0x4a,0x47,0x42,0x27,0x4a,0x48,0x42,0x07,0x52,0x68,0x4a,0x48,0x4a,0x28,0x52,0x68,
    0x52,0x88,0x42,0x07,0x52,0x89,0x5a,0xa9,0x4a,0x48,0x52,0x89,0x5a,0xa9,0x4a,0x47,0x4a,0x27,0x52,0x68,0x5a,0xc9,0x52,0x68,
    0x42,0x07,0x39,0xc6,0x39,0xa5,0x41,0xe6,0x4a,0x27,0x41,0xe6,0x4a,0x27,0x4a,0x48,0x52,0x88,0x4a,0x48,0x4a,0x68,0x52,0x68,
    0x42,0x07,0x4a,0x27,0x52,0x89,0x4a,0x47,0x41,0xe6,0x52,0x68,0x5a,0xa9,0x4a,0x48,0x4a,0x48,0x52,0x68,0x52,0x68,0x52,0x68,
    0x5a,0xa9,0x52,0x88,0x52,0x89,0x52,0x68,0x5a,0xa9,0x5a,0xa9,0x52,0x89,0x52,0x88,0x52,0x68,0x52,0x68,0x4a,0x48,0x52,0x68,
    0x52,0x68,0x52,0x68,0x4a,0x48,0x4a,0x27,0x5a,0xa9,0x5a,0xc9,0x5a,0xa9,0x52,0x88,0x5a,0x89,0x5a,0xc9,0x62,0xca,0x62,0xca,
    0x5a,0xa9,0x5a,0xa9,0x63,0x0a,0x52,0x89,0x52,0x68,0x5a,0xa9,0x5a,0xa9,0x52,0x68,0x5a,0xc9,0x5a,0x89,0x42,0x07,0x52,0x68,
    0x5a,0xa9,0x5a,0xc9,0x5a,0xc9,0x5a,0xa9,0x4a,0x48,0x52,0x88,0x4a,0x27,0x42,0x07,0x52,0x89,0x4a,0x28,0x4a,0x48,0x4a,0x48,
    0x52,0x68,0x4a,0x48,0x5a,0xc9,0x52,0x68,0x5a,0xa9,0x4a,0x48,0x52,0x48,0x42,0x07,0x52,0x89,0x5a,0xa9,0x4a,0x48,0x4a,0x27,
    0x4a,0x28,0x52,0x89,0x52,0x68,0x52,0x68,0x4a,0x48,0x5a,0x89,0x4a,0x48,0x4a,0x27,0x41,0xe6,0x42,0x07,0x4a,0x48,0x42,0x07,
    0x4a,0x27,0x42,0x27,0x4a,0x27,0x42,0x07,0x4a,0x47,0x39,0xe6,0x4a,0x47,0x4a,0x48,0x4a,0x27,0x52,0x68,0x52,0x68,0x5a,0x88,
    0x4a,0x48,0x4a,0x48,0x42,0x27,0x4a,0x48,0x52,0x68,0x42,0x27,0x42,0x07,0x4a,0x47,0x52,0x68,0x4a,0x27,0x52,0x68,0x4a,0x27,
    0x52,0x68,0x52,0x88,0x5a,0xc9,0x5a,0xa9,0x42,0x07,0x52,0x88,0x63,0x0a,0x5a,0xc9,0x42,0x27,0x5a,0xc9,0x63,0x0a,0x5a,0xc9,
    0x5a,0xa9,0x5a,0x89,0x52,0x89,0x5a,0xc9,0x52,0x88,0x52,0x88,0x52,0x68,0x52,0x68,0x5a,0xc9,0x5a,0xc9,0x52,0x68,0x52,0x88,
    0x5a,0x89,0x52,0x68,0x52,0x68,0x4a,0x07,0x5a,0xc9,0x4a,0x47,0x62,0xea,0x4a,0x27,0x42,0x06,0x4a,0x48,0x52,0x68,0x4a,0x27,
    0x4a,0x48,0x4a,0x27,0x52,0x68,0x52,0x68,0x4a,0x27,0x52,0x88,0x5a,0x88,0x5a,0xc9,0x42,0x07,0x52,0x68,0x4a,0x47,0x5a,0x89,
    0x52,0x68,0x52,0x68,0x4a,0x27,0x4a,0x47,0x52,0x68,0x5a,0xa9,0x4a,0x47,0x52,0x48,0x52,0x68,0x52,0x68,0x5a,0xa9,0x4a,0x48,
    0x4a,0x47,0x52,0x68,0x52,0x68,0x52,0x88,0x4a,0x47,0x5a,0xa9,0x62,0xc9,0x62,0xc9,0x52,0x68,0x52,0x48,0x42,0x07,0x5a,0xa9,
    0x5a,0x89,0x52,0x88,0x52,0x68,0x4a,0x47,0x5a,0x88,0x52,0x68,0x4a,0x27,0x52,0x88,0x5a,0xa9,0x5a,0x88,0x5a,0xc9,0x5a,0x88,
    0x4a,0x47,0x4a,0x27,0x52,0x47,0x4a,0x27,0x4a,0x27,0x4a,0x27,0x4a,0x27,0x4a,0x27,0x52,0x68,0x4a,0x47,0x52,0x48,0x42,0x07,
    0x4a,0x27,0x52,0x47,0x52,0x47,0x4a,0x27,0x4a,0x27,0x4a,0x27,0x52,0x48,0x4a,0x27,0x4a,0x27,0x4a,0x47,0x42,0x07,0x4a,0x27,
    0x4a,0x27,0x4a,0x27,0x4a,0x47,0x4a,0x27,0x52,0x47,0x5a,0x88,0x42,0x07,0x4a,0x07,0x4a,0x47,0x4a,0x27,0x52,0x47,0x41,0xe6,
    0x5a,0x88,0x5a,0x88,0x5a,0xc9,0x42,0x07,0x52,0x68,0x52,0x68,0x4a,0x48,0x52,0x88,0x42,0x07,0x4a,0x27,0x52,0x68,0x52,0x89,
    0x52,0x68,0x42,0x07,0x52,0x68,0x4a,0x48,0x52,0x89,0x4a,0x47,0x4a,0x48,0x4a,0x27,0x4a,0x27,0x4a,0x47,0x52,0x68,0x4a,0x47,
    0x52,0x68,0x4a,0x48,0x42,0x07,0x42,0x07,0x4a,0x48,0x4a,0x27,0x4a,0x27,0x42,0x07,0x4a,0x48,0x4a,0x47,0x4a,0x27,0x42,0x07,
    0x4a,0x07,0x4a,0x47,0x52,0x48,0x52,0x68,0x4a,0x27,0x52,0x68,0x42,0x07,0x42,0x07,0x41,0xe7,0x52,0x68,0x4a,0x47,0x4a,0x27,
    0x52,0x68,0x4a,0x48,0x41,0xe6,0x42,0x07,0x52,0x68,0x52,0x68,0x41,0xe6,0x42,0x07,0x4a,0x47,0x4a,0x47,0x42,0x07,0x4a,0x48,
    0x4a,0x27,0x52,0x68,0x4a,0x27,0x4a,0x48,0x4a,0x27,0x4a,0x27,0x42,0x07,0x52,0x68,0x4a,0x27,0x4a,0x27,0x31,0xa5,0x4a,0x27,
    0x52,0x68,0x52,0x88,0x52,0x68,0x52,0x68,0x4a,0x48,0x4a,0x48,0x4a,0x27,0x4a,0x48,0x52,0x68,0x52,0x67,0x41,0xe6,0x41,0xe6,
    0x52,0x47,0x4a,0x06,0x52,0x68,0x52,0x48,0x52,0x88,0x5a,0x88,0x5a,0xc9,0x52,0x89,0x4a,0x48,0x4a,0x27,0x4a,0x48,0x4a,0x48,
    0x4a,0x47,0x52,0x89,0x4a,0x48,0x52,0x88,0x5a,0xa9,0x52,0x68,0x39,0xc6,0x4a,0x27,0x52,0x89,0x5a,0xa9,0x4a,0x47,0x4a,0x47,
    0x52,0x89,0x52,0x68,0x4a,0x48,0x5a,0x89,0x4a,0x48,0x4a,0x48,0x42,0x07,0x4a,0x47,0x4a,0x27,0x4a,0x27,0x42,0x07,0x4a,0x47,
    0x52,0x88,0x4a,0x27,0x4a,0x47,0x4a,0x47,0x52,0x68,0x4a,0x27,0x52,0x68,0x4a,0x47,0x5a,0xa9,0x52,0x68,0x5a,0x88,0x52,0x48,
    0x62,0xc9,0x5a,0xa8,0x5a,0x88,0x52,0x48,0x4a,0x27,0x62,0xc9,0x52,0x68,0x4a,0x47,0x52,0x68,0x5a,0xa8,0x52,0x88,0x5a,0xa9,
    0x52,0x48,0x4a,0x47,0x42,0x07,0x4a,0x27,0x52,0x68,0x52,0x68,0x4a,0x48,0x42,0x06,0x4a,0x48,0x52,0x68,0x52,0x88,0x52,0x88,
    0x4a,0x27,0x4a,0x27,0x42,0x07,0x4a,0x27,0x52,0x68,0x4a,0x27,0x42,0x06,0x4a,0x27,0x5a,0x89,0x5a,0x89,0x52,0x68,0x62,0xea,
    0x4a,0x48,0x42,0x27,0x42,0x07,0x4a,0x47,0x4a,0x47,0x52,0x47,0x42,0x07,0x63,0x0a,0x52,0x68,0x52,0x88,0x7b,0xac,0x7b,0xad,
    0x6b,0x0a,0x52,0x88,0x62,0xc9,0x5a,0xa9,0x6b,0x4b,0x6b,0x0a,0x52,0x88,0x5a,0xc9,0x6b,0x4b,0x5a,0xa9,0x52,0x88,0x52,0x88,
    0x5a,0xa9,0x5a,0x88,0x52,0x68,0x52,0x68,0x52,0x68,0x5a,0x88,0x52,0x48,0x5a,0x88,0x62,0xea,0x52,0x88,0x52,0x68,0x52,0x68,
    0x5a,0xa9,0x52,0x88,0x5a,0x89,0x42,0x07,0x5a,0xa9,0x5a,0xa9,0x62,0xea,0x62,0xc9,0x5a,0xa9,0x5a,0x88,0x5a,0x88,0x52,0x68,
    0x52,0x88,0x5a,0xa9,0x5a,0x88,0x5a,0xa9,0x4a,0x47,0x4a,0x47,0x62,0xa9,0x5a,0xa9,0x52,0x68,0x52,0x68,0x52,0x68,0x52,0x68,
    0x5a,0x88,0x5a,0xa9,0x52,0x68,0x52,0x88,0x52,0x68,0x4a,0x27,0x4a,0x47,0x4a,0x27,0x5a,0xa9,0x5a,0x88,0x52,0x68,0x52,0x68,
    0x52,0x68,0x5a,0xa8,0x5a,0x88,0x5a,0xa9,0x4a,0x47,0x52,0x68,0x52,0x88,0x62,0xea,0x4a,0x27,0x4a,0x27,0x52,0x89,0x4a,0x27,
    0x42,0x07,0x4a,0x47,0x5a,0xa9,0x4a,0x27,0x5a,0xa9,0x52,0x68,0x5a,0xa9,0x52,0x48,0x52,0x68,0x4a,0x47,0x4a,0x47,0x52,0x88,
    0x52,0x68,0x4a,0x27,0x62,0xc9,0x52,0x88,0x4a,0x27,0x52,0x88,0x52,0x88,0x4a,0x27,0x4a,0x27,0x52,0x88,0x52,0x89,0x52,0x68,
    0x52,0x88,0x5a,0xa9,0x4a,0x48,0x52,0x68,0x4a,0x48,0x4a,0x27,0x42,0x07,0x4a,0x47,0x4a,0x27,0x4a,0x27,0x4a,0x47,0x4a,0x48,
    0x4a,0x27,0x4a,0x27,0x4a,0x47,0x52,0x48,0x52,0x47,0x41,0xe6,0x4a,0x27,0x4a,0x27,0x4a,0x27,0x4a,0x27,0x52,0x88,0x52,0x89,
    0x4a,0x27,0x42,0x07,0x4a,0x48,0x4a,0x48,0x52,0x88,0x4a,0x48,0x4a,0x47,0x4a,0x47,0x4a,0x48,0x4a,0x48,0x52,0x68,0x4a,0x48,
    0x4a,0x27,0x4a,0x27,0x4a,0x48,0x4a,0x27,0x4a,0x48,0x42,0x07,0x4a,0x27,0x5a,0xa9,0x42,0x07,0x52,0x88,0x4a,0x48,0x4a,0x47,
    0x42,0x07,0x4a,0x48,0x52,0x68,0x52,0x68,0x4a,0x48,0x4a,0x68,0x5a,0xa9,0x5a,0xa9,0x4a,0x48,0x4a,0x27,0x5a,0xa9,0x52,0x89,
    0x5a,0xa9,0x6b,0x2b,0x62,0xea,0x52,0x48,0x5a,0xa9,0x4a,0x48,0x52,0x48,0x5a,0x89,0x4a,0x48,0x4a,0x27,0x4a,0x48,0x5a,0x88,
    0x52,0x48,0x4a,0x48,0x52,0x68,0x52,0x88,0x4a,0x47,0x4a,0x27,0x4a,0x27,0x4a,0x27,0x42,0x07,0x4a,0x47,0x42,0x07,0x41,0xe6,
    0x52,0x88,0x52,0x68,0x62,0xca,0x4a,0x48,0x4a,0x27,0x4a,0x27,0x62,0xea,0x52,0x68,0x42,0x07,0x52,0x68,0x4a,0x68,0x52,0x68,
    0x41,0xe6,0x4a,0x48,0x4a,0x27,0x52,0x89,0x4a,0x47,0x5a,0x88,0x52,0x48,0x4a,0x47,0x4a,0x27,0x4a,0x27,0x42,0x07,0x52,0x48,
    0x52,0x68,0x4a,0x47,0x4a,0x27,0x4a,0x47,0x4a,0x27,0x52,0x67,0x41,0xe6,0x41,0xe6,0x52,0x68,0x5a,0xa9,0x6b,0x2a,0x52,0x68,
    0x52,0x68,0x62,0xea,0x62,0xc9,0x5a,0x89,0x62,0xc9,0x5a,0xc9,0x52,0x88,0x52,0x68,0x52,0x68,0x5a,0xa9,0x62,0xc9,0x5a,0xa9,
    0x52,0x88,0x5a,0xa9,0x5a,0xa9,0x4a,0x48,0x62,0xc9,0x52,0x88,0x62,0xea,0x62,0xc9,0x5a,0xa9,0x5a,0xa9,0x52,0x68,0x5a,0xa9,
    0x4a,0x48,0x5a,0xa9,0x63,0x0a,0x6b,0x0a,0x4a,0x47,0x4a,0x27,0x4a,0x47,0x42,0x07,0x4a,0x48,0x4a,0x27,0x41,0xe6,0x42,0x07,
    0x4a,0x27,0x52,0x68,0x4a,0x48,0x4a,0x48,0x52,0x68,0x52,0x68,0x5a,0xa9,0x5a,0xa9,0x62,0xea,0x5a,0xa9,0x52,0x68,0x7b,0xcd,
    0x73,0x6c,0x7b,0x8c,0x7b,0x8c,0x73,0x6c,0x83,0xcd,0x62,0xca,0x5a,0xa9,0x83,0xcd,0x7b,0xad,0x5a,0xa9,0x4a,0x27,0x52,0x68,
    0x52,0x88,0x52,0x68,0x4a,0x48,0x42,0x07,0x52,0x48,0x39,0xe6,0x42,0x07,0x52,0x68,0x52,0x89,0x39,0xc6,0x4a,0x27,0x52,0x68,
    0x4a,0x47,0x5a,0xa9,0x5a,0xc9,0x5a,0xa9,0x39,0xc6,0x42,0x07,0x62,0xc9,0x52,0x88,0x4a,0x27,0x4a,0x27,0x4a,0x47,0x52,0x68,
    0x5a,0xc9,0x62,0xea,0x52,0x68,0x52,0x68,0x52,0x89,0x52,0x68,0x6b,0x2b,0x52,0x68,0x42,0x06,0x42,0x07,0x52,0x68,0x4a,0x47,
    0x42,0x07,0x42,0x07,0x52,0x68,0x52,0x68,0x52,0x68,0x42,0x07,0x4a,0x27,0x52,0x88,0x5a,0xa9,0x42,0x07,0x4a,0x27,0x52,0x48,
    0x4a,0x47,0x52,0x68,0x52,0x68,0x52,0x68,0x52,0x88,0x4a,0x47,0x4a,0x48,0x4a,0x48,0x52,0x68,0x52,0x88,0x5a,0x88,0x52,0x48,
    0x52,0x68,0x63,0x0a,0x52,0x68,0x52,0x88,0x4a,0x48,0x4a,0x27,0x5a,0xa9,0x4a,0x48,0x4a,0x27,0x4a,0x27,0x52,0x88,0x52,0x88,
    0x52,0x68,0x52,0x68,0x4a,0x27,0x4a,0x48,0x5a,0x89,0x4a,0x48,0x4a,0x27,0x5a,0x89,0x5a,0x89,0x52,0x88,0x52,0x88,0x4a,0x48,
    0x5a,0xa9,0x62,0xca,0x52,0x89,0x52,0x88,0x52,0x68,0x4a,0x47,0x52,0x68,0x4a,0x48,0x52,0x88,0x52,0x68,0x4a,0x48,0x5a,0x88,
    0x52,0x68,0x4a,0x47,0x4a,0x27,0x52,0x68,0x4a,0x48,0x4a,0x48,0x52,0x48,0x42,0x06,0x4a,0x48,0x52,0x68,0x52,0x68,0x52,0x68,
    0x52,0x88,0x4a,0x48,0x4a,0x48,0x52,0x68,0x52,0x47,0x5a,0xa9,0x4a,0x27,0x4a,0x26,0x52,0x47,0x52,0x47,0x4a,0x47,0x52,0x88,
    0x52,0x68,0x5a,0xa8,0x42,0x06,0x5a,0x88,0x4a,0x27,0x52,0x47,0x4a,0x47,0x5a,0x88,0x4a,0x48,0x4a,0x48,0x52,0x89,0x62,0xc9,
    0x52,0x89,0x52,0x68,0x5a,0xa9,0x62,0xea,0x52,0x89,0x4a,0x68,0x63,0x0a,0x6b,0x2b,0x5a,0xa9,0x4a,0x27,0x5a,0xa9,0x62,0xea,
    0x5a,0xa9,0x62,0xca,0x52,0x68,0x42,0x27,0x52,0x68,0x6b,0x0a,0x52,0x68,0x52,0x68,0x5a,0xa9,0x62,0xea,0x5a,0xc9,0x52,0x48,
    0x6b,0x4b,0x5a,0xa9,0x52,0x68,0x4a,0x27,0x62,0xea,0x4a,0x27,0x42,0x07,0x4a,0x48,0x5a,0x89,0x41,0xe6,0x42,0x07,0x4a,0x27,
    0x52,0x88,0x4a,0x27,0x42,0x07,0x4a,0x48,0x5a,0x88,0x52,0x68,0x42,0x27,0x39,0xc6,0x42,0x07,0x41,0xe6,0x4a,0x27,0x52,0x48,
    0x42,0x07,0x39,0xc6,0x5a,0x89,0x62,0xc9,0x39,0xe6,0x39,0xa6,0x52,0x68,0x52,0x68,0x31,0x85,0x42,0x07,0x52,0x68,0x52,0x68,
    0x4a,0x48,0x4a,0x48,0x52,0x48,0x42,0x07,0x52,0x68,0x4a,0x48,0x41,0xe7,0x41,0xe6,0x62,0xc9,0x52,0x48,0x42,0x07,0x52,0x68,
    0x5a,0xc9,0x52,0x88,0x52,0x88,0x5a,0x89,0x4a,0x47,0x4a,0x27,0x4a,0x27,0x4a,0x27,0x42,0x07,0x42,0x07,0x4a,0x27,0x52,0x48,
    0x4a,0x27,0x39,0xc6,0x39,0xc6,0x52,0x68,0x4a,0x27,0x42,0x07,0x42,0x07,0x41,0xe6,0x42,0x07,0x4a,0x27,0x4a,0x27,0x4a,0x27,
    0x4a,0x27,0x52,0x89,0x4a,0x48,0x4a,0x48,0x5a,0xc9,0x52,0x68,0x4a,0x48,0x42,0x27,0x4a,0x48,0x41,0xe6,0x42,0x07,0x42,0x07,
    0x4a,0x27,0x41,0xe6,0x42,0x07,0x4a,0x47,0x42,0x07,0x4a,0x47,0x4a,0x48,0x4a,0x48,0x42,0x07,0x39,0xa5,0x62,0xca,0x6b,0x0a,
    0x39,0xe6,0x29,0x64,0x4a,0x48,0x7b,0x8c,0x4a,0x47,0x4a,0x48,0x4a,0x48,0x4a,0x27,0x4a,0x27,0x4a,0x48,0x4a,0x07,0x4a,0x48,
    0x42,0x07,0x4a,0x48,0x4a,0x27,0x4a,0x27,0x62,0xca,0x4a,0x48,0x4a,0x47,0x4a,0x48,0x4a,0x27,0x42,0x06,0x4a,0x48,0x41,0xe6,
    0x4a,0x27,0x41,0xe6,0x42,0x07,0x41,0xe6,0x42,0x07,0x41,0xe6,0x4a,0x27,0x52,0x68,0x4a,0x27,0x42,0x07,0x4a,0x27,0x4a,0x48,
    0x4a,0x47,0x52,0x68,0x4a,0x48,0x52,0x88,0x5a,0xa9,0x52,0x68,0x4a,0x27,0x4a,0x47,0x41,0xe6,0x42,0x07,0x4a,0x27,0x4a,0x27,
    0x4a,0x48,0x4a,0x27,0x5a,0x89,0x4a,0x47,0x52,0x68,0x4a,0x47,0x4a,0x48,0x4a,0x48,0x5a,0xc9,0x52,0x88,0x4a,0x27,0x4a,0x48,
    0x52,0x68,0x5a,0xc9,0x52,0x68,0x42,0x07,0x52,0x89,0x52,0x89,0x5a,0xa9,0x4a,0x47,0x42,0x07,0x42,0x07,0x52,0x89,0x4a,0x68,
    0x41,0xe6,0x4a,0x27,0x4a,0x27,0x42,0x07,0x4a,0x47,0x4a,0x48,0x42,0x07,0x42,0x07,0x52,0x68,0x4a,0x27,0x42,0x07,0x42,0x07,
    0x4a,0x48,0x52,0x68,0x5a,0xa9,0x52,0x68,0x4a,0x47,0x52,0x68,0x6b,0x0a,0x5a,0xa9,0x41,0xe6,0x5a,0xa9,0x5a,0x89,0x52,0x68,
    0x42,0x07,0x52,0x48,0x5a,0xa9,0x5a,0xa9,0x4a,0x48,0x5a,0xa9,0x4a,0x27,0x4a,0x48,0x5a,0xa9,0x52,0x89,0x4a,0x68,0x4a,0x48,
    0x4a,0x27,0x52,0x88,0x4a,0x48,0x42,0x07,0x52,0x68,0x4a,0x48,0x52,0x68,0x52,0x88,0x4a,0x27,0x4a,0x48,0x52,0x68,0x4a,0x27,
    0x4a,0x27,0x52,0x68,0x62,0xc9,0x52,0x89,0x52,0x68,0x5a,0xc9,0x5a,0xa9,0x52,0x68,0x5a,0xa9,0x52,0x68,0x52,0x89,0x52,0x68,
    0x52,0x68,0x4a,0x48,0x4a,0x48,0x52,0x68,0x4a,0x48,0x5a,0xa9,0x52,0x89,0x4a,0x48,0x42,0x07,0x4a,0x48,0x52,0xa9,0x52,0x89,
    0x52,0x68,0x52,0x68,0x5a,0xa9,0x6b,0x0a,0x4a,0x27,0x52,0x88,0x52,0x48,0x52,0x68,0x4a,0x48,0x52,0x68,0x4a,0x48,0x42,0x07,
    0x52,0x89,0x52,0x68,0x4a,0x27,0x42,0x07,0x52,0x89,0x4a,0x47,0x4a,0x48,0x4a,0x27,0x52,0x68,0x42,0x07,0x42,0x07,0x4a,0x48,
    0x4a,0x48,0x4a,0x48,0x42,0x07,0x42,0x07,0x42,0x07,0x42,0x07,0x4a,0x68,0x4a,0x47,0x42,0x07,0x4a,0x27,0x42,0x07,0x52,0x48,
    0x52,0x89,0x4a,0x48,0x42,0x07,0x42,0x07,0x52,0x68,0x4a,0x48,0x42,0x07,0x4a,0x27,0x4a,0x27,0x4a,0x27,0x42,0x07,0x4a,0x27,
    0x42,0x07,0x42,0x07,0x42,0x07,0x4a,0x27,0x4a,0x27,0x5a,0xa9,0x73,0x2b,0x52,0x88,0x4a,0x48,0x4a,0x48,0x4a,0x27,0x52,0x68,
    0x42,0x07,0x4a,0x47,0x4a,0x27,0x4a,0x27,0x42,0x27,0x4a,0x27,0x4a,0x27,0x4a,0x48,0x4a,0x27,0x52,0x89,0x52,0x89,0x52,0x68,
    0x63,0x0a,0x5a,0xa9,0x52,0x68,0x4a,0x48,0x4a,0x48,0x52,0x88,0x52,0x88,0x52,0x68,0x4a,0x48,0x52,0x68,0x4a,0x48,0x52,0x68,
    0x4a,0x27,0x52,0x68,0x4a,0x27,0x4a,0x48,0x5a,0x88,0x52,0x88,0x42,0x27,0x4a,0x47,0x52,0x68,0x4a,0x47,0x52,0x68,0x52,0x68,
    0x5a,0x68,0x52,0x48,0x62,0xe9,0x52,0x88,0x52,0x68,0x4a,0x47,0x4a,0x27,0x52,0x68,0x4a,0x47,0x52,0x68,0x52,0x47,0x73,0x4b,
    0x4a,0x07,0x31,0x85,0x4a,0x27,0x62,0xc9,0x4a,0x27,0x39,0xe6,0x5a,0x88,0x5a,0x88,0x5a,0xa9,0x5a,0xa9,0x4a,0x27,0x62,0xea,
    0x6b,0x2b,0x5a,0xa9,0x4a,0x47,0x52,0x68,0x7b,0x8c,0x52,0x68,0x5a,0x88,0x52,0x88,0x5a,0x88,0x5a,0x88,0x5a,0x88,0x62,0xc9,
    0x52,0x88,0x4a,0x27,0x5a,0xa9,0x52,0x68,0x5a,0x89,0x4a,0x48,0x52,0x48,0x52,0x68,0x5a,0xa9,0x62,0xea,0x52,0x68,0x5a,0xa9,
    0x5a,0xa9,0x5a,0xa9,0x4a,0x48,0x5a,0x89,0x52,0x68,0x52,0x68,0x4a,0x47,0x42,0x06,0x5a,0xa9,0x5a,0xc9,0x52,0x68,0x42,0x06,
    0x52,0x88,0x5a,0xc9,0x52,0x68,0x52,0x88,0x5a,0xa9,0x52,0x68,0x4a,0x48,0x4a,0x27,0x42,0x06,0x4a,0x27,0x42,0x07,0x4a,0x48,
    0x5a,0xca,0x62,0xea,0x42,0x07,0x52,0x68,0x63,0x0a,0x52,0x68,0x4a,0x48,0x4a,0x27,0x4a,0x48,0x62,0xea,0x52,0x68,0x4a,0x27,
    0x42,0x07,0x42,0x07,0x4a,0x27,0x4a,0x27,0x4a,0x27,0x4a,0x47,0x4a,0x27,0x4a,0x47,0x4a,0x47,0x52,0x68,0x52,0x68,0x4a,0x27,
    0x52,0x68,0x52,0x68,0x4a,0x48,0x4a,0x47,0x4a,0x27,0x4a,0x27,0x42,0x07,0x4a,0x48,0x4a,0x47,0x42,0x07,0x42,0x07,0x52,0x68,
    0x42,0x07,0x52,0x68,0x4a,0x27,0x4a,0x48,0x39,0xc6,0x4a,0x27,0x4a,0x27,0x41,0xe6,0x52,0x68,0x52,0x68,0x4a,0x27,0x42,0x07,
    0x52,0x68,0x52,0x68,0x52,0x48,0x4a,0x47,0x4a,0x27,0x4a,0x27,0x4a,0x48,0x4a,0x27,0x4a,0x27,0x4a,0x27,0x52,0x68,0x4a,0x27,
    0x4a,0x27,0x4a,0x27,0x4a,0x27,0x52,0x88,0x52,0x48,0x42,0x07,0x4a,0x27,0x52,0x68,0x42,0x07,0x52,0x89,0x52,0x88,0x4a,0x27,
    0x4a,0x27,0x52,0x68,0x5a,0xa9,0x4a,0x27,0x5a,0xa9,0x41,0xe6,0x5a,0xa9,0x5a,0xa9,0x4a,0x48,0x4a,0x47,0x4a,0x48,0x52,0x68,
    0x42,0x07,0x41,0xe6,0x4a,0x27,0x4a,0x27,0x4a,0x27,0x41,0xe6,0x52,0x88,0x52,0x68,0x52,0x89,0x42,0x07,0x4a,0x27,0x62,0xea,
    0x4a,0x27,0x52,0x88,0x4a,0x48,0x63,0x0a,0x52,0x68,0x4a,0x48,0x42,0x07,0x4a,0x48,0x4a,0x48,0x5a,0x89,0x4a,0x48,0x52,0x68,
    0x4a,0x27,0x52,0x68,0x4a,0x48,0x52,0x88,0x52,0x68,0x39,0xc6,0x4a,0x47,0x52,0x88,0x52,0x89,0x42,0x07,0x42,0x07,0x62,0xc9,
    0x52,0x68,0x42,0x27,0x4a,0x27,0x42,0x07,0x5a,0xa8,0x5a,0xc9,0x52,0x88,0x42,0x06,0x5a,0xa8,0x5a,0xa8,0x52,0x68,0x5a,0x88,
    0x6b,0x0a,0x5a,0xa9,0x62,0xe9,0x4a,0x48,0x4a,0x27,0x52,0x68,0x5a,0x88,0x4a,0x48,0x42,0x07,0x42,0x06,0x4a,0x47,0x41,0xe6,
    0x4a,0x47,0x5a,0xa9,0x62,0xea,0x62,0xc9,0x62,0xea,0x73,0x6b,0x5a,0xa8,0x6b,0x0a,0x6b,0x0a,0x6b,0x0a,0x6a,0xe9,0x5a,0xa8,
    0x52,0x68,0x52,0x88,0x5a,0x88,0x52,0x68,0x62,0xc9,0x4a,0x47,0x4a,0x47,0x62,0xea,0x6b,0x2b,0x5a,0xa9,0x4a,0x27,0x5a,0xa9,
    0x6b,0x2a,0x5a,0xa9,0x41,0xe6,0x4a,0x27,0x5a,0xa9,0x62,0xe9,0x63,0x0a,0x62,0xea,0x6b,0x0a,0x4a,0x48,0x52,0x89,0x52,0x88,
    0x5a,0x89,0x4a,0x27,0x4a,0x48,0x4a,0x47,0x52,0x68,0x52,0x68,0x4a,0x27,0x52,0x89,0x52,0x68,0x5a,0xa9,0x5a,0xa9,0x5a,0xa9,
    0x4a,0x28,0x52,0x68,0x5a,0x89,0x5a,0xa9,0x52,0x68,0x42,0x07,0x52,0x68,0x5a,0xa9,0x4a,0x27,0x4a,0x27,0x52,0x88,0x62,0xc9,
    0x5a,0xa9,0x62,0xc9,0x62,0xc9,0x52,0x68,0x5a,0xa9,0x6b,0x0a,0x62,0xc9,0x5a,0x88,0x52,0x68,0x52,0x67,0x5a,0xa8,0x5a,0xa8,
    0x5a,0x88,0x73,0x4b,0x6b,0x0a,0x62,0xe9,0x5a,0xa9,0x52,0x88,0x4a,0x48,0x52,0x68,0x52,0x68,0x52,0x88,0x52,0x88,0x52,0x68,
    0x5a,0x88,0x5a,0xa9,0x52,0x88,0x52,0x88,0x4a,0x27,0x4a,0x27,0x5a,0x89,0x5a,0xc9,0x52,0x68,0x4a,0x47,0x52,0x68,0x62,0xea,
    0x52,0x68,0x5a,0xa9,0x4a,0x48,0x62,0xea,0x5a,0x89,0x52,0x88,0x52,0x89,0x5a,0xa8,0x52,0x88,0x52,0x89,0x5a,0xa9,0x62,0xc9,
    0x52,0x68,0x4a,0x07,0x4a,0x27,0x52,0x67,0x4a,0x47,0x42,0x06,0x52,0x68,0x52,0x68,0x5a,0xa9,0x52,0x47,0x4a,0x27,0x41,0xe6,
    0x63,0x0a,0x5a,0xc9,0x4a,0x27,0x41,0xe6,0x4a,0x27,0x4a,0x47,0x4a,0x48,0x52,0x68,0x4a,0x27,0x4a,0x27,0x52,0x68,0x62,0xea,
    0x42,0x06,0x4a,0x27,0x52,0x67,0x5a,0xa8,0x52,0x68,0x5a,0x88,0x52,0x68,0x4a,0x27,0x52,0x68,0x42,0x07,0x4a,0x27,0x4a,0x27,
    0x5a,0xa9,0x4a,0x48,0x42,0x27,0x42,0x07,0x4a,0x48,0x5a,0xa9,0x4a,0x28,0x62,0xea,0x4a,0x48,0x4a,0x48,0x52,0x68,0x73,0x6b,
    0x4a,0x27,0x42,0x07,0x52,0x67,0x52,0x88,0x4a,0x48,0x4a,0x27,0x41,0xe6,0x4a,0x27,0x5a,0xc9,0x52,0x68,0x4a,0x28,0x52,0x68,
    0x62,0xc9,0x4a,0x27,0x4a,0x27,0x4a,0x27,0x52,0x88,0x4a,0x48,0x5a,0xca,0x5a,0xa9,0x4a,0x27,0x4a,0x27,0x52,0x68,0x42,0x07,
    0x52,0x68,0x52,0x68,0x4a,0x48,0x4a,0x27,0x73,0x6c,0x52,0x89,0x4a,0x48,0x42,0x07,0x52,0x68,0x42,0x27,0x4a,0x48,0x52,0x88,
    0x4a,0x48,0x4a,0x27,0x52,0x48,0x5a,0xa9,0x42,0x07,0x42,0x27,0x52,0x68,0x4a,0x48,0x42,0x07,0x4a,0x27,0x52,0xa9,0x4a,0x27,
    0x4a,0x48,0x4a,0x27,0x42,0x07,0x39,0xc6,0x42,0x27,0x42,0x07,0x41,0xe7,0x4a,0x27,0x4a,0x27,0x41,0xe6,0x4a,0x27,0x4a,0x27,
    0x4a,0x48,0x4a,0x48,0x4a,0x48,0x4a,0x27,0x42,0x07,0x42,0x07,0x4a,0x27,0x52,0x68,0x42,0x07,0x4a,0x27,0x4a,0x48,0x4a,0x27,
    0x42,0x07,0x4a,0x48,0x52,0x68,0x42,0x27,0x41,0xe6,0x39,0xe6,0x4a,0x27,0x41,0xe6,0x42,0x07,0x52,0x67,0x5a,0xa8,0x4a,0x27,
    0x6b,0x0a,0x6b,0x0a,0x5a,0xa9,0x4a,0x27,0x5a,0xa9,0x4a,0x68,0x39,0xa6,0x42,0x07,0x41,0xc6,0x4a,0x27,0x4a,0x47,0x4a,0x48,
    0x5a,0xa9,0x5a,0xa9,0x5a,0xa9,0x5a,0xc9,0x52,0x89,0x4a,0x48,0x5a,0x89,0x62,0xc9,0x52,0x88,0x52,0x68,0x52,0x68,0x62,0xca,
    0x52,0x89,0x52,0x68,0x4a,0x27,0x5a,0xa9,0x4a,0x27,0x52,0x88,0x5a,0xc9,0x62,0xea,0x5a,0xa9,0x5a,0xa9,0x5a,0xa9,0x5a,0xa9,
    0x5a,0xc9,0x5a,0xc9,0x62,0xc9,0x52,0x88,0x52,0x88,0x39,0xe6,0x5a,0xa9,0x4a,0x48,0x5a,0xc9,0x52,0x68,0x52,0x88,0x5a,0xa9,
    0x4a,0x48,0x4a,0x48,0x52,0x68,0x5a,0x88,0x4a,0x27,0x42,0x27,0x4a,0x48,0x62,0xe9,0x42,0x07,0x4a,0x48,0x52,0x68,0x4a,0x48,
    0x52,0x88,0x52,0x89,0x52,0x88,0x42,0x06,0x5a,0x89,0x42,0x27,0x42,0x07,0x42,0x07,0x4a,0x27,0x42,0x07,0x52,0x68,0x4a,0x27,
    0x4a,0x27,0x41,0xe6,0x4a,0x48,0x52,0x68,0x42,0x06,0x52,0x68,0x5a,0xa9,0x52,0x88,0x42,0x07,0x52,0x68,0x6b,0x2b,0x5a,0x88,
    0x42,0x07,0x42,0x07,0x52,0x48,0x62,0xc9,0x4a,0x27,0x41,0xe6,0x42,0x07,0x4a,0x27,0x5a,0xa9,0x52,0x68,0x6b,0x2b,0x52,0x48,
    0x5a,0xa9,0x62,0xc9,0x4a,0x47,0x4a,0x27,0x62,0xca,0x52,0x48,0x4a,0x47,0x4a,0x27,0x52,0x88,0x63,0x0a,0x52,0x89,0x62,0xea,
    0x5a,0xa9,0x52,0x68,0x42,0x06,0x52,0x48,0x52,0x68,0x5a,0xc9,0x52,0x48,0x62,0xea,0x4a,0x27,0x42,0x07,0x52,0x88,0x5a,0xa9,
    0x52,0x68,0x31,0x85,0x52,0x68,0x5a,0xa9,0x52,0x88,0x4a,0x48,0x52,0x68,0x52,0x68,0x5a,0x88,0x52,0x89,0x52,0x68,0x52,0x88,
    0x5a,0xa9,0x5a,0xa9,0x52,0x88,0x52,0x88,0x5a,0xa9,0x5a,0xa9,0x62,0xea,0x62,0xca,0x4a,0x48,0x4a,0x48,0x5a,0xa9,0x52,0x68,
    0x42,0x07,0x52,0x88,0x5a,0xa9,0x52,0x68,0x52,0x68,0x5a,0x89,0x52,0x68,0x52,0x68,0x5a,0xc9,0x52,0x89,0x52,0x88,0x52,0x89,
    0x4a,0x48,0x52,0x68,0x52,0x68,0x52,0x89,0x4a,0x48,0x52,0x68,0x52,0x48,0x4a,0x48,0x52,0x68,0x4a,0x47,0x4a,0x47,0x52,0x88,
    0x52,0x68,0x4a,0x68,0x4a,0x48,0x52,0x88,0x52,0x89,0x5a,0xa9,0x4a,0x48,0x52,0x89,0x52,0x88,0x62,0xea,0x5a,0xa9,0x63,0x0a,
    0x5a,0xa9,0x5a,0xa9,0x6b,0x0b,0x5a,0xa9,0x52,0x68,0x5a,0xa9,0x5a,0xa9,0x5a,0xa9,0x4a,0x47,0x52,0x68,0x52,0x68,0x4a,0x48,
    0x4a,0x48,0x4a,0x48,0x52,0x68,0x4a,0x47,0x52,0x68,0x52,0x88,0x52,0x68,0x5a,0xa9,0x52,0x88,0x52,0x89,0x52,0x68,0x52,0x89,
    0x52,0x68,0x4a,0x47,0x4a,0x07,0x52,0x68,0x52,0x67,0x4a,0x47,0x52,0x68,0x52,0x88,0x52,0x68,0x4a,0x47,0x4a,0x47,0x52,0x68,
    0x5a,0x88,0x52,0x88,0x4a,0x47,0x52,0x68,0x62,0xca,0x4a,0x47,0x52,0x47,0x5a,0xc9,0x5a,0x88,0x5a,0x88,0x52,0x67,0x5a,0xa9,
    0x52,0x67,0x52,0x47,0x52,0x48,0x4a,0x47,0x4a,0x27,0x4a,0x27,0x4a,0x27,0x52,0x48,0x52,0x88,0x4a,0x27,0x52,0x88,0x52,0x68,
    0x52,0x68,0x5a,0xa8,0x62,0xc9,0x5a,0x89,0x52,0x68,0x6b,0x2a,0x62,0xe9,0x5a,0xa9,0x5a,0xa9,0x52,0x48,0x4a,0x27,0x52,0x68,
    0x4a,0x27,0x52,0x88,0x4a,0x47,0x4a,0x27,0x52,0x68,0x52,0x68,0x4a,0x27,0x4a,0x27,0x62,0xea,0x52,0x68,0x52,0x68,0x5a,0xc9,
    0x5a,0xa9,0x4a,0x27,0x42,0x07,0x4a,0x27,0x4a,0x47,0x4a,0x27,0x4a,0x27,0x42,0x07,0x4a,0x27,0x39,0xc6,0x42,0x06,0x4a,0x27,
    0x4a,0x27,0x39,0xc6,0x41,0xe6,0x4a,0x48,0x4a,0x27,0x42,0x07,0x4a,0x27,0x4a,0x27,0x41,0xe6,0x4a,0x27,0x42,0x07,0x4a,0x27,
    0x4a,0x47,0x4a,0x47,0x42,0x07,0x42,0x07,0x4a,0x27,0x4a,0x27,0x4a,0x48,0x42,0x27,0x42,0x07,0x4a,0x27,0x52,0x68,0x4a,0x48,
    0x42,0x07,0x42,0x07,0x41,0xe6,0x39,0xe6,0x4a,0x27,0x4a,0x48,0x4a,0x27,0x4a,0x27,0x4a,0x27,0x4a,0x27,0x42,0x07,0x4a,0x27,
    0x4a,0x27,0x52,0x48,0x52,0x68,0x52,0x68,0x42,0x07,0x41,0xe6,0x39,0xe6,0x5a,0xa9,0x41,0xe6,0x4a,0x27,0x52,0x68,0x42,0x07,
    0x4a,0x27,0x4a,0x27,0x42,0x07,0x4a,0x27,0x52,0x68,0x42,0x07,0x4a,0x27,0x4a,0x48,0x5a,0xa9,0x4a,0x48,0x52,0x68,0x52,0x88,
    0x4a,0x06,0x52,0x68,0x52,0x68,0x4a,0x47,0x41,0xe6,0x4a,0x26,0x4a,0x47,0x42,0x07,0x41,0xe6,0x39,0xa5,0x52,0x48,0x4a,0x47,
    0x42,0x07,0x4a,0x27,0x42,0x07,0x52,0x47,0x42,0x07,0x4a,0x27,0x4a,0x27,0x52,0x47,0x4a,0x48,0x4a,0x47,0x42,0x06,0x4a,0x47,
    0x52,0x88,0x4a,0x07,0x4a,0x27,0x52,0x88,0x52,0x68,0x52,0x68,0x52,0x68,0x4a,0x27,0x62,0xc9,0x5a,0xa9,0x4a,0x27,0x4a,0x27,
    0x52,0x68,0x4a,0x27,0x4a,0x27,0x4a,0x47,0x42,0x07,0x42,0x07,0x4a,0x47,0x6b,0x0a,0x5a,0x88,0x4a,0x47,0x4a,0x47,0x5a,0xc9,
    0x5a,0xa9,0x6b,0x0a,0x6b,0x0a,0x42,0x07,0x4a,0x48,0x5a,0x88,0x63,0x0a,0x4a,0x27,0x52,0x88,0x42,0x07,0x42,0x07,0x4a,0x27,
    0x5a,0xc9,0x4a,0x47,0x52,0x48,0x4a,0x27,0x4a,0x47,0x52,0x47,0x5a,0xa8,0x52,0x68,0x41,0xe6,0x42,0x07,0x52,0x68,0x62,0xc9,
    0x42,0x27,0x4a,0x27,0x4a,0x27,0x4a,0x07,0x4a,0x27,0x52,0x68,0x52,0x68,0x52,0x88,0x4a,0x27,0x42,0x06,0x52,0x68,0x5a,0xa9,
    0x52,0x67,0x4a,0x47,0x52,0x68,0x52,0x68,0x52,0x47,0x52,0x68,0x52,0x68,0x52,0x88,0x4a,0x27,0x4a,0x48,0x52,0x68,0x52,0x68,
    0x4a,0x48,0x52,0x68,0x52,0x88,0x42,0x07,0x52,0x88,0x5a,0xc9,0x52,0x68,0x5a,0xa9,0x52,0x88,0x52,0x68,0x52,0x68,0x5a,0xa9,
    0x52,0x68,0x4a,0x27,0x4a,0x48,0x52,0x68,0x4a,0x27,0x4a,0x27,0x4a,0x27,0x52,0x68,0x42,0x07,0x4a,0x27,0x4a,0x48,0x4a,0x48,
    0x5a,0xc9,0x52,0x68,0x52,0x68,0x52,0x68,0x52,0x68,0x4a,0x48,0x52,0x68,0x5a,0xa9,0x52,0x88,0x52,0x68,0x4a,0x47,0x4a,0x27,
    0x52,0x68,0x4a,0x27,0x52,0x89,0x52,0x68,0x52,0x48,0x4a,0x48,0x4a,0x27,0x39,0xc6,0x52,0x68,0x4a,0x47,0x42,0x27,0x4a,0x48,
    0x52,0x89,0x52,0x88,0x42,0x07,0x4a,0x27,0x42,0x07,0x4a,0x27,0x42,0x27,0x4a,0x27,0x4a,0x47,0x5a,0x88,0x4a,0x27,0x39,0xc6,
    0x52,0x68,0x42,0x07,0x42,0x07,0x4a,0x27,0x4a,0x48,0x4a,0x48,0x52,0x68,0x4a,0x27,0x42,0x07,0x4a,0x27,0x4a,0x27,0x42,0x07,
    0x41,0xe7,0x4a,0x27,0x4a,0x48,0x4a,0x28,0x42,0x27,0x42,0x07,0x42,0x07,0x4a,0x48,0x4a,0x27,0x4a,0x27,0x42,0x07,0x42,0x07,
    0x4a,0x48,0x42,0x27,0x42,0x07,0x42,0x07,0x52,0x68,0x4a,0x27,0x42,0x07,0x4a,0x27,0x4a,0x27,0x4a,0x27,0x42,0x07,0x4a,0x48,
    0x4a,0x47,0x4a,0x47,0x4a,0x48,0x52,0x68,0x52,0x68,0x52,0x68,0x52,0x68,0x5a,0xa9,0x52,0x68,0x5a,0xa9,0x5a,0xa9,0x52,0x48,
    0x4a,0x48,0x4a,0x47,0x52,0x68,0x52,0x68,0x4a,0x48,0x52,0x48,0x52,0x47,0x5a,0x89,0x52,0x68,0x52,0x68,0x52,0x68,0x52,0x68,
    0x52,0x68,0x5a,0xa9,0x52,0x88,0x5a,0x89,0x5a,0xa8,0x52,0x68,0x6b,0x0a,0x5a,0x88,0x5a,0x89,0x5a,0xa9,0x5a,0xc9,0x52,0x68,
    0x52,0x68,0x52,0x88,0x52,0x68,0x5a,0x88,0x4a,0x47,0x52,0x68,0x52,0x48,0x52,0x48,0x52,0x88,0x52,0x47,0x5a,0x88,0x5a,0xa8,
    0x62,0xc9,0x62,0xea,0x5a,0xc9,0x52,0x67,0x5a,0xa9,0x5a,0xa9,0x52,0x68,0x52,0x47,0x4a,0x47,0x52,0x47,0x52,0x47,0x52,0x68,
    0x52,0x67,0x5a,0xa9,0x5a,0xa9,0x5a,0xa9,0x52,0x68,0x62,0xc9,0x5a,0x89,0x5a,0xa9,0x52,0x68,0x4a,0x27,0x52,0x47,0x5a,0xa9,
    0x4a,0x27,0x4a,0x07,0x52,0x47,0x52,0x47,0x52,0x48,0x52,0x68,0x52,0x68,0x52,0x88,0x62,0xc9,0x5a,0xc9,0x5a,0x89,0x52,0x68,
    0x52,0x68,0x5a,0x89,0x52,0x68,0x52,0x68,0x5a,0x88,0x5a,0x88,0x4a,0x47,0x5a,0x88,0x52,0x88,0x52,0x68,0x52,0x68,0x4a,0x48,
    0x52,0x89,0x52,0x89,0x4a,0x48,0x4a,0x28,0x52,0x68,0x52,0x68,0x52,0x89,0x52,0x68,0x52,0x68,0x4a,0x27,0x52,0x68,0x52,0x89,
    0x4a,0x27,0x52,0x89,0x52,0x68,0x52,0x48,0x4a,0x48,0x4a,0x48,0x4a,0x48,0x4a,0x07,0x4a,0x27,0x52,0x68,0x52,0x68,0x4a,0x48,
    0x52,0x88,0x42,0x07,0x4a,0x27,0x4a,0x48,0x52,0x89,0x4a,0x27,0x4a,0x27,0x5a,0xa9,0x42,0x07,0x4a,0x47,0x52,0x68,0x62,0xc9,
    0x42,0x07,0x4a,0x27,0x52,0x68,0x62,0xc9,0x52,0x68,0x52,0x88,0x52,0x68,0x52,0x89,0x4a,0x27,0x4a,0x48,0x4a,0x27,0x4a,0x27,
    0x52,0x88,0x52,0x48,0x4a,0x47,0x52,0x68,0x5a,0xa9,0x52,0x68,0x4a,0x47,0x52,0x68,0x4a,0x47,0x4a,0x48,0x4a,0x27,0x4a,0x48,
    0x4a,0x27,0x4a,0x27,0x4a,0x27,0x42,0x27,0x4a,0x27,0x42,0x07,0x42,0x07,0x42,0x07,0x4a,0x27,0x4a,0x27,0x42,0x07,0x4a,0x27,
    0x4a,0x27,0x4a,0x27,0x4a,0x27,0x42,0x07,0x4a,0x27,0x52,0x88,0x52,0x88,0x4a,0x48,0x4a,0x27,0x52,0x68,0x4a,0x48,0x5a,0x89,
    0x4a,0x27,0x4a,0x48,0x4a,0x48,0x52,0x68,0x4a,0x27,0x4a,0x07,0x52,0x88,0x42,0x07,0x4a,0x47,0x4a,0x27,0x52,0x68,0x52,0x68,
    0x52,0x68,0x4a,0x27,0x52,0x68,0x4a,0x48,0x52,0x88,0x5a,0xa9,0x5a,0xa9,0x4a,0x48,0x52,0x88,0x5a,0xa9,0x52,0x68,0x52,0x89,
    0x4a,0x27,0x42,0x27,0x4a,0x27,0x4a,0x48,0x4a,0x48,0x4a,0x27,0x4a,0x47,0x5a,0xa9,0x52,0x68,0x4a,0x27,0x42,0x07,0x42,0x07,
    0x52,0x68,0x4a,0x27,0x4a,0x48,0x4a,0x27,0x52,0x68,0x41,0xe6,0x62,0xea,0x5a,0xa9,0x5a,0xc9,0x41,0xe6,0x5a,0xc9,0x52,0x68,
    0x52,0x68,0x4a,0x48,0x5a,0xc9,0x5a,0xa9,0x42,0x07,0x4a,0x47,0x4a,0x48,0x4a,0x47,0x41,0xe6,0x4a,0x47,0x52,0x68,0x52,0x48,
    0x42,0x07,0x4a,0x27,0x4a,0x47,0x5a,0xa9,0x4a,0x07,0x5a,0xa9,0x52,0x88,0x5a,0xa9,0x4a,0x27,0x5a,0x89,0x52,0x88,0x4a,0x47,
    0x52,0x68,0x52,0x68,0x62,0xc9,0x62,0xea,0x42,0x07,0x4a,0x47,0x5a,0xa9,0x62,0xea,0x4a,0x48,0x52,0x68,0x52,0x68,0x62,0xea,
    0x4a,0x47,0x5a,0xa9,0x4a,0x47,0x4a,0x48,0x62,0xea,0x62,0xc9,0x4a,0x27,0x52,0x68,0x5a,0xc9,0x52,0x68,0x4a,0x27,0x52,0x89,
    0x52,0x68,0x42,0x07,0x4a,0x27,0x4a,0x47,0x5a,0xa9,0x52,0x68,0x39,0xc6,0x52,0x68,0x5a,0xa9,0x5a,0xa9,0x52,0x88,0x52,0x68,
    0x52,0x89,0x5a,0xa8,0x52,0x67,0x62,0xa8,0x62,0xc9,0x62,0xc9,0x62,0xe9,0x83,0xed,0x5a,0xc9,0x62,0xea,0x52,0x68,0x5a,0xa9,
    0x4a,0x27,0x52,0x89,0x52,0x68,0x4a,0x27,0x52,0x68,0x52,0x88,0x4a,0x27,0x41,0xe6,0x5a,0xa8,0x4a,0x47,0x4a,0x27,0x4a,0x48,
    0x5a,0xa9,0x62,0xc9,0x4a,0x47,0x4a,0x48,0x52,0x68,0x62,0xe9,0x6b,0x0b,0x5a,0xa9,0x52,0x47,0x5a,0x88,0x5a,0x88,0x5a,0x88,
    0x4a,0x47,0x52,0x47,0x52,0x68,0x5a,0xa9,0x4a,0x48,0x52,0x68,0x4a,0x27,0x52,0x88,0x5a,0xa9,0x5a,0x89,0x63,0x0a,0x6b,0x2b,
    0x5a,0xc9,0x62,0xc9,0x6b,0x2b,0x63,0x0a,0x5a,0xa9,0x62,0xea,0x4a,0x47,0x5a,0x88,0x62,0xc9,0x52,0x88,0x52,0x68,0x52,0x88,
    0x63,0x0b,0x52,0x88,0x52,0x88,0x63,0x0a,0x6b,0x2a,0x52,0x89,0x4a,0x27,0x4a,0x48,0x73,0x4b,0x6b,0x2b,0x52,0x88,0x52,0x68,
    0x5a,0xa9,0x52,0x88,0x52,0x68,0x4a,0x48,0x62,0xea,0x6b,0x4c,0x5a,0xa9,0x42,0x07,0x63,0x0a,0x62,0xea,0x62,0xea,0x5a,0xc9,
    0x4a,0x27,0x4a,0x27,0x5a,0x89,0x63,0x0b,0x4a,0x47,0x4a,0x27,0x4a,0x27,0x4a,0x27,0x4a,0x27,0x52,0x68,0x52,0x68,0x4a,0x47,
    0x5a,0xc9,0x52,0x68,0x52,0x68,0x5a,0x88,0x73,0x6c,0x63,0x0a,0x73,0x6c,0x83,0xee,0x4a,0x47,0x4a,0x47,0x52,0x88,0x52,0x68,
    0x4a,0x48,0x42,0x27,0x4a,0x27,0x52,0x68,0x52,0x88,0x52,0x68,0x42,0x27,0x52,0x68,0x6b,0x4b,0x5a,0xc9,0x52,0x88,0x4a,0x47,
    0x73,0x4b,0x52,0x69,0x52,0x89,0x4a,0x27,0x4a,0x48,0x52,0x68,0x42,0x07,0x42,0x07,0x52,0x88,0x4a,0x68,0x4a,0x27,0x4a,0x48,
    0x4a,0x48,0x42,0x27,0x4a,0x27,0x4a,0x48,0x4a,0x27,0x4a,0x47,0x4a,0x48,0x52,0x68,0x5a,0xa9,0x52,0x68,0x4a,0x48,0x4a,0x27,
    0x4a,0x27,0x4a,0x47,0x5a,0xa9,0x5a,0xa9,0x4a,0x47,0x4a,0x48,0x4a,0x48,0x62,0xea,0x52,0x68,0x5a,0xa9,0x4a,0x48,0x52,0x68,
    0x42,0x07,0x4a,0x48,0x4a,0x48,0x52,0x68,0x52,0x68,0x42,0x07,0x42,0x07,0x4a,0x48,0x52,0x89,0x42,0x27,0x4a,0x27,0x42,0x07,
    0x52,0x88,0x4a,0x27,0x4a,0x48,0x42,0x07,0x4a,0x48,0x4a,0x27,0x4a,0x48,0x4a,0x27,0x4a,0x48,0x41,0xe6,0x42,0x06,0x4a,0x27,
    0x42,0x07,0x42,0x07,0x52,0x68,0x5a,0xa9,0x4a,0x27,0x4a,0x27,0x42,0x27,0x4a,0x28,0x42,0x07,0x42,0x06,0x4a,0x27,0x4a,0x26,
    0x4a,0x27,0x4a,0x27,0x4a,0x47,0x62,0xc8,0x52,0x68,0x42,0x07,0x4a,0x27,0x5a,0xa8,0x42,0x07,0x4a,0x48,0x4a,0x27,0x42,0x07,
    0x4a,0x27,0x4a,0x27,0x52,0x88,0x4a,0x48,0x52,0x67,0x52,0x47,0x5a,0xc9,0x62,0xea,0x52,0x47,0x5a,0xa9,0x6b,0x2b,0x62,0xc9,
    0x41,0xe6,0x52,0x68,0x4a,0x48,0x4a,0x27,0x52,0x68,0x4a,0x48,0x42,0x07,0x42,0x06,0x42,0x07,0x52,0x89,0x4a,0x47,0x42,0x07,
    0x4a,0x27,0x52,0x68,0x4a,0x27,0x42,0x07,0x41,0xe6,0x4a,0x27,0x4a,0x27,0x4a,0x27,0x4a,0x47,0x4a,0x47,0x52,0x68,0x52,0x68,
    0x4a,0x27,0x4a,0x27,0x4a,0x27,0x42,0x07,0x52,0x68,0x39,0xe6,0x39,0xc6,0x42,0x07,0x52,0x48,0x4a,0x27,0x39,0xe6,0x39,0xe6,
    0x42,0x07,0x4a,0x27,0x52,0x68,0x4a,0x48,0x52,0x68,0x52,0x68,0x52,0x68,0x4a,0x48,0x52,0x88,0x52,0x89,0x4a,0x48,0x52,0x68,
    0x52,0x88,0x5a,0xa9,0x52,0x68,0x52,0x68,0x4a,0x48,0x52,0x68,0x4a,0x27,0x4a,0x27,0x5a,0xa9,0x4a,0x48,0x4a,0x68,0x4a,0x07,
    0x52,0x88,0x4a,0x68,0x4a,0x27,0x52,0x89,0x52,0x68,0x52,0x68,0x42,0x07,0x4a,0x27,0x4a,0x27,0x41,0xe6,0x4a,0x47,0x52,0x48,
    0x4a,0x27,0x42,0x07,0x42,0x07,0x4a,0x47,0x52,0x88,0x42,0x07,0x4a,0x27,0x42,0x27,0x4a,0x48,0x4a,0x48,0x52,0x68,0x4a,0x27,
    0x4a,0x27,0x62,0xc9,0x4a,0x48,0x5a,0x88,0x52,0x68,0x4a,0x47,0x42,0x06,0x41,0xe6,0x4a,0x27,0x4a,0x47,0x4a,0x27,0x39,0xc6,
    0x42,0x07,0x42,0x07,0x4a,0x47,0x42,0x07,0x6b,0x2a,0x52,0x68,0x4a,0x48,0x52,0x89,0x52,0x88,0x4a,0x48,0x62,0xea,0x52,0x89,
    0x5a,0xa9,0x52,0x89,0x6b,0x0a,0x5a,0xa9,0x5a,0xa9,0x63,0x0a,0x52,0x89,0x42,0x07,0x52,0x89,0x5a,0xa9,0x5a,0xc9,0x6b,0x0a,
    0x52,0x68,0x5a,0xa9,0x52,0x88,0x5a,0x89,0x5a,0xa9,0x5a,0xc9,0x5a,0xa9,0x52,0x88,0x62,0xc9,0x62,0xea,0x62,0xea,0x5a,0x89,
    0x62,0xea,0x52,0x89,0x52,0x88,0x52,0x68,0x5a,0xa9,0x5a,0xa9,0x52,0x88,0x52,0x68,0x52,0x89,0x52,0x68,0x5a,0xc9,0x5a,0xa9,
    0x5a,0x89,0x52,0x88,0x52,0x89,0x52,0x68,0x52,0x68,0x52,0x68,0x52,0x88,0x52,0x88,0x52,0x68,0x52,0x68,0x52,0x89,0x5a,0xa9,
    0x52,0x68,0x52,0x88,0x52,0x68,0x5a,0x89,0x5a,0xca,0x52,0x89,0x52,0x68,0x52,0x68,0x52,0x68,0x52,0x88,0x52,0x89,0x52,0x88,
    0x52,0x88,0x52,0x68,0x4a,0x48,0x52,0x88,0x52,0x68,0x4a,0x47,0x42,0x07,0x4a,0x47,0x52,0x48,0x52,0x68,0x42,0x06,0x4a,0x27,
    0x52,0x88,0x4a,0x48,0x52,0x68,0x52,0x88,0x5a,0xa9,0x5a,0x88,0x52,0x68,0x4a,0x47,0x4a,0x47,0x52,0x68,0x52,0x47,0x4a,0x27,
    0x4a,0x27,0x42,0x06,0x4a,0x27,0x4a,0x27,0x52,0x68,0x52,0x68,0x52,0x68,0x52,0x88,0x5a,0xa9,0x52,0x88,0x5a,0xa9,0x5a,0x88,
    0x5a,0xa9,0x63,0x0a,0x5a,0xa9,0x4a,0x48,0x52,0x68,0x5a,0x88,0x52,0x88,0x5a,0xa9,0x5a,0x88,0x4a,0x27,0x41,0xe6,0x52,0x48,
    0x4a,0x27,0x4a,0x27,0x4a,0x07,0x4a,0x27,0x4a,0x47,0x4a,0x27,0x41,0xe6,0x4a,0x27,0x5a,0x88,0x42,0x07,0x42,0x06,0x52,0x47,
    0x4a,0x47,0x52,0x47,0x4a,0x47,0x4a,0x27,0x4a,0x27,0x52,0x68,0x52,0x47,0x52,0x47,0x4a,0x27,0x4a,0x27,0x52,0x68,0x52,0x68,
    0x42,0x07,0x52,0x48,0x5a,0x88,0x5a,0xc9,0x5a,0x88,0x4a,0x48,0x42,0x07,0x42,0x06,0x5a,0x88,0x42,0x27,0x4a,0x27,0x4a,0x27,
    0x52,0x68,0x42,0x07,0x42,0x07,0x41,0xe6,0x4a,0x47,0x4a,0x27,0x4a,0x27,0x41,0xe6,0x42,0x06,0x4a,0x27,0x4a,0x27,0x42,0x07,
    0x42,0x07,0x4a,0x27,0x4a,0x27,0x4a,0x47,0x4a,0x27,0x42,0x07,0x4a,0x27,0x4a,0x48,0x4a,0x27,0x42,0x07,0x42,0x07,0x4a,0x47,
    0x4a,0x27,0x4a,0x27,0x52,0x68,0x4a,0x48,0x52,0x68,0x4a,0x27,0x4a,0x27,0x4a,0x48,0x4a,0x47,0x4a,0x27,0x42,0x27,0x4a,0x47,
    0x4a,0x27,0x52,0x68,0x4a,0x48,0x4a,0x27,0x42,0x07,0x4a,0x47,0x52,0x68,0x4a,0x27,0x4a,0x48,0x4a,0x27,0x4a,0x47,0x5a,0xc9,
    0x62,0xea,0x4a,0x27,0x4a,0x47,0x62,0xc9,0x52,0x68,0x4a,0x27,0x52,0x68,0x6b,0x0a,0x52,0x68,0x4a,0x48,0x4a,0x47,0x52,0x68,
    0x52,0x68,0x4a,0x27,0x4a,0x27,0x4a,0x27,0x5a,0xa9,0x52,0x68,0x52,0x68,0x52,0x68,0x4a,0x48,0x4a,0x48,0x4a,0x27,0x4a,0x48,
    0x4a,0x47,0x52,0x47,0x5a,0xa9,0x52,0x88,0x4a,0x48,0x39,0xc6,0x39,0xc6,0x4a,0x27,0x4a,0x27,0x6b,0x0a,0x52,0x88,0x39,0xc6,
    0x5a,0x89,0x6b,0x0a,0x62,0xea,0x4a,0x26,0x52,0x68,0x52,0x68,0x5a,0xa9,0x41,0xe6,0x4a,0x27,0x52,0x68,0x52,0x68,0x42,0x07,
    0x41,0xe6,0x52,0x68,0x42,0x27,0x42,0x27,0x52,0x68,0x62,0xea,0x5a,0x88,0x52,0x67,0x39,0xe6,0x41,0xe6,0x4a,0x27,0x8c,0x2e,
    0x41,0xe6,0x39,0xc6,0x42,0x07,0x62,0xc9,0x42,0x07,0x41,0xe6,0x4a,0x47,0x4a,0x27,0x52,0x68,0x4a,0x27,0x4a,0x27,0x4a,0x27,
    0x6b,0x0a,0x42,0x07,0x4a,0x48,0x4a,0x27,0x62,0xea,0x4a,0x07,0x42,0x06,0x4a,0x27,0x52,0x47,0x4a,0x47,0x4a,0x47,0x4a,0x27,
    0x4a,0x27,0x52,0x68,0x52,0x88,0x4a,0x27,0x4a,0x48,0x4a,0x27,0x42,0x06,0x42,0x06,0x4a,0x27,0x42,0x06,0x42,0x06,0x4a,0x27,
    0x4a,0x27,0x4a,0x47,0x42,0x07,0x4a,0x27,0x42,0x06,0x4a,0x07,0x4a,0x27,0x4a,0x27,0x42,0x07,0x4a,0x27,0x4a,0x48,0x52,0x68,
    0x4a,0x47,0x4a,0x27,0x52,0x68,0x4a,0x47,0x52,0x68,0x4a,0x27,0x4a,0x27,0x52,0x68,0x4a,0x47,0x41,0xe6,0x4a,0x27,0x52,0x68,
    0x52,0x68,0x52,0x88,0x5a,0x88,0x4a,0x47,0x5a,0xa9,0x5a,0xa9,0x5a,0xa9,0x52,0x68,0x6b,0x0a,0x52,0x68,0x52,0x68,0x52,0x68,
    0x52,0x89,0x5a,0xc9,0x52,0x68,0x4a,0x48,0x52,0x88,0x52,0x68,0x52,0x88,0x52,0x88,0x4a,0x47,0x52,0x48,0x5a,0x89,0x5a,0xa9,
    0x52,0x88,0x5a,0xa9,0x52,0x68,0x4a,0x47,0x42,0x07,0x52,0x68,0x5a,0x89,0x4a,0x48,0x52,0x68,0x41,0xe6,0x4a,0x48,0x4a,0x48,
    0x5a,0xa8,0x4a,0x47,0x4a,0x27,0x4a,0x27,0x52,0x68,0x52,0x68,0x4a,0x27,0x52,0x68,0x62,0xea,0x6b,0x0b,0x4a,0x27,0x42,0x07,
    0x4a,0x27,0x5a,0xa9,0x52,0xa9,0x42,0x07,0x4a,0x48,0x4a,0x68,0x4a,0x48,0x41,0xe7,0x52,0x89,0x4a,0x48,0x52,0x68,0x4a,0x27,
    0x4a,0x27,0x39,0xc6,0x4a,0x48,0x5a,0xa9,0x4a,0x27,0x42,0x27,0x42,0x07,0x42,0x07,0x52,0x89,0x52,0x68,0x52,0x68,0x52,0x89,
    0x4a,0x27,0x4a,0x47,0x52,0x68,0x42,0x06,0x5a,0xc9,0x4a,0x47,0x4a,0x27,0x52,0x68,0x42,0x07,0x4a,0x27,0x52,0x48,0x52,0x88,
    0x39,0xc6,0x42,0x27,0x5a,0xc9,0x52,0x68,0x41,0xe6,0x5a,0xc9,0x5a,0xa9,0x52,0x88,0x52,0x68,0x4a,0x07,0x4a,0x47,0x4a,0x07,
    0x52,0x68,0x6b,0x2a,0x52,0x88,0x52,0x68,0x4a,0x48,0x4a,0x07,0x5a,0xa9,0x6b,0x2b,0x5a,0xa9,0x52,0x68,0x42,0x07,0x52,0x68,
    0x42,0x07,0x4a,0x27,0x4a,0x47,0x5a,0xa9,0x52,0x68,0x5a,0x89,0x62,0xca,0x52,0x88,0x52,0x68,0x52,0x68,0x52,0x67,0x4a,0x27,
    0x5a,0xa9,0x4a,0x47,0x4a,0x27,0x52,0x48,0x52,0x88,0x4a,0x27,0x5a,0x88,0x52,0x68,0x4a,0x27,0x52,0x47,0x52,0x68,0x52,0x68,
    0x52,0x68,0x4a,0x47,0x52,0x48,0x52,0x88,0x52,0x88,0x5a,0x89,0x52,0x88,0x52,0x68,0x4a,0x27,0x4a,0x48,0x4a,0x47,0x4a,0x27,
    0x52,0x68,0x52,0x48,0x4a,0x27,0x4a,0x47,0x52,0x68,0x4a,0x47,0x42,0x27,0x4a,0x47,0x52,0x68,0x4a,0x47,0x52,0x89,0x5a,0xa9,
    0x4a,0x27,0x5a,0x88,0x52,0x89,0x52,0x68,0x52,0x68,0x6b,0x0a,0x5a,0xa9,0x4a,0x27,0x5a,0xa9,0x62,0xea,0x5a,0xa9,0x5a,0x88,
    0x62,0xea,0x4a,0x47,0x5a,0xa9,0x62,0xe9,0x5a,0xa9,0x52,0x67,0x4a,0x27,0x52,0x67,0x52,0x68,0x4a,0x27,0x5a,0x89,0x5a,0xa9,
    0x52,0x68,0x5a,0xa9,0x52,0x68,0x5a,0x88,0x62,0xc9,0x62,0xea,0x5a,0xc9,0x52,0x68,0x62,0xc9,0x5a,0xa9,0x62,0xea,0x4a,0x27,
    0x52,0x48,0x4a,0x47,0x52,0x68,0x4a,0x27,0x4a,0x27,0x4a,0x27,0x4a,0x27,0x42,0x07,0x4a,0x48,0x52,0x68,0x4a,0x27,0x42,0x06,
    0x4a,0x47,0x4a,0x27,0x4a,0x27,0x42,0x06,0x4a,0x48,0x42,0x07,0x4a,0x27,0x4a,0x48,0x42,0x07,0x4a,0x27,0x4a,0x27,0x42,0x07,
    0x52,0x68,0x52,0x68,0x42,0x07,0x39,0xe6,0x4a,0x27,0x4a,0x47,0x42,0x07,0x42,0x27,0x5a,0x88,0x52,0x68,0x52,0x68,0x4a,0x48,
    0x5a,0x89,0x52,0x68,0x4a,0x27,0x41,0xe6,0x41,0xe6,0x4a,0x27,0x41,0xe7,0x42,0x07,0x4a,0x07,0x42,0x07,0x4a,0x27,0x4a,0x27,
    0x4a,0x27,0x4a,0x48,0x4a,0x48,0x4a,0x47,0x4a,0x48,0x4a,0x27,0x5a,0xa9,0x4a,0x47,0x4a,0x27,0x4a,0x48,0x63,0x0a,0x52,0x68,
    0x4a,0x27,0x4a,0x47,0x4a,0x48,0x6b,0x0b,0x52,0x68,0x52,0x88,0x4a,0x27,0x42,0x06,0x4a,0x47,0x52,0x68,0x4a,0x27,0x4a,0x27,
    0x5a,0xa9,0x42,0x07,0x4a,0x27,0x5a,0x89,0x7b,0xac,0x52,0x48,0x5a,0xa9,0x52,0x68,0x42,0x06,0x52,0x48,0x4a,0x48,0x4a,0x48,
    0x4a,0x27,0x52,0x88,0x4a,0x48,0x4a,0x27,0x4a,0x27,0x4a,0x68,0x52,0x68,0x4a,0x48,0x41,0xe6,0x4a,0x27,0x52,0x48,0x52,0x48,
    0x52,0x68,0x5a,0xc9,0x5a,0xa9,0x5a,0xa9,0x4a,0x48,0x52,0x89,0x52,0x68,0x4a,0x48,0x4a,0x48,0x4a,0x48,0x4a,0x27,0x4a,0x48,
    0x4a,0x27,0x4a,0x48,0x5a,0xa9,0x5a,0xa9,0x4a,0x48,0x41,0xe6,0x41,0xe7,0x42,0x07,0x4a,0x27,0x42,0x07,0x4a,0x27,0x4a,0x47,
    0x42,0x07,0x4a,0x27,0x4a,0x47,0x6b,0x0b,0x4a,0x27,0x42,0x07,0x4a,0x27,0x4a,0x47,0x52,0x68,0x4a,0x48,0x4a,0x27,0x42,0x27,
    0x4a,0x48,0x4a,0x27,0x42,0x07,0x4a,0x27,0x4a,0x27,0x42,0x06,0x4a,0x27,0x4a,0x47,0x4a,0x68,0x52,0x68,0x42,0x07,0x4a,0x48,
    0x4a,0x48,0x41,0xe6,0x4a,0x27,0x4a,0x48,0x4a,0x47,0x42,0x07,0x4a,0x27,0x52,0x89,0x41,0xe6,0x41,0xe6,0x4a,0x27,0x4a,0x27,
    0x41,0xe6,0x41,0xe6,0x52,0x68,0x4a,0x68,0x62,0xc9,0x62,0xc8,0x6a,0xe9,0x52,0x68,0x62,0xea,0x52,0x68,0x4a,0x47,0x42,0x07,
    0x52,0x68,0x5a,0x89,0x4a,0x48,0x39,0xe6,0x4a,0x27,0x4a,0x48,0x4a,0x48,0x42,0x06,0x62,0xea,0x52,0x68,0x39,0xc6,0x5a,0xa9,
    0x5a,0x88,0x52,0x89,0x4a,0x47,0x52,0x89,0x4a,0x47,0x52,0x88,0x4a,0x48,0x4a,0x68,0x5a,0xa9,0x5a,0x88,0x6b,0x2b,0x52,0x68,
    0x52,0x68,0x62,0xea,0x5a,0xa8,0x5a,0x88,0x4a,0x27,0x5a,0xa8,0x5a,0x88,0x62,0xc9,0x5a,0x89,0x4a,0x47,0x42,0x06,0x5a,0xa8,
    0x4a,0x48,0x5a,0x89,0x52,0x68,0x52,0x68,0x52,0x88,0x52,0x68,0x4a,0x47,0x52,0x89,0x62,0xea,0x52,0x68,0x4a,0x47,0x5a,0xc9,
    0x5a,0xa9,0x52,0x89,0x4a,0x27,0x52,0x68,0x5a,0x89,0x5a,0x88,0x52,0x67,0x4a,0x27,0x52,0x68,0x52,0x68,0x52,0x68,0x5a,0xa8,
    0x5a,0x88,0x52,0x68,0x5a,0xa9,0x52,0x88,0x4a,0x48,0x52,0x48,0x52,0x68,0x42,0x07,0x39,0xe6,0x4a,0x27,0x52,0x88,0x4a,0x47,
    0x5a,0xa9,0x62,0xc9,0x62,0xea,0x5a,0xc9,0x52,0x68,0x5a,0xa9,0x5a,0xc9,0x4a,0x27,0x62,0xc9,0x5a,0xa9,0x52,0x88,0x42,0x07,
    0x4a,0x27,0x42,0x07,0x4a,0x48,0x4a,0x47,0x52,0x88,0x42,0x07,0x52,0x68,0x4a,0x27,0x42,0x07,0x42,0x27,0x4a,0x27,0x52,0x48,
    0x42,0x07,0x4a,0x27,0x42,0x07,0x4a,0x47,0x4a,0x27,0x42,0x07,0x41,0xe6,0x42,0x07,0x42,0x07,0x4a,0x47,0x62,0xea,0x6b,0x4b,
    0x52,0x68,0x52,0x88,0x52,0x88,0x5a,0xa9,0x42,0x07,0x4a,0x27,0x4a,0x48,0x4a,0x48,0x4a,0x27,0x42,0x27,0x4a,0x27,0x52,0x68,
    0x42,0x07,0x52,0x68,0x52,0x68,0x5a,0xa9,0x4a,0x27,0x52,0x88,0x52,0x68,0x5a,0xa9,0x4a,0x48,0x4a,0x48,0x4a,0x27,0x52,0x68,
    0x5a,0xc9,0x5a,0xa9,0x4a,0x27,0x4a,0x47,0x62,0xc9,0x4a,0x27,0x5a,0xa9,0x5a,0xc9,0x52,0x68,0x5a,0xa9,0x4a,0x48,0x5a,0xca,
    0x52,0x68,0x5a,0xc9,0x62,0xea,0x52,0x89,0x4a,0x27,0x6b,0x2b,0x62,0xea,0x52,0x89,0x52,0x48,0x4a,0x27,0x52,0x68,0x52,0x89,
    0x4a,0x48,0x5a,0x89,0x52,0x68,0x5a,0x89,0x4a,0x27,0x5a,0x89,0x52,0x88,0x4a,0x48,0x52,0x68,0x5a,0xc9,0x4a,0x48,0x52,0x68,
    0x52,0x89,0x5a,0xca,0x52,0x68,0x52,0x48,0x52,0x89,0x4a,0x47,0x4a,0x48,0x4a,0x27,0x4a,0x48,0x52,0x68,0x52,0x89,0x4a,0x48,
    0x4a,0x27,0x4a,0x27,0x52,0x68,0x42,0x07,0x4a,0x27,0x41,0xe7,0x4a,0x27,0x41,0xe6,0x4a,0x48,0x42,0x07,0x52,0x68,0x4a,0x48,
    0x52,0x68,0x42,0x07,0x4a,0x27,0x42,0x07,0x42,0x27,0x41,0xe6,0x39,0xe6,0x4a,0x48,0x4a,0x48,0x52,0x88,0x5a,0x89,0x52,0x88,
    0x4a,0x27,0x4a,0x48,0x5a,0xa9,0x52,0x68,0x4a,0x48,0x4a,0x48,0x62,0xc9,0x52,0x68,0x5a,0xc9,0x4a,0x47,0x62,0xca,0x6b,0x2b,
    0x4a,0x48,0x52,0x68,0x4a,0x27,0x39,0xc6,0x4a,0x48,0x4a,0x27,0x4a,0x47,0x39,0xe6,0x4a,0x27,0x4a,0x48,0x52,0x88,0x42,0x07,
    0x52,0x48,0x4a,0x48,0x52,0x68,0x62,0xea,0x39,0xc6,0x4a,0x27,0x4a,0x27,0x4a,0x27,0x42,0x07,0x4a,0x47,0x52,0x68,0x42,0x07,
    0x52,0x47,0x42,0x06,0x42,0x07,0x42,0x07,0x52,0x68,0x4a,0x27,0x4a,0x48,0x41,0xe7,0x42,0x07,0x42,0x07,0x4a,0x27,0x4a,0x48,
    0x4a,0x27,0x4a,0x48,0x39,0xc6,0x52,0x68,0x42,0x07,0x42,0x07,0x41,0xe6,0x4a,0x48,0x42,0x27,0x41,0xe6,0x39,0xe6,0x4a,0x27,
    0x4a,0x47,0x4a,0x27,0x42,0x07,0x52,0x68,0x4a,0x48,0x4a,0x47,0x42,0x07,0x42,0x07,0x42,0x07,0x4a,0x27,0x4a,0x47,0x4a,0x27,
    0x4a,0x48,0x52,0x48,0x5a,0xa9,0x42,0x06,0x4a,0x47,0x4a,0x48,0x42,0x07,0x4a,0x27,0x52,0x89,0x42,0x07,0x42,0x07,0x42,0x07,
    0x52,0x68,0x42,0x07,0x42,0x07,0x42,0x27,0x42,0x07,0x42,0x07,0x42,0x07,0x52,0x68,0x4a,0x48,0x52,0x68,0x52,0x89,0x5a,0xc9,
    0x4a,0x27,0x42,0x07,0x5a,0xa9,0x5a,0x89,0x4a,0x27,0x4a,0x27,0x6b,0x2b,0x62,0xea,0x5a,0x88,0x52,0x68,0x52,0x88,0x52,0x89,
    0x52,0x68,0x52,0x68,0x52,0x68,0x52,0x68,0x5a,0xa9,0x5a,0x88,0x4a,0x27,0x5a,0xa9,0x5a,0xc9,0x52,0x68,0x4a,0x27,0x4a,0x47,
    0x52,0x48,0x4a,0x48,0x52,0x68,0x4a,0x47,0x4a,0x48,0x4a,0x48,0x4a,0x48,0x52,0x68,0x52,0x68,0x52,0x68,0x52,0x68,0x4a,0x27,
    0x52,0x68,0x4a,0x48,0x52,0x68,0x52,0x68,0x52,0x68,0x4a,0x27,0x5a,0x89,0x52,0x88,0x4a,0x27,0x52,0x68,0x62,0xc9,0x52,0x68,
    0x4a,0x27,0x5a,0xa9,0x52,0x88,0x5a,0xa9,0x4a,0x27,0x4a,0x47,0x4a,0x27,0x52,0x68,0x4a,0x47,0x42,0x27,0x4a,0x48,0x62,0xc9,
    0x5a,0xa9,0x62,0xea,0x5a,0xa9,0x52,0x68,0x42,0x07,0x4a,0x48,0x5a,0xa9,0x63,0x0a,0x4a,0x27,0x42,0x27,0x5a,0xa9,0x5a,0xa9,
    0x52,0x68,0x4a,0x48,0x5a,0xa9,0x52,0x88,0x52,0x88,0x5a,0xa9,0x4a,0x48,0x52,0x68,0x62,0xea,0x62,0xea,0x52,0x68,0x52,0x68,
    0x52,0x88,0x5a,0xa9,0x52,0x89,0x5a,0xa9,0x5a,0xa9,0x52,0x89,0x5a,0xa9,0x62,0xca,0x62,0xea,0x5a,0xa9,0x5a,0x89,0x52,0x68,
    0x52,0x89,0x5a,0x89,0x52,0x68,0x4a,0x27,0x62,0xea,0x52,0x88,0x52,0x89,0x52,0x68,0x52,0x88,0x52,0x68,0x5a,0xa9,0x5a,0x88,
    0x52,0x89,0x5a,0xa9,0x4a,0x27,0x4a,0x47,0x5a,0xa9,0x5a,0xa9,0x52,0x88,0x52,0x68,0x52,0x68,0x52,0x68,0x52,0x88,0x52,0x88,
    0x52,0x68,0x52,0x88,0x52,0x68,0x52,0x48,0x4a,0x27,0x42,0x07,0x4a,0x47,0x5a,0xa8,0x4a,0x27,0x4a,0x27,0x52,0x68,0x52,0x68,
    0x5a,0x88,0x52,0x68,0x52,0x68,0x62,0xc9,0x62,0xca,0x5a,0xa9,0x52,0x88,0x52,0x68,0x52,0x68,0x52,0x68,0x4a,0x47,0x52,0x68,
    0x52,0x88,0x52,0x68,0x4a,0x27,0x4a,0x27,0x62,0xea,0x4a,0x47,0x52,0x88,0x5a,0x88,0x52,0x68,0x5a,0x88,0x5a,0xa8,0x52,0x88,
    0x52,0x88,0x4a,0x27,0x4a,0x27,0x4a,0x47,0x52,0x68,0x52,0x68,0x52,0x88,0x52,0x47,0x52,0x48,0x5a,0x89,0x5a,0xa9,0x5a,0xa8,
    0x4a,0x48,0x5a,0x89,0x4a,0x47,0x4a,0x47,0x4a,0x27,0x52,0x68,0x52,0x88,0x52,0x68,0x4a,0x27,0x52,0x68,0x4a,0x47,0x52,0x68,
    0x5a,0xa9,0x5a,0xa9,0x52,0x68,0x4a,0x48,0x4a,0x47,0x4a,0x27,0x4a,0x48,0x4a,0x27,0x52,0x68,0x4a,0x48,0x4a,0x27,0x42,0x27,
    0x52,0x68,0x4a,0x48,0x41,0xe7,0x4a,0x27,0x5a,0x89,0x5a,0x89,0x4a,0x48,0x4a,0x27,0x4a,0x27,0x52,0x68,0x62,0xc9,0x52,0x68,
    0x4a,0x27,0x42,0x07,0x42,0x07,0x52,0x48,0x52,0x68,0x52,0x68,0x52,0x68,0x41,0xe6,0x41,0xe6,0x4a,0x48,0x42,0x07,0x41,0xe6,
    0x4a,0x48,0x4a,0x27,0x4a,0x48,0x4a,0x27,0x42,0x07,0x4a,0x27,0x52,0x68,0x52,0x68,0x42,0x07,0x4a,0x27,0x4a,0x27,0x52,0x68,
    0x42,0x27,0x42,0x07,0x4a,0x27,0x4a,0x48,0x42,0x07,0x4a,0x27,0x42,0x07,0x42,0x07,0x4a,0x47,0x4a,0x27,0x5a,0xa9,0x5a,0x89,
    0x4a,0x47,0x52,0x68,0x52,0x68,0x4a,0x47,0x4a,0x27,0x52,0x68,0x52,0x68,0x42,0x27,0x41,0xe6,0x4a,0x48,0x4a,0x27,0x4a,0x48,
    0x42,0x27,0x52,0x68,0x52,0x88,0x52,0x68,0x4a,0x27,0x4a,0x48,0x52,0x68,0x5a,0x89,0x4a,0x27,0x4a,0x47,0x52,0x88,0x52,0x68,
    0x52,0x88,0x4a,0x47,0x5a,0xa9,0x52,0x68,0x4a,0x27,0x5a,0xa9,0x5a,0xa9,0x52,0x47,0x4a,0x48,0x52,0x88,0x39,0xe6,0x5a,0xa9,
    0x4a,0x47,0x4a,0x27,0x31,0x85,0x6b,0x0a,0x52,0x68,0x4a,0x27,0x5a,0x89,0x52,0x88,0x5a,0xa9,0x62,0xea,0x5a,0xa9,0x4a,0x26,
    0x5a,0xa9,0x52,0x48,0x52,0x68,0x41,0xe6,0x73,0x6c,0x4a,0x27,0x4a,0x27,0x41,0xe6,0x62,0xea,0x52,0x68,0x5a,0x89,0x5a,0x88,
    0x5a,0x88,0x52,0x88,0x4a,0x27,0x4a,0x06,0x52,0x68,0x62,0xea,0x4a,0x47,0x4a,0x27,0x52,0x68,0x52,0x47,0x52,0x67,0x52,0x67,
    0x5a,0x88,0x52,0x68,0x4a,0x27,0x4a,0x47,0x4a,0x07,0x52,0x68,0x4a,0x27,0x4a,0x27,0x52,0x67,0x4a,0x47,0x4a,0x47,0x4a,0x27,
    0x52,0x67,0x4a,0x27,0x41,0xe6,0x42,0x06,0x52,0x67,0x4a,0x47,0x4a,0x47,0x42,0x07,0x4a,0x27,0x42,0x06,0x4a,0x27,0x4a,0x27,
    0x41,0xe6,0x41,0xe6,0x42,0x07,0x4a,0x27,0x4a,0x47,0x4a,0x27,0x42,0x06,0x4a,0x27,0x4a,0x47,0x52,0x68,0x52,0x47,0x52,0x68,
    0x42,0x07,0x4a,0x27,0x4a,0x27,0x5a,0x88,0x4a,0x27,0x42,0x07,0x4a,0x27,0x52,0x47,0x4a,0x27,0x42,0x27,0x4a,0x27,0x4a,0x27,
    0x5a,0xa9,0x4a,0x27,0x52,0x48,0x4a,0x48,0x52,0x68,0x5a,0xa9,0x4a,0x27,0x52,0x68,0x4a,0x27,0x4a,0x47,0x52,0x68,0x52,0x68,
    0x4a,0x27,0x4a,0x48,0x52,0x89,0x4a,0x47,0x4a,0x27,0x42,0x07,0x4a,0x48,0x5a,0xa9,0x52,0x68,0x4a,0x27,0x4a,0x47,0x52,0x48,
    0x4a,0x48,0x63,0x0a,0x62,0xca,0x52,0x68,0x4a,0x48,0x5a,0xa9,0x5a,0xa9,0x4a,0x47,0x52,0x68,0x5a,0xca,0x5a,0xca,0x52,0x88,
    0x52,0x68,0x52,0x88,0x4a,0x27,0x42,0x27,0x52,0x88,0x52,0x48,0x52,0x68,0x42,0x07,0x52,0x48,0x52,0x48,0x52,0x68,0x4a,0x48,
    0x5a,0xc9,0x4a,0x48,0x4a,0x27,0x5a,0xa9,0x52,0x68,0x4a,0x48,0x52,0x68,0x4a,0x48,0x4a,0x48,0x52,0x68,0x5a,0xca,0x42,0x07,
    0x52,0x68,0x4a,0x28,0x4a,0x68,0x4a,0x27,0x52,0x68,0x4a,0x27,0x4a,0x48,0x4a,0x27,0x4a,0x48,0x4a,0x47,0x4a,0x27,0x52,0x88,
    0x4a,0x48,0x52,0x68,0x39,0xc6,0x62,0xea,0x52,0x68,0x5a,0xa9,0x4a,0x68,0x4a,0x07,0x52,0x68,0x42,0x07,0x52,0x89,0x4a,0x48,
    0x52,0x68,0x52,0x68,0x52,0x68,0x52,0x68,0x4a,0x48,0x42,0x07,0x52,0x68,0x4a,0x27,0x52,0x89,0x52,0x88,0x42,0x07,0x52,0x68,
    0x39,0xc6,0x52,0x68,0x4a,0x48,0x52,0x68,0x5a,0xa9,0x4a,0x47,0x42,0x06,0x4a,0x47,0x6b,0x0b,0x62,0xea,0x52,0x48,0x4a,0x07,
    0x52,0x88,0x52,0x48,0x5a,0xa9,0x4a,0x47,0x4a,0x27,0x52,0x68,0x52,0x68,0x4a,0x47,0x4a,0x27,0x4a,0x47,0x5a,0x89,0x52,0x48,
    0x41,0xe6,0x4a,0x27,0x4a,0x47,0x4a,0x27,0x4a,0x47,0x52,0x68,0x52,0x68,0x52,0x68,0x5a,0xa9,0x52,0x68,0x52,0x68,0x4a,0x47,
    0x52,0x68,0x4a,0x48,0x52,0x48,0x52,0x88,0x5a,0x89,0x52,0x68,0x5a,0xa9,0x5a,0xa9,0x52,0x68,0x4a,0x48,0x4a,0x48,0x52,0x68,
    0x4a,0x27,0x52,0x68,0x52,0x48,0x4a,0x27,0x52,0x68,0x52,0x68,0x52,0x68,0x4a,0x47,0x4a,0x47,0x4a,0x27,0x52,0x88,0x4a,0x47,
    0x4a,0x47,0x4a,0x27,0x52,0x48,0x52,0x68,0x4a,0x47,0x52,0x68,0x52,0x68,0x62,0xea,0x4a,0x27,0x52,0x47,0x52,0x68,0x6a,0xea,
    0x42,0x07,0x52,0x68,0x5a,0xc9,0x5a,0x88,0x52,0x68,0x52,0x47,0x52,0x48,0x52,0x88,0x5a,0xa9,0x52,0x68,0x4a,0x27,0x52,0x48,
    0x52,0x68,0x52,0x68,0x52,0x68,0x52,0x68,0x52,0x68,0x52,0x68,0x4a,0x27,0x4a,0x47,0x4a,0x27,0x5a,0x88,0x52,0x68,0x4a,0x47,
    0x4a,0x27,0x52,0x67,0x5a,0x89,0x52,0x68,0x52,0x68,0x52,0x68,0x4a,0x48,0x4a,0x27,0x52,0x68,0x4a,0x47,0x4a,0x48,0x52,0x68,
    0x52,0x88,0x5a,0xa9,0x4a,0x68,0x4a,0x48,0x52,0x88,0x5a,0xa9,0x4a,0x47,0x52,0x68,0x4a,0x27,0x42,0x27,0x4a,0x48,0x4a,0x27,
    0x52,0x68,0x42,0x07,0x52,0x48,0x4a,0x48,0x52,0x88,0x4a,0x27,0x4a,0x27,0x4a,0x47,0x5a,0xa9,0x4a,0x48,0x42,0x27,0x4a,0x47,
    0x42,0x07,0x4a,0x27,0x4a,0x47,0x4a,0x48,0x4a,0x27,0x4a,0x27,0x4a,0x27,0x52,0x88,0x4a,0x27,0x4a,0x27,0x4a,0x27,0x52,0x48,
    0x4a,0x48,0x52,0x48,0x4a,0x27,0x52,0x68,0x52,0x68,0x4a,0x48,0x4a,0x27,0x4a,0x48,0x6b,0x2b,0x4a,0x27,0x31,0x65,0x42,0x07,
    0x52,0x89,0x4a,0x48,0x39,0xc6,0x42,0x07,0x4a,0x48,0x42,0x07,0x4a,0x47,0x42,0x07,0x41,0xe7,0x42,0x07,0x52,0x68,0x4a,0x48,
    0x42,0x07,0x41,0xe7,0x4a,0x48,0x52,0x68,0x4a,0x27,0x4a,0x48,0x4a,0x68,0x4a,0x48,0x4a,0x48,0x4a,0x48,0x4a,0x27,0x4a,0x27,
    0x4a,0x27,0x42,0x07,0x4a,0x48,0x52,0x68,0x4a,0x27,0x41,0xe6,0x4a,0x48,0x52,0x68,0x52,0x68,0x4a,0x27,0x4a,0x48,0x52,0x68,
    0x4a,0x27,0x4a,0x27,0x52,0x68,0x4a,0x48,0x5a,0x89,0x4a,0x48,0x4a,0x27,0x4a,0x48,0x5a,0xa9,0x4a,0x47,0x42,0x07,0x42,0x07,
    0x4a,0x47,0x4a,0x48,0x4a,0x47,0x5a,0xa9,0x4a,0x48,0x5a,0x89,0x4a,0x48,0x52,0x68,0x52,0x68,0x52,0x89,0x4a,0x47,0x4a,0x48,
    0x52,0x89,0x5a,0x89,0x52,0x68,0x52,0x89,0x52,0x68,0x4a,0x48,0x52,0x88,0x42,0x07,0x4a,0x47,0x4a,0x48,0x52,0x88,0x52,0x68,
    0x5a,0xa9,0x4a,0x27,0x4a,0x47,0x42,0x07,0x52,0x88,0x52,0x68,0x52,0x68,0x4a,0x27,0x5a,0xa9,0x4a,0x48,0x5a,0xa9,0x52,0x88,
    0x52,0x68,0x52,0x88,0x6b,0x2b,0x5a,0x89,0x4a,0x27,0x42,0x07,0x5a,0x89,0x52,0x68,0x52,0x68,0x4a,0x27,0x42,0x27,0x4a,0x48,
    0x42,0x07,0x42,0x07,0x4a,0x48,0x4a,0x27,0x4a,0x47,0x4a,0x27,0x42,0x07,0x42,0x07,0x42,0x07,0x4a,0x27,0x4a,0x27,0x4a,0x47,
    0x4a,0x48,0x42,0x07,0x52,0x48,0x52,0x68,0x4a,0x27,0x4a,0x48,0x4a,0x27,0x42,0x07,0x4a,0x27,0x52,0x68,0x52,0x68,0x52,0x68,
    0x5a,0xa9,0x52,0x68,0x52,0x88,0x42,0x07,0x52,0x89,0x52,0x68,0x4a,0x27,0x42,0x07,0x4a,0x27,0x4a,0x48,0x4a,0x48,0x4a,0x27,
    0x41,0xe6,0x39,0xc6,0x4a,0x27,0x42,0x27,0x42,0x07,0x5a,0x89,0x52,0x48,0x5a,0xa9,0x42,0x07,0x4a,0x27,0x4a,0x47,0x5a,0xa9,
    0x41,0xe6,0x42,0x07,0x4a,0x27,0x4a,0x48,0x42,0x07,0x41,0xe6,0x42,0x07,0x52,0x68,0x52,0x68,0x52,0x88,0x5a,0x88,0x42,0x27,
    0x52,0x88,0x52,0x68,0x4a,0x27,0x42,0x07,0x52,0x88,0x52,0x88,0x4a,0x47,0x4a,0x47,0x62,0xca,0x52,0x68,0x4a,0x27,0x5a,0x88,
    0x42,0x07,0x4a,0x47,0x52,0x88,0x52,0x68,0x41,0xe6,0x4a,0x47,0x52,0x68,0x42,0x07,0x42,0x27,0x4a,0x48,0x4a,0x27,0x4a,0x27,
    0x52,0x68,0x52,0x48,0x52,0x68,0x52,0x47,0x4a,0x48,0x39,0xa6,0x39,0xc6,0x4a,0x47,0x42,0x27,0x39,0xe6,0x39,0xc6,0x52,0x68,
    0x39,0xe6,0x42,0x07,0x4a,0x27,0x4a,0x47,0x52,0x47,0x52,0x68,0x52,0x68,0x4a,0x47,0x4a,0x27,0x52,0x68,0x4a,0x47,0x41,0xe6,
    0x52,0x68,0x52,0x68,0x5a,0xa9,0x4a,0x27,0x52,0x68,0x4a,0x27,0x52,0x68,0x4a,0x27,0x4a,0x27,0x4a,0x48,0x4a,0x27,0x52,0x68,
    0x4a,0x27,0x4a,0x47,0x4a,0x47,0x4a,0x27,0x42,0x07,0x4a,0x27,0x52,0x68,0x4a,0x48,0x4a,0x27,0x4a,0x48,0x4a,0x47,0x42,0x07,
    0x52,0x68,0x4a,0x27,0x4a,0x27,0x42,0x07,0x52,0x68,0x4a,0x47,0x52,0x88,0x4a,0x48,0x4a,0x27,0x4a,0x27,0x5a,0x89,0x4a,0x48,
    0x4a,0x27,0x52,0x68,0x52,0x88,0x52,0x68,0x52,0x68,0x5a,0xa9,0x52,0x68,0x5a,0xa9,0x6b,0x0a,0x7b,0x8b,0x62,0xea,0x62,0xc9,
    0x52,0x68,0x5a,0xa9,0x4a,0x48,0x62,0xc9,0x52,0x68,0x41,0xe6,0x4a,0x47,0x52,0x47,0x5a,0xa9,0x52,0x88,0x52,0x88,0x52,0x47,
    0x52,0x89,0x73,0x4b,0x5a,0xa9,0x6b,0x0a,0x63,0x0a,0x6b,0x2b,0x6b,0x2b,0x6b,0x2b,0x63,0x0a,0x6b,0x2b,0x63,0x0a,0x6b,0x2b,
    0x62,0xa8,0x5a,0x88,0x5a,0x67,0x52,0x67,0x52,0x68,0x5a,0xa9,0x52,0x68,0x41,0xe6,0x5a,0xc9,0x52,0x68,0x4a,0x48,0x52,0x68,
    0x62,0xea,0x62,0xea,0x5a,0xa9,0x5a,0xa9,0x5a,0xa9,0x62,0xea,0x52,0x88,0x63,0x0a,0x52,0x68,0x5a,0xc9,0x4a,0x48,0x5a,0xa9,
    0x5a,0xa9,0x4a,0x27,0x42,0x07,0x42,0x07,0x62,0xc9,0x52,0x68,0x42,0x07,0x4a,0x48,0x62,0xc9,0x6b,0x0a,0x52,0x88,0x4a,0x27,
    0x4a,0x48,0x4a,0x48,0x5a,0x88,0x62,0xea,0x4a,0x47,0x4a,0x48,0x5a,0xa8,0x6b,0x0a,0x52,0x68,0x52,0x48,0x5a,0xa9,0x5a,0xa9,
    0x52,0x68,0x52,0x68,0x52,0x88,0x5a,0xa9,0x4a,0x48,0x4a,0x48,0x4a,0x48,0x52,0x68,0x5a,0xa9,0x52,0x88,0x62,0xc9,0x42,0x07,
    0x52,0x68,0x62,0xea,0x62,0xea,0x52,0x68,0x6b,0x0a,0x52,0x68,0x62,0xe9,0x5a,0xa9,0x5a,0xc9,0x42,0x07,0x42,0x07,0x39,0xe6,
    0x4a,0x47,0x42,0x07,0x42,0x07,0x41,0xe6,0x52,0x88,0x4a,0x48,0x42,0x07,0x42,0x07,0x62,0xc9,0x5a,0x88,0x39,0xa5,0x42,0x07,
    0x4a,0x48,0x42,0x07,0x41,0xe6,0x4a,0x27,0x4a,0x27,0x4a,0x48,0x5a,0x89,0x52,0x68,0x42,0x07,0x52,0x68,0x5a,0xa9,0x52,0x89,
    0x62,0xca,0x42,0x07,0x4a,0x48,0x5a,0x89,0x62,0xc9,0x63,0x0a,0x5a,0xc9,0x39,0xc6,0x4a,0x48,0x4a,0x47,0x52,0x68,0x4a,0x27,
    0x4a,0x27,0x42,0x07,0x4a,0x48,0x4a,0x27,0x52,0x88,0x52,0x68,0x52,0x68,0x4a,0x48,0x4a,0x47,0x42,0x07,0x4a,0x27,0x52,0x89,
    0x42,0x07,0x5a,0xa9,0x52,0x47,0x6b,0x0a,0x4a,0x27,0x41,0xe6,0x52,0x68,0x62,0xea,0x5a,0x89,0x4a,0x27,0x5a,0xa9,0x52,0x68,
    0x42,0x07,0x52,0x68,0x4a,0x48,0x4a,0x27,0x52,0x68,0x4a,0x27,0x4a,0x48,0x4a,0x27,0x4a,0x48,0x42,0x07,0x52,0x68,0x52,0x68,
    0x42,0x07,0x4a,0x48,0x52,0x68,0x4a,0x27,0x4a,0x48,0x5a,0xa9,0x52,0x88,0x4a,0x48,0x4a,0x48,0x52,0x88,0x52,0x68,0x4a,0x48,
    0x4a,0x48,0x52,0x68,0x52,0x68,0x52,0x68,0x4a,0x27,0x4a,0x27,0x4a,0x27,0x5a,0xa9,0x4a,0x48,0x4a,0x47,0x52,0x88,0x4a,0x48,
    0x4a,0x48,0x42,0x07,0x4a,0x48,0x4a,0x27,0x4a,0x48,0x42,0x07,0x42,0x07,0x52,0x68,0x4a,0x68,0x52,0x68,0x4a,0x48,0x52,0x68,
    0x4a,0x47,0x4a,0x47,0x4a,0x47,0x52,0x88,0x4a,0x48,0x52,0x68,0x4a,0x48,0x4a,0x27,0x5a,0x89,0x52,0x68,0x52,0x88,0x4a,0x48,
    0x52,0x88,0x52,0x68,0x4a,0x27,0x4a,0x27,0x5a,0xa9,0x52,0x48,0x4a,0x48,0x5a,0x89,0x4a,0x47,0x52,0x88,0x52,0x88,0x52,0x68,
    0x4a,0x27,0x4a,0x47,0x4a,0x48,0x5a,0xa9,0x4a,0x48,0x4a,0x48,0x5a,0xa9,0x52,0x88,0x52,0x48,0x52,0x68,0x52,0x68,0x52,0x68,
    0x52,0x68,0x6b,0x2b,0x5a,0xa9,0x4a,0x48,0x62,0xea,0x62,0xc9,0x4a,0x47,0x4a,0x48,0x5a,0xa9,0x5a,0xa9,0x52,0x88,0x52,0x68,
    0x41,0xe6,0x52,0x68,0x5a,0x88,0x5a,0xc9,0x39,0xc6,0x41,0xe6,0x4a,0x27,0x52,0x68,0x42,0x07,0x4a,0x47,0x4a,0x48,0x4a,0x47,
    0x4a,0x27,0x4a,0x48,0x4a,0x48,0x52,0x68,0x52,0x88,0x62,0xea,0x4a,0x27,0x4a,0x47,0x5a,0xc9,0x63,0x0a,0x52,0x68,0x4a,0x27,
    0x62,0xea,0x52,0x68,0x52,0x68,0x4a,0x48,0x52,0x68,0x4a,0x27,0x52,0x68,0x52,0x68,0x4a,0x27,0x5a,0xa9,0x62,0xa9,0x52,0x47,
    0x4a,0x48,0x5a,0xa9,0x52,0x68,0x4a,0x27,0x4a,0x27,0x4a,0x48,0x52,0x68,0x52,0x67,0x52,0x68,0x4a,0x48,0x4a,0x47,0x4a,0x27,
    0x39,0xc6,0x52,0x68,0x52,0x47,0x4a,0x27,0x31,0x85,0x4a,0x47,0x4a,0x47,0x52,0x48,0x4a,0x47,0x52,0x88,0x4a,0x47,0x4a,0x27,
    0x52,0x68,0x52,0x68,0x4a,0x47,0x4a,0x27,0x5a,0xa9,0x5a,0xa9,0x4a,0x27,0x4a,0x47,0x62,0xea,0x4a,0x48,0x52,0x68,0x52,0x68,
    0x5a,0xc9,0x52,0x88,0x62,0xea,0x52,0x68,0x52,0x68,0x52,0x68,0x52,0x68,0x4a,0x47,0x52,0x68,0x52,0x68,0x52,0x88,0x4a,0x47,
    0x52,0x88,0x4a,0x47,0x52,0x68,0x5a,0xa9,0x52,0x88,0x42,0x07,0x4a,0x27,0x52,0x68,0x52,0x68,0x4a,0x27,0x4a,0x48,0x52,0x88,
    0x52,0x68,0x52,0x68,0x52,0x68,0x5a,0xa9,0x52,0x68,0x5a,0x89,0x52,0x68,0x52,0x88,0x52,0x48,0x4a,0x47,0x42,0x07,0x52,0x68,
    0x52,0x88,0x52,0x68,0x4a,0x47,0x52,0x68,0x52,0x68,0x4a,0x27,0x4a,0x27,0x41,0xe6,0x52,0x68,0x4a,0x47,0x42,0x07,0x41,0xe6,
    0x4a,0x48,0x52,0x48,0x52,0x68,0x4a,0x27,0x4a,0x27,0x52,0x88,0x4a,0x48,0x4a,0x47,0x52,0x48,0x52,0x68,0x4a,0x27,0x4a,0x27,
    0x42,0x07,0x4a,0x07,0x4a,0x27,0x4a,0x27,0x41,0xe6,0x4a,0x27,0x52,0x68,0x4a,0x27,0x4a,0x27,0x4a,0x27,0x4a,0x27,0x4a,0x27,
    0x42,0x07,0x52,0x68,0x52,0x68,0x4a,0x47,0x4a,0x47,0x52,0x48,0x52,0x68,0x4a,0x47,0x4a,0x47,0x4a,0x48,0x52,0x68,0x4a,0x47,
    0x4a,0x27,0x4a,0x47,0x52,0x68,0x52,0x48,0x52,0x48,0x5a,0xa9,0x4a,0x47,0x4a,0x47,0x4a,0x47,0x5a,0xa9,0x4a,0x27,0x52,0x68,
    0x52,0x68,0x52,0x68,0x62,0xea,0x5a,0x89,0x52,0x88,0x52,0x68,0x52,0x88,0x52,0x68,0x52,0x68,0x52,0x68,0x52,0x48,0x41,0xe6,
    0x52,0x88,0x5a,0xc9,0x62,0xea,0x5a,0xa9,0x52,0x88,0x5a,0x89,0x52,0x68,0x4a,0x48,0x52,0x68,0x52,0x68,0x52,0x68,0x52,0x88,
    0x52,0x68,0x52,0x68,0x62,0xc9,0x52,0x68,0x52,0x88,0x52,0x47,0x63,0x0a,0x52,0x68,0x52,0x68,0x62,0xc9,0x63,0x0a,0x5a,0x88,
    0x5a,0xc9,0x73,0x2a,0x5a,0x89,0x5a,0xa9,0x5a,0xa8,0x52,0x47,0x42,0x07,0x4a,0x47,0x62,0xea,0x52,0x48,0x4a,0x27,0x4a,0x07,
    0x5a,0xa9,0x52,0x68,0x4a,0x27,0x4a,0x27,0x62,0xea,0x62,0xc9,0x5a,0xa9,0x42,0x06,0x52,0x47,0x4a,0x27,0x52,0x88,0x52,0x68,
    0x4a,0x27,0x4a,0x47,0x52,0x68,0x52,0x47,0x52,0x68,0x5a,0x88,0x4a,0x47,0x5a,0xc9,0x52,0x68,0x52,0x67,0x52,0x88,0x62,0xea,
    0x4a,0x47,0x52,0x47,0x4a,0x47,0x52,0x48,0x4a,0x07,0x4a,0x27,0x4a,0x47,0x42,0x06,0x42,0x07,0x4a,0x47,0x62,0xea,0x4a,0x06,
    0x41,0xe6,0x4a,0x07,0x5a,0x88,0x4a,0x27,0x52,0x48,0x42,0x07,0x4a,0x47,0x52,0x68,0x4a,0x47,0x42,0x06,0x4a,0x47,0x4a,0x47,
    0x4a,0x27,0x4a,0x47,0x4a,0x27,0x4a,0x48,0x52,0x47,0x4a,0x47,0x52,0x89,0x52,0x68,0x4a,0x27,0x52,0x68,0x5a,0x88,0x62,0xa9,
    0x5a,0x88,0x6b,0x09,0x5a,0xa8,0x52,0x47,0x52,0x48,0x5a,0x88,0x52,0x88,0x4a,0x48,0x4a,0x27,0x4a,0x27,0x52,0x89,0x52,0x68,
    0x52,0x68,0x52,0x68,0x5a,0xa9,0x4a,0x48,0x52,0x89,0x4a,0x27,0x52,0x89,0x4a,0x48,0x52,0x68,0x5a,0xa9,0x52,0x89,0x4a,0x48,
    0x4a,0x68,0x52,0x68,0x4a,0x27,0x4a,0x27,0x52,0x68,0x52,0x89,0x52,0x68,0x52,0x68,0x4a,0x27,0x7b,0x8c,0x62,0xc8,0x5a,0xa8,
    0x4a,0x27,0x5a,0xc9,0x5a,0x67,0x62,0xc8,0x42,0x27,0x52,0x88,0x52,0x88,0x62,0xe9,0x4a,0x27,0x41,0xe7,0x41,0xe6,0x42,0x07,
    0x4a,0x27,0x4a,0x48,0x52,0x68,0x4a,0x27,0x52,0x48,0x4a,0x27,0x4a,0x07,0x41,0xe6,0x52,0x89,0x4a,0x48,0x4a,0x27,0x52,0x89,
    0x5a,0xa9,0x52,0x89,0x52,0x88,0x52,0x88,0x52,0x88,0x52,0x89,0x4a,0x27,0x4a,0x48,0x52,0x88,0x5a,0x89,0x4a,0x27,0x52,0x68,
    0x52,0x89,0x52,0x68,0x5a,0xa9,0x52,0x68,0x42,0x27,0x52,0x68,0x52,0x88,0x52,0x89,0x5a,0xc9,0x62,0xc9,0x52,0x88,0x52,0x68,
    0x5a,0xc9,0x52,0x68,0x42,0x27,0x52,0x48,0x4a,0x48,0x52,0x88,0x52,0x88,0x52,0x68,0x4a,0x48,0x62,0xea,0x5a,0xc9,0x5a,0xca,
    0x42,0x07,0x42,0x07,0x4a,0x27,0x6b,0x2b,0x52,0x88,0x52,0x88,0x4a,0x48,0x52,0x68,0x52,0x88,0x5a,0x89,0x4a,0x47,0x4a,0x48,
    0x52,0x68,0x4a,0x47,0x52,0x68,0x52,0x48,0x63,0x0a,0x52,0x88,0x52,0x68,0x4a,0x47,0x52,0x68,0x4a,0x27,0x4a,0x27,0x41,0xe6,
    0x4a,0x27,0x42,0x07,0x52,0x68,0x62,0xea,0x41,0xe6,0x4a,0x07,0x52,0x68,0x52,0x88,0x41,0xe6,0x52,0x48,0x4a,0x27,0x52,0x88,
    0x4a,0x27,0x4a,0x27,0x4a,0x27,0x52,0x48,0x4a,0x27,0x4a,0x48,0x52,0x68,0x4a,0x27,0x52,0x68,0x4a,0x47,0x52,0x47,0x52,0x68,
    0x52,0x88,0x52,0x68,0x52,0x88,0x4a,0x27,0x4a,0x48,0x4a,0x27,0x52,0x68,0x4a,0x48,0x4a,0x48,0x4a,0x27,0x42,0x07,0x52,0x48,
    0x52,0x47,0x4a,0x07,0x4a,0x47,0x52,0x68,0x52,0x68,0x52,0x68,0x6b,0x0a,0x5a,0xa8,0x4a,0x48,0x6b,0x0a,0x62,0xc8,0x5a,0x88,
    0x52,0x68,0x52,0x68,0x5a,0xa9,0x5a,0x88,0x52,0x47,0x52,0x47,0x6b,0x0a,0x5a,0x89,0x52,0x67,0x52,0x67,0x5a,0x88,0x52,0x68,
    0x52,0x68,0x52,0x68,0x4a,0x27,0x4a,0x27,0x4a,0x47,0x52,0x68,0x5a,0xa9,0x5a,0xa9,0x4a,0x47,0x4a,0x27,0x42,0x07,0x52,0x68,
    0x42,0x07,0x4a,0x48,0x4a,0x48,0x4a,0x27,0x52,0x68,0x4a,0x47,0x4a,0x48,0x4a,0x48,0x52,0x88,0x42,0x07,0x41,0xe6,0x4a,0x47,
    0x52,0x89,0x42,0x07,0x4a,0x27,0x52,0x68,0x52,0x68,0x42,0x07,0x4a,0x47,0x42,0x07,0x52,0x48,0x42,0x07,0x4a,0x27,0x4a,0x27,
    0x52,0x68,0x52,0x68,0x52,0x89,0x4a,0x48,0x4a,0x48,0x5a,0xa9,0x5a,0x88,0x52,0x68,0x4a,0x27,0x4a,0x27,0x42,0x07,0x52,0x68,
    0x4a,0x27,0x31,0x65,0x29,0x64,0x52,0x68,0x4a,0x47,0x39,0xc6,0x52,0x88,0x6b,0x2a,0x42,0x07,0x42,0x07,0x4a,0x48,0x4a,0x27,
    0x39,0xc6,0x4a,0x27,0x52,0x68,0x52,0x68,0x5a,0x89,0x52,0x68,0x52,0x68,0x52,0x89,0x62,0xc9,0x52,0x68,0x52,0x68,0x52,0x68,
    0x4a,0x48,0x52,0x68,0x42,0x07,0x42,0x07,0x52,0x89,0x52,0x68,0x4a,0x48,0x4a,0x47,0x4a,0x27,0x52,0x68,0x52,0x88,0x4a,0x48,
    0x4a,0x27,0x4a,0x27,0x62,0xea,0x5a,0xa9,0x4a,0x68,0x52,0x89,0x5a,0xa9,0x4a,0x27,0x52,0x89,0x5a,0xa9,0x5a,0xc9,0x41,0xe6,
    0x5a,0x89,0x4a,0x28,0x52,0x88,0x42,0x07,0x4a,0x27,0x4a,0x27,0x4a,0x27,0x52,0x68,0x42,0x07,0x52,0x68,0x4a,0x27,0x42,0x27,
    0x4a,0x27,0x42,0x07,0x42,0x07,0x42,0x27,0x4a,0x27,0x4a,0x27,0x52,0x68,0x5a,0x89,0x52,0x68,0x42,0x07,0x52,0x68,0x5a,0xa9,
    0x42,0x07,0x52,0x68,0x63,0x0a,0x7b,0x8d,0x4a,0x27,0x52,0x68,0x62,0xca,0x62,0xea,0x4a,0x48,0x4a,0x48,0x5a,0xc9,0x5a,0xa9,
    0x4a,0x48,0x52,0x88,0x52,0x89,0x62,0xca,0x5a,0xa9,0x4a,0x27,0x4a,0x48,0x5a,0xa9,0x62,0xea,0x52,0x88,0x52,0x89,0x4a,0x48,
    0x5a,0x88,0x52,0x88,0x52,0x68,0x4a,0x27,0x4a,0x47,0x4a,0x47,0x42,0x07,0x42,0x07,0x4a,0x27,0x41,0xe6,0x41,0xe6,0x4a,0x28,
    0x52,0x88,0x4a,0x48,0x39,0xc6,0x52,0x68,0x52,0x68,0x4a,0x48,0x42,0x27,0x5a,0xa9,0x52,0x88,0x42,0x07,0x4a,0x48,0x52,0x88,
    0x4a,0x27,0x42,0x27,0x5a,0xa9,0x5a,0xa9,0x4a,0x48,0x62,0xca,0x62,0xea,0x4a,0x48,0x5a,0xa9,0x52,0x89,0x42,0x07,0x4a,0x27,
    0x52,0x68,0x52,0x89,0x5a,0xa9,0x52,0x88,0x52,0x48,0x4a,0x27,0x4a,0x47,0x4a,0x48,0x52,0x89,0x4a,0x27,0x42,0x27,0x42,0x07,
    0x52,0x68,0x4a,0x27,0x42,0x07,0x4a,0x27,0x52,0x68,0x4a,0x47,0x4a,0x48,0x4a,0x47,0x42,0x07,0x39,0xe6,0x4a,0x48,0x4a,0x48,
    0x4a,0x48,0x4a,0x27,0x52,0x68,0x4a,0x48,0x4a,0x47,0x4a,0x47,0x42,0x07,0x42,0x07,0x4a,0x27,0x4a,0x48,0x42,0x07,0x41,0xe6,
    0x4a,0x27,0x5a,0xc9,0x52,0x88,0x4a,0x47,0x4a,0x27,0x73,0x6c,0x62,0xea,0x52,0x47,0x5a,0xa9,0x52,0x88,0x52,0x88,0x52,0x68,
    0x52,0x68,0x52,0x68,0x6b,0x0a,0x4a,0x27,0x4a,0x47,0x4a,0x47,0x52,0x68,0x4a,0x27,0x4a,0x47,0x4a,0x47,0x52,0x68,0x52,0x47,
    0x42,0x07,0x52,0x88,0x5a,0xa9,0x5a,0x88,0x4a,0x47,0x52,0x47,0x52,0x68,0x52,0x68,0x52,0x67,0x5a,0xa9,0x52,0x88,0x4a,0x47,
    0x52,0x47,0x52,0x67,0x52,0x68,0x62,0xe9,0x52,0x47,0x4a,0x06,0x41,0xe6,0x52,0x88,0x4a,0x27,0x4a,0x06,0x42,0x06,0x52,0x47,
    0x4a,0x48,0x52,0x68,0x4a,0x27,0x52,0x89,0x5a,0xa9,0x42,0x07,0x52,0x68,0x4a,0x27,0x6b,0x2a,0x4a,0x27,0x52,0x88,0x4a,0x27,
    0x5a,0xa9,0x52,0x48,0x42,0x07,0x4a,0x27,0x52,0x68,0x4a,0x27,0x4a,0x48,0x4a,0x47,0x52,0x68,0x4a,0x47,0x4a,0x48,0x5a,0xa9,
    0x52,0x48,0x4a,0x48,0x4a,0x27,0x5a,0xa9,0x52,0x68,0x5a,0xa9,0x52,0x89,0x52,0x68,0x52,0x88,0x52,0x68,0x52,0x48,0x5a,0x88,
    0x52,0x88,0x52,0x89,0x52,0x88,0x52,0x68,0x4a,0x48,0x52,0x89,0x62,0xea,0x52,0x89,0x52,0x48,0x4a,0x48,0x52,0x88,0x52,0x48,
    0x52,0x88,0x52,0x88,0x5a,0xa9,0x52,0x68,0x5a,0xa9,0x5a,0xa9,0x4a,0x47,0x4a,0x48,0x52,0x89,0x5a,0xa9,0x42,0x06,0x52,0x68,
    0x62,0xea,0x6b,0x0a,0x52,0x47,0x4a,0x48,0x4a,0x27,0x42,0x06,0x4a,0x27,0x52,0x47,0x4a,0x27,0x4a,0x48,0x4a,0x07,0x4a,0x27,
    0x52,0x68,0x4a,0x27,0x42,0x07,0x4a,0x47,0x4a,0x27,0x42,0x07,0x4a,0x27,0x4a,0x48,0x42,0x07,0x5a,0xa9,0x5a,0xc9,0x73,0x4b,
    0x39,0xc6,0x42,0x07,0x4a,0x48,0x52,0x68,0x42,0x07,0x39,0xe6,0x41,0xe6,0x42,0x06,0x4a,0x27,0x42,0x07,0x4a,0x27,0x42,0x06,
    0x83,0xcd,0x6b,0x2b,0x52,0x68,0x41,0xe7,0x4a,0x48,0x4a,0x27,0x39,0xc6,0x39,0xa5,0x42,0x06,0x42,0x07,0x4a,0x27,0x52,0x67,
    0x4a,0x27,0x4a,0x27,0x4a,0x07,0x4a,0x27,0x42,0x07,0x5a,0xa9,0x5a,0xa9,0x52,0x88,0x42,0x07,0x7b,0xad,0x4a,0x27,0x5a,0xa9,
    0x4a,0x27,0x5a,0xa9,0x6b,0x2b,0x62,0xea,0x52,0x67,0x4a,0x27,0x5a,0x89,0x52,0x88,0x62,0xea,0x5a,0xa9,0x5a,0x88,0x52,0x68,
    0x41,0xe6,0x63,0x0a,0x63,0x0a,0x52,0x68,0x62,0xca,0x52,0x88,0x4a,0x47,0x4a,0x27,0x52,0x48,0x4a,0x48,0x4a,0x27,0x4a,0x48,
    0x62,0xea,0x5a,0x89,0x42,0x07,0x41,0xe6,0x52,0x48,0x52,0x88,0x42,0x07,0x4a,0x27,0x52,0x68,0x52,0x48,0x42,0x07,0x4a,0x48,
    0x63,0x0a,0x62,0xea,0x62,0xca,0x5a,0x89,0x5a,0xa9,0x41,0xe6,0x52,0x68,0x52,0x68,0x5a,0xca,0x52,0x88,0x4a,0x48,0x52,0x68,
    0x5a,0xa9,0x5a,0xc9,0x52,0x68,0x4a,0x48,0x5a,0xc9,0x5a,0xc9,0x5a,0x88,0x52,0x68,0x4a,0x27,0x52,0x89,0x52,0x89,0x52,0x89,
    0x5a,0xa9,0x52,0x68,0x52,0x89,0x5a,0xa9,0x5a,0xa9,0x5a,0x89,0x52,0x89,0x4a,0x48,0x52,0x68,0x52,0x48,0x52,0x88,0x4a,0x47,
    0x4a,0x48,0x52,0x68,0x52,0x68,0x4a,0x48,0x4a,0x48,0x5a,0x89,0x42,0x07,0x42,0x07,0x42,0x27,0x52,0x68,0x52,0x68,0x4a,0x27,
    0x52,0x68,0x52,0x68,0x4a,0x47,0x4a,0x47,0x4a,0x27,0x4a,0x47,0x52,0x68,0x4a,0x48,0x4a,0x27,0x4a,0x27,0x52,0x68,0x52,0x89,
    0x4a,0x27,0x4a,0x48,0x5a,0xa9,0x5a,0x89,0x4a,0x48,0x52,0x88,0x52,0x48,0x4a,0x48,0x4a,0x68,0x52,0x48,0x4a,0x27,0x52,0x68,
    0x62,0xea,0x5a,0x89,0x42,0x07,0x4a,0x48,0x4a,0x68,0x52,0x68,0x4a,0x47,0x4a,0x27,0x5a,0x89,0x52,0x88,0x52,0x68,0x5a,0xa9,
    0x52,0x68,0x52,0x89,0x52,0x68,0x4a,0x27,0x52,0x68,0x52,0x68,0x4a,0x27,0x4a,0x27,0x4a,0x48,0x4a,0x48,0x4a,0x27,0x4a,0x47,
    0x52,0x48,0x4a,0x48,0x5a,0x89,0x52,0x68,0x52,0x48,0x4a,0x47,0x4a,0x48,0x4a,0x47,0x52,0x88,0x5a,0xca,0x4a,0x48,0x52,0x68,
    0x62,0xca,0x6b,0x0a,0x5a,0x89,0x4a,0x47,0x52,0x68,0x52,0x68,0x52,0x68,0x4a,0x48,0x52,0x68,0x52,0x68,0x5a,0x88,0x52,0x68,
    0x52,0x88,0x5a,0xa9,0x5a,0xa9,0x4a,0x27,0x6b,0x2a,0x4a,0x48,0x4a,0x47,0x62,0xea,0x7b,0x8c,0x73,0x4b,0x4a,0x48,0x4a,0x27,
    0x4a,0x48,0x4a,0x48,0x62,0xea,0x4a,0x27,0x41,0xe6,0x5a,0xa9,0x63,0x0a,0x5a,0xa9,0x62,0xea,0x73,0x6b,0x5a,0xa9,0x52,0x89,
    0x52,0x89,0x62,0xea,0x52,0x88,0x52,0x88,0x4a,0x47,0x4a,0x48,0x52,0x68,0x52,0x68,0x52,0x68,0x4a,0x47,0x52,0x68,0x52,0x88,
    0x5a,0xa9,0x52,0x68,0x52,0x89,0x52,0x68,0x52,0x68,0x6b,0x0a,0x5a,0xa9,0x52,0x68,0x4a,0x27,0x4a,0x27,0x52,0x68,0x52,0x68,
    0x4a,0x47,0x4a,0x27,0x52,0x68,0x4a,0x47,0x52,0x68,0x4a,0x48,0x52,0x89,0x52,0x68,0x4a,0x47,0x52,0x88,0x5a,0xa9,0x52,0x88,
    0x52,0x68,0x52,0x88,0x4a,0x27,0x4a,0x27,0x52,0x68,0x52,0x68,0x4a,0x48,0x4a,0x48,0x52,0x48,0x4a,0x27,0x4a,0x48,0x4a,0x48,
    0x52,0x68,0x4a,0x48,0x4a,0x27,0x52,0x68,0x42,0x27,0x4a,0x47,0x4a,0x27,0x4a,0x48,0x5a,0xa9,0x5a,0xa9,0x4a,0x27,0x52,0x68,
    0x52,0x68,0x6b,0x2b,0x4a,0x48,0x4a,0x27,0x39,0xc6,0x4a,0x48,0x5a,0xc9,0x4a,0x47,0x4a,0x27,0x4a,0x27,0x52,0x88,0x42,0x07,
    0x4a,0x27,0x4a,0x27,0x4a,0x27,0x42,0x07,0x4a,0x27,0x4a,0x27,0x4a,0x48,0x4a,0x27,0x4a,0x27,0x4a,0x27,0x52,0x68,0x52,0x68,
    0x42,0x07,0x52,0x48,0x52,0x68,0x52,0x88,0x4a,0x27,0x4a,0x27,0x41,0xe6,0x42,0x07,0x42,0x27,0x39,0xc6,0x42,0x07,0x42,0x07,
    0x42,0x07,0x39,0xc6,0x41,0xe6,0x4a,0x48,0x4a,0x47,0x52,0x68,0x4a,0x27,0x4a,0x47,0x4a,0x27,0x42,0x07,0x4a,0x27,0x52,0x68,
    0x42,0x07,0x4a,0x27,0x4a,0x47,0x52,0x88,0x41,0xe7,0x42,0x07,0x4a,0x47,0x4a,0x47,0x5a,0x89,0x52,0x68,0x52,0x68,0x52,0x48,
    0x52,0x48,0x5a,0x89,0x62,0xc9,0x5a,0x88,0x4a,0x68,0x52,0x68,0x52,0x68,0x4a,0x27,0x4a,0x47,0x4a,0x47,0x6b,0x0a,0x41,0xe6,
    0x42,0x07,0x4a,0x48,0x4a,0x27,0x4a,0x27,0x4a,0x47,0x52,0x68,0x4a,0x27,0x5a,0xa9,0x4a,0x27,0x4a,0x48,0x4a,0x27,0x5a,0xa9,
    0x42,0x07,0x52,0x68,0x4a,0x27,0x52,0x68,0x4a,0x48,0x52,0x68,0x4a,0x27,0x4a,0x27,0x4a,0x47,0x52,0x88,0x4a,0x48,0x52,0x88,
    0x42,0x07,0x52,0x68,0x4a,0x48,0x52,0x68,0x42,0x07,0x4a,0x27,0x4a,0x47,0x4a,0x48,0x4a,0x48,0x4a,0x27,0x5a,0x89,0x5a,0xa9,
    0x52,0x68,0x42,0x27,0x4a,0x48,0x52,0x68,0x4a,0x48,0x52,0x68,0x52,0x68,0x52,0x48,0x41,0xe6,0x52,0x68,0x52,0x68,0x42,0x07,
    0x52,0x68,0x52,0x68,0x52,0x88,0x52,0x68,0x4a,0x27,0x52,0x88,0x52,0x68,0x52,0x48,0x4a,0x27,0x4a,0x27,0x52,0x68,0x52,0x48,
    0x52,0x48,0x4a,0x48,0x4a,0x47,0x52,0x88,0x6b,0x4b,0x6b,0x2a,0x62,0xe9,0x52,0x68,0x5a,0xa9,0x62,0xe9,0x42,0x07,0x42,0x07,
    0x52,0x68,0x5a,0xa9,0x42,0x07,0x4a,0x48,0x5a,0x89,0x5a,0xa9,0x4a,0x27,0x4a,0x27,0x62,0xea,0x5a,0xc9,0x73,0x6b,0x42,0x07,
    0x5a,0xa9,0x52,0x68,0x62,0xea,0x4a,0x27,0x5a,0xa9,0x62,0xc9,0x5a,0xa8,0x4a,0x47,0x62,0xea,0x5a,0x88,0x52,0x67,0x52,0x88,
    0x4a,0x27,0x52,0x47,0x4a,0x47,0x52,0x47,0x39,0xc6,0x5a,0xc9,0x5a,0xa9,0x5a,0x88,0x52,0x68,0x62,0xc9,0x62,0xc9,0x52,0x88,
    0x52,0x47,0x52,0x68,0x5a,0x88,0x5a,0xc9,0x4a,0x47,0x4a,0x27,0x4a,0x07,0x4a,0x27,0x52,0x88,0x52,0x68,0x4a,0x27,0x52,0x68,
    0x4a,0x48,0x4a,0x47,0x4a,0x27,0x4a,0x48,0x5a,0x88,0x52,0x48,0x4a,0x27,0x4a,0x27,0x42,0x07,0x5a,0x88,0x52,0x68,0x4a,0x48,
    0x4a,0x27,0x42,0x07,0x41,0xe6,0x4a,0x27,0x4a,0x48,0x42,0x07,0x4a,0x27,0x4a,0x48,0x4a,0x27,0x4a,0x27,0x4a,0x48,0x4a,0x48,
    0x4a,0x48,0x4a,0x27,0x4a,0x27,0x42,0x07,0x4a,0x48,0x4a,0x27,0x4a,0x48,0x42,0x07,0x4a,0x27,0x52,0x89,0x4a,0x48,0x42,0x27,
    0x4a,0x47,0x52,0x68,0x41,0xe6,0x4a,0x27,0x4a,0x48,0x52,0x68,0x4a,0x48,0x4a,0x27,0x42,0x07,0x4a,0x27,0x4a,0x48,0x4a,0x48,
    0x4a,0x48,0x4a,0x48,0x42,0x07,0x42,0x07,0x52,0x68,0x42,0x07,0x4a,0x27,0x42,0x07,0x42,0x07,0x4a,0x48,0x52,0x68,0x41,0xe6,
    0x4a,0x48,0x4a,0x48,0x52,0x68,0x42,0x27,0x4a,0x48,0x4a,0x27,0x52,0x68,0x5a,0xa9,0x4a,0x27,0x5a,0xa9,0x52,0x89,0x4a,0x48,
    0x52,0x89,0x5a,0xa9,0x52,0x68,0x52,0x68,0x52,0x68,0x4a,0x48,0x4a,0x48,0x5a,0xa9,0x62,0xca,0x52,0x89,0x4a,0x27,0x52,0x68,
    0x52,0x68,0x52,0x68,0x42,0x07,0x4a,0x48,0x62,0xca,0x4a,0x48,0x4a,0x48,0x52,0x68,0x4a,0x48,0x52,0x89,0x4a,0x48,0x4a,0x48,
    0x5a,0xa9,0x52,0x89,0x5a,0x89,0x52,0x68,0x6b,0x0a,0x5a,0xa9,0x52,0x88,0x52,0x89,0x5a,0xa9,0x52,0x89,0x52,0x68,0x52,0x68,
    0x52,0x89,0x5a,0xa9,0x52,0x89,0x4a,0x48,0x52,0x88,0x5a,0xa9,0x4a,0x47,0x4a,0x27,0x5a,0xa9,0x4a,0x48,0x42,0x27,0x52,0x68,
    0x52,0x48,0x52,0x88,0x5a,0xa9,0x4a,0x47,0x42,0x07,0x42,0x07,0x4a,0x27,0x42,0x07,0x4a,0x27,0x4a,0x48,0x4a,0x48,0x4a,0x47,
    0x42,0x27,0x52,0x68,0x4a,0x68,0x42,0x07,0x42,0x07,0x42,0x06,0x5a,0xa9,0x62,0xea,0x42,0x07,0x42,0x06,0x4a,0x27,0x4a,0x07,
    0x52,0x68,0x4a,0x27,0x4a,0x48,0x4a,0x47,0x42,0x07,0x42,0x07,0x4a,0x27,0x52,0x68,0x4a,0x47,0x4a,0x48,0x4a,0x48,0x52,0x68,
    0x4a,0x27,0x4a,0x48,0x4a,0x27,0x4a,0x27,0x52,0x68,0x4a,0x48,0x4a,0x48,0x4a,0x27,0x42,0x27,0x42,0x07,0x42,0x07,0x4a,0x47,
    0x42,0x07,0x41,0xe7,0x41,0xe6,0x41,0xe6,0x52,0x68,0x4a,0x48,0x41,0xe6,0x39,0xc6,0x4a,0x48,0x42,0x07,0x42,0x06,0x42,0x07,
    0x4a,0x47,0x4a,0x27,0x42,0x06,0x41,0xe6,0x42,0x07,0x4a,0x27,0x5a,0x88,0x4a,0x27,0x41,0xe6,0x4a,0x47,0x4a,0x27,0x42,0x07,
    0x42,0x07,0x4a,0x47,0x52,0x48,0x4a,0x48,0x4a,0x27,0x4a,0x27,0x42,0x07,0x42,0x07,0x42,0x07,0x4a,0x48,0x62,0xea,0x52,0x68,
    0x52,0x68,0x41,0xe6,0x52,0x68,0x52,0x88,0x4a,0x27,0x42,0x27,0x52,0x68,0x5a,0xa9,0x42,0x27,0x42,0x27,0x52,0x68,0x62,0xea,
    0x41,0xe6,0x42,0x06,0x42,0x07,0x4a,0x27,0x5a,0x89,0x4a,0x27,0x4a,0x27,0x4a,0x48,0x52,0x88,0x4a,0x27,0x52,0x68,0x42,0x07,
    0x4a,0x27,0x41,0xe6,0x4a,0x27,0x52,0x89,0x62,0xea,0x62,0xea,0x4a,0x48,0x52,0x68,0x4a,0x27,0x4a,0x47,0x52,0x88,0x5a,0xa9,
    0x41,0xe6,0x42,0x07,0x52,0x68,0x5a,0xa9,0x42,0x07,0x4a,0x48,0x52,0x68,0x5a,0xc9,0x42,0x07,0x4a,0x27,0x5a,0xa9,0x62,0xe9,
    0x4a,0x48,0x4a,0x48,0x5a,0xa9,0x52,0x68,0x52,0x48,0x52,0x89,0x52,0x68,0x52,0x68,0x52,0x68,0x52,0x68,0x5a,0xa9,0x4a,0x48,
    0x6b,0x2a,0x5a,0xa9,0x5a,0xa9,0x52,0x68,0x5a,0x89,0x52,0x68,0x52,0x89,0x5a,0xc9,0x5a,0xa9,0x4a,0x27,0x4a,0x27,0x52,0x68,
    0x4a,0x27,0x42,0x07,0x42,0x07,0x52,0x88,0x5a,0xa9,0x5a,0x89,0x62,0xea,0x5a,0xc9,0x6b,0x0a,0x52,0x88,0x4a,0x48,0x52,0x68,
    0x52,0x68,0x39,0xe6,0x41,0xe6,0x42,0x07,0x52,0x68,0x4a,0x68,0x41,0xe6,0x39,0xc6,0x4a,0x48,0x42,0x07,0x4a,0x68,0x42,0x07,
    0x52,0x68,0x5a,0x89,0x5a,0xa9,0x52,0x88,0x4a,0x27,0x5a,0x89,0x5a,0xa9,0x62,0xc9,0x41,0xe6,0x42,0x07,0x42,0x06,0x52,0x68,
    0x4a,0x48,0x4a,0x27,0x42,0x07,0x5a,0x89,0x4a,0x27,0x5a,0xa9,0x52,0x88,0x52,0x68,0x41,0xe6,0x52,0x68,0x52,0x88,0x4a,0x48,
    0x42,0x07,0x52,0x88,0x52,0x88,0x4a,0x48,0x4a,0x48,0x4a,0x48,0x52,0x68,0x5a,0xa9,0x52,0x68,0x4a,0x48,0x4a,0x28,0x42,0x07,
    0x5a,0xa9,0x39,0xe6,0x42,0x07,0x42,0x07,0x4a,0x27,0x39,0xe6,0x42,0x07,0x4a,0x27,0x5a,0xc9,0x4a,0x27,0x4a,0x48,0x42,0x07,
    0x4a,0x27,0x52,0x68,0x52,0x89,0x42,0x07,0x4a,0x48,0x5a,0xa9,0x52,0x88,0x4a,0x48,0x4a,0x48,0x4a,0x48,0x42,0x07,0x4a,0x27,
    0x52,0x89,0x4a,0x27,0x4a,0x27,0x4a,0x48,0x4a,0x47,0x4a,0x68,0x4a,0x48,0x4a,0x48,0x52,0x89,0x52,0x68,0x42,0x27,0x4a,0x47,
    0x52,0x88,0x52,0x48,0x4a,0x48,0x41,0xe6,0x42,0x27,0x52,0x88,0x52,0x68,0x52,0x68,0x4a,0x48,0x42,0x27,0x42,0x07,0x52,0x68,
    0x42,0x07,0x41,0xe6,0x4a,0x27,0x4a,0x48,0x42,0x07,0x42,0x07,0x41,0xe6,0x42,0x07,0x52,0x68,0x4a,0x27,0x42,0x07,0x42,0x07,
    0x4a,0x27,0x4a,0x27,0x42,0x07,0x42,0x07,0x42,0x07,0x4a,0x27,0x52,0x89,0x4a,0x48,0x4a,0x27,0x52,0x48,0x52,0x89,0x5a,0x89,
    0x4a,0x48,0x4a,0x27,0x4a,0x27,0x4a,0x27,0x41,0xe6,0x52,0x88,0x52,0x88,0x52,0x68,0x4a,0x27,0x52,0x68,0x5a,0xa9,0x42,0x07,
    0x42,0x07,0x4a,0x27,0x4a,0x47,0x4a,0x27,0x4a,0x27,0x52,0x68,0x52,0x68,0x42,0x06,0x5a,0x89,0x5a,0xa9,0x52,0x88,0x52,0x88,
    0x52,0x68,0x5a,0xa9,0x5a,0xa9,0x5a,0x89,0x52,0x68,0x5a,0xa9,0x5a,0xa9,0x4a,0x48,0x4a,0x27,0x39,0xc6,0x4a,0x47,0x52,0x47,
    0x52,0x48,0x39,0xc6,0x4a,0x27,0x4a,0x47,0x6b,0x2b,0x63,0x0a,0x6b,0x2b,0x6b,0x2b,0x6b,0x2b,0x6b,0x4b,0x52,0x89,0x5a,0xa9,
    0x4a,0x27,0x4a,0x27,0x41,0xe6,0x7b,0x8c,0x42,0x06,0x4a,0x27,0x4a,0x47,0x62,0xca,0x6b,0x2b,0x62,0xea,0x5a,0xa9,0x52,0x68,
    0x52,0x89,0x6b,0x2b,0x5a,0xa9,0x42,0x07,0x5a,0xa9,0x4a,0x27,0x4a,0x27,0x52,0x68,0x62,0xea,0x52,0x68,0x52,0x68,0x5a,0xa9,
    0x52,0x68,0x52,0x68,0x4a,0x48,0x4a,0x48,0x4a,0x48,0x52,0x68,0x4a,0x48,0x42,0x27,0x52,0x68,0x5a,0x89,0x4a,0x48,0x52,0x88,
    0x4a,0x48,0x5a,0xa9,0x4a,0x27,0x4a,0x27,0x52,0x68,0x52,0x88,0x52,0x88,0x52,0x68,0x52,0x68,0x4a,0x48,0x52,0x68,0x5a,0xc9,
    0x52,0x68,0x52,0x68,0x52,0x89,0x41,0xe6,0x4a,0x47,0x4a,0x27,0x52,0x89,0x42,0x27,0x4a,0x27,0x42,0x27,0x52,0x89,0x4a,0x68,
    0x52,0x89,0x4a,0x48,0x5a,0x89,0x4a,0x27,0x6b,0x0a,0x73,0x6b,0x4a,0x47,0x4a,0x27,0x52,0x89,0x5a,0x88,0x42,0x06,0x42,0x07,
    0x4a,0x48,0x42,0x07,0x42,0x07,0x4a,0x27,0x42,0x27,0x4a,0x48,0x4a,0x27,0x42,0x07,0x42,0x07,0x4a,0x47,0x4a,0x27,0x4a,0x47,
    0x4a,0x47,0x4a,0x27,0x41,0xe6,0x4a,0x27,0x4a,0x27,0x42,0x07,0x52,0x68,0x4a,0x27,0x42,0x27,0x41,0xe6,0x52,0x68,0x4a,0x27,
    0x4a,0x48,0x42,0x07,0x4a,0x27,0x42,0x07,0x52,0x68,0x42,0x07,0x42,0x07,0x4a,0x27,0x39,0xc6,0x4a,0x27,0x52,0x68,0x4a,0x27,
    0x4a,0x27,0x4a,0x27,0x52,0x68,0x4a,0x48,0x4a,0x27,0x52,0x47,0x52,0x68,0x4a,0x47,0x4a,0x47,0x4a,0x27,0x52,0x68,0x4a,0x47,
    0x4a,0x27,0x52,0x68,0x52,0x68,0x4a,0x27,0x4a,0x27,0x4a,0x27,0x4a,0x27,0x52,0x68,0x4a,0x47,0x4a,0x47,0x42,0x07,0x5a,0xa9,
    0x4a,0x27,0x4a,0x47,0x4a,0x48,0x4a,0x07,0x4a,0x47,0x4a,0x47,0x4a,0x48,0x4a,0x48,0x4a,0x68,0x4a,0x27,0x4a,0x27,0x4a,0x27,
    0x52,0x88,0x4a,0x48,0x52,0x68,0x52,0x68,0x4a,0x27,0x4a,0x27,0x5a,0xa9,0x62,0xea,0x52,0x68,0x5a,0xa9,0x5a,0xa9,0x62,0xca,
    0x42,0x07,0x5a,0x88,0x5a,0x88,0x5a,0xa9,0x5a,0xa9,0x5a,0x89,0x5a,0x89,0x52,0x48,0x52,0x88,0x52,0x88,0x5a,0xa9,0x52,0x68,
    0x52,0x48,0x62,0xea,0x52,0x89,0x52,0x68,0x52,0x68,0x5a,0xa9,0x5a,0xa9,0x62,0xca,0x52,0x89,0x62,0xea,0x5a,0xa9,0x5a,0x89,
    0x5a,0xa9,0x52,0x89,0x52,0x68,0x4a,0x27,0x5a,0xca,0x62,0xea,0x52,0x88,0x4a,0x27,0x52,0x68,0x5a,0xa9,0x52,0x68,0x42,0x07,
    0x52,0x88,0x52,0x89,0x52,0x89,0x42,0x07,0x4a,0x48,0x5a,0xa9,0x52,0x68,0x52,0x89,0x52,0x88,0x42,0x07,0x42,0x07,0x62,0xea,
    0x5a,0xa9,0x52,0x88,0x52,0x88,0x52,0x48,0x52,0x68,0x5a,0x89,0x4a,0x47,0x52,0x68,0x62,0xea,0x5a,0x89,0x4a,0x27,0x42,0x07,
    0x52,0x68,0x52,0x68,0x4a,0x48,0x4a,0x27,0x42,0x07,0x4a,0x27,0x52,0x68,0x42,0x07,0x52,0x68,0x52,0x88,0x4a,0x27,0x52,0x48,
    0x5a,0xa9,0x5a,0xa9,0x52,0x68,0x52,0x68,0x52,0x68,0x52,0x68,0x5a,0xa9,0x52,0x88,0x4a,0x27,0x4a,0x27,0x4a,0x27,0x4a,0x27,
    0x4a,0x48,0x4a,0x47,0x52,0x48,0x52,0x68,0x52,0x68,0x52,0x68,0x4a,0x47,0x52,0x68,0x5a,0xa9,0x52,0x48,0x4a,0x27,0x52,0x88,
    0x52,0x68,0x52,0x68,0x62,0xea,0x5a,0xa9,0x52,0x68,0x4a,0x27,0x4a,0x27,0x52,0x48,0x52,0x89,0x62,0xc9,0x52,0x68,0x52,0x48,
    0x52,0x68,0x5a,0xa9,0x5a,0x89,0x62,0xc9,0x52,0x88,0x52,0x88,0x5a,0xa9,0x62,0xea,0x63,0x0a,0x63,0x0a,0x62,0xea,0x52,0x88,
    0x62,0xea,0x5a,0xa9,0x52,0x68,0x52,0x88,0x6b,0x0b,0x62,0xea,0x4a,0x47,0x52,0x89,0x5a,0xa9,0x62,0xea,0x62,0xea,0x62,0xea,
    0x62,0xca,0x6b,0x0a,0x5a,0xa9,0x4a,0x27,0x5a,0xa9,0x52,0x68,0x52,0x88,0x5a,0xa9,0x62,0xea,0x52,0x89,0x52,0x88,0x62,0xea,
    0x5a,0xa9,0x52,0x68,0x52,0x89,0x5a,0xc9,0x52,0x68,0x5a,0xc9,0x63,0x0a,0x62,0xea,0x5a,0xa9,0x42,0x06,0x5a,0xa9,0x5a,0xa9,
    0x63,0x0a,0x52,0x89,0x52,0x68,0x5a,0xa9,0x62,0xea,0x5a,0x89,0x5a,0xa9,0x52,0x88,0x62,0xea,0x5a,0xa9,0x73,0x6c,0x4a,0x27,
    0x73,0x4b,0x52,0x68,0x63,0x0a,0x5a,0xa9,0x5a,0xc9,0x4a,0x07,0x4a,0x48,0x6b,0x0b,0x52,0x68,0x52,0x48,0x5a,0x88,0x62,0xea,
    0x4a,0x27,0x4a,0x48,0x5a,0xa9,0x52,0x68,0x42,0x07,0x52,0x88,0x41,0xe6,0x4a,0x27,0x5a,0xc9,0x52,0x68,0x4a,0x27,0x5a,0xa9,
    0x62,0xea,0x4a,0x48,0x52,0x89,0x4a,0x48,0x4a,0x48,0x4a,0x27,0x52,0x48,0x52,0x68,0x42,0x07,0x4a,0x27,0x52,0x68,0x52,0x48,
    0x4a,0x48,0x4a,0x27,0x5a,0x89,0x52,0x89,0x5a,0x89,0x62,0xc9,0x4a,0x27,0x42,0x07,0x41,0xe6,0x4a,0x27,0x4a,0x27,0x42,0x07,
    0x52,0x68,0x4a,0x27,0x4a,0x48,0x4a,0x27,0x52,0x89,0x4a,0x47,0x4a,0x48,0x42,0x07,0x4a,0x27,0x4a,0x27,0x41,0xe6,0x41,0xe6,
    0x42,0x06,0x41,0xe6,0x4a,0x27,0x42,0x07,0x41,0xe6,0x4a,0x27,0x42,0x27,0x42,0x07,0x41,0xe6,0x42,0x07,0x39,0xc6,0x42,0x07,
    0x42,0x07,0x42,0x07,0x39,0xc6,0x42,0x06,0x42,0x27,0x41,0xe6,0x42,0x07,0x42,0x27,0x41,0xe6,0x42,0x07,0x4a,0x27,0x52,0x68,
    0x42,0x06,0x42,0x07,0x4a,0x48,0x52,0x68,0x4a,0x47,0x42,0x07,0x52,0x68,0x5a,0xa9,0x4a,0x27,0x42,0x07,0x4a,0x47,0x5a,0xa9,
    0x52,0x68,0x4a,0x27,0x4a,0x27,0x5a,0x88,0x4a,0x27,0x42,0x07,0x4a,0x47,0x52,0x68,0x42,0x27,0x4a,0x27,0x4a,0x27,0x52,0x48,
    0x52,0x68,0x5a,0x68,0x73,0x2a,0x4a,0x27,0x5a,0xa8,0x52,0x68,0x62,0xe9,0x52,0x68,0x52,0x68,0x42,0x07,0x4a,0x27,0x4a,0x48,
    0x4a,0x68,0x4a,0x48,0x52,0x68,0x5a,0x89,0x42,0x07,0x52,0x68,0x4a,0x27,0x4a,0x27,0x41,0xe6,0x42,0x27,0x42,0x07,0x4a,0x27,
    0x42,0x27,0x52,0x68,0x4a,0x27,0x41,0xe6,0x4a,0x48,0x52,0x88,0x52,0x88,0x52,0x68,0x42,0x27,0x4a,0x48,0x52,0x68,0x4a,0x48,
    0x42,0x07,0x52,0x68,0x52,0x89,0x52,0x48,0x42,0x27,0x52,0x68,0x52,0x68,0x4a,0x48,0x4a,0x27,0x4a,0x48,0x4a,0x27,0x41,0xe6,
    0x52,0x68,0x52,0x88,0x4a,0x48,0x4a,0x48,0x62,0xc9,0x5a,0x89,0x5a,0x89,0x5a,0x89,0x5a,0xa9,0x52,0x48,0x52,0x48,0x42,0x07,
    0x42,0x07,0x4a,0x27,0x4a,0x47,0x52,0x89,0x4a,0x27,0x4a,0x48,0x4a,0x27,0x52,0x68,0x41,0xe6,0x4a,0x48,0x52,0x68,0x5a,0xa9,
    0x4a,0x28,0x52,0x88,0x52,0x68,0x52,0x68,0x4a,0x27,0x42,0x07,0x4a,0x47,0x4a,0x27,0x4a,0x48,0x4a,0x27,0x41,0xe6,0x52,0x68,
    0x4a,0x48,0x4a,0x27,0x62,0xc9,0x62,0xc9,0x52,0x88,0x4a,0x27,0x5a,0xca,0x73,0x6c,0x4a,0x48,0x5a,0x89,0x52,0x68,0x5a,0xc9,
    0x63,0x0a,0x5a,0xc9,0x62,0xc9,0x52,0x88,0x52,0x68,0x52,0x68,0x52,0x47,0x4a,0x27,0x5a,0xc9,0x52,0x68,0x62,0xca,0x5a,0xa9,
    0x5a,0x89,0x4a,0x27,0x6b,0x0a,0x5a,0xc9,0x41,0xe6,0x52,0x47,0x4a,0x27,0x4a,0x27,0x4a,0x47,0x4a,0x27,0x52,0x67,0x52,0x68,
    0x4a,0x27,0x42,0x06,0x52,0x47,0x4a,0x47,0x5a,0xa9,0x5a,0xa9,0x42,0x06,0x4a,0x48,0x42,0x07,0x42,0x07,0x4a,0x27,0x52,0x48,
    0x42,0x06,0x4a,0x47,0x42,0x07,0x52,0x68,0x52,0x68,0x5a,0x88,0x52,0x68,0x52,0x68,0x5a,0xa9,0x5a,0x88,0x4a,0x47,0x52,0x48,
    0x52,0x88,0x52,0x68,0x4a,0x47,0x52,0x68,0x52,0x68,0x4a,0x27,0x42,0x06,0x52,0x48,0x52,0x88,0x4a,0x27,0x4a,0x47,0x4a,0x47,
    0x4a,0x27,0x4a,0x27,0x42,0x06,0x4a,0x27,0x62,0xea,0x52,0x68,0x42,0x07,0x42,0x07,0x52,0x68,0x4a,0x27,0x42,0x07,0x41,0xe7,
    0x52,0x68,0x52,0x68,0x42,0x07,0x42,0x07,0x4a,0x27,0x4a,0x47,0x42,0x06,0x42,0x07,0x4a,0x48,0x42,0x07,0x4a,0x48,0x41,0xe6,
    0x4a,0x48,0x4a,0x47,0x42,0x07,0x62,0xea,0x4a,0x48,0x42,0x07,0x42,0x07,0x52,0x89,0x4a,0x47,0x4a,0x48,0x62,0xea,0x52,0x68,
    0x52,0x89,0x52,0x89,0x52,0x89,0x5a,0xca,0x73,0x4b,0x52,0x89,0x52,0x89,0x62,0xca,0x5a,0xa9,0x5a,0xc9,0x52,0x88,0x5a,0x89,
    0x5a,0x89,0x5a,0xa9,0x52,0x88,0x62,0xea,0x4a,0x48,0x52,0x88,0x5a,0xc9,0x52,0x89,0x52,0x88,0x52,0x89,0x52,0x68,0x52,0x88,
    0x63,0x0a,0x5a,0xc9,0x52,0x89,0x5a,0xa9,0x7b,0x8c,0x5a,0xc9,0x63,0x0a,0x5a,0x89,0x5a,0xa9,0x52,0x89,0x4a,0x48,0x52,0x68,
    0x4a,0x48,0x5a,0x89,0x5a,0xa9,0x4a,0x48,0x52,0x68,0x5a,0xa9,0x52,0x68,0x4a,0x27,0x5a,0xa9,0x52,0x68,0x4a,0x27,0x39,0xe6,
    0x5a,0xc9,0x62,0xea,0x4a,0x48,0x5a,0x88,0x63,0x0a,0x5a,0xa9,0x52,0x68,0x42,0x07,0x52,0x89,0x4a,0x47,0x4a,0x27,0x4a,0x47,
    0x52,0x88,0x52,0x68,0x42,0x07,0x4a,0x27,0x41,0xe6,0x42,0x07,0x4a,0x48,0x4a,0x27,0x52,0x68,0x4a,0x48,0x4a,0x48,0x52,0x48,
    0x4a,0x48,0x4a,0x48,0x5a,0xa9,0x52,0x88,0x4a,0x28,0x4a,0x48,0x5a,0xc9,0x5a,0xa9,0x4a,0x27,0x4a,0x48,0x52,0x88,0x4a,0x48,
    0x42,0x07,0x52,0x68,0x5a,0xa9,0x4a,0x48,0x52,0x89,0x5a,0xc9,0x4a,0x48,0x52,0x68,0x62,0xea,0x5a,0xa9,0x52,0x68,0x42,0x07,
    0x4a,0x27,0x4a,0x27,0x4a,0x27,0x42,0x07,0x52,0x68,0x52,0x68,0x41,0xe6,0x42,0x27,0x4a,0x27,0x4a,0x27,0x42,0x27,0x4a,0x68,
    0x4a,0x48,0x4a,0x47,0x5a,0x89,0x52,0x88,0x4a,0x27,0x4a,0x27,0x42,0x07,0x41,0xe6,0x41,0xe7,0x4a,0x27,0x42,0x07,0x39,0xc6,
    0x4a,0x47,0x4a,0x47,0x42,0x27,0x41,0xe6,0x52,0x68,0x4a,0x27,0x52,0x68,0x4a,0x27,0x4a,0x27,0x52,0x68,0x42,0x07,0x4a,0x27,
    0x4a,0x47,0x5a,0x88,0x4a,0x47,0x52,0x68,0x4a,0x27,0x52,0x47,0x52,0x47,0x5a,0xa9,0x5a,0xa9,0x52,0x68,0x4a,0x07,0x52,0x68,
    0x4a,0x27,0x52,0x68,0x41,0xe7,0x52,0x88,0x42,0x27,0x52,0x88,0x4a,0x48,0x52,0x68,0x52,0x88,0x5a,0xa9,0x52,0x88,0x52,0x88,
    0x62,0xca,0x5a,0xa9,0x62,0xea,0x62,0xca,0x52,0x68,0x52,0x88,0x52,0x68,0x52,0x88,0x52,0x68,0x5a,0xa9,0x62,0xea,0x62,0xea,
    0x52,0x88,0x52,0x88,0x62,0xea,0x5a,0xc9,0x52,0x68,0x52,0x68,0x62,0xea,0x5a,0xc9,0x52,0x68,0x52,0x68,0x5a,0xa9,0x52,0x68,
    0x52,0x88,0x4a,0x48,0x5a,0xc9,0x5a,0xc9,0x62,0xea,0x52,0x68,0x52,0x68,0x5a,0xa9,0x4a,0x48,0x62,0xea,0x5a,0xa9,0x4a,0x48,
    0x5a,0xa9,0x5a,0xa9,0x6b,0x4b,0x62,0xea,0x62,0xca,0x5a,0xa9,0x5a,0x89,0x83,0xad,0x5a,0xa9,0x5a,0xca,0x52,0x68,0x52,0x48,
    0x52,0x88,0x4a,0x48,0x4a,0x27,0x4a,0x27,0x4a,0x27,0x4a,0x48,0x4a,0x27,0x4a,0x48,0x52,0x89,0x52,0x68,0x5a,0x89,0x4a,0x27,
    0x4a,0x47,0x4a,0x48,0x52,0x68,0x4a,0x48,0x4a,0x48,0x5a,0xc9,0x52,0x89,0x52,0x89,0x42,0x07,0x4a,0x27,0x42,0x07,0x42,0x07,
    0x39,0xc6,0x42,0x07,0x42,0x07,0x4a,0x27,0x52,0x88,0x52,0x68,0x52,0x68,0x4a,0x27,0x4a,0x48,0x52,0x89,0x4a,0x48,0x52,0x68,
    0x42,0x07,0x52,0x48,0x52,0x68,0x4a,0x27,0x42,0x07,0x4a,0x48,0x52,0x88,0x42,0x07,0x4a,0x27,0x4a,0x48,0x4a,0x48,0x5a,0xc9,
    0x4a,0x27,0x4a,0x48,0x42,0x27,0x4a,0x48,0x42,0x07,0x4a,0x48,0x42,0x27,0x4a,0x27,0x4a,0x48,0x5a,0xa9,0x52,0x68,0x5a,0xa9,
    0x5a,0xa9,0x52,0x89,0x62,0xea,0x6b,0x0b,0x52,0x88,0x42,0x07,0x5a,0xc9,0x52,0x88,0x52,0x68,0x41,0xe6,0x4a,0x27,0x41,0xe6,
    0x52,0x88,0x4a,0x27,0x42,0x07,0x4a,0x27,0x5a,0xa9,0x4a,0x27,0x52,0x68,0x42,0x07,0x52,0x68,0x52,0x68,0x41,0xe6,0x4a,0x48,
    0x39,0xe6,0x4a,0x27,0x4a,0x27,0x42,0x07,0x41,0xe6,0x42,0x07,0x42,0x07,0x52,0x68,0x41,0xe7,0x42,0x07,0x42,0x07,0x4a,0x27,
    0x42,0x07,0x4a,0x27,0x4a,0x48,0x4a,0x47,0x4a,0x27,0x4a,0x27,0x4a,0x27,0x4a,0x48,0x4a,0x27,0x4a,0x27,0x4a,0x27,0x4a,0x48,
    0x42,0x07,0x42,0x07,0x4a,0x27,0x4a,0x48,0x4a,0x27,0x41,0xe6,0x41,0xe6,0x4a,0x27,0x42,0x27,0x42,0x07,0x4a,0x48,0x4a,0x48,
    0x4a,0x48,0x4a,0x48,0x52,0x68,0x4a,0x27,0x4a,0x48,0x5a,0x89,0x4a,0x47,0x39,0xc6,0x4a,0x27,0x4a,0x27,0x42,0x07,0x41,0xe6,
    0x39,0xe6,0x4a,0x27,0x52,0x68,0x52,0x88,0x42,0x07,0x62,0xea,0x5a,0xa9,0x4a,0x48,0x52,0x68,0x52,0x68,0x6b,0x4b,0x6b,0x4b,
    0x42,0x07,0x52,0x89,0x4a,0x48,0x4a,0x48,0x52,0x89,0x4a,0x48,0x4a,0x47,0x5a,0xa9,0x52,0x68,0x5a,0xa9,0x4a,0x27,0x62,0xea,
    0x5a,0xa9,0x52,0x88,0x4a,0x27,0x5a,0xa9,0x41,0xe6,0x52,0x68,0x52,0x68,0x52,0x89,0x52,0x68,0x5a,0xc9,0x52,0x68,0x5a,0xc9,
    0x62,0xc9,0x52,0x88,0x5a,0xa9,0x62,0xca,0x5a,0xa9,0x52,0x68,0x4a,0x48,0x52,0x89,0x5a,0xa9,0x4a,0x48,0x5a,0xa9,0x52,0x89,
    0x6b,0x4b,0x52,0x68,0x52,0x68,0x52,0x68,0x73,0x4c,0x62,0xea,0x62,0xca,0x62,0xea,0x52,0x68,0x5a,0xa9,0x62,0xca,0x63,0x0a,
    0x42,0x07,0x4a,0x27,0x4a,0x47,0x4a,0x48,0x52,0x88,0x5a,0x89,0x5a,0xa9,0x39,0xa5,0x62,0xca,0x5a,0xc9,0x6b,0x2b,0x39,0xe6,
    0x6b,0x0b,0x52,0x89,0x6b,0x0a,0x6b,0x0a,0x4a,0x27,0x4a,0x48,0x52,0x88,0x62,0xca,0x52,0x68,0x5a,0xa9,0x5a,0xa9,0x4a,0x47,
    0x4a,0x48,0x5a,0xa9,0x5a,0xa9,0x52,0x68,0x4a,0x48,0x62,0xea,0x63,0x0a,0x4a,0x47,0x63,0x0a,0x52,0x89,0x5a,0xca,0x4a,0x48,
    0x62,0xca,0x5a,0xc9,0x52,0x48,0x4a,0x27,0x4a,0x47,0x4a,0x47,0x41,0xe6,0x42,0x07,0x52,0x88,0x42,0x27,0x4a,0x27,0x4a,0x27,
    0x4a,0x48,0x42,0x27,0x4a,0x27,0x4a,0x27,0x4a,0x47,0x4a,0x27,0x4a,0x47,0x4a,0x68,0x4a,0x27,0x42,0x07,0x4a,0x27,0x52,0x48,
    0x4a,0x27,0x42,0x07,0x4a,0x27,0x4a,0x27,0x4a,0x48,0x4a,0x27,0x52,0x68,0x4a,0x48,0x4a,0x48,0x4a,0x27,0x4a,0x27,0x42,0x27,
    0x4a,0x47,0x4a,0x27,0x52,0x68,0x52,0x68,0x4a,0x27,0x52,0x48,0x5a,0xa9,0x4a,0x48,0x52,0x68,0x52,0x68,0x62,0xca,0x4a,0x48,
    0x4a,0x27,0x42,0x07,0x42,0x07,0x4a,0x27,0x42,0x27,0x4a,0x48,0x4a,0x68,0x4a,0x27,0x4a,0x68,0x4a,0x47,0x4a,0x48,0x4a,0x48,
    0x4a,0x48,0x4a,0x27,0x4a,0x48,0x52,0x48,0x4a,0x48,0x4a,0x47,0x4a,0x48,0x42,0x07,0x4a,0x27,0x4a,0x27,0x4a,0x48,0x4a,0x48,
    0x42,0x07,0x42,0x07,0x42,0x07,0x4a,0x27,0x42,0x07,0x4a,0x27,0x42,0x07,0x5a,0x89,0x42,0x07,0x52,0x68,0x52,0x68,0x52,0x68,
    0x4a,0x47,0x52,0x88,0x5a,0xa9,0x5a,0xc9,0x4a,0x47,0x5a,0xa9,0x62,0xc9,0x5a,0x89,0x4a,0x48,0x52,0x68,0x52,0x89,0x52,0x88,
    0x4a,0x48,0x52,0x68,0x5a,0xa9,0x4a,0x47,0x5a,0xa9,0x52,0x68,0x5a,0xa9,0x4a,0x47,0x73,0x6c,0x6b,0x2b,0x52,0x88,0x52,0x68,
    0x6b,0x2b,0x5a,0xa9,0x5a,0xa9,0x5a,0x88,0x4a,0x07,0x4a,0x47,0x52,0x68,0x63,0x0a,0x42,0x06,0x5a,0xa9,0x52,0x68,0x52,0x88,
    0x41,0xe6,0x52,0x68,0x52,0x47,0x4a,0x07,0x52,0x68,0x52,0x47,0x52,0x47,0x4a,0x06,0x5a,0xa9,0x52,0x68,0x5a,0xa9,0x5a,0xa9,
    0x52,0x89,0x42,0x07,0x52,0x68,0x5a,0x89,0x4a,0x27,0x4a,0x27,0x52,0x68,0x5a,0xc9,0x4a,0x47,0x52,0x47,0x4a,0x06,0x4a,0x47,
    0x4a,0x47,0x4a,0x27,0x5a,0xa8,0x5a,0x88,0x4a,0x27,0x62,0xc9,0x6b,0x2b,0x6b,0x0a,0x39,0xc6,0x4a,0x48,0x62,0xea,0x4a,0x48,
    0x4a,0x48,0x52,0x88,0x4a,0x27,0x52,0x68,0x42,0x07,0x42,0x07,0x62,0xc9,0x52,0x68,0x4a,0x47,0x4a,0x27,0x52,0x48,0x4a,0x27,
    0x52,0x68,0x4a,0x27,0x52,0x68,0x42,0x27,0x52,0x68,0x4a,0x27,0x4a,0x27,0x4a,0x48,0x52,0x48,0x4a,0x27,0x4a,0x27,0x42,0x07,
    0x4a,0x27,0x4a,0x27,0x42,0x07,0x42,0x07,0x41,0xe6,0x4a,0x47,0x4a,0x48,0x4a,0x27,0x4a,0x47,0x52,0x88,0x4a,0x48,0x42,0x07,
    0x42,0x07,0x5a,0xa9,0x4a,0x48,0x42,0x06,0x4a,0x48,0x52,0x68,0x52,0x48,0x4a,0x27,0x4a,0x47,0x52,0x48,0x52,0x68,0x4a,0x48,
    0x42,0x07,0x4a,0x27,0x4a,0x48,0x52,0x88,0x52,0x68,0x52,0x68,0x4a,0x47,0x62,0xea,0x5a,0xa9,0x5a,0xa9,0x4a,0x27,0x5a,0xa9,
    0x4a,0x47,0x52,0x68,0x5a,0xa9,0x5a,0x89,0x52,0x48,0x5a,0xa9,0x62,0xc9,0x52,0x88,0x6b,0x0a,0x5a,0xa9,0x5a,0xa9,0x5a,0xa9,
    0x5a,0x89,0x62,0xea,0x5a,0xa9,0x5a,0xc9,0x62,0xca,0x5a,0xa9,0x5a,0xc9,0x5a,0xa9,0x52,0x88,0x5a,0xc9,0x52,0x68,0x52,0x68,
    0x52,0x68,0x62,0xea,0x62,0xca,0x52,0x68,0x52,0x89,0x5a,0xc9,0x5a,0xa9,0x52,0x68,0x52,0x88,0x5a,0xa9,0x52,0x68,0x52,0x68,
    0x5a,0xc9,0x52,0x89,0x5a,0xc9,0x5a,0x89,0x4a,0x48,0x52,0x68,0x5a,0xa9,0x62,0xea,0x4a,0x48,0x52,0x88,0x52,0x88,0x62,0xea,
    0x52,0x68,0x5a,0x89,0x4a,0x27,0x52,0x89,0x52,0x88,0x4a,0x27,0x4a,0x48,0x4a,0x48,0x52,0x88,0x4a,0x27,0x5a,0x89,0x52,0x68,
    0x52,0x88,0x52,0x68,0x52,0x68,0x4a,0x48,0x52,0x88,0x52,0x68,0x5a,0xa9,0x4a,0x48,0x4a,0x47,0x4a,0x48,0x62,0xea,0x62,0xca,
    0x52,0x68,0x5a,0x88,0x52,0x68,0x6b,0x0a,0x5a,0xa9,0x52,0x68,0x52,0x88,0x6b,0x2b,0x4a,0x47,0x52,0x88,0x6b,0x0a,0x6b,0x0a,
    0x6b,0x2b,0x4a,0x48,0x52,0x68,0x6b,0x2b,0x63,0x0a,0x4a,0x27,0x4a,0x48,0x4a,0x28,0x5a,0xa9,0x31,0xa5,0x4a,0x48,0x52,0x68,
    0x62,0xea,0x63,0x0a,0x41,0xe6,0x4a,0x48,0x73,0x6c,0x63,0x0a,0x5a,0xc9,0x4a,0x27,0x5a,0xc9,0x52,0x88,0x42,0x07,0x4a,0x27,
    0x62,0xea,0x5a,0xa9,0x52,0x48,0x41,0xe6,0x52,0x68,0x52,0x68,0x5a,0x89,0x42,0x27,0x4a,0x48,0x62,0xea,0x4a,0x48,0x41,0xe6,
    0x41,0xe6,0x4a,0x47,0x4a,0x27,0x41,0xe6,0x41,0xe6,0x42,0x07,0x4a,0x48,0x4a,0x28,0x41,0xe6,0x42,0x07,0x52,0x88,0x4a,0x68,
    0x39,0xa6,0x42,0x07,0x5a,0xca,0x52,0x68,0x4a,0x27,0x4a,0x27,0x41,0xe6,0x42,0x07,0x42,0x07,0x41,0xe6,0x42,0x07,0x41,0xe6,
    0x39,0xc6,0x4a,0x27,0x4a,0x48,0x4a,0x27,0x39,0xc6,0x41,0xe6,0x42,0x07,0x52,0x68,0x52,0x68,0x4a,0x48,0x5a,0x89,0x52,0x88,
    0x52,0x68,0x52,0x68,0x5a,0x89,0x5a,0xa9,0x4a,0x48,0x4a,0x48,0x5a,0xa9,0x52,0x88,0x4a,0x27,0x4a,0x48,0x52,0x68,0x52,0x68,
    0x4a,0x27,0x4a,0x27,0x4a,0x47,0x52,0x88,0x52,0x68,0x4a,0x48,0x4a,0x27,0x5a,0xa9,0x4a,0x27,0x5a,0xa9,0x5a,0xa9,0x4a,0x48,
    0x52,0x68,0x52,0x88,0x52,0x68,0x4a,0x47,0x52,0x89,0x4a,0x48,0x52,0x68,0x5a,0x89,0x62,0xea,0x52,0x68,0x4a,0x48,0x4a,0x27,
    0x52,0x68,0x52,0x68,0x4a,0x27,0x41,0xe6,0x4a,0x48,0x52,0x88,0x4a,0x47,0x4a,0x27,0x5a,0xa9,0x42,0x07,0x42,0x07,0x4a,0x27,
    0x52,0x68,0x4a,0x28,0x4a,0x27,0x4a,0x27,0x42,0x07,0x4a,0x48,0x4a,0x48,0x52,0x68,0x4a,0x48,0x4a,0x48,0x4a,0x48,0x4a,0x48,
    0x4a,0x47,0x42,0x07,0x4a,0x27,0x4a,0x48,0x4a,0x48,0x4a,0x48,0x52,0x68,0x5a,0xc9,0x41,0xe7,0x42,0x07,0x4a,0x27,0x4a,0x48,
    0x39,0xc6,0x52,0x68,0x52,0x48,0x4a,0x27,0x52,0x68,0x4a,0x27,0x52,0x68,0x5a,0x89,0x4a,0x27,0x42,0x07,0x52,0x68,0x4a,0x48,
    0x42,0x07,0x4a,0x27,0x4a,0x27,0x42,0x07,0x52,0x88,0x4a,0x48,0x42,0x07,0x42,0x07,0x4a,0x48,0x42,0x07,0x42,0x06,0x4a,0x27,
    0x52,0x68,0x4a,0x27,0x42,0x07,0x4a,0x27,0x42,0x07,0x52,0x68,0x4a,0x47,0x4a,0x27,0x39,0xc6,0x42,0x07,0x5a,0xc9,0x52,0x48,
    0x42,0x07,0x4a,0x47,0x52,0x68,0x4a,0x47,0x5a,0xc9,0x4a,0x27,0x4a,0x27,0x4a,0x27,0x52,0x68,0x4a,0x27,0x4a,0x47,0x4a,0x47,
    0x42,0x07,0x41,0xe7,0x52,0x68,0x62,0xc9,0x52,0x68,0x52,0x88,0x62,0xc9,0x4a,0x27,0x5a,0xa9,0x5a,0xc9,0x62,0xe9,0x5a,0x88,
    0x62,0xc9,0x6b,0x0a,0x62,0xc9,0x5a,0xa9,0x52,0x68,0x5a,0xa9,0x6b,0x0a,0x62,0xea,0x62,0xea,0x5a,0xa9,0x42,0x06,0x4a,0x47,
    0x5a,0xa9,0x52,0x68,0x4a,0x27,0x4a,0x47,0x52,0x68,0x4a,0x27,0x42,0x06,0x4a,0x47,0x62,0xca,0x52,0x68,0x41,0xe6,0x41,0xe6,
    0x52,0x48,0x52,0x88,0x5a,0x89,0x52,0x88,0x52,0x47,0x52,0x48,0x52,0x68,0x52,0x68,0x52,0x67,0x42,0x06,0x52,0x68,0x5a,0x88,
    0x4a,0x27,0x41,0xe6,0x52,0x48,0x52,0x68,0x4a,0x47,0x5a,0xa9,0x52,0x68,0x52,0x68,0x52,0x68,0x5a,0x88,0x52,0x68,0x5a,0xa9,
    0x52,0x67,0x52,0x88,0x52,0x68,0x52,0x68,0x52,0x88,0x52,0x68,0x4a,0x48,0x5a,0x88,0x52,0x68,0x52,0x48,0x52,0x68,0x52,0x68,
    0x62,0xc9,0x52,0x88,0x62,0xea,0x52,0x68,0x5a,0xa9,0x52,0x68,0x52,0x68,0x5a,0xa9,0x52,0x68,0x52,0x68,0x52,0x68,0x62,0xea,
    0x5a,0xc9,0x5a,0xc9,0x6b,0x2a,0x52,0x68,0x52,0x68,0x52,0x47,0x62,0xc9,0x6b,0x0b,0x5a,0xa9,0x73,0x4b,0x83,0xcd,0x5a,0xc9,
    0x6b,0x2b,0x62,0xea,0x5a,0xc9,0x5a,0xc9,0x5a,0xc9,0x5a,0xa9,0x52,0x68,0x62,0xca,0x62,0xea,0x52,0x68,0x4a,0x27,0x5a,0xa9,
    0x62,0xea,0x4a,0x27,0x5a,0xca,0x52,0x89,0x52,0x68,0x62,0xca,0x62,0xea,0x52,0x88,0x62,0xea,0x62,0xca,0x52,0x88,0x52,0x67,
    0x5a,0xc9,0x5a,0xa9,0x62,0xea,0x42,0x06,0x42,0x07,0x52,0x68,0x5a,0xa9,0x41,0xe7,0x62,0xea,0x52,0x88,0x4a,0x48,0x52,0x89,
    0x52,0x68,0x4a,0x47,0x52,0x88,0x4a,0x48,0x42,0x07,0x52,0x88,0x52,0x68,0x4a,0x47,0x4a,0x27,0x4a,0x27,0x5a,0xa9,0x52,0x68,
    0x4a,0x27,0x4a,0x27,0x52,0x68,0x5a,0xa9,0x4a,0x48,0x52,0x68,0x52,0x68,0x4a,0x48,0x4a,0x27,0x4a,0x48,0x52,0x89,0x42,0x27,
    0x41,0xe7,0x4a,0x48,0x4a,0x27,0x52,0x68,0x42,0x27,0x52,0x68,0x4a,0x27,0x4a,0x48,0x41,0xe7,0x4a,0x27,0x5a,0xa9,0x5a,0xa9,
    0x42,0x27,0x62,0xea,0x6b,0x2b,0x52,0x68,0x52,0x89,0x62,0xea,0x52,0x89,0x52,0x68,0x4a,0x48,0x4a,0x48,0x52,0x68,0x5a,0xa9,
    0x5a,0xa9,0x4a,0x68,0x4a,0x27,0x4a,0x27,0x52,0x88,0x5a,0xa9,0x42,0x07,0x52,0x68,0x52,0x88,0x4a,0x48,0x52,0x68,0x5a,0x89,
    0x4a,0x27,0x4a,0x48,0x4a,0x48,0x52,0x68,0x52,0x88,0x4a,0x27,0x52,0x47,0x52,0x47,0x5a,0x89,0x52,0x68,0x4a,0x47,0x41,0xe6,
    0x52,0x89,0x52,0x48,0x52,0x68,0x42,0x06,0x4a,0x48,0x4a,0x27,0x4a,0x27,0x4a,0x47,0x52,0x88,0x4a,0x47,0x4a,0x47,0x52,0x47,
    0x4a,0x06,0x52,0x47,0x4a,0x26,0x4a,0x27,0x41,0xe6,0x52,0x47,0x4a,0x27,0x52,0x47,0x4a,0x06,0x4a,0x47,0x4a,0x47,0x52,0x48,
    0x52,0x68,0x4a,0x47,0x4a,0x47,0x4a,0x47,0x52,0x67,0x52,0x88,0x52,0x88,0x4a,0x47,0x52,0x68,0x4a,0x27,0x5a,0x88,0x52,0x68,
    0x4a,0x27,0x4a,0x27,0x52,0x68,0x5a,0x88,0x52,0x68,0x52,0x68,0x5a,0xa9,0x5a,0xc9,0x4a,0x47,0x4a,0x47,0x52,0x68,0x62,0xea,
    0x52,0x68,0x4a,0x47,0x4a,0x27,0x5a,0x89,0x62,0xc9,0x4a,0x27,0x52,0x88,0x62,0xca,0x52,0x88,0x52,0x88,0x5a,0xc9,0x6b,0x0a,
    0x5a,0x89,0x5a,0xc9,0x52,0x88,0x5a,0xa9,0x4a,0x47,0x52,0x68,0x52,0x88,0x62,0xea,0x5a,0xa9,0x52,0x88,0x4a,0x27,0x52,0x88,
    0x52,0x89,0x73,0x4b,0x5a,0xa9,0x4a,0x48,0x62,0xea,0x5a,0xa9,0x5a,0xa9,0x5a,0xa9,0x52,0x68,0x6b,0x0b,0x5a,0xa9,0x5a,0xa9,
    0x4a,0x68,0x73,0x6c,0x5a,0xc9,0x52,0x88,0x4a,0x48,0x5a,0xa9,0x4a,0x48,0x4a,0x27,0x5a,0xa9,0x52,0x68,0x52,0x88,0x52,0x68,
    0x52,0x89,0x4a,0x48,0x52,0x88,0x63,0x0a,0x52,0x68,0x52,0x68,0x52,0x88,0x62,0xca,0x4a,0x48,0x5a,0xa9,0x52,0x68,0x52,0x68,
    0x4a,0x48,0x52,0x89,0x52,0x88,0x5a,0xca,0x52,0x68,0x52,0x68,0x52,0x88,0x52,0x89,0x5a,0xc9,0x52,0x89,0x52,0x88,0x52,0x68,
    0x52,0x68,0x4a,0x48,0x4a,0x27,0x52,0x68,0x52,0x68,0x4a,0x27,0x4a,0x27,0x52,0x89,0x52,0x68,0x4a,0x47,0x52,0x48,0x4a,0x47,
    0x4a,0x48,0x5a,0x89,0x52,0x88,0x4a,0x48,0x4a,0x48,0x4a,0x48,0x4a,0x27,0x4a,0x48,0x52,0x68,0x4a,0x48,0x4a,0x27,0x52,0x68,
    0x4a,0x68,0x4a,0x27,0x4a,0x48,0x52,0x89,0x52,0x68,0x4a,0x27,0x4a,0x27,0x52,0x68,0x4a,0x48,0x42,0x07,0x52,0x89,0x52,0x68,
    0x4a,0x48,0x4a,0x48,0x4a,0x47,0x52,0x68,0x52,0x88,0x52,0x88,0x4a,0x27,0x4a,0x27,0x52,0x88,0x52,0x68,0x4a,0x27,0x52,0x68,
    0x62,0xc9,0x4a,0x48,0x42,0x07,0x5a,0xa9,0x4a,0x48,0x4a,0x27,0x52,0x88,0x4a,0x48,0x4a,0x27,0x5a,0xc9,0x4a,0x27,0x42,0x07,
    0x52,0x68,0x73,0x4b,0x5a,0x88,0x42,0x07,0x52,0x68,0x4a,0x27,0x52,0x68,0x52,0x68,0x5a,0xa9,0x4a,0x47,0x62,0xea,0x5a,0xa9,
    0x4a,0x47,0x42,0x07,0x52,0x88,0x52,0x68,0x42,0x27,0x4a,0x47,0x52,0x68,0x52,0x68,0x42,0x07,0x4a,0x27,0x4a,0x47,0x4a,0x27,
    0x52,0x68,0x4a,0x47,0x41,0xe6,0x41,0xe6,0x5a,0xc9,0x5a,0xc9,0x31,0xa5,0x39,0xe6,0x5a,0xa9,0x4a,0x48,0x4a,0x27,0x52,0x48,
    0x52,0x68,0x42,0x07,0x41,0xe6,0x39,0xc6,0x4a,0x48,0x52,0x68,0x4a,0x47,0x4a,0x47,0x52,0x68,0x4a,0x27,0x42,0x07,0x62,0xea,
    0x6b,0x0a,0x4a,0x48,0x52,0x68,0x5a,0xa9,0x39,0xc6,0x52,0x68,0x4a,0x27,0x4a,0x48,0x4a,0x47,0x42,0x07,0x39,0xe6,0x4a,0x47,
    0x52,0x88,0x42,0x27,0x4a,0x48,0x4a,0x48,0x5a,0xa9,0x4a,0x48,0x52,0x48,0x52,0x89,0x52,0x68,0x52,0x88,0x62,0xea,0x63,0x0a,
    0x52,0x68,0x52,0x88,0x5a,0xa9,0x5a,0xa9,0x52,0x68,0x52,0x68,0x52,0x68,0x4a,0x47,0x4a,0x48,0x4a,0x27,0x42,0x06,0x42,0x07,
    0x62,0xea,0x5a,0xc9,0x52,0x68,0x5a,0xa9,0x62,0xea,0x5a,0xa9,0x62,0xea,0x52,0x68,0x52,0x68,0x52,0x68,0x5a,0xa9,0x5a,0xa9,
    0x52,0x68,0x52,0x88,0x62,0xea,0x52,0x48,0x4a,0x48,0x4a,0x27,0x4a,0x27,0x42,0x07,0x4a,0x48,0x52,0x68,0x4a,0x27,0x52,0x68,
    0x4a,0x47,0x5a,0xa9,0x4a,0x07,0x42,0x07,0x4a,0x48,0x4a,0x48,0x4a,0x48,0x42,0x27,0x4a,0x27,0x4a,0x47,0x41,0xe7,0x4a,0x48,
    0x4a,0x27,0x41,0xe7,0x39,0xc6,0x41,0xe6,0x4a,0x27,0x42,0x07,0x41,0xe6,0x39,0xc6,0x4a,0x27,0x42,0x07,0x41,0xe6,0x4a,0x27,
    0x4a,0x68,0x52,0x68,0x4a,0x48,0x52,0x68,0x4a,0x47,0x4a,0x48,0x52,0x68,0x52,0x68,0x4a,0x27,0x41,0xe6,0x42,0x07,0x52,0x68,
    0x62,0xea,0x4a,0x48,0x41,0xe7,0x4a,0x27,0x4a,0x48,0x5a,0xa9,0x52,0x68,0x62,0xea,0x4a,0x48,0x6b,0x0a,0x4a,0x48,0x52,0x48,
    0x4a,0x48,0x52,0x68,0x52,0x68,0x4a,0x48,0x4a,0x48,0x4a,0x27,0x5a,0xca,0x52,0x89,0x4a,0x48,0x52,0x89,0x4a,0x27,0x4a,0x27,
    0x5a,0xc9,0x62,0xea,0x4a,0x48,0x4a,0x48,0x52,0x88,0x5a,0xa9,0x5a,0xc9,0x5a,0xa9,0x4a,0x48,0x52,0x68,0x52,0x68,0x4a,0x48,
    0x52,0x68,0x4a,0x27,0x4a,0x48,0x52,0x88,0x4a,0x68,0x41,0xe6,0x4a,0x27,0x52,0x48,0x4a,0x47,0x4a,0x48,0x4a,0x48,0x4a,0x48,
    0x4a,0x48,0x52,0x89,0x4a,0x48,0x52,0x68,0x52,0x48,0x5a,0xa9,0x52,0x68,0x52,0x68,0x4a,0x47,0x52,0x68,0x5a,0x89,0x52,0x68,
    0x4a,0x47,0x42,0x27,0x4a,0x48,0x52,0x68,0x4a,0x27,0x42,0x27,0x42,0x27,0x4a,0x48,0x52,0x68,0x4a,0x48,0x52,0x48,0x4a,0x48,
    0x52,0x68,0x52,0x68,0x52,0x68,0x4a,0x48,0x52,0x88,0x4a,0x48,0x52,0x68,0x52,0x47,0x52,0x89,0x52,0x68,0x52,0x88,0x52,0x88,
    0x4a,0x27,0x4a,0x48,0x4a,0x48,0x4a,0x48,0x4a,0x47,0x52,0x88,0x4a,0x27,0x41,0xe6,0x52,0x88,0x52,0x88,0x5a,0xc9,0x52,0x68,
    0x4a,0x47,0x52,0x68,0x5a,0xa9,0x52,0x68,0x52,0x88,0x52,0x68,0x5a,0x89,0x5a,0x89,0x42,0x07,0x52,0x68,0x5a,0xa9,0x5a,0x88,
    0x4a,0x27,0x4a,0x27,0x5a,0xa9,0x52,0x68,0x5a,0x89,0x5a,0xc9,0x52,0x88,0x42,0x06,0x52,0x67,0x5a,0x87,0x5a,0xa8,0x52,0x47,
    0x52,0x88,0x52,0x68,0x52,0x68,0x5a,0x89,0x52,0x68,0x5a,0xa9,0x4a,0x48,0x5a,0xa9,0x52,0x68,0x5a,0xa9,0x5a,0xa9,0x52,0x88,
    0x62,0xea,0x52,0x68,0x4a,0x27,0x39,0xc6,0x5a,0xa9,0x52,0x68,0x62,0xea,0x52,0x68,0x4a,0x27,0x52,0x68,0x5a,0x89,0x52,0x68,
    0x4a,0x27,0x4a,0x68,0x52,0x68,0x42,0x07,0x4a,0x47,0x42,0x07,0x4a,0x27,0x52,0x68,0x4a,0x27,0x41,0xe7,0x4a,0x27,0x4a,0x48,
    0x4a,0x27,0x4a,0x48,0x42,0x07,0x4a,0x48,0x42,0x07,0x4a,0x27,0x4a,0x27,0x4a,0x47,0x4a,0x47,0x52,0x68,0x52,0x68,0x4a,0x27,
    0x4a,0x27,0x52,0x68,0x52,0x68,0x4a,0x48,0x4a,0x48,0x4a,0x47,0x4a,0x48,0x62,0xca,0x52,0x88,0x42,0x07,0x42,0x07,0x62,0xc9,
    0x52,0x48,0x52,0x68,0x4a,0x27,0x42,0x07,0x4a,0x27,0x52,0x68,0x52,0x48,0x42,0x07,0x52,0x88,0x4a,0x27,0x4a,0x47,0x52,0x88,
    0x5a,0x88,0x4a,0x07,0x52,0x68,0x5a,0xa8,0x42,0x07,0x4a,0x27,0x52,0x47,0x52,0x68,0x4a,0x27,0x4a,0x27,0x4a,0x47,0x5a,0xca,
    0x4a,0x47,0x52,0x47,0x52,0x68,0x62,0xea,0x62,0xc9,0x6b,0x0a,0x5a,0x88,0x5a,0xa9,0x4a,0x47,0x52,0x88,0x6b,0x0a,0x5a,0xc9,
    0x52,0x68,0x52,0x88,0x62,0xc9,0x5a,0xc9,0x4a,0x68,0x4a,0x48,0x5a,0xa9,0x4a,0x27,0x4a,0x48,0x52,0x89,0x62,0xea,0x4a,0x47,
    0x62,0xc9,0x62,0xc9,0x4a,0x47,0x52,0x68,0x5a,0xc9,0x5a,0xc9,0x5a,0xa9,0x5a,0x89,0x4a,0x27,0x4a,0x48,0x52,0x89,0x62,0xea,
    0x4a,0x47,0x4a,0x47,0x62,0xc9,0x62,0xea,0x5a,0xc9,0x5a,0xa9,0x62,0xea,0x5a,0xa9,0x52,0x89,0x5a,0x89,0x52,0x88,0x52,0x89,
    0x5a,0xa9,0x5a,0xc9,0x52,0x88,0x62,0xca,0x5a,0xc9,0x52,0x88,0x5a,0xa9,0x5a,0xa9,0x52,0x88,0x52,0x88,0x52,0x88,0x4a,0x47,
    0x4a,0x48,0x5a,0xa9,0x52,0x68,0x52,0x68,0x52,0x48,0x4a,0x48,0x4a,0x27,0x42,0x27,0x4a,0x48,0x52,0x89,0x4a,0x48,0x4a,0x68,
    0x52,0x68,0x42,0x07,0x4a,0x48,0x62,0xea,0x5a,0xa9,0x52,0x68,0x52,0x68,0x83,0xcd,0x4a,0x27,0x52,0x68,0x52,0x68,0x62,0xea,
    0x4a,0x28,0x52,0x88,0x5a,0xca,0x4a,0x48,0x73,0x8c,0x63,0x0a,0x52,0x68,0x5a,0xa9,0x6b,0x2b,0x5a,0xa9,0x52,0x89,0x4a,0x47,
    0x5a,0xc9,0x52,0x68,0x52,0x88,0x62,0xc9,0x4a,0x27,0x62,0xea,0x5a,0xa9,0x52,0x88,0x5a,0xa9,0x62,0xea,0x62,0xca,0x62,0xca,
    0x52,0x88,0x5a,0xa9,0x5a,0xa9,0x5a,0xa9,0x52,0x88,0x52,0x48,0x62,0xc9,0x62,0xea,0x4a,0x48,0x52,0x68,0x52,0x68,0x5a,0xa9,
    0x52,0x68,0x52,0x88,0x42,0x07,0x41,0xe6,0x5a,0x89,0x7b,0xad,0x52,0x89,0x42,0x07,0x62,0xea,0x5a,0xc9,0x5a,0xa9,0x62,0xea,
    0x52,0x68,0x4a,0x27,0x4a,0x47,0x52,0x68,0x39,0xa5,0x39,0xc6,0x52,0x68,0x52,0x68,0x42,0x07,0x4a,0x27,0x6b,0x4b,0x7b,0xce,
    0x6b,0x2b,0x62,0xca,0x52,0x89,0x62,0xea,0x52,0x88,0x5a,0xc9,0x52,0x89,0x4a,0x47,0x4a,0x27,0x52,0x68,0x52,0x68,0x4a,0x27,
    0x5a,0xa9,0x5a,0xea,0x73,0x6c,0x42,0x07,0x4a,0x27,0x6b,0x0a,0x62,0xea,0x42,0x07,0x4a,0x27,0x52,0x47,0x5a,0xc9,0x5a,0xa9,
    0x41,0xe6,0x4a,0x48,0x4a,0x48,0x5a,0xa9,0x4a,0x27,0x52,0x89,0x4a,0x48,0x4a,0x48,0x52,0x68,0x52,0x89,0x4a,0x27,0x4a,0x47,
    0x5a,0xc9,0x6b,0x0a,0x5a,0x89,0x42,0x07,0x4a,0x48,0x52,0x68,0x52,0x68,0x4a,0x27,0x4a,0x48,0x4a,0x27,0x4a,0x27,0x4a,0x27,
    0x4a,0x27,0x52,0x68,0x52,0x89,0x5a,0x89,0x4a,0x47,0x4a,0x28,0x4a,0x68,0x52,0x89,0x4a,0x48,0x52,0x88,0x4a,0x48,0x42,0x07,
    0x42,0x07,0x5a,0xa9,0x83,0xee,0x4a,0x27,0x4a,0x27,0x4a,0x27,0x6b,0x4b,0x42,0x07,0x52,0x89,0x4a,0x27,0x42,0x06,0x42,0x07,
    0x42,0x27,0x4a,0x48,0x4a,0x48,0x4a,0x27,0x41,0xe7,0x4a,0x48,0x42,0x07,0x4a,0x27,0x4a,0x27,0x42,0x27,0x42,0x07,0x4a,0x27,
    0x4a,0x48,0x4a,0x48,0x4a,0x27,0x4a,0x48,0x4a,0x27,0x4a,0x27,0x4a,0x27,0x41,0xe6,0x52,0x88,0x42,0x27,0x4a,0x47,0x42,0x07,
    0x41,0xe7,0x42,0x07,0x42,0x07,0x41,0xe7,0x4a,0x48,0x39,0xe6,0x39,0xe6,0x42,0x07,0x4a,0x27,0x4a,0x48,0x4a,0x27,0x42,0x07,
    0x4a,0x48,0x4a,0x27,0x4a,0x48,0x4a,0x48,0x41,0xe7,0x4a,0x47,0x52,0x68,0x4a,0x48,0x4a,0x68,0x52,0x88,0x4a,0x48,0x42,0x07,
    0x42,0x07,0x42,0x07,0x62,0xca,0x41,0xe6,0x52,0x68,0x4a,0x27,0x4a,0x27,0x4a,0x48,0x4a,0x48,0x4a,0x48,0x4a,0x27,0x52,0x68,
    0x4a,0x27,0x42,0x07,0x4a,0x27,0x4a,0x27,0x4a,0x27,0x41,0xe6,0x62,0xc9,0x5a,0xa9,0x42,0x07,0x42,0x07,0x5a,0xc9,0x5a,0xc9,
    0x4a,0x47,0x62,0xca,0x52,0x48,0x4a,0x48,0x5a,0xc9,0x52,0x68,0x42,0x27,0x4a,0x48,0x4a,0x68,0x52,0x68,0x5a,0xa9,0x62,0xea,
    0x52,0x88,0x52,0x68,0x4a,0x48,0x62,0xe9,0x5a,0xa9,0x5a,0xc9,0x62,0xea,0x52,0x68,0x4a,0x48,0x4a,0x68,0x4a,0x48,0x4a,0x27,
    0x62,0xea,0x5a,0xa9,0x4a,0x47,0x52,0x88,0x52,0x68,0x52,0x88,0x6b,0x0b,0x62,0xea,0x4a,0x48,0x52,0x68,0x5a,0xa9,0x62,0xea,
    0x52,0x68,0x5a,0xc9,0x52,0x88,0x52,0x68,0x5a,0xa9,0x52,0x68,0x5a,0x88,0x52,0x68,0x52,0x68,0x7b,0xcd,0x6b,0x2b,0x52,0x88,
    0x5a,0xa9,0x63,0x0b,0x62,0xea,0x62,0xca,0x5a,0xca,0x62,0xea,0x63,0x0a,0x52,0x68,0x52,0x68,0x4a,0x48,0x4a,0x48,0x4a,0x47,
    0x5a,0xa9,0x52,0x47,0x52,0x68,0x52,0x68,0x5a,0xa9,0x62,0xea,0x52,0x88,0x5a,0xa9,0x4a,0x48,0x5a,0xa9,0x62,0xea,0x52,0x68,
    0x52,0x68,0x52,0x68,0x52,0x68,0x52,0x68,0x4a,0x48,0x4a,0x27,0x4a,0x27,0x4a,0x47,0x52,0x68,0x5a,0xa9,0x52,0x68,0x5a,0x89,
    0x5a,0xa9,0x5a,0x88,0x5a,0xa8,0x62,0xc9,0x52,0x68,0x52,0x88,0x5a,0xa9,0x62,0xea,0x52,0x68,0x5a,0xa9,0x63,0x0a,0x73,0x6c,
    0x52,0x88,0x52,0x68,0x52,0x68,0x5a,0xa9,0x5a,0xa9,0x5a,0x89,0x52,0x68,0x4a,0x27,0x5a,0xa9,0x5a,0x89,0x4a,0x27,0x52,0x68,
    0x5a,0xa9,0x52,0x68,0x52,0x68,0x52,0x67,0x42,0x07,0x31,0x85,0x52,0x68,0x5a,0xa9,0x5a,0x89,0x5a,0x89,0x52,0x68,0x4a,0x48,
    0x52,0x68,0x4a,0x48,0x5a,0xa9,0x52,0x88,0x52,0x68,0x52,0x89,0x63,0x0a,0x4a,0x68,0x52,0x68,0x4a,0x48,0x4a,0x68,0x42,0x07,
    0x4a,0x48,0x52,0x68,0x4a,0x48,0x39,0xa6,0x52,0x89,0x4a,0x27,0x52,0x68,0x52,0x88,0x4a,0x27,0x5a,0xa9,0x4a,0x68,0x4a,0x48,
    0x42,0x07,0x5a,0xa9,0x52,0x68,0x4a,0x48,0x4a,0x27,0x52,0x88,0x4a,0x27,0x52,0x48,0x42,0x27,0x52,0x68,0x52,0x68,0x4a,0x47,
    0x41,0xe6,0x52,0x68,0x5a,0xca,0x4a,0x27,0x4a,0x27,0x4a,0x27,0x52,0x68,0x52,0x68,0x52,0x68,0x42,0x07,0x42,0x07,0x5a,0xa9,
    0x4a,0x48,0x52,0x68,0x52,0x68,0x4a,0x48,0x52,0x68,0x4a,0x48,0x4a,0x27,0x4a,0x27,0x52,0x68,0x52,0x68,0x52,0x68,0x42,0x07,
    0x5a,0xa9,0x4a,0x27,0x4a,0x27,0x42,0x27,0x4a,0x48,0x4a,0x48,0x4a,0x27,0x52,0x68,0x4a,0x27,0x5a,0xa9,0x52,0x68,0x4a,0x27,
    0x4a,0x27,0x5a,0xa9,0x4a,0x48,0x42,0x07,0x4a,0x48,0x4a,0x27,0x4a,0x27,0x4a,0x47,0x4a,0x27,0x42,0x07,0x42,0x07,0x4a,0x27,
    0x42,0x07,0x4a,0x27,0x4a,0x27,0x4a,0x06,0x42,0x07,0x4a,0x27,0x4a,0x27,0x42,0x07,0x4a,0x27,0x4a,0x27,0x4a,0x27,0x42,0x07,
    0x42,0x06,0x52,0x68,0x52,0x68,0x5a,0x88,0x52,0x68,0x52,0x68,0x4a,0x47,0x52,0x68,0x4a,0x27,0x4a,0x47,0x4a,0x27,0x4a,0x47,
    0x42,0x07,0x42,0x07,0x4a,0x47,0x4a,0x27,0x5a,0xa8,0x4a,0x27,0x42,0x06,0x4a,0x27,0x4a,0x27,0x4a,0x27,0x41,0xe6,0x5a,0xc9,
    0x52,0x47,0x5a,0xa9,0x4a,0x27,0x4a,0x27,0x42,0x06,0x52,0x68,0x52,0x68,0x4a,0x47,0x4a,0x48,0x4a,0x27,0x4a,0x48,0x4a,0x48,
    0x52,0x68,0x4a,0x27,0x4a,0x27,0x52,0x88,0x5a,0xa8,0x4a,0x48,0x52,0x48,0x5a,0xc9,0x52,0x68,0x4a,0x27,0x5a,0x89,0x4a,0x48,
    0x6b,0x2b,0x5a,0x89,0x52,0x68,0x52,0x68,0x6b,0x0b,0x5a,0xa9,0x4a,0x48,0x52,0x88,0x62,0xea,0x5a,0xa9,0x52,0x68,0x52,0x88,
    0x52,0x88,0x52,0x68,0x4a,0x27,0x62,0xca,0x52,0x68,0x52,0x88,0x4a,0x27,0x52,0x68,0x5a,0xa9,0x52,0x68,0x52,0x89,0x6b,0x2b,
    0x5a,0xa9,0x52,0x88,0x5a,0xc9,0x5a,0xa9,0x5a,0xa9,0x52,0x88,0x52,0x68,0x52,0x68,0x62,0xea,0x62,0xca,0x52,0x89,0x4a,0x48,
    0x62,0xca,0x5a,0xa9,0x52,0x68,0x4a,0x48,0x4a,0x27,0x52,0x89,0x52,0x68,0x4a,0x48,0x52,0x88,0x5a,0x89,0x62,0xc9,0x4a,0x48,
    0x52,0x68,0x5a,0xa9,0x52,0x68,0x52,0x68,0x52,0x68,0x4a,0x48,0x52,0x89,0x4a,0x27,0x4a,0x48,0x4a,0x27,0x4a,0x48,0x52,0x89,
    0x4a,0x27,0x4a,0x27,0x42,0x07,0x5a,0xa9,0x5a,0xc9,0x6b,0x0a,0x62,0xc9,0x52,0x68,0x4a,0x27,0x5a,0x89,0x5a,0xa9,0x52,0x88,
    0x52,0x68,0x5a,0x89,0x4a,0x68,0x52,0x68,0x62,0xca,0x52,0x88,0x4a,0x68,0x52,0x89,0x4a,0x48,0x52,0x68,0x52,0x68,0x52,0x68,
    0x5a,0xa9,0x62,0xea,0x5a,0xc9,0x5a,0x89,0x5a,0xc9,0x52,0x68,0x52,0x88,0x52,0x68,0x52,0x68,0x52,0x68,0x5a,0xa9,0x52,0x88,
    0x52,0x68,0x4a,0x47,0x52,0x68,0x5a,0x89,0x4a,0x47,0x4a,0x47,0x5a,0xa9,0x52,0x68,0x52,0x48,0x4a,0x48,0x4a,0x48,0x4a,0x27,
    0x52,0x68,0x52,0x68,0x52,0x89,0x52,0x68,0x52,0x68,0x62,0xca,0x5a,0xc9,0x5a,0xc9,0x5a,0xa9,0x4a,0x48,0x42,0x07,0x52,0x48,
    0x52,0x68,0x52,0x68,0x5a,0xa9,0x5a,0x89,0x5a,0x89,0x5a,0xa9,0x52,0x68,0x4a,0x48,0x5a,0xa9,0x52,0x68,0x52,0x89,0x52,0x88,
    0x52,0x68,0x5a,0xa9,0x4a,0x48,0x4a,0x48,0x52,0x88,0x52,0x48,0x4a,0x27,0x4a,0x27,0x52,0x88,0x4a,0x27,0x4a,0x48,0x52,0x68,
    0x5a,0xa9,0x4a,0x48,0x42,0x07,0x41,0xe6,0x4a,0x48,0x42,0x27,0x52,0x68,0x52,0x89,0x52,0x48,0x52,0x68,0x52,0x68,0x52,0x88,
    0x4a,0x47,0x52,0x48,0x4a,0x27,0x4a,0x27,0x52,0x68,0x52,0x88,0x62,0xea,0x62,0xea,0x4a,0x48,0x4a,0x27,0x4a,0x27,0x52,0x68,
    0x42,0x07,0x62,0xc9,0x52,0x68,0x4a,0x27,0x52,0x68,0x62,0xea,0x4a,0x27,0x29,0x64,0x4a,0x48,0x4a,0x48,0x4a,0x48,0x4a,0x48,
    0x52,0x68,0x4a,0x48,0x4a,0x48,0x4a,0x47,0x4a,0x27,0x4a,0x48,0x4a,0x47,0x4a,0x27,0x42,0x07,0x42,0x07,0x4a,0x47,0x4a,0x47,
    0x4a,0x27,0x4a,0x47,0x42,0x07,0x39,0xc6,0x42,0x07,0x4a,0x27,0x52,0x88,0x52,0x68,0x4a,0x27,0x4a,0x47,0x4a,0x27,0x52,0x68,
    0x4a,0x47,0x52,0x68,0x52,0x88,0x52,0x68,0x4a,0x47,0x42,0x07,0x52,0x68,0x41,0xe6,0x52,0x68,0x41,0xe6,0x41,0xe6,0x4a,0x47,
    0x4a,0x27,0x52,0x48,0x52,0x47,0x4a,0x27,0x5a,0x88,0x52,0x68,0x52,0x47,0x52,0x68,0x4a,0x07,0x52,0x68,0x52,0x68,0x39,0xc6,
    0x4a,0x06,0x42,0x06,0x41,0xe6,0x41,0xe6,0x52,0x47,0x52,0x47,0x39,0xc6,0x41,0xe6,0x52,0x48,0x4a,0x27,0x42,0x07,0x4a,0x27,
    0x39,0xc6,0x4a,0x27,0x4a,0x47,0x52,0x89,0x39,0xa6,0x42,0x07,0x4a,0x48,0x52,0x88,0x42,0x07,0x41,0xe6,0x4a,0x27,0x4a,0x27,
    0x4a,0x27,0x42,0x07,0x4a,0x47,0x42,0x07,0x5a,0xa9,0x42,0x07,0x39,0xc6,0x41,0xe7,0x4a,0x27,0x42,0x07,0x4a,0x48,0x42,0x07,
    0x42,0x07,0x4a,0x48,0x52,0x89,0x4a,0x48,0x39,0xe6,0x4a,0x27,0x41,0xe6,0x41,0xe6,0x52,0x68,0x4a,0x48,0x52,0x88,0x52,0x68,
    0x42,0x07,0x42,0x07,0x52,0x68,0x52,0x68,0x42,0x07,0x42,0x07,0x4a,0x27,0x42,0x07,0x62,0xca,0x41,0xe6,0x42,0x07,0x41,0xe7,
    0x52,0x48,0x4a,0x48,0x52,0x68,0x4a,0x48,0x52,0x68,0x5a,0xa9,0x4a,0x68,0x4a,0x48,0x52,0x68,0x4a,0x27,0x4a,0x48,0x52,0x68,
    0x4a,0x27,0x42,0x07,0x52,0x68,0x52,0x48,0x4a,0x48,0x4a,0x48,0x52,0x68,0x5a,0xa9,0x4a,0x27,0x4a,0x48,0x4a,0x47,0x4a,0x48,
    0x5a,0x89,0x52,0x88,0x4a,0x48,0x52,0x68,0x52,0x68,0x52,0x88,0x4a,0x27,0x52,0x68,0x42,0x07,0x4a,0x28,0x42,0x07,0x42,0x07,
    0x42,0x07,0x42,0x27,0x42,0x07,0x42,0x27,0x52,0x48,0x52,0x68,0x52,0x88,0x4a,0x48,0x52,0x68,0x52,0x68,0x5a,0xa9,0x62,0xc9,
    0x52,0x68,0x4a,0x48,0x5a,0xa9,0x52,0x68,0x4a,0x48,0x4a,0x48,0x5a,0xc9,0x5a,0xa9,0x52,0x68,0x4a,0x27,0x4a,0x27,0x5a,0x88,
    0x52,0x88,0x52,0x68,0x52,0x88,0x4a,0x48,0x52,0x88,0x62,0xea,0x52,0x68,0x5a,0xc9,0x52,0x88,0x52,0x68,0x5a,0x88,0x52,0x68,
    0x52,0x88,0x5a,0xa9,0x4a,0x47,0x4a,0x48,0x4a,0x48,0x5a,0x88,0x4a,0x47,0x52,0x48,0x5a,0x89,0x5a,0xa9,0x4a,0x27,0x52,0x89,
    0x4a,0x27,0x5a,0x89,0x52,0x68,0x5a,0xa9,0x4a,0x27,0x4a,0x47,0x4a,0x47,0x62,0xea,0x4a,0x47,0x4a,0x27,0x52,0x68,0x62,0xea,
    0x6b,0x2b,0x52,0x48,0x42,0x07,0x42,0x07,0x63,0x0a,0x52,0x68,0x52,0x68,0x52,0x68,0x63,0x0a,0x5a,0x88,0x52,0x88,0x4a,0x07,
    0x62,0xc9,0x42,0x07,0x42,0x07,0x39,0xc6,0x39,0xe6,0x4a,0x27,0x4a,0x27,0x52,0x88,0x52,0x88,0x41,0xe6,0x4a,0x27,0x4a,0x27,
    0x5a,0xa9,0x5a,0xa9,0x42,0x07,0x52,0x68,0x4a,0x27,0x5a,0xa9,0x4a,0x47,0x4a,0x47,0x5a,0xa9,0x52,0x68,0x42,0x07,0x42,0x27,
    0x73,0x6c,0x5a,0xa9,0x5a,0xa9,0x42,0x27,0x73,0x4b,0x5a,0xa9,0x73,0x2b,0x5a,0xc9,0x5a,0xa9,0x62,0xea,0x73,0x4b,0x6b,0x2b,
    0x4a,0x27,0x41,0xe7,0x42,0x07,0x52,0x68,0x42,0x07,0x42,0x07,0x4a,0x27,0x4a,0x47,0x41,0xe6,0x4a,0x27,0x4a,0x48,0x4a,0x48,
    0x4a,0x47,0x42,0x07,0x4a,0x48,0x52,0x88,0x4a,0x47,0x4a,0x47,0x5a,0xc9,0x5a,0xa9,0x4a,0x48,0x4a,0x27,0x52,0x68,0x6b,0x2a,
    0x52,0x68,0x41,0xe6,0x52,0x88,0x6b,0x2b,0x5a,0xa9,0x4a,0x47,0x5a,0xa9,0x5a,0xa9,0x73,0x6c,0x73,0x6c,0x52,0x68,0x52,0x68,
    0x5a,0xa9,0x62,0xc9,0x5a,0xa9,0x4a,0x27,0x52,0x68,0x5a,0xa9,0x5a,0x88,0x52,0x88,0x5a,0x89,0x5a,0xa9,0x52,0x47,0x52,0x88,
    0x52,0x88,0x5a,0xa9,0x5a,0xa9,0x4a,0x48,0x4a,0x27,0x4a,0x47,0x52,0x88,0x5a,0xa9,0x52,0x68,0x4a,0x27,0x6b,0x0a,0x62,0xea,
    0x52,0x68,0x4a,0x27,0x4a,0x47,0x52,0x88,0x42,0x07,0x4a,0x47,0x52,0x88,0x62,0xca,0x52,0x67,0x52,0x68,0x52,0x88,0x5a,0xc9,
    0x5a,0xa9,0x62,0xc9,0x5a,0xa9,0x52,0x88,0x4a,0x48,0x52,0x88,0x5a,0x89,0x5a,0x88,0x5a,0xc9,0x52,0x68,0x4a,0x27,0x4a,0x47,
    0x5a,0xa9,0x52,0x89,0x52,0x68,0x52,0x89,0x52,0x68,0x52,0x88,0x52,0x88,0x5a,0x89,0x4a,0x47,0x52,0x89,0x52,0x88,0x52,0x88,
    0x52,0x89,0x52,0x89,0x52,0x68,0x52,0x89,0x52,0x68,0x52,0x89,0x52,0x68,0x4a,0x48,0x52,0x68,0x5a,0xa9,0x52,0x89,0x42,0x07,
    0x5a,0xa9,0x52,0x68,0x4a,0x48,0x4a,0x48,0x4a,0x48,0x52,0x68,0x5a,0xc9,0x5a,0x89,0x52,0x68,0x52,0x88,0x4a,0x27,0x4a,0x27,
    0x52,0x88,0x5a,0xa9,0x4a,0x48,0x4a,0x48,0x5a,0x89,0x52,0x68,0x42,0x07,0x4a,0x27,0x52,0x88,0x52,0x68,0x42,0x07,0x4a,0x48,
    0x42,0x07,0x4a,0x27,0x4a,0x48,0x4a,0x48,0x52,0x88,0x52,0x88,0x52,0x68,0x4a,0x27,0x52,0x88,0x52,0x68,0x52,0x68,0x5a,0xa9,
    0x52,0x68,0x4a,0x48,0x4a,0x27,0x4a,0x27,0x52,0x68,0x52,0x68,0x4a,0x27,0x42,0x07,0x52,0x68,0x52,0x68,0x52,0x68,0x52,0x68,
    0x4a,0x27,0x4a,0x47,0x41,0xe6,0x4a,0x27,0x41,0xe6,0x4a,0x27,0x41,0xe6,0x4a,0x27,0x42,0x07,0x52,0x88,0x5a,0x88,0x42,0x27,
    0x4a,0x48,0x4a,0x47,0x52,0x48,0x42,0x06,0x52,0x88,0x4a,0x48,0x42,0x07,0x4a,0x27,0x52,0x68,0x4a,0x48,0x52,0x68,0x52,0x68,
    0x52,0x68,0x5a,0xa9,0x52,0x88,0x5a,0x89,0x52,0x48,0x52,0x89,0x52,0x68,0x52,0x68,0x4a,0x27,0x4a,0x48,0x4a,0x48,0x42,0x07,
    0x4a,0x27,0x52,0x68,0x5a,0xc9,0x62,0xea,0x4a,0x27,0x41,0xe6,0x4a,0x47,0x62,0xa9,0x5a,0xa8,0x52,0x68,0x5a,0x88,0x52,0x68,
    0x5a,0xa9,0x62,0xea,0x52,0x88,0x5a,0xc9,0x5a,0xa9,0x62,0xea,0x5a,0xa9,0x52,0x68,0x62,0xc9,0x52,0x68,0x62,0xea,0x62,0xca,
    0x5a,0xa9,0x6b,0x2b,0x62,0xea,0x6b,0x0a,0x62,0xc9,0x5a,0xa9,0x5a,0xc9,0x5a,0x89,0x62,0xc9,0x5a,0xa9,0x52,0x68,0x52,0x89,
    0x5a,0xc9,0x5a,0xa9,0x52,0x68,0x42,0x07,0x5a,0xc9,0x52,0x88,0x52,0x88,0x4a,0x48,0x62,0xea,0x62,0xea,0x52,0x68,0x52,0x68,
    0x52,0x68,0x4a,0x48,0x52,0x68,0x42,0x07,0x4a,0x48,0x4a,0x48,0x5a,0xa9,0x5a,0xa9,0x4a,0x27,0x4a,0x48,0x5a,0x89,0x4a,0x48,
    0x52,0x68,0x52,0x68,0x4a,0x48,0x52,0x68,0x42,0x07,0x4a,0x48,0x52,0x68,0x52,0x89,0x4a,0x27,0x52,0x68,0x52,0x89,0x5a,0xc9,
    0x52,0x89,0x5a,0xa9,0x4a,0x48,0x5a,0xc9,0x5a,0xa9,0x4a,0x48,0x4a,0x27,0x4a,0x27,0x4a,0x48,0x42,0x07,0x42,0x07,0x42,0x07,
    0x4a,0x48,0x4a,0x27,0x42,0x07,0x42,0x07,0x52,0x88,0x52,0x89,0x41,0xe6,0x39,0xa6,0x62,0xea,0x5a,0xa9,0x41,0xe6,0x42,0x27,
    0x52,0x68,0x4a,0x48,0x4a,0x27,0x42,0x07,0x4a,0x48,0x4a,0x27,0x4a,0x48,0x4a,0x48,0x4a,0x27,0x4a,0x27,0x42,0x07,0x4a,0x48,
    0x42,0x07,0x42,0x07,0x52,0x88,0x62,0xc9,0x4a,0x27,0x42,0x07,0x52,0x68,0x52,0x68,0x42,0x27,0x4a,0x48,0x52,0x68,0x52,0x89,
    0x52,0x48,0x4a,0x27,0x4a,0x48,0x6b,0x0b,0x5a,0xa9,0x52,0x68,0x5a,0xc9,0x4a,0x68,0x52,0x68,0x52,0x68,0x5a,0xa9,0x52,0x68,
    0x5a,0xa9,0x4a,0x48,0x52,0x68,0x41,0xe6,0x4a,0x27,0x4a,0x48,0x4a,0x48,0x52,0x68,0x42,0x07,0x4a,0x48,0x4a,0x48,0x52,0x68,
    0x4a,0x27,0x42,0x07,0x41,0xe6,0x52,0x68,0x4a,0x48,0x42,0x07,0x42,0x07,0x4a,0x27,0x4a,0x47,0x4a,0x27,0x4a,0x27,0x42,0x07,
    0x4a,0x48,0x4a,0x48,0x4a,0x47,0x4a,0x27,0x52,0x68,0x4a,0x27,0x5a,0x88,0x6b,0x0b,0x4a,0x68,0x4a,0x48,0x52,0x68,0x52,0x68,
    0x4a,0x27,0x52,0x88,0x52,0x68,0x52,0x68,0x4a,0x27,0x52,0x68,0x52,0x67,0x52,0x47,0x5a,0x89,0x4a,0x48,0x5a,0xc9,0x5a,0xa9,
    0x4a,0x48,0x52,0x88,0x5a,0xa9,0x5a,0xa9,0x52,0x88,0x6b,0x0a,0x6b,0x2b,0x5a,0xa9,0x52,0x89,0x52,0x68,0x6b,0x0b,0x5a,0xa9,
    0x52,0x88,0x52,0x89,0x62,0xea,0x52,0x88,0x63,0x0a,0x62,0xea,0x6b,0x0a,0x52,0x68,0x6b,0x0b,0x62,0xea,0x62,0xea,0x5a,0xa9,
    0x62,0xea,0x62,0xea,0x5a,0xa9,0x5a,0xa9,0x52,0x68,0x52,0x68,0x62,0xea,0x62,0xc9,0x5a,0xa9,0x5a,0x89,0x5a,0x89,0x52,0x89,
    0x5a,0xc9,0x62,0xc9,0x52,0x89,0x5a,0xa9,0x5a,0xa9,0x5a,0xc9,0x5a,0xa9,0x52,0x88,0x52,0x88,0x5a,0xa9,0x5a,0x88,0x4a,0x47,
    0x5a,0xa9,0x5a,0xa9,0x52,0x88,0x52,0x68,0x62,0xc9,0x52,0x68,0x52,0x88,0x52,0x68,0x5a,0x88,0x5a,0xa9,0x5a,0xa9,0x52,0x88,
    0x4a,0x27,0x62,0xea,0x62,0xea,0x52,0x89,0x4a,0x48,0x5a,0xa9,0x62,0xca,0x5a,0xc9,0x62,0xc9,0x5a,0xa9,0x52,0x48,0x5a,0xa9,
    0x5a,0xa9,0x4a,0x48,0x4a,0x27,0x52,0x68,0x4a,0x48,0x52,0x68,0x52,0x68,0x42,0x07,0x52,0x68,0x42,0x07,0x42,0x06,0x52,0x48,
    0x52,0x89,0x4a,0x48,0x52,0x68,0x52,0x68,0x52,0x68,0x52,0x88,0x5a,0x88,0x4a,0x27,0x42,0x07,0x4a,0x47,0x5a,0x89,0x52,0x68,
    0x42,0x07,0x4a,0x07,0x5a,0xa9,0x4a,0x68,0x52,0x68,0x4a,0x27,0x4a,0x48,0x4a,0x47,0x4a,0x48,0x4a,0x48,0x52,0x68,0x52,0x68,
    0x52,0x68,0x4a,0x48,0x42,0x27,0x4a,0x48,0x52,0x68,0x4a,0x48,0x42,0x07,0x42,0x07,0x52,0x68,0x4a,0x48,0x41,0xe6,0x41,0xe7,
    0x52,0x68,0x4a,0x27,0x41,0xe7,0x42,0x07,0x4a,0x48,0x42,0x07,0x42,0x07,0x4a,0x48,0x4a,0x27,0x5a,0xa9,0x52,0x88,0x4a,0x27,
    0x4a,0x28,0x52,0x89,0x52,0x68,0x4a,0x27,0x4a,0x48,0x4a,0x27,0x4a,0x27,0x4a,0x27,0x4a,0x27,0x42,0x07,0x42,0x07,0x4a,0x47,
    0x52,0x68,0x4a,0x47,0x42,0x27,0x41,0xe6,0x4a,0x27,0x42,0x07,0x4a,0x27,0x4a,0x27,0x42,0x07,0x42,0x07,0x52,0x68,0x4a,0x27,
    0x4a,0x27,0x52,0x68,0x4a,0x48,0x4a,0x27,0x4a,0x47,0x52,0x88,0x42,0x07,0x4a,0x27,0x4a,0x27,0x52,0x68,0x52,0x68,0x4a,0x27,
    0x4a,0x27,0x4a,0x47,0x52,0x47,0x4a,0x27,0x42,0x07,0x52,0x47,0x4a,0x27,0x41,0xe6,0x52,0x47,0x4a,0x27,0x41,0xe6,0x42,0x07,
    0x42,0x07,0x4a,0x47,0x52,0x48,0x41,0xe6,0x41,0xe6,0x62,0xc9,0x4a,0x47,0x39,0xc6,0x42,0x06,0x39,0xc6,0x52,0x68,0x4a,0x47,
    0x41,0xe6,0x41,0xe6,0x52,0x47,0x52,0x47,0x4a,0x47,0x4a,0x47,0x63,0x0a,0x5a,0x88,0x4a,0x47,0x6b,0x0a,0x6b,0x0a,0x5a,0x88,
    0x52,0x88,0x63,0x0a,0x52,0x68,0x4a,0x48,0x62,0xc9,0x62,0xea,0x52,0x68,0x52,0x68,0x4a,0x06,0x5a,0xa9,0x52,0x68,0x52,0x88,
    0x52,0x68,0x52,0x68,0x4a,0x27,0x52,0x68,0x52,0x68,0x52,0x68,0x42,0x07,0x5a,0xa9,0x4a,0x48,0x52,0x68,0x5a,0xa9,0x5a,0xc9,
    0x4a,0x27,0x62,0xc9,0x62,0xea,0x5a,0x89,0x4a,0x27,0x62,0xca,0x52,0x68,0x39,0xc6,0x5a,0xa9,0x5a,0xa9,0x4a,0x48,0x42,0x07,
    0x5a,0xa9,0x5a,0xa9,0x4a,0x48,0x42,0x27,0x42,0x27,0x52,0x88,0x5a,0xa9,0x42,0x27,0x39,0xe6,0x52,0x89,0x4a,0x47,0x4a,0x27,
    0x52,0x68,0x5a,0x89,0x4a,0x27,0x4a,0x48,0x63,0x0a,0x6b,0x2b,0x42,0x27,0x42,0x27,0x4a,0x48,0x42,0x07,0x4a,0x47,0x4a,0x27,
    0x39,0xc6,0x4a,0x27,0x4a,0x27,0x5a,0xa9,0x52,0x68,0x4a,0x27,0x42,0x07,0x52,0x68,0x5a,0xa9,0x52,0x88,0x52,0x68,0x5a,0xa9,
    0x5a,0xa9,0x5a,0xa9,0x52,0x88,0x5a,0xa9,0x62,0xea,0x5a,0xc9,0x52,0x89,0x52,0x89,0x52,0x88,0x52,0x68,0x52,0x89,0x52,0x89,
    0x52,0x68,0x52,0x89,0x5a,0xc9,0x4a,0x48,0x4a,0x27,0x52,0x68,0x52,0x88,0x4a,0x48,0x42,0x07,0x4a,0x27,0x4a,0x48,0x52,0x88,
    0x52,0x68,0x52,0x68,0x52,0x68,0x52,0x89,0x52,0x68,0x52,0x88,0x4a,0x48,0x52,0x68,0x5a,0xa9,0x52,0x68,0x5a,0xc9,0x5a,0xc9,
    0x52,0x89,0x4a,0x27,0x4a,0x27,0x4a,0x48,0x5a,0xa9,0x52,0x68,0x52,0x68,0x4a,0x48,0x4a,0x68,0x52,0x88,0x5a,0xa9,0x52,0x89,
    0x52,0x68,0x52,0x89,0x52,0x89,0x4a,0x47,0x4a,0x48,0x4a,0x27,0x4a,0x27,0x52,0x68,0x52,0x48,0x5a,0xca,0x4a,0x27,0x52,0x68,
    0x52,0x68,0x52,0x48,0x4a,0x48,0x52,0x68,0x52,0x68,0x52,0x47,0x42,0x07,0x4a,0x27,0x5a,0x88,0x5a,0xa9,0x52,0x68,0x5a,0xa9,
    0x4a,0x27,0x42,0x06,0x4a,0x47,0x4a,0x48,0x4a,0x47,0x42,0x07,0x4a,0x27,0x4a,0x27,0x4a,0x27,0x4a,0x47,0x4a,0x27,0x4a,0x27,
    0x4a,0x27,0x52,0x48,0x4a,0x27,0x52,0x68,0x52,0x88,0x4a,0x48,0x42,0x07,0x42,0x27,0x4a,0x48,0x4a,0x27,0x42,0x07,0x4a,0x27,
    0x4a,0x27,0x4a,0x07,0x4a,0x48,0x4a,0x27,0x42,0x07,0x4a,0x48,0x52,0x68,0x42,0x07,0x52,0x48,0x4a,0x47,0x4a,0x48,0x42,0x27,
    0x42,0x07,0x39,0xc6,0x4a,0x48,0x52,0x68,0x41,0xe6,0x42,0x07,0x42,0x07,0x4a,0x07,0x4a,0x27,0x4a,0x27,0x52,0x68,0x52,0x68,
    0x4a,0x27,0x4a,0x27,0x4a,0x27,0x42,0x06,0x5a,0xa9,0x5a,0x88,0x52,0x68,0x4a,0x47,0x5a,0x88,0x5a,0xa9,0x52,0x48,0x52,0x88,
    0x52,0x68,0x4a,0x27,0x41,0xe6,0x4a,0x27,0x5a,0x88,0x52,0x68,0x4a,0x27,0x4a,0x27,0x4a,0x27,0x52,0x47,0x4a,0x48,0x5a,0x88,
    0x52,0x68,0x4a,0x47,0x52,0x68,0x52,0x48,0x4a,0x27,0x4a,0x47,0x41,0xe6,0x41,0xe6,0x52,0x48,0x52,0x68,0x62,0xc9,0x4a,0x27,
    0x52,0x68,0x52,0x68,0x52,0x48,0x4a,0x47,0x52,0x48,0x52,0x68,0x42,0x06,0x52,0x68,0x4a,0x27,0x4a,0x07,0x4a,0x07,0x4a,0x07,
    0x52,0x88,0x42,0x07,0x42,0x07,0x42,0x07,0x4a,0x27,0x4a,0x27,0x41,0xe6,0x41,0xe6,0x4a,0x27,0x4a,0x27,0x42,0x07,0x4a,0x47,
    0x42,0x07,0x52,0x68,0x4a,0x48,0x52,0x68,0x4a,0x27,0x4a,0x47,0x52,0x48,0x4a,0x47,0x4a,0x27,0x52,0x88,0x4a,0x27,0x42,0x07,
    0x42,0x07,0x41,0xe6,0x42,0x27,0x42,0x07,0x42,0x27,0x42,0x07,0x42,0x07,0x39,0xc6,0x42,0x27,0x42,0x07,0x4a,0x27,0x4a,0x48,
    0x42,0x07,0x41,0xe6,0x4a,0x27,0x52,0x68,0x42,0x07,0x41,0xe6,0x4a,0x27,0x52,0x88,0x42,0x07,0x52,0x68,0x4a,0x27,0x4a,0x27,
    0x42,0x07,0x4a,0x27,0x4a,0x48,0x42,0x07,0x42,0x27,0x4a,0x48,0x4a,0x27,0x4a,0x27,0x52,0x89,0x4a,0x27,0x42,0x07,0x5a,0xa9,
    0x52,0x68,0x52,0x68,0x4a,0x48,0x4a,0x27,0x4a,0x48,0x4a,0x27,0x4a,0x27,0x4a,0x48,0x42,0x07,0x4a,0x48,0x4a,0x48,0x4a,0x27,
    0x4a,0x48,0x4a,0x27,0x52,0x68,0x4a,0x48,0x4a,0x27,0x4a,0x28,0x52,0x68,0x52,0x68,0x52,0x68,0x52,0x68,0x4a,0x27,0x52,0x68,
    0x41,0xe7,0x4a,0x27,0x4a,0x07,0x4a,0x27,0x41,0xe7,0x4a,0x27,0x42,0x07,0x4a,0x27,0x52,0x68,0x52,0x68,0x4a,0x48,0x5a,0xc9,
    0x4a,0x27,0x52,0x88,0x5a,0x88,0x5a,0x88,0x4a,0x27,0x41,0xe7,0x42,0x07,0x42,0x07,0x4a,0x48,0x4a,0x48,0x52,0x88,0x5a,0xa9,
    0x4a,0x27,0x52,0x68,0x52,0x47,0x4a,0x47,0x4a,0x47,0x4a,0x27,0x52,0x48,0x42,0x07,0x41,0xe6,0x52,0x68,0x4a,0x27,0x52,0x88,
    0x6b,0x0a,0x5a,0xa9,0x5a,0x89,0x52,0x68,0x4a,0x27,0x52,0x68,0x5a,0xa9,0x4a,0x27,0x52,0x68,0x52,0x48,0x52,0x48,0x4a,0x27,
    0x5a,0xc9,0x5a,0xa9,0x52,0x88,0x4a,0x47,0x4a,0x48,0x42,0x07,0x4a,0x27,0x52,0x68,0x42,0x27,0x4a,0x27,0x4a,0x48,0x62,0xc9,
    0x4a,0x47,0x52,0x48,0x42,0x27,0x52,0x68,0x4a,0x47,0x4a,0x47,0x4a,0x07,0x42,0x06,0x52,0x68,0x4a,0x27,0x52,0x68,0x4a,0x48,
    0x42,0x06,0x41,0xe6,0x4a,0x47,0x4a,0x48,0x5a,0xa9,0x52,0x88,0x4a,0x27,0x42,0x07,0x4a,0x47,0x4a,0x48,0x4a,0x27,0x52,0x48,
    0x42,0x07,0x5a,0xa9,0x52,0x68,0x52,0x68,0x4a,0x47,0x5a,0xa9,0x62,0xea,0x5a,0xa9,0x52,0x68,0x52,0x68,0x4a,0x48,0x4a,0x27,
    0x52,0x48,0x4a,0x48,0x52,0x68,0x4a,0x48,0x41,0xe6,0x52,0x68,0x63,0x0a,0x62,0xca,0x52,0x88,0x4a,0x47,0x4a,0x48,0x4a,0x48,
    0x52,0x88,0x5a,0xc9,0x52,0x48,0x4a,0x27,0x52,0x89,0x5a,0xa9,0x62,0xc9,0x52,0x89,0x4a,0x48,0x4a,0x48,0x4a,0x27,0x4a,0x47,
    0x5a,0xa9,0x5a,0xa9,0x52,0x68,0x52,0x68,0x5a,0xa9,0x5a,0xc9,0x62,0xc9,0x5a,0xa9,0x52,0x88,0x5a,0xc9,0x52,0x68,0x52,0x68,
    0x4a,0x27,0x52,0x68,0x52,0x68,0x5a,0xc9,0x52,0x68,0x52,0xa9,0x5a,0xa9,0x52,0x68,0x52,0x68,0x5a,0xc9,0x4a,0x48,0x39,0xc6,
    0x52,0x89,0x52,0x68,0x4a,0x48,0x52,0x68,0x62,0xea,0x4a,0x48,0x52,0x89,0x4a,0x48,0x5a,0xa9,0x52,0x89,0x52,0x68,0x5a,0xca,
    0x4a,0x27,0x52,0x68,0x52,0x68,0x52,0x68,0x52,0x68,0x52,0x68,0x52,0x88,0x52,0x68,0x52,0x89,0x52,0x68,0x5a,0xa9,0x52,0x68,
    0x5a,0xca,0x52,0x88,0x5a,0xa9,0x4a,0x48,0x52,0x47,0x52,0x67,0x4a,0x26,0x4a,0x27,0x52,0x68,0x52,0x48,0x52,0x68,0x5a,0xa9,
    0x52,0x68,0x4a,0x48,0x5a,0x89,0x5a,0xc9,0x4a,0x48,0x4a,0x48,0x52,0x88,0x52,0x88,0x52,0x68,0x4a,0x48,0x52,0x88,0x5a,0xa9,
    0x6b,0x0a,0x5a,0xa9,0x5a,0xa9,0x52,0x89,0x52,0x68,0x5a,0x88,0x52,0x68,0x5a,0x88,0x5a,0xa9,0x5a,0x88,0x52,0x68,0x52,0x68,
    0x52,0x88,0x52,0x88,0x5a,0xc9,0x52,0x89,0x63,0x0a,0x52,0x88,0x5a,0xa9,0x4a,0x48,0x63,0x0a,0x5a,0xa9,0x5a,0xc9,0x52,0x88,
    0x62,0xea,0x6b,0x4b,0x6b,0x2b,0x62,0xea,0x52,0x89,0x52,0x89,0x4a,0x47,0x4a,0x48,0x4a,0x48,0x4a,0x48,0x42,0x07,0x4a,0x48,
    0x4a,0x48,0x52,0x68,0x42,0x07,0x4a,0x27,0x52,0x68,0x42,0x07,0x4a,0x27,0x4a,0x48,0x52,0x68,0x4a,0x48,0x5a,0xca,0x5a,0x89,
    0x4a,0x48,0x4a,0x48,0x5a,0xc9,0x4a,0x48,0x4a,0x47,0x4a,0x47,0x4a,0x48,0x52,0x89,0x52,0x88,0x52,0x68,0x4a,0x27,0x5a,0xa9,
    0x52,0x48,0x52,0x68,0x4a,0x48,0x73,0x4c,0x52,0x68,0x52,0x68,0x5a,0xa9,0x52,0xa9,0x4a,0x48,0x4a,0x48,0x4a,0x48,0x4a,0x28,
    0x4a,0x28,0x42,0x07,0x4a,0x27,0x52,0x88,0x52,0x68,0x4a,0x27,0x42,0x27,0x42,0x07,0x4a,0x27,0x52,0x68,0x52,0x68,0x42,0x07,
    0x52,0x88,0x5a,0xa9,0x4a,0x47,0x52,0x68,0x5a,0xa9,0x62,0xea,0x4a,0x27,0x5a,0x89,0x5a,0xa9,0x4a,0x27,0x42,0x07,0x4a,0x27,
    0x52,0x68,0x4a,0x48,0x42,0x27,0x42,0x07,0x52,0x48,0x4a,0x27,0x4a,0x48,0x42,0x07,0x4a,0x47,0x42,0x07,0x52,0x68,0x4a,0x48,
    0x4a,0x27,0x41,0xe6,0x41,0xe6,0x42,0x07,0x4a,0x27,0x41,0xe6,0x39,0xe6,0x42,0x07,0x41,0xe6,0x4a,0x27,0x42,0x07,0x4a,0x27,
    0x4a,0x27,0x4a,0x27,0x52,0x48,0x4a,0x07,0x42,0x07,0x4a,0x27,0x52,0x68,0x5a,0x88,0x4a,0x27,0x4a,0x47,0x52,0x68,0x52,0x68,
    0x52,0x47,0x4a,0x47,0x4a,0x27,0x4a,0x47,0x52,0x68,0x42,0x07,0x42,0x06,0x52,0x68,0x6b,0x2b,0x52,0x88,0x52,0x88,0x4a,0x47,
    0x5a,0xa9,0x4a,0x47,0x5a,0x88,0x6b,0x0a,0x4a,0x47,0x52,0x88,0x52,0x68,0x5a,0x88,0x42,0x06,0x4a,0x27,0x41,0xe6,0x42,0x06,
    0x62,0xc9,0x62,0xe9,0x4a,0x27,0x5a,0xa9,0x4a,0x47,0x52,0x47,0x41,0xe6,0x5a,0x88,0x4a,0x47,0x4a,0x27,0x39,0xc5,0x52,0x67,
    0x52,0x68,0x52,0x67,0x41,0xe6,0x5a,0xc9,0x52,0x68,0x4a,0x48,0x4a,0x27,0x52,0x68,0x5a,0x88,0x5a,0xa9,0x4a,0x68,0x52,0x68,
    0x5a,0xc9,0x52,0x88,0x52,0x68,0x52,0x68,0x6b,0x2b,0x4a,0x27,0x5a,0x89,0x4a,0x48,0x52,0x68,0x4a,0x48,0x52,0x68,0x5a,0xa9,
    0x4a,0x47,0x52,0x88,0x52,0x68,0x5a,0xa9,0x4a,0x47,0x52,0x68,0x5a,0xca,0x52,0x68,0x52,0x68,0x4a,0x48,0x52,0x68,0x4a,0x47,
    0x6b,0x2a,0x5a,0xc9,0x52,0x68,0x52,0x88,0x5a,0xa9,0x5a,0xa9,0x52,0x68,0x5a,0x88,0x5a,0x88,0x5a,0xa9,0x52,0x68,0x52,0x68,
    0x4a,0x27,0x4a,0x47,0x4a,0x47,0x5a,0xc9,0x39,0xc6,0x41,0xe6,0x5a,0xc9,0x62,0xc9,0x52,0x68,0x5a,0xa9,0x4a,0x27,0x4a,0x27,
    0x52,0x88,0x52,0x68,0x5a,0xa9,0x5a,0x88,0x5a,0xa9,0x52,0x48,0x62,0xc9,0x5a,0xa9,0x62,0xc9,0x52,0x68,0x42,0x07,0x4a,0x48,
    0x4a,0x47,0x4a,0x47,0x4a,0x27,0x52,0x88,0x52,0x48,0x4a,0x27,0x4a,0x48,0x42,0x27,0x4a,0x47,0x4a,0x48,0x52,0x68,0x52,0x68,
    0x42,0x06,0x4a,0x27,0x4a,0x48,0x5a,0xa9,0x4a,0x47,0x4a,0x27,0x52,0x68,0x52,0x68,0x52,0x68,0x52,0x89,0x5a,0xc9,0x5a,0x88,
    0x5a,0xa9,0x52,0x89,0x4a,0x27,0x52,0x68,0x5a,0xa9,0x52,0x68,0x4a,0x48,0x52,0x68,0x5a,0x88,0x4a,0x48,0x52,0x68,0x52,0x68,
    0x5a,0xa9,0x5a,0xca,0x52,0xa9,0x52,0x68,0x5a,0x89,0x52,0x89,0x52,0x68,0x52,0x68,0x4a,0x27,0x4a,0x27,0x52,0x68,0x4a,0x47,
    0x4a,0x48,0x52,0x48,0x42,0x27,0x4a,0x27,0x52,0x68,0x52,0x68,0x52,0x68,0x52,0x48,0x52,0x68,0x52,0x68,0x52,0x88,0x4a,0x48,
    0x52,0x68,0x52,0x68,0x5a,0xa9,0x5a,0xa9,0x52,0x88,0x5a,0xa9,0x52,0x88,0x52,0x68,0x52,0x68,0x5a,0xa9,0x4a,0x47,0x4a,0x48,
    0x5a,0xa9,0x62,0xc9,0x4a,0x27,0x4a,0x48,0x5a,0xc9,0x5a,0xa9,0x52,0x48,0x5a,0xc9,0x4a,0x27,0x4a,0x47,0x4a,0x48,0x5a,0xa9,
    0x42,0x07,0x4a,0x27,0x4a,0x48,0x62,0xc9,0x52,0x68,0x41,0xe6,0x52,0x47,0x52,0x68,0x62,0xea,0x5a,0x89,0x52,0x68,0x5a,0xa9,
    0x63,0x0b,0x62,0xea,0x62,0xea,0x6b,0x0b,0x5a,0xa9,0x5a,0xca,0x6b,0x2b,0x73,0x4c,0x5a,0x89,0x6b,0x4b,0x6b,0x0b,0x62,0xca,
    0x62,0xc9,0x52,0x68,0x52,0x68,0x62,0xca,0x6b,0x4b,0x52,0x88,0x4a,0x48,0x5a,0x89,0x62,0xea,0x5a,0xa9,0x4a,0x47,0x52,0x88,
    0x5a,0xca,0x63,0x0a,0x52,0x68,0x5a,0xa9,0x4a,0x48,0x4a,0x27,0x4a,0x27,0x4a,0x27,0x52,0x68,0x4a,0x48,0x52,0x88,0x52,0x68,
    0x5a,0xc9,0x52,0x68,0x52,0x88,0x5a,0xa9,0x52,0x68,0x5a,0xa9,0x63,0x0b,0x5a,0xc9,0x4a,0x27,0x52,0x88,0x5a,0xc9,0x52,0x89,
    0x62,0xe9,0x62,0xc9,0x62,0xea,0x5a,0xa9,0x52,0x88,0x52,0x48,0x4a,0x47,0x5a,0xa9,0x4a,0x47,0x52,0x68,0x4a,0x47,0x4a,0x47,
    0x63,0x0b,0x4a,0x27,0x52,0x68,0x52,0x68,0x52,0x88,0x4a,0x27,0x52,0x48,0x42,0x07,0x62,0xc9,0x4a,0x47,0x42,0x07,0x4a,0x48,
    0x52,0x68,0x4a,0x27,0x42,0x07,0x4a,0x48,0x42,0x07,0x4a,0x27,0x42,0x27,0x42,0x07,0x42,0x06,0x42,0x07,0x4a,0x48,0x42,0x27,
    0x62,0xc9,0x4a,0x27,0x42,0x07,0x42,0x07,0x5a,0xa9,0x52,0x88,0x42,0x07,0x39,0xe6,0x42,0x07,0x42,0x07,0x52,0x68,0x4a,0x48,
    0x42,0x07,0x41,0xe6,0x4a,0x47,0x4a,0x27,0x52,0x89,0x4a,0x48,0x4a,0x48,0x4a,0x27,0x52,0x68,0x52,0x48,0x4a,0x27,0x42,0x27,
    0x4a,0x27,0x4a,0x47,0x4a,0x27,0x4a,0x27,0x42,0x07,0x4a,0x47,0x4a,0x27,0x52,0x89,0x42,0x07,0x4a,0x27,0x4a,0x48,0x52,0x48,
    0x39,0xe6,0x4a,0x27,0x4a,0x47,0x52,0x68,0x4a,0x47,0x4a,0x47,0x42,0x07,0x4a,0x27,0x5a,0xa9,0x52,0x68,0x4a,0x27,0x4a,0x47,
    0x52,0x68,0x52,0x47,0x4a,0x47,0x42,0x07,0x52,0x47,0x4a,0x47,0x52,0x68,0x4a,0x27,0x4a,0x47,0x52,0x68,0x4a,0x27,0x42,0x07,
    0x4a,0x47,0x42,0x07,0x4a,0x47,0x52,0x88,0x4a,0x27,0x4a,0x47,0x4a,0x47,0x52,0x68,0x4a,0x27,0x42,0x06,0x4a,0x26,0x52,0x67,
    0x5a,0x88,0x6b,0x4b,0x52,0x68,0x5a,0xa9,0x52,0x47,0x63,0x0a,0x5a,0x88,0x6b,0x0a,0x5a,0xa8,0x5a,0x88,0x5a,0xa8,0x5a,0x89,
    0x6a,0xe9,0x5a,0xa8,0x52,0x68,0x5a,0xa9,0x52,0x68,0x4a,0x47,0x52,0x89,0x52,0x89,0x4a,0x47,0x4a,0x27,0x52,0x68,0x52,0x88,
    0x4a,0x48,0x4a,0x68,0x4a,0x48,0x5a,0xca,0x4a,0x27,0x4a,0x27,0x52,0x68,0x6b,0x2b,0x52,0x88,0x5a,0xa9,0x52,0x68,0x41,0xe6,
    0x5a,0xc9,0x52,0x88,0x5a,0xc9,0x62,0xea,0x62,0xca,0x42,0x27,0x52,0x68,0x5a,0xa9,0x52,0x68,0x41,0xe6,0x4a,0x27,0x4a,0x48,
    0x52,0x89,0x5a,0xc9,0x52,0x89,0x4a,0x47,0x52,0x48,0x4a,0x47,0x62,0xca,0x73,0x4b,0x42,0x27,0x52,0x68,0x52,0x68,0x5a,0x89,
    0x42,0x07,0x4a,0x48,0x52,0x88,0x5a,0xc9,0x52,0x48,0x4a,0x27,0x62,0xea,0x5a,0xca,0x5a,0xc9,0x4a,0x27,0x52,0x89,0x5a,0xa9,
    0x52,0x68,0x5a,0xa9,0x4a,0x48,0x4a,0x47,0x52,0x88,0x5a,0xa9,0x52,0x88,0x4a,0x27,0x73,0x4c,0x62,0xea,0x52,0x68,0x52,0x68,
    0x62,0xca,0x5a,0xc9,0x52,0x88,0x5a,0x89,0x5a,0x89,0x5a,0xa9,0x52,0x68,0x52,0x68,0x52,0x89,0x5a,0x89,0x52,0x89,0x62,0xea,
    0x5a,0xc9,0x5a,0xc9,0x52,0x68,0x4a,0x27,0x5a,0xc9,0x42,0x07,0x4a,0x27,0x4a,0x48,0x52,0x68,0x52,0x88,0x52,0x68,0x4a,0x48,
    0x4a,0x48,0x6b,0x0a,0x5a,0xa9,0x52,0x88,0x42,0x07,0x4a,0x48,0x5a,0xa9,0x52,0x68,0x42,0x27,0x4a,0x27,0x52,0x68,0x52,0x47,
    0x52,0x68,0x5a,0xa9,0x52,0x89,0x4a,0x27,0x52,0x68,0x62,0xea,0x52,0x68,0x41,0xe6,0x4a,0x27,0x4a,0x27,0x4a,0x27,0x5a,0x89,
    0x42,0x07,0x39,0xc6,0x4a,0x48,0x62,0xea,0x42,0x27,0x39,0xe6,0x4a,0x27,0x4a,0x27,0x42,0x07,0x42,0x07,0x41,0xe6,0x52,0x88,
    0x5a,0xc9,0x5a,0xa9,0x5a,0xa9,0x4a,0x47,0x62,0xc9,0x4a,0x48,0x5a,0xa9,0x52,0x68,0x62,0xea,0x4a,0x27,0x62,0xc9,0x4a,0x27,
    0x62,0xe9,0x62,0xc9,0x52,0x68,0x39,0xa5,0x4a,0x47,0x4a,0x27,0x52,0x68,0x4a,0x47,0x4a,0x27,0x52,0x68,0x52,0x68,0x4a,0x27,
    0x5a,0xa9,0x6b,0x2a,0x5a,0xa9,0x39,0xa5,0x39,0xa5,0x4a,0x27,0x42,0x06,0x39,0xe6,0x52,0x48,0x4a,0x27,0x39,0xc6,0x4a,0x47,
    0x4a,0x47,0x4a,0x47,0x4a,0x27,0x52,0x88,0x4a,0x27,0x52,0x68,0x5a,0xa9,0x4a,0x27,0x4a,0x27,0x52,0x68,0x52,0x88,0x4a,0x27,
    0x52,0x68,0x52,0x89,0x52,0x88,0x4a,0x47,0x52,0x68,0x52,0x88,0x52,0x68,0x5a,0x88,0x52,0x48,0x4a,0x47,0x4a,0x47,0x62,0xc9,
    0x4a,0x47,0x52,0x68,0x5a,0xa9,0x73,0x4b,0x4a,0x27,0x4a,0x27,0x4a,0x07,0x41,0xe6,0x4a,0x27,0x52,0x88,0x4a,0x47,0x42,0x07,
    0x5a,0x88,0x42,0x06,0x42,0x07,0x52,0x47,0x52,0x67,0x4a,0x27,0x4a,0x27,0x4a,0x47,0x4a,0x27,0x62,0xc9,0x4a,0x27,0x4a,0x27,
    0x52,0x68,0x62,0xea,0x4a,0x47,0x4a,0x27,0x52,0x68,0x52,0x68,0x4a,0x27,0x62,0xea,0x52,0x68,0x52,0x68,0x5a,0xa9,0x5a,0xa9,
    0x52,0x47,0x41,0xe6,0x42,0x06,0x4a,0x27,0x52,0x48,0x4a,0x47,0x4a,0x27,0x4a,0x48,0x62,0xea,0x4a,0x48,0x52,0x68,0x52,0x68,
    0x5a,0x89,0x52,0x68,0x52,0x68,0x42,0x07,0x39,0xc6,0x42,0x27,0x4a,0x27,0x52,0x68,0x4a,0x27,0x52,0x88,0x4a,0x27,0x52,0x68,
    0x4a,0x48,0x5a,0xa9,0x4a,0x27,0x42,0x07,0x52,0x89,0x5a,0xa9,0x42,0x07,0x42,0x07,0x4a,0x27,0x42,0x07,0x41,0xe6,0x39,0xc6,
    0x4a,0x07,0x4a,0x27,0x41,0xe6,0x42,0x07,0x42,0x07,0x4a,0x27,0x52,0x68,0x52,0x68,0x42,0x07,0x42,0x07,0x52,0x68,0x52,0x68,
    0x52,0x68,0x52,0x68,0x42,0x07,0x4a,0x27,0x4a,0x27,0x4a,0x27,0x42,0x07,0x62,0xca,0x42,0x07,0x4a,0x48,0x52,0x68,0x52,0x88,
    0x4a,0x48,0x42,0x07,0x42,0x07,0x52,0x68,0x4a,0x27,0x4a,0x48,0x4a,0x27,0x42,0x07,0x52,0x68,0x4a,0x48,0x52,0x68,0x52,0x68,
    0x5a,0xa9,0x52,0x88,0x4a,0x48,0x42,0x07,0x4a,0x48,0x5a,0x89,0x4a,0x27,0x42,0x07,0x42,0x07,0x4a,0x07,0x4a,0x48,0x4a,0x48,
    0x39,0xe6,0x42,0x07,0x4a,0x27,0x41,0xe6,0x41,0xe6,0x41,0xe7,0x4a,0x48,0x52,0x68,0x52,0x68,0x4a,0x28,0x4a,0x27,0x4a,0x48,
    0x52,0x88,0x4a,0x47,0x4a,0x27,0x52,0x68,0x4a,0x27,0x52,0x88,0x62,0xc9,0x4a,0x48,0x5a,0xc9,0x6b,0x0a,0x52,0x68,0x4a,0x27,
    0x52,0x89,0x52,0x89,0x52,0x68,0x4a,0x27,0x4a,0x27,0x42,0x07,0x41,0xe6,0x4a,0x47,0x39,0xc6,0x31,0xa6,0x4a,0x48,0x42,0x07,
    0x4a,0x27,0x4a,0x48,0x52,0x69,0x4a,0x48,0x4a,0x27,0x52,0x68,0x52,0x68,0x52,0x68,0x4a,0x27,0x4a,0x47,0x4a,0x47,0x4a,0x48,
    0x5a,0xa9,0x62,0xe9,0x52,0x68,0x5a,0x88,0x52,0x68,0x5a,0x88,0x62,0xc9,0x4a,0x47,0x4a,0x48,0x52,0x88,0x5a,0x88,0x52,0x48,
    0x52,0x68,0x4a,0x47,0x4a,0x27,0x52,0x48,0x5a,0x89,0x52,0x48,0x52,0x68,0x42,0x07,0x4a,0x47,0x52,0x88,0x5a,0xa9,0x52,0x68,
    0x4a,0x27,0x52,0x68,0x5a,0x88,0x52,0x88,0x42,0x06,0x41,0xe6,0x4a,0x27,0x52,0x88,0x4a,0x47,0x4a,0x27,0x52,0x88,0x5a,0xa9,
    0x52,0x88,0x5a,0xa9,0x62,0xea,0x52,0x67,0x52,0x68,0x52,0x68,0x52,0x88,0x52,0x68,0x52,0x88,0x5a,0xa9,0x5a,0x89,0x5a,0xa9,
    0x52,0x68,0x52,0x68,0x62,0xea,0x5a,0xa8,0x62,0xea,0x62,0xc9,0x62,0xca,0x52,0x68,0x4a,0x47,0x52,0x88,0x5a,0xa9,0x5a,0xa8,
    0x5a,0xa9,0x52,0x48,0x52,0x68,0x4a,0x47,0x5a,0xa9,0x5a,0xa9,0x5a,0xc9,0x5a,0x88,0x52,0x68,0x5a,0xc9,0x5a,0xa9,0x5a,0xc9,
    0x62,0xc9,0x52,0x88,0x5a,0xc9,0x52,0x68,0x5a,0xa9,0x52,0x68,0x4a,0x68,0x4a,0x48,0x52,0x88,0x52,0x89,0x5a,0xa9,0x5a,0xa9,
    0x52,0x68,0x52,0x68,0x52,0x88,0x5a,0xc9,0x42,0x07,0x4a,0x48,0x4a,0x48,0x5a,0xc9,0x52,0x88,0x52,0x68,0x52,0x68,0x52,0x88,
    0x4a,0x47,0x41,0xe6,0x4a,0x27,0x52,0x88,0x4a,0x48,0x42,0x07,0x52,0x68,0x4a,0x68,0x5a,0xc9,0x5a,0xa9,0x52,0x89,0x5a,0xa9,
    0x5a,0xa9,0x6b,0x0b,0x5a,0xa9,0x52,0x89,0x52,0x68,0x52,0x68,0x5a,0xa9,0x52,0x89,0x5a,0xa9,0x5a,0xa9,0x5a,0xc9,0x5a,0xa9,
    0x52,0x89,0x5a,0xa9,0x5a,0xca,0x62,0xca,0x52,0x89,0x52,0x68,0x4a,0x68,0x4a,0x48,0x4a,0x48,0x4a,0x48,0x52,0x68,0x52,0x68,
    0x52,0x68,0x52,0x68,0x4a,0x48,0x52,0x68,0x52,0x68,0x52,0x68,0x52,0x68,0x4a,0x27,0x4a,0x48,0x4a,0x48,0x4a,0x48,0x52,0x68,
    0x4a,0x48,0x4a,0x27,0x4a,0x27,0x5a,0x88,0x52,0x68,0x52,0x68,0x4a,0x27,0x4a,0x48,0x4a,0x27,0x52,0x68,0x4a,0x47,0x52,0x68,
    0x62,0xc9,0x5a,0x88,0x5a,0x88,0x63,0x0a,0x62,0xa9,0x5a,0xa9,0x62,0xc9,0x62,0xea,0x4a,0x48,0x52,0x89,0x5a,0xc9,0x52,0x88,
    0x52,0x68,0x5a,0xc9,0x4a,0x48,0x52,0x68,0x62,0xea,0x62,0xea,0x5a,0xa9,0x5a,0x89,0x5a,0x88,0x5a,0x88,0x5a,0xa9,0x4a,0x47,
    0x5a,0xa9,0x5a,0xa8,0x52,0x68,0x4a,0x27,0x52,0x68,0x52,0x68,0x5a,0xc9,0x52,0x88,0x4a,0x27,0x42,0x27,0x52,0x89,0x62,0xea,
    0x41,0xe6,0x42,0x07,0x52,0x68,0x52,0x88,0x42,0x07,0x52,0x68,0x5a,0xa9,0x5a,0xa9,0x52,0x88,0x5a,0xa9,0x5a,0xa9,0x5a,0xa9,
    0x52,0x68,0x52,0x88,0x4a,0x68,0x52,0x68,0x52,0x68,0x52,0x88,0x5a,0xa9,0x4a,0x48,0x5a,0xa9,0x52,0x88,0x52,0x48,0x4a,0x48,
    0x62,0xea,0x52,0x88,0x52,0x68,0x4a,0x47,0x4a,0x47,0x4a,0x27,0x42,0x27,0x52,0x68,0x4a,0x27,0x4a,0x27,0x42,0x07,0x42,0x07,
    0x52,0x68,0x42,0x27,0x42,0x07,0x42,0x07,0x4a,0x48,0x4a,0x28,0x52,0x68,0x52,0x88,0x52,0x68,0x5a,0xc9,0x4a,0x47,0x52,0x88,
    0x63,0x0b,0x94,0x4f,0x4a,0x27,0x4a,0x47,0x5a,0xa9,0x62,0xca,0x52,0x68,0x5a,0xa9,0x52,0x68,0x4a,0x47,0x62,0xea,0x62,0xea,
    0x4a,0x27,0x52,0x68,0x52,0x88,0x4a,0x48,0x4a,0x27,0x4a,0x47,0x52,0x68,0x52,0x68,0x4a,0x47,0x52,0x88,0x5a,0x88,0x4a,0x27,
    0x52,0x48,0x52,0x88,0x52,0x48,0x4a,0x27,0x4a,0x27,0x41,0xe6,0x4a,0x27,0x4a,0x47,0x52,0x48,0x52,0x48,0x52,0x68,0x4a,0x47,
    0x4a,0x47,0x4a,0x48,0x4a,0x47,0x52,0x47,0x4a,0x47,0x4a,0x47,0x52,0x68,0x52,0x68,0x52,0x47,0x42,0x06,0x4a,0x27,0x52,0x68,
    0x4a,0x47,0x4a,0x27,0x42,0x06,0x4a,0x27,0x5a,0x88,0x4a,0x27,0x4a,0x47,0x4a,0x27,0x52,0x68,0x4a,0x47,0x52,0x68,0x42,0x06,
    0x4a,0x27,0x52,0x68,0x41,0xe6,0x39,0xc6,0x4a,0x27,0x42,0x07,0x39,0xa5,0x39,0xc6,0x41,0xe6,0x41,0xe6,0x39,0xc6,0x42,0x06,
    0x4a,0x27,0x4a,0x27,0x4a,0x27,0x4a,0x27,0x42,0x06,0x4a,0x27,0x4a,0x27,0x62,0xc9,0x52,0x89,0x52,0x88,0x4a,0x47,0x39,0xa5,
    0x5a,0xa9,0x4a,0x47,0x52,0x47,0x31,0x85,0x41,0xe6,0x4a,0x27,0x4a,0x27,0x4a,0x07,0x73,0x6b,0x62,0xea,0x52,0x88,0x5a,0xa9,
    0x39,0xa5,0x5a,0xc9,0x52,0x88,0x52,0x68,0x41,0xe6,0x4a,0x27,0x52,0x88,0x4a,0x27,0x52,0x68,0x4a,0x06,0x42,0x06,0x52,0x88,
    0x52,0x68,0x4a,0x27,0x41,0xe6,0x52,0x68,0x52,0x68,0x4a,0x27,0x4a,0x27,0x52,0x68,0x5a,0x88,0x52,0x88,0x52,0x48,0x52,0x68,
    0x52,0x88,0x62,0xe9,0x52,0x48,0x52,0x88,0x52,0x88,0x52,0x68,0x52,0x68,0x52,0x68,0x5a,0xa9,0x52,0x68,0x4a,0x47,0x4a,0x47,
    0x4a,0x48,0x4a,0x48,0x42,0x07,0x52,0x68,0x42,0x27,0x4a,0x27,0x4a,0x27,0x5a,0xa9,0x52,0x89,0x52,0x48,0x52,0x68,0x4a,0x27,
    0x5a,0x89,0x52,0x68,0x52,0x48,0x52,0x88,0x5a,0xa9,0x52,0x68,0x52,0x88,0x52,0x68,0x5a,0xa9,0x4a,0x48,0x42,0x27,0x52,0x89,
    0x52,0x68,0x52,0x68,0x4a,0x27,0x4a,0x48,0x52,0x68,0x52,0x68,0x4a,0x48,0x52,0x68,0x52,0x68,0x5a,0xa9,0x5a,0xa9,0x52,0x68,
    0x5a,0xa9,0x5a,0xc9,0x5a,0x89,0x4a,0x48,0x5a,0x89,0x52,0x68,0x5a,0xa9,0x52,0x68,0x4a,0x27,0x52,0x88,0x5a,0xa9,0x4a,0x27,
    0x4a,0x48,0x52,0x88,0x42,0x27,0x4a,0x48,0x4a,0x47,0x4a,0x48,0x42,0x27,0x5a,0xa9,0x52,0x47,0x52,0x47,0x5a,0x88,0x5a,0xa9,
    0x52,0x68,0x52,0x47,0x5a,0xa9,0x5a,0xa9,0x52,0x89,0x4a,0x47,0x52,0x48,0x52,0x88,0x52,0x68,0x52,0x68,0x5a,0xc9,0x52,0x89,
    0x5a,0xa9,0x5a,0xa9,0x5a,0xc9,0x5a,0xc9,0x62,0xea,0x5a,0xc9,0x5a,0xc9,0x52,0x88,0x5a,0xa9,0x62,0xea,0x5a,0xa9,0x5a,0x89,
    0x52,0x68,0x5a,0xa9,0x5a,0x89,0x62,0xea,0x4a,0x27,0x5a,0x88,0x5a,0x88,0x4a,0x48,0x5a,0xc9,0x52,0x88,0x4a,0x27,0x52,0x68,
    0x52,0x89,0x52,0x68,0x42,0x07,0x4a,0x28,0x52,0x88,0x4a,0x27,0x4a,0x27,0x4a,0x28,0x62,0xea,0x52,0x68,0x52,0x68,0x52,0x88,
    0x62,0xea,0x52,0x68,0x4a,0x48,0x4a,0x48,0x5a,0xa9,0x4a,0x48,0x42,0x07,0x52,0x68,0x4a,0x27,0x52,0x88,0x4a,0x27,0x4a,0x48,
    0x52,0x68,0x52,0x48,0x4a,0x48,0x5a,0xa9,0x52,0x89,0x52,0x89,0x52,0x89,0x62,0xea,0x62,0xea,0x5a,0xa9,0x52,0x68,0x6b,0x4b,
    0x52,0x68,0x52,0x68,0x5a,0xc9,0x5a,0xa9,0x5a,0xca,0x5a,0xa9,0x4a,0x48,0x52,0x68,0x62,0xea,0x5a,0xa9,0x4a,0x48,0x31,0x85,
    0x62,0xea,0x52,0x88,0x52,0x68,0x4a,0x27,0x5a,0xc9,0x52,0x68,0x42,0x07,0x52,0x88,0x4a,0x48,0x4a,0x47,0x62,0xea,0x62,0xca,
    0x41,0xe6,0x52,0x68,0x5a,0x88,0x52,0x68,0x4a,0x48,0x5a,0x89,0x5a,0xc9,0x5a,0xa9,0x52,0x68,0x42,0x07,0x52,0x88,0x5a,0xa9,
    0x52,0x88,0x52,0x68,0x62,0xea,0x5a,0x88,0x52,0x88,0x52,0x88,0x5a,0xa9,0x4a,0x47,0x5a,0xa8,0x5a,0x88,0x5a,0xc9,0x6b,0x2b,
    0x5a,0x88,0x5a,0x88,0x52,0x88,0x5a,0xa9,0x4a,0x27,0x52,0x48,0x52,0x68,0x4a,0x27,0x42,0x07,0x52,0x88,0x4a,0x48,0x52,0x68,
    0x62,0xea,0x4a,0x27,0x4a,0x27,0x52,0x68,0x5a,0xa9,0x42,0x07,0x52,0x88,0x5a,0xc9,0x4a,0x27,0x5a,0xa9,0x52,0x68,0x42,0x07,
    0x4a,0x47,0x52,0x68,0x4a,0x47,0x52,0x68,0x52,0x68,0x52,0x48,0x4a,0x48,0x5a,0x88,0x5a,0xa9,0x4a,0x47,0x4a,0x47,0x5a,0x88,
    0x4a,0x47,0x52,0x67,0x4a,0x47,0x4a,0x27,0x52,0x68,0x5a,0xa8,0x52,0x67,0x4a,0x47,0x52,0x68,0x52,0x48,0x52,0x48,0x52,0x68,
    0x5a,0xa9,0x52,0x68,0x4a,0x48,0x5a,0x88,0x4a,0x47,0x52,0x68,0x4a,0x27,0x4a,0x48,0x52,0x68,0x52,0x68,0x52,0x47,0x52,0x68,
    0x52,0x67,0x4a,0x27,0x52,0x47,0x4a,0x07,0x5a,0xa9,0x4a,0x47,0x52,0x67,0x4a,0x27,0x5a,0x88,0x52,0x88,0x52,0x88,0x52,0x68,
    0x52,0x68,0x52,0x68,0x4a,0x47,0x5a,0xa9,0x42,0x06,0x52,0x88,0x5a,0x88,0x5a,0xa9,0x4a,0x47,0x52,0x68,0x52,0x68,0x4a,0x47,
    0x4a,0x47,0x4a,0x47,0x4a,0x27,0x52,0x68,0x4a,0x47,0x4a,0x27,0x52,0x68,0x52,0x88,0x4a,0x47,0x4a,0x07,0x52,0x88,0x5a,0x88,
    0x5a,0xa9,0x52,0x68,0x52,0x68,0x62,0xe9,0x5a,0x88,0x52,0x68,0x4a,0x27,0x62,0xc9,0x52,0x88,0x52,0x68,0x52,0x47,0x5a,0x88,
    0x5a,0xa9,0x52,0x68,0x5a,0x88,0x5a,0xa9,0x5a,0xa9,0x52,0x88,0x52,0x68,0x4a,0x47,0x52,0x68,0x4a,0x27,0x4a,0x47,0x42,0x07,
    0x5a,0xc9,0x5a,0xa9,0x52,0x88,0x42,0x07,0x5a,0xc9,0x52,0x68,0x62,0xc9,0x52,0x68,0x52,0x89,0x52,0x48,0x62,0xc9,0x52,0x68,
    0x4a,0x27,0x4a,0x27,0x4a,0x27,0x4a,0x48,0x4a,0x27,0x4a,0x27,0x52,0x68,0x52,0x68,0x5a,0xa9,0x52,0x89,0x4a,0x27,0x52,0x88,
    0x5a,0xa9,0x5a,0xa9,0x4a,0x27,0x52,0x88,0x4a,0x48,0x42,0x07,0x52,0x68,0x73,0x6c,0x4a,0x48,0x4a,0x48,0x5a,0xa9,0x5a,0xa9,
    0x4a,0x48,0x52,0x89,0x5a,0xca,0x5a,0xc9,0x52,0x68,0x62,0xca,0x52,0x89,0x42,0x07,0x52,0x88,0x52,0x88,0x52,0x88,0x5a,0xa9,
    0x52,0x68,0x4a,0x27,0x52,0x88,0x5a,0xa9,0x62,0xea,0x4a,0x27,0x4a,0x27,0x52,0x68,0x62,0xea,0x4a,0x48,0x4a,0x48,0x4a,0x27,
    0x5a,0x89,0x42,0x07,0x4a,0x48,0x4a,0x48,0x52,0x68,0x4a,0x48,0x52,0x68,0x52,0x88,0x5a,0xa9,0x5a,0x89,0x4a,0x27,0x5a,0x89,
    0x52,0x68,0x52,0x68,0x52,0x89,0x52,0x88,0x5a,0xc9,0x5a,0xc9,0x5a,0xa9,0x52,0x89,0x62,0xc9,0x62,0xe9,0x52,0x89,0x5a,0xc9,
    0x52,0x88,0x52,0x68,0x52,0x88,0x52,0x48,0x4a,0x27,0x52,0x89,0x52,0x89,0x52,0x89,0x4a,0x27,0x42,0x27,0x4a,0x47,0x52,0x68,
    0x4a,0x48,0x4a,0x27,0x4a,0x48,0x4a,0x48,0x4a,0x48,0x52,0x68,0x52,0x68,0x4a,0x28,0x4a,0x28,0x4a,0x47,0x4a,0x48,0x42,0x07,
    0x4a,0x27,0x42,0x07,0x4a,0x48,0x5a,0xc9,0x4a,0x48,0x4a,0x68,0x4a,0x48,0x5a,0xa9,0x52,0x68,0x4a,0x27,0x42,0x07,0x4a,0x27,
    0x4a,0x27,0x52,0x68,0x52,0x68,0x52,0x68,0x52,0x48,0x5a,0xa9,0x52,0x68,0x42,0x07,0x4a,0x47,0x52,0x88,0x41,0xe6,0x4a,0x27,
    0x52,0x89,0x4a,0x27,0x41,0xe6,0x41,0xe6,0x52,0x89,0x52,0x88,0x52,0x68,0x52,0x88,0x4a,0x48,0x52,0x88,0x4a,0x48,0x42,0x07,
    0x52,0x68,0x52,0x88,0x4a,0x48,0x42,0x27,0x4a,0x27,0x52,0x68,0x4a,0x48,0x4a,0x48,0x4a,0x27,0x42,0x27,0x4a,0x27,0x52,0x68,
    0x4a,0x27,0x4a,0x27,0x52,0x88,0x4a,0x47,0x52,0x68,0x4a,0x48,0x4a,0x47,0x4a,0x47,0x52,0x68,0x52,0x68,0x4a,0x68,0x4a,0x48,
    0x4a,0x48,0x4a,0x27,0x52,0x68,0x4a,0x27,0x4a,0x27,0x6b,0x0a,0x5a,0xa9,0x4a,0x47,0x42,0x07,0x5a,0xa9,0x52,0x88,0x4a,0x27,
    0x42,0x07,0x4a,0x48,0x4a,0x47,0x52,0x48,0x42,0x07,0x4a,0x48,0x4a,0x48,0x52,0x68,0x52,0x68,0x52,0x68,0x4a,0x47,0x41,0xe6,
    0x5a,0xa9,0x52,0x68,0x5a,0xa9,0x41,0xe6,0x5a,0xa9,0x52,0x68,0x5a,0x88,0x4a,0x27,0x4a,0x48,0x52,0x68,0x52,0x68,0x6b,0x2a,
    0x52,0x68,0x4a,0x48,0x52,0x88,0x4a,0x27,0x52,0x68,0x4a,0x27,0x52,0x68,0x4a,0x47,0x62,0xea,0x4a,0x48,0x52,0x88,0x4a,0x27,
    0x62,0xea,0x4a,0x48,0x4a,0x48,0x4a,0x27,0x4a,0x07,0x52,0x88,0x4a,0x48,0x4a,0x48,0x52,0x68,0x52,0x68,0x4a,0x48,0x52,0x68,
    0x4a,0x47,0x52,0x88,0x41,0xe6,0x4a,0x27,0x42,0x27,0x52,0x68,0x42,0x07,0x4a,0x47,0x52,0x48,0x52,0x48,0x4a,0x48,0x42,0x07,
    0x4a,0x47,0x4a,0x48,0x52,0x88,0x4a,0x27,0x42,0x07,0x5a,0xc9,0x5a,0x89,0x4a,0x27,0x4a,0x27,0x42,0x07,0x4a,0x27,0x4a,0x27,
    0x42,0x07,0x4a,0x27,0x52,0x68,0x52,0x68,0x41,0xe6,0x42,0x07,0x52,0x68,0x5a,0xa9,0x4a,0x48,0x4a,0x27,0x52,0x88,0x4a,0x48,
    0x4a,0x27,0x5a,0x89,0x52,0x68,0x42,0x07,0x4a,0x68,0x4a,0x27,0x42,0x07,0x4a,0x27,0x52,0x68,0x42,0x07,0x42,0x07,0x52,0x68,
    0x4a,0x27,0x4a,0x27,0x4a,0x27,0x4a,0x27,0x52,0x68,0x4a,0x48,0x52,0x48,0x4a,0x27,0x42,0x07,0x4a,0x27,0x4a,0x27,0x4a,0x27,
    0x42,0x07,0x42,0x07,0x41,0xe6,0x4a,0x27,0x4a,0x47,0x4a,0x27,0x39,0xc6,0x4a,0x27,0x4a,0x48,0x42,0x07,0x42,0x07,0x4a,0x47,
    0x52,0x89,0x5a,0xa9,0x52,0x68,0x52,0x68,0x52,0x48,0x52,0x48,0x5a,0xc9,0x62,0xca,0x4a,0x27,0x42,0x07,0x4a,0x48,0x52,0x48,
    0x42,0x07,0x42,0x07,0x4a,0x48,0x52,0x48,0x4a,0x48,0x4a,0x27,0x4a,0x27,0x52,0x68,0x52,0x68,0x4a,0x27,0x4a,0x27,0x4a,0x27,
    0x52,0x68,0x4a,0x27,0x42,0x07,0x42,0x07,0x4a,0x27,0x42,0x07,0x42,0x07,0x4a,0x27,0x4a,0x48,0x52,0x68,0x4a,0x27,0x4a,0x27,
    0x4a,0x27,0x41,0xe6,0x42,0x07,0x42,0x07,0x42,0x07,0x42,0x07,0x4a,0x48,0x4a,0x48,0x52,0x68,0x52,0x68,0x4a,0x27,0x4a,0x27,
    0x4a,0x47,0x4a,0x27,0x52,0x88,0x52,0x88,0x4a,0x27,0x52,0x48,0x52,0x88,0x41,0xe6,0x52,0x68,0x4a,0x68,0x52,0x89,0x4a,0x48,
    0x52,0x68,0x4a,0x48,0x4a,0x48,0x42,0x27,0x52,0x89,0x52,0x88,0x52,0x88,0x4a,0x47,0x52,0x88,0x62,0xc9,0x52,0x88,0x4a,0x27,
    0x4a,0x27,0x4a,0x48,0x4a,0x27,0x4a,0x27,0x4a,0x48,0x52,0x88,0x52,0x68,0x42,0x07,0x5a,0xa9,0x52,0x88,0x5a,0xa9,0x6b,0x2b,
    0x4a,0x47,0x52,0x48,0x52,0x88,0x5a,0xa9,0x41,0xc6,0x52,0x68,0x4a,0x27,0x5a,0xa9,0x4a,0x48,0x5a,0xa9,0x52,0x68,0x62,0xea,
    0x73,0x4b,0x5a,0xa8,0x62,0xc8,0x62,0xc9,0x6b,0x0a,0x62,0xc8,0x6a,0xe9,0x62,0xc9,0x5a,0xc9,0x62,0xe9,0x63,0x0a,0x73,0x4b,
    0x5a,0xc9,0x62,0xe9,0x5a,0xc9,0x62,0xc9,0x52,0x88,0x5a,0xa9,0x52,0x68,0x52,0x88,0x5a,0x88,0x62,0xea,0x52,0x88,0x5a,0xc9,
    0x62,0xe9,0x5a,0xa8,0x5a,0x88,0x52,0x68,0x6b,0x0a,0x5a,0xc9,0x4a,0x27,0x42,0x07,0x4a,0x48,0x4a,0x27,0x52,0x68,0x5a,0xa9,
    0x52,0x68,0x4a,0x48,0x52,0x68,0x4a,0x48,0x52,0x88,0x52,0x68,0x52,0x88,0x52,0x48,0x52,0x68,0x5a,0x89,0x4a,0x48,0x4a,0x27,
    0x52,0x68,0x52,0x68,0x52,0x88,0x52,0x68,0x52,0x68,0x4a,0x27,0x52,0x68,0x5a,0xa9,0x5a,0xa9,0x52,0x68,0x5a,0xa9,0x52,0x89,
    0x52,0x68,0x5a,0x89,0x5a,0xa9,0x4a,0x48,0x4a,0x48,0x4a,0x48,0x6b,0x0a,0x62,0xc9,0x52,0x68,0x4a,0x48,0x62,0xea,0x4a,0x27,
    0x4a,0x28,0x5a,0xa9,0x5a,0xa9,0x42,0x07,0x4a,0x27,0x52,0x88,0x5a,0x88,0x39,0xc6,0x5a,0x89,0x52,0x68,0x52,0x68,0x52,0x68,
    0x52,0x68,0x5a,0xca,0x52,0x68,0x4a,0x28,0x4a,0x27,0x5a,0xa9,0x52,0x89,0x5a,0xa9,0x42,0x07,0x5a,0x88,0x4a,0x47,0x52,0x48,
    0x42,0x27,0x52,0x68,0x52,0x48,0x4a,0x27,0x5a,0xa9,0x5a,0xa9,0x52,0x68,0x52,0x48,0x6b,0x0a,0x5a,0x88,0x52,0x68,0x52,0x68,
    0x52,0x48,0x52,0x68,0x4a,0x47,0x5a,0xa9,0x4a,0x27,0x62,0xca,0x5a,0xa9,0x4a,0x48,0x52,0x88,0x62,0xca,0x52,0x88,0x52,0x88,
    0x5a,0xc9,0x62,0xea,0x5a,0x88,0x5a,0x89,0x62,0xc9,0x5a,0x88,0x52,0x68,0x4a,0x27,0x42,0x07,0x52,0x68,0x52,0x68,0x5a,0xa9,
    0x52,0x68,0x52,0x68,0x52,0x68,0x52,0x68,0x5a,0xa9,0x4a,0x27,0x4a,0x27,0x4a,0x47,0x52,0x88,0x5a,0x88,0x5a,0xa9,0x52,0x68,
    0x5a,0xc9,0x5a,0xc9,0x52,0x68,0x4a,0x27,0x62,0xea,0x62,0xea,0x4a,0x07,0x4a,0x48,0x5a,0xa9,0x6b,0x0a,0x52,0x48,0x5a,0xa9,
    0x52,0x88,0x5a,0x88,0x5a,0x88,0x62,0xc9,0x52,0x68,0x5a,0xc9,0x62,0xc9,0x52,0x68,0x52,0x88,0x4a,0x47,0x52,0x68,0x52,0x48,
    0x52,0x88,0x52,0x68,0x52,0x68,0x5a,0xa9,0x52,0x48,0x52,0x68,0x5a,0xa9,0x52,0x68,0x42,0x27,0x4a,0x48,0x5a,0xa9,0x52,0x68,
    0x52,0x68,0x4a,0x48,0x63,0x0b,0x5a,0xa9,0x4a,0x27,0x42,0x07,0x4a,0x27,0x42,0x07,0x42,0x07,0x4a,0x27,0x42,0x07,0x4a,0x27,
    0x4a,0x47,0x4a,0x48,0x52,0x88,0x5a,0xa9,0x4a,0x27,0x52,0x68,0x52,0x68,0x5a,0xa9,0x4a,0x47,0x4a,0x48,0x42,0x27,0x4a,0x27,
    0x52,0x88,0x5a,0x89,0x42,0x07,0x52,0x68,0x5a,0xa9,0x4a,0x47,0x42,0x07,0x4a,0x47,0x63,0x0a,0x5a,0xa9,0x5a,0xa9,0x5a,0xa9,
    0x52,0x88,0x39,0xc6,0x52,0x88,0x5a,0xc9,0x5a,0xc9,0x52,0x88,0x4a,0x27,0x52,0x88,0x5a,0x88,0x52,0x68,0x4a,0x27,0x52,0x88,
    0x4a,0x47,0x4a,0x27,0x42,0x07,0x4a,0x47,0x4a,0x47,0x52,0x48,0x5a,0x89,0x62,0xc9,0x5a,0xa9,0x5a,0xc9,0x52,0x68,0x52,0x68,
    0x4a,0x47,0x52,0x47,0x4a,0x07,0x52,0x48,0x41,0xe6,0x4a,0x27,0x42,0x06,0x52,0x68,0x4a,0x47,0x4a,0x47,0x42,0x07,0x52,0x68,
    0x62,0xc9,0x4a,0x47,0x4a,0x27,0x52,0x68,0x52,0x88,0x4a,0x27,0x4a,0x27,0x4a,0x07,0x52,0x88,0x42,0x06,0x52,0x47,0x52,0x68,
    0x52,0x68,0x4a,0x27,0x5a,0xa9,0x5a,0xa8,0x62,0xc9,0x5a,0xa9,0x4a,0x47,0x4a,0x27,0x4a,0x27,0x41,0xc6,0x4a,0x27,0x52,0x68,
    0x4a,0x47,0x52,0x88,0x4a,0x27,0x4a,0x27,0x4a,0x47,0x52,0x88,0x52,0x68,0x4a,0x47,0x52,0x68,0x52,0x68,0x52,0x68,0x62,0xe9,
    0x4a,0x27,0x73,0x2a,0x52,0x88,0x52,0x48,0x4a,0x06,0x52,0x88,0x6b,0x0a,0x4a,0x47,0x52,0x68,0x5a,0xa9,0x4a,0x47,0x52,0x88,
    0x5a,0xa9,0x5a,0xa8,0x4a,0x47,0x42,0x06,0x52,0x88,0x52,0x88,0x52,0x68,0x4a,0x27,0x4a,0x48,0x42,0x27,0x62,0xca,0x52,0x68,
    0x4a,0x27,0x41,0xe6,0x42,0x07,0x4a,0x27,0x52,0x68,0x52,0x68,0x4a,0x27,0x39,0xc6,0x4a,0x48,0x41,0xe7,0x52,0x68,0x52,0x68,
    0x52,0x68,0x52,0x48,0x52,0x68,0x52,0x68,0x4a,0x47,0x52,0x68,0x52,0x68,0x52,0x68,0x4a,0x27,0x52,0x68,0x52,0x48,0x4a,0x27,
    0x52,0x68,0x5a,0xa9,0x4a,0x48,0x52,0x68,0x5a,0x89,0x52,0x88,0x5a,0xa9,0x5a,0xa9,0x5a,0xa9,0x5a,0xa9,0x5a,0xa9,0x52,0x68,
    0x52,0x68,0x52,0x68,0x5a,0x89,0x52,0x68,0x52,0x68,0x4a,0x48,0x5a,0xa9,0x52,0x89,0x52,0x68,0x4a,0x48,0x4a,0x48,0x52,0x89,
    0x52,0x88,0x5a,0xa9,0x52,0x88,0x4a,0x48,0x52,0x88,0x5a,0x88,0x5a,0xa9,0x52,0x48,0x4a,0x27,0x4a,0x47,0x4a,0x48,0x52,0x68,
    0x4a,0x47,0x52,0x68,0x4a,0x27,0x52,0x88,0x4a,0x27,0x52,0x68,0x5a,0x88,0x5a,0xa9,0x4a,0x47,0x52,0x48,0x62,0xea,0x5a,0xc9,
    0x52,0x89,0x52,0x89,0x5a,0xa9,0x52,0x89,0x5a,0x89,0x52,0x68,0x52,0x68,0x52,0x88,0x52,0x88,0x52,0x68,0x52,0x68,0x52,0xa9,
    0x52,0x68,0x52,0x89,0x4a,0x27,0x52,0x89,0x52,0x68,0x52,0x48,0x62,0xca,0x62,0xea,0x52,0x88,0x4a,0x27,0x5a,0xa9,0x52,0x68,
    0x5a,0xc9,0x4a,0x48,0x52,0x68,0x52,0x89,0x5a,0xca,0x52,0xa9,0x52,0x89,0x5a,0xa9,0x4a,0x27,0x39,0xe6,0x52,0x68,0x5a,0xa9,
    0x52,0x89,0x4a,0x48,0x52,0x68,0x62,0xea,0x5a,0xa9,0x52,0x68,0x4a,0x47,0x4a,0x48,0x52,0x68,0x52,0x68,0x52,0x89,0x4a,0x48,
    0x52,0x68,0x52,0x68,0x4a,0x48,0x52,0x89,0x52,0x88,0x62,0xca,0x4a,0x68,0x52,0x68,0x42,0x06,0x63,0x0a,0x6b,0x0a,0x42,0x07,
    0x4a,0x47,0x52,0x48,0x4a,0x48,0x4a,0x27,0x5a,0xa9,0x52,0x68,0x63,0x0a,0x5a,0x89,0x4a,0x48,0x4a,0x48,0x63,0x0a,0x62,0xea,
    0x42,0x07,0x4a,0x48,0x5a,0xa9,0x4a,0x48,0x4a,0x27,0x4a,0x27,0x4a,0x27,0x42,0x07,0x62,0xea,0x4a,0x48,0x52,0x88,0x4a,0x27,
    0x4a,0x48,0x41,0xe7,0x4a,0x48,0x42,0x07,0x52,0x68,0x5a,0xc9,0x5a,0xa9,0x42,0x07,0x4a,0x48,0x52,0x68,0x4a,0x47,0x4a,0x27,
    0x4a,0x27,0x4a,0x27,0x4a,0x27,0x52,0x48,0x42,0x07,0x4a,0x27,0x4a,0x27,0x4a,0x47,0x42,0x07,0x42,0x07,0x52,0x88,0x4a,0x47,
    0x4a,0x48,0x4a,0x48,0x4a,0x27,0x42,0x07,0x5a,0xa9,0x5a,0xa9,0x52,0x88,0x52,0x67,0x52,0x88,0x52,0x88,0x42,0x06,0x7b,0xac,
    0x4a,0x27,0x4a,0x47,0x52,0x68,0x5a,0xa9,0x52,0x48,0x4a,0x47,0x5a,0xa9,0x5a,0xa9,0x62,0xea,0x52,0x88,0x4a,0x27,0x4a,0x27,
    0x8c,0x4f,0x52,0x68,0x5a,0xa9,0x52,0x68,0x7b,0xad,0x62,0xea,0x5a,0xa9,0x52,0x89,0x62,0xea,0x5a,0xa9,0x52,0x68,0x4a,0x47,
    0x4a,0x27,0x52,0x68,0x62,0xc8,0x5a,0x88,0x4a,0x27,0x52,0x68,0x5a,0xa9,0x5a,0xa9,0x4a,0x27,0x4a,0x27,0x5a,0xa9,0x52,0x68,
    0x62,0xea,0x5a,0xc9,0x4a,0x07,0x4a,0x48,0x5a,0xa9,0x5a,0x89,0x52,0x88,0x52,0x68,0x5a,0xa8,0x62,0xa9,0x5a,0xa9,0x39,0xe6,
    0x52,0x88,0x5a,0x88,0x4a,0x48,0x52,0x68,0x41,0xe6,0x4a,0x27,0x52,0x68,0x62,0xc9,0x52,0x68,0x4a,0x47,0x4a,0x27,0x41,0xe6,
    0x4a,0x27,0x4a,0x47,0x42,0x07,0x4a,0x27,0x4a,0x47,0x4a,0x27,0x52,0x48,0x52,0x88,0x52,0x68,0x4a,0x27,0x4a,0x47,0x5a,0xa9,
    0x52,0x88,0x52,0x68,0x52,0x47,0x4a,0x47,0x52,0x68,0x52,0x47,0x52,0x47,0x4a,0x47,0x52,0x68,0x52,0x88,0x5a,0x88,0x52,0x68,
    0x6b,0x2b,0x5a,0xa9,0x4a,0x47,0x4a,0x27,0x52,0x68,0x52,0x88,0x52,0x88,0x52,0x88,0x4a,0x47,0x52,0x68,0x52,0x88,0x52,0x68,
    0x4a,0x48,0x4a,0x47,0x5a,0xa9,0x62,0xea,0x4a,0x68,0x52,0x68,0x5a,0xa9,0x52,0x88,0x52,0x48,0x5a,0xa9,0x52,0x88,0x52,0x68,
    0x52,0x68,0x5a,0xa9,0x6b,0x2a,0x5a,0xc9,0x5a,0xa9,0x62,0xca,0x62,0xca,0x5a,0xa9,0x52,0x88,0x52,0x68,0x4a,0x48,0x4a,0x27,
    0x52,0x68,0x42,0x07,0x5a,0xa9,0x62,0xc9,0x5a,0xa9,0x52,0x88,0x52,0x68,0x4a,0x27,0x5a,0x88,0x5a,0xa9,0x5a,0xa9,0x52,0x88,
    0x4a,0x27,0x52,0x68,0x5a,0xa9,0x5a,0xa9,0x5a,0x88,0x52,0x89,0x4a,0x27,0x42,0x27,0x4a,0x27,0x4a,0x27,0x4a,0x27,0x4a,0x48,
    0x4a,0x48,0x4a,0x48,0x42,0x27,0x4a,0x48,0x52,0x68,0x5a,0xa9,0x52,0x88,0x4a,0x48,0x5a,0xc9,0x6b,0x2b,0x52,0x68,0x52,0x68,
    0x4a,0x27,0x4a,0x48,0x4a,0x47,0x5a,0xa9,0x4a,0x27,0x4a,0x27,0x4a,0x47,0x6b,0x0b,0x4a,0x27,0x42,0x07,0x5a,0xc9,0x5a,0xca,
    0x52,0x68,0x52,0x68,0x4a,0x48,0x4a,0x27,0x52,0x88,0x52,0x48,0x52,0x68,0x52,0x89,0x52,0x88,0x52,0x68,0x5a,0x89,0x52,0x89,
    0x5a,0xc9,0x5a,0xa9,0x52,0x89,0x4a,0x48,0x4a,0x27,0x5a,0xc9,0x5a,0xc9,0x4a,0x27,0x42,0x27,0x4a,0x48,0x4a,0x27,0x4a,0x48,
    0x42,0x27,0x4a,0x27,0x42,0x07,0x4a,0x27,0x42,0x07,0x4a,0x27,0x4a,0x48,0x4a,0x48,0x41,0xe6,0x52,0x68,0x52,0x68,0x52,0x89,
    0x4a,0x48,0x4a,0x68,0x52,0x68,0x52,0x68,0x52,0x68,0x4a,0x48,0x42,0x07,0x5a,0xa9,0x4a,0x27,0x4a,0x48,0x52,0x68,0x52,0x88,
    0x5a,0xa9,0x4a,0x48,0x52,0x68,0x4a,0x27,0x52,0x88,0x4a,0x27,0x4a,0x27,0x52,0x68,0x5a,0x89,0x4a,0x27,0x42,0x07,0x4a,0x27,
    0x52,0x68,0x5a,0xa9,0x52,0x68,0x62,0xea,0x4a,0x48,0x52,0x89,0x4a,0x48,0x52,0x68,0x52,0x88,0x5a,0xa9,0x52,0x68,0x4a,0x27,
    0x6b,0x0a,0x73,0x4b,0x62,0xea,0x62,0xc9,0x73,0x6c,0x5a,0xc9,0x52,0x68,0x5a,0xa9,0x4a,0x27,0x4a,0x48,0x52,0x68,0x5a,0xa9,
    0x5a,0xa8,0x4a,0x27,0x4a,0x27,0x5a,0xa9,0x62,0xea,0x4a,0x27,0x4a,0x27,0x4a,0x48,0x62,0xea,0x52,0x68,0x4a,0x27,0x31,0xa5,
    0x4a,0x27,0x41,0xe6,0x4a,0x27,0x52,0x68,0x42,0x07,0x4a,0x68,0x4a,0x48,0x52,0x68,0x4a,0x48,0x5a,0xca,0x4a,0x27,0x42,0x07,
    0x4a,0x27,0x52,0x68,0x4a,0x27,0x52,0x88,0x5a,0xa9,0x4a,0x27,0x42,0x27,0x39,0xe6,0x52,0x68,0x4a,0x27,0x52,0x48,0x4a,0x47,
    0x42,0x07,0x52,0x68,0x5a,0xa9,0x5a,0x89,0x5a,0xa9,0x52,0x68,0x62,0xea,0x5a,0xa9,0x42,0x07,0x4a,0x48,0x5a,0xc9,0x5a,0xa9,
    0x4a,0x27,0x4a,0x27,0x52,0x48,0x5a,0x88,0x4a,0x48,0x4a,0x48,0x52,0x68,0x52,0x68,0x52,0x68,0x4a,0x48,0x4a,0x48,0x4a,0x47,
    0x4a,0x27,0x4a,0x27,0x4a,0x27,0x62,0xc9,0x4a,0x48,0x42,0x27,0x41,0xe6,0x4a,0x27,0x4a,0x48,0x52,0x68,0x4a,0x27,0x4a,0x47,
    0x52,0x68,0x52,0x68,0x52,0x68,0x4a,0x27,0x73,0x6c,0x4a,0x47,0x52,0x68,0x52,0x68,0x5a,0xa9,0x4a,0x48,0x5a,0xc9,0x5a,0x89,
    0x4a,0x48,0x4a,0x27,0x52,0x68,0x52,0x89,0x5a,0x89,0x52,0x89,0x52,0x68,0x52,0x88,0x52,0x88,0x52,0x88,0x4a,0x27,0x41,0xe6,
    0x52,0x89,0x4a,0x48,0x4a,0x48,0x4a,0x27,0x52,0x68,0x4a,0x48,0x5a,0xa9,0x4a,0x27,0x52,0x48,0x4a,0x48,0x5a,0xa9,0x52,0x68,
    0x4a,0x27,0x4a,0x48,0x4a,0x48,0x42,0x07,0x42,0x07,0x41,0xe6,0x4a,0x68,0x4a,0x27,0x4a,0x27,0x42,0x07,0x4a,0x27,0x42,0x07,
    0x52,0x68,0x4a,0x48,0x41,0xe6,0x42,0x07,0x4a,0x47,0x4a,0x47,0x52,0x68,0x4a,0x48,0x4a,0x48,0x4a,0x48,0x42,0x27,0x4a,0x48,
    0x4a,0x07,0x4a,0x27,0x52,0x68,0x52,0x68,0x4a,0x27,0x4a,0x48,0x5a,0x89,0x52,0x88,0x4a,0x48,0x4a,0x48,0x52,0x68,0x52,0x68,
    0x4a,0x48,0x4a,0x27,0x52,0x48,0x4a,0x48,0x4a,0x47,0x42,0x27,0x42,0x07,0x4a,0x27,0x52,0x68,0x52,0x89,0x42,0x27,0x4a,0x47,
    0x4a,0x27,0x4a,0x27,0x42,0x07,0x4a,0x27,0x4a,0x27,0x4a,0x27,0x41,0xe7,0x4a,0x48,0x4a,0x27,0x4a,0x27,0x4a,0x48,0x5a,0xa9,
    0x4a,0x48,0x4a,0x27,0x52,0x88,0x52,0x68,0x4a,0x27,0x42,0x07,0x39,0xe6,0x42,0x07,0x4a,0x27,0x41,0xe7,0x39,0xa6,0x41,0xe7,
    0x4a,0x27,0x39,0xc6,0x39,0xc6,0x31,0xa5,0x4a,0x47,0x4a,0x27,0x42,0x27,0x39,0xe6,0x4a,0x27,0x4a,0x27,0x4a,0x27,0x4a,0x48,
    0x42,0x07,0x42,0x07,0x41,0xe6,0x42,0x07,0x39,0xa6,0x41,0xe6,0x41,0xe7,0x4a,0x47,0x42,0x27,0x4a,0x27,0x4a,0x27,0x52,0x68,
    0x52,0x89,0x5a,0x89,0x42,0x07,0x4a,0x27,0x52,0x88,0x5a,0xa9,0x42,0x07,0x4a,0x27,0x4a,0x47,0x4a,0x47,0x4a,0x27,0x52,0x68,
    0x4a,0x48,0x4a,0x47,0x52,0x89,0x4a,0x48,0x4a,0x27,0x4a,0x48,0x4a,0x27,0x4a,0x27,0x52,0x68,0x52,0x68,0x52,0x89,0x5a,0xa9,
    0x4a,0x48,0x52,0x48,0x52,0x88,0x4a,0x27,0x52,0x68,0x52,0x88,0x52,0x68,0x52,0x68,0x4a,0x48,0x52,0x88,0x4a,0x27,0x4a,0x48,
    0x5a,0xc9,0x5a,0xc9,0x4a,0x27,0x52,0x89,0x52,0x68,0x5a,0xa9,0x5a,0xa9,0x5a,0xa9,0x52,0x88,0x52,0x68,0x5a,0xa9,0x52,0x88,
    0x5a,0xa9,0x5a,0x88,0x5a,0xa9,0x62,0xea,0x5a,0xc9,0x5a,0xc9,0x52,0x68,0x5a,0x89,0x52,0x88,0x73,0x4b,0x63,0x0a,0x5a,0xa9,
    0x5a,0x88,0x5a,0xc9,0x7b,0x8c,0x62,0xc9,0x62,0xc9,0x5a,0xa9,0x52,0x89,0x52,0x68,0x62,0xea,0x5a,0xa9,0x6b,0x2a,0x62,0xe9,
    0x62,0xc9,0x5a,0xa9,0x62,0xe9,0x62,0xea,0x52,0x88,0x62,0xe9,0x62,0xc9,0x62,0xc9,0x73,0x6b,0x62,0xca,0x42,0x07,0x4a,0x68,
    0x5a,0xa9,0x52,0x68,0x4a,0x48,0x52,0x89,0x52,0x88,0x42,0x07,0x4a,0x48,0x4a,0x48,0x52,0x88,0x4a,0x27,0x4a,0x48,0x4a,0x48,
    0x4a,0x48,0x52,0x88,0x52,0x48,0x52,0x68,0x42,0x07,0x4a,0x27,0x52,0x48,0x5a,0xa9,0x4a,0x27,0x52,0x47,0x52,0x48,0x4a,0x27,
    0x5a,0x89,0x5a,0x89,0x4a,0x27,0x52,0x68,0x52,0x48,0x4a,0x27,0x4a,0x27,0x4a,0x48,0x52,0x68,0x42,0x07,0x4a,0x27,0x4a,0x27,
    0x4a,0x47,0x4a,0x47,0x52,0x48,0x42,0x07,0x52,0x88,0x41,0xe6,0x42,0x07,0x4a,0x27,0x4a,0x48,0x52,0x68,0x5a,0x88,0x5a,0x88,
    0x4a,0x27,0x4a,0x27,0x62,0xea,0x73,0x6b,0x4a,0x27,0x5a,0xa9,0x5a,0x89,0x52,0x68,0x52,0x47,0x52,0x88,0x5a,0x88,0x5a,0xa9,
    0x4a,0x27,0x52,0x68,0x4a,0x48,0x52,0x88,0x4a,0x27,0x4a,0x27,0x62,0xc9,0x5a,0xa9,0x52,0x68,0x5a,0xa9,0x62,0xc9,0x52,0x68,
    0x5a,0x88,0x52,0x47,0x52,0x88,0x52,0x88,0x4a,0x27,0x52,0x68,0x52,0x68,0x5a,0xa9,0x52,0x68,0x52,0x68,0x52,0x68,0x5a,0xa9,
    0x52,0x68,0x5a,0xc9,0x5a,0xa9,0x52,0x68,0x52,0x68,0x5a,0xc9,0x62,0xca,0x4a,0x47,0x5a,0xa9,0x52,0x88,0x52,0x68,0x52,0x68,
    0x5a,0xa8,0x5a,0x88,0x52,0x68,0x52,0x68,0x52,0x68,0x62,0xea,0x62,0xea,0x5a,0x89,0x52,0x88,0x62,0xca,0x4a,0x48,0x4a,0x27,
    0x52,0x68,0x52,0x68,0x52,0x68,0x5a,0xa9,0x4a,0x48,0x4a,0x48,0x42,0x07,0x4a,0x48,0x4a,0x47,0x4a,0x48,0x52,0x68,0x52,0x68,
    0x52,0x48,0x4a,0x27,0x5a,0xa9,0x52,0x89,0x4a,0x27,0x4a,0x48,0x62,0xc9,0x5a,0xa9,0x4a,0x47,0x41,0xe6,0x52,0x68,0x52,0x68,
    0x4a,0x48,0x4a,0x48,0x42,0x07,0x4a,0x68,0x52,0x88,0x42,0x07,0x52,0x68,0x42,0x07,0x62,0xea,0x6b,0x0a,0x52,0x48,0x4a,0x48,
    0x4a,0x48,0x52,0x68,0x4a,0x48,0x4a,0x47,0x52,0x68,0x4a,0x48,0x5a,0xa9,0x4a,0x48,0x52,0x88,0x4a,0x48,0x41,0xe6,0x42,0x27,
    0x42,0x07,0x4a,0x48,0x42,0x07,0x42,0x07,0x42,0x07,0x4a,0x27,0x4a,0x27,0x4a,0x48,0x4a,0x48,0x4a,0x48,0x52,0x68,0x52,0x68,
    0x52,0x68,0x52,0x68,0x52,0x68,0x52,0x68,0x52,0x48,0x5a,0xa9,0x52,0x68,0x4a,0x47,0x41,0xe6,0x41,0xe6,0x4a,0x68,0x52,0x68,
    0x4a,0x48,0x4a,0x47,0x42,0x07,0x52,0x48,0x4a,0x27,0x42,0x07,0x4a,0x47,0x42,0x07,0x52,0x88,0x5a,0x88,0x5a,0x89,0x5a,0x89,
    0x5a,0xa9,0x52,0x68,0x63,0x0a,0x52,0x68,0x6b,0x0a,0x62,0xea,0x52,0x68,0x4a,0x27,0x5a,0xc9,0x62,0xca,0x62,0xc9,0x6a,0xea,
    0x4a,0x47,0x52,0x89,0x5a,0xa9,0x63,0x0a,0x4a,0x27,0x5a,0xa9,0x5a,0xa9,0x7b,0xad,0x52,0x88,0x5a,0x88,0x52,0x68,0x62,0xea,
    0x4a,0x47,0x41,0xe6,0x4a,0x47,0x52,0x68,0x5a,0xc9,0x52,0x47,0x4a,0x06,0x5a,0xa9,0x5a,0xa9,0x4a,0x47,0x4a,0x27,0x52,0x68,
    0x5a,0x88,0x52,0x68,0x5a,0x88,0x62,0xc9,0x62,0xe9,0x5a,0xa9,0x52,0x68,0x4a,0x27,0x62,0xea,0x5a,0xa9,0x52,0x48,0x4a,0x47,
    0x62,0xc9,0x62,0xc9,0x5a,0x89,0x5a,0x88,0x52,0x48,0x52,0x68,0x4a,0x47,0x5a,0xa9,0x52,0x68,0x52,0x88,0x52,0x68,0x5a,0xa9,
    0x52,0x88,0x5a,0x88,0x5a,0xa9,0x5a,0xc9,0x52,0x47,0x5a,0xa8,0x73,0x2b,0x73,0x6c,0x5a,0xa9,0x73,0x4b,0x62,0xca,0x52,0x68,
    0x52,0x48,0x5a,0x88,0x6b,0x2b,0x62,0xc9,0x5a,0xa9,0x41,0xe6,0x4a,0x27,0x41,0xe6,0x5a,0x88,0x42,0x07,0x42,0x07,0x42,0x06,
    0x5a,0xa9,0x52,0x68,0x52,0x68,0x41,0xc6,0x52,0x68,0x4a,0x47,0x4a,0x27,0x4a,0x47,0x5a,0xa9,0x52,0x68,0x5a,0xa9,0x41,0xe6,
    0x62,0xc9,0x4a,0x47,0x4a,0x27,0x42,0x06,0x39,0xc6,0x52,0x68,0x4a,0x47,0x42,0x07,0x4a,0x27,0x41,0xe6,0x42,0x06,0x42,0x07,
    0x41,0xe6,0x5a,0xa9,0x52,0x68,0x5a,0xa9,0x52,0x88,0x5a,0xc9,0x5a,0xc9,0x52,0x68,0x5a,0xa9,0x62,0xea,0x52,0x68,0x5a,0xa9,
    0x5a,0xa9,0x73,0x6c,0x4a,0x48,0x63,0x0a,0x5a,0xa9,0x52,0x88,0x52,0x68,0x5a,0xa9,0x52,0x48,0x52,0x88,0x5a,0x89,0x62,0xea,
    0x52,0x68,0x5a,0xa9,0x52,0x88,0x52,0x89,0x52,0x68,0x52,0x68,0x62,0xca,0x52,0x89,0x5a,0xc9,0x52,0x89,0x52,0x68,0x62,0xc9,
    0x5a,0xa9,0x5a,0xc9,0x52,0x68,0x62,0xea,0x62,0xca,0x52,0x88,0x4a,0x48,0x4a,0x47,0x5a,0xa9,0x52,0x68,0x4a,0x48,0x52,0x68,
    0x52,0x48,0x4a,0x48,0x52,0x89,0x52,0x68,0x4a,0x27,0x52,0x88,0x62,0xea,0x5a,0xa9,0x52,0x68,0x5a,0x89,0x5a,0x89,0x5a,0xca,
    0x5a,0xa9,0x5a,0xa9,0x5a,0x89,0x62,0xea,0x52,0x89,0x52,0x68,0x52,0x89,0x5a,0xa9,0x5a,0xc9,0x5a,0xa9,0x5a,0xa9,0x52,0x89,
    0x5a,0xa9,0x5a,0xa9,0x52,0x89,0x62,0xea,0x5a,0x89,0x5a,0xa9,0x5a,0xc9,0x5a,0xa9,0x4a,0x48,0x52,0x89,0x52,0x89,0x4a,0x27,
    0x5a,0xa9,0x52,0x68,0x52,0x68,0x4a,0x48,0x5a,0x89,0x52,0x68,0x4a,0x48,0x4a,0x48,0x52,0x68,0x52,0x89,0x52,0x89,0x5a,0xa9,
    0x4a,0x48,0x52,0x88,0x52,0x89,0x4a,0x27,0x52,0x68,0x62,0xea,0x52,0x68,0x42,0x07,0x5a,0xa9,0x4a,0x48,0x5a,0x89,0x5a,0xc9,
    0x52,0x89,0x4a,0x48,0x5a,0xa9,0x5a,0x89,0x41,0xe6,0x42,0x07,0x42,0x07,0x4a,0x27,0x42,0x07,0x42,0x07,0x4a,0x27,0x4a,0x27,
    0x4a,0x48,0x52,0x68,0x4a,0x47,0x4a,0x48,0x52,0x88,0x5a,0xa9,0x4a,0x27,0x42,0x07,0x4a,0x27,0x42,0x07,0x52,0x68,0x52,0x68,
    0x52,0x88,0x4a,0x48,0x52,0x68,0x52,0x68,0x52,0x48,0x42,0x07,0x42,0x06,0x41,0xe6,0x52,0x48,0x4a,0x48,0x4a,0x48,0x42,0x07,
    0x4a,0x48,0x4a,0x27,0x52,0x48,0x52,0x68,0x4a,0x27,0x42,0x07,0x4a,0x48,0x52,0x68,0x4a,0x48,0x4a,0x27,0x5a,0x89,0x52,0x88,
    0x39,0xc6,0x4a,0x27,0x62,0xc9,0x52,0x68,0x4a,0x48,0x52,0x88,0x4a,0x47,0x4a,0x27,0x4a,0x47,0x4a,0x27,0x52,0x68,0x4a,0x27,
    0x52,0x68,0x52,0x68,0x52,0x68,0x52,0x68,0x52,0x88,0x5a,0xc9,0x52,0x68,0x52,0x68,0x52,0x68,0x4a,0x47,0x52,0x48,0x5a,0x89,
    0x4a,0x27,0x4a,0x47,0x52,0x48,0x52,0x68,0x4a,0x27,0x52,0x68,0x4a,0x48,0x4a,0x27,0x52,0x88,0x52,0x68,0x52,0x68,0x5a,0xa9,
    0x52,0x88,0x52,0x68,0x4a,0x48,0x4a,0x07,0x4a,0x48,0x4a,0x27,0x4a,0x27,0x4a,0x48,0x42,0x07,0x4a,0x47,0x4a,0x47,0x52,0x88,
    0x4a,0x47,0x42,0x07,0x4a,0x48,0x5a,0xa9,0x52,0x89,0x7b,0xad,0x6b,0x2b,0x6b,0x4b,0x4a,0x47,0x6b,0x2b,0x5a,0x88,0x5a,0x89,
    0x52,0x68,0x5a,0x88,0x52,0x47,0x52,0x68,0x52,0x88,0x4a,0x27,0x4a,0x47,0x52,0x68,0x4a,0x47,0x52,0x88,0x5a,0x88,0x5a,0xa8,
    0x52,0x89,0x52,0x88,0x52,0x88,0x5a,0xa9,0x4a,0x47,0x52,0x68,0x4a,0x48,0x52,0x88,0x52,0x68,0x4a,0x27,0x4a,0x27,0x52,0x88,
    0x52,0x68,0x4a,0x48,0x4a,0x27,0x4a,0x27,0x5a,0x88,0x52,0x68,0x52,0x68,0x4a,0x48,0x4a,0x47,0x52,0x68,0x4a,0x47,0x4a,0x27,
    0x52,0x68,0x52,0x68,0x42,0x07,0x4a,0x48,0x52,0x89,0x4a,0x48,0x4a,0x27,0x4a,0x27,0x52,0x68,0x52,0x88,0x52,0x88,0x52,0x68,
    0x4a,0x27,0x4a,0x48,0x4a,0x48,0x52,0x88,0x4a,0x27,0x4a,0x48,0x4a,0x27,0x4a,0x27,0x4a,0x47,0x4a,0x47,0x4a,0x27,0x4a,0x48,
    0x4a,0x47,0x4a,0x47,0x4a,0x48,0x52,0x68,0x52,0x88,0x52,0x88,0x5a,0xa9,0x4a,0x47,0x4a,0x48,0x52,0x89,0x4a,0x48,0x4a,0x27,
    0x52,0x88,0x5a,0xa9,0x52,0x68,0x52,0x89,0x52,0x88,0x4a,0x47,0x42,0x07,0x4a,0x68,0x4a,0x27,0x42,0x27,0x4a,0x48,0x4a,0x48,
    0x4a,0x27,0x4a,0x48,0x4a,0x27,0x4a,0x27,0x5a,0xa9,0x52,0x48,0x52,0x68,0x4a,0x27,0x5a,0xa9,0x4a,0x48,0x52,0x68,0x4a,0x47,
    0x42,0x07,0x4a,0x48,0x4a,0x27,0x52,0x68,0x4a,0x27,0x52,0x68,0x42,0x07,0x52,0x88,0x52,0x68,0x4a,0x47,0x62,0xc9,0x52,0x68,
    0x5a,0xa9,0x6b,0x2b,0x5a,0xc9,0x5a,0xc9,0x5a,0xa9,0x5a,0x89,0x5a,0xc9,0x52,0x68,0x52,0x88,0x52,0x68,0x52,0x88,0x4a,0x48,
    0x4a,0x48,0x5a,0xc9,0x52,0x89,0x52,0x68,0x52,0x68,0x5a,0xa9,0x4a,0x48,0x42,0x27,0x52,0x88,0x52,0x68,0x52,0x68,0x5a,0xa9,
    0x5a,0xa9,0x5a,0xa9,0x4a,0x27,0x5a,0xc9,0x4a,0x48,0x4a,0x27,0x52,0x68,0x52,0x89,0x52,0x89,0x5a,0xa9,0x5a,0x88,0x52,0x88,
    0x4a,0x27,0x4a,0x48,0x52,0x68,0x4a,0x48,0x42,0x07,0x4a,0x48,0x4a,0x48,0x52,0x89,0x4a,0x27,0x42,0x07,0x4a,0x48,0x5a,0x89,
    0x4a,0x48,0x4a,0x48,0x52,0x89,0x52,0x68,0x62,0xca,0x62,0xea,0x5a,0xa9,0x4a,0x27,0x5a,0x89,0x5a,0xa9,0x52,0x89,0x5a,0xa9,
    0x4a,0x48,0x52,0x89,0x4a,0x48,0x42,0x07,0x52,0x89,0x52,0x89,0x4a,0x27,0x4a,0x27,0x52,0x88,0x52,0x68,0x5a,0xa9,0x5a,0x88,
    0x52,0x68,0x4a,0x47,0x5a,0x88,0x5a,0x88,0x42,0x07,0x52,0x68,0x52,0x68,0x62,0xea,0x4a,0x27,0x4a,0x47,0x52,0x68,0x52,0x47,
    0x52,0x68,0x52,0x68,0x5a,0x88,0x52,0x47,0x52,0x88,0x5a,0xa9,0x5a,0x89,0x5a,0x88,0x62,0xe9,0x5a,0xa9,0x6b,0x0a,0x62,0xea,
    0x62,0xc9,0x5a,0x89,0x52,0x89,0x52,0x89,0x5a,0xc9,0x4a,0x48,0x4a,0x48,0x52,0x89,0x5a,0xa8,0x52,0x68,0x5a,0x88,0x5a,0xa9,
    0x62,0xea,0x4a,0x27,0x52,0x68,0x4a,0x48,0x62,0xea,0x42,0x07,0x52,0x68,0x4a,0x48,0x4a,0x48,0x52,0x88,0x4a,0x48,0x42,0x07,
    0x42,0x07,0x52,0x68,0x52,0x68,0x4a,0x47,0x4a,0x48,0x42,0x06,0x42,0x07,0x52,0x88,0x52,0x48,0x42,0x07,0x42,0x07,0x4a,0x48,
    0x42,0x07,0x42,0x27,0x52,0x68,0x52,0x68,0x4a,0x48,0x52,0x68,0x5a,0xc9,0x62,0xc9,0x5a,0xa9,0x62,0xc9,0x5a,0xc9,0x5a,0xa9,
    0x52,0x68,0x4a,0x27,0x42,0x07,0x5a,0x89,0x52,0x89,0x52,0x68,0x52,0x68,0x5a,0xc9,0x5a,0x89,0x52,0x68,0x52,0x68,0x52,0x48,
    0x52,0x89,0x5a,0xa9,0x52,0x88,0x4a,0x47,0x4a,0x48,0x4a,0x48,0x52,0x68,0x52,0x48,0x52,0x68,0x52,0x68,0x5a,0xc9,0x5a,0x89,
    0x52,0x68,0x4a,0x47,0x5a,0xa9,0x62,0xc9,0x4a,0x27,0x4a,0x27,0x52,0x68,0x42,0x07,0x4a,0x47,0x39,0xc6,0x4a,0x27,0x4a,0x27,
    0x4a,0x47,0x4a,0x27,0x52,0x68,0x52,0x68,0x42,0x07,0x42,0x07,0x42,0x07,0x52,0x68,0x52,0x88,0x5a,0xa9,0x52,0x88,0x52,0x68,
    0x5a,0xa9,0x63,0x0a,0x52,0x89,0x4a,0x47,0x52,0x88,0x4a,0x48,0x52,0x89,0x5a,0x89,0x4a,0x48,0x52,0x68,0x52,0x68,0x5a,0xa9,
    0x52,0x89,0x52,0x89,0x52,0x89,0x52,0x68,0x5a,0x89,0x52,0x89,0x5a,0x89,0x4a,0x48,0x52,0x68,0x4a,0x27,0x52,0x68,0x52,0x68,
    0x4a,0x48,0x4a,0x47,0x52,0x89,0x52,0x68,0x52,0x68,0x41,0xe6,0x42,0x07,0x41,0xe6,0x52,0x48,0x4a,0x27,0x4a,0x27,0x4a,0x27,
    0x4a,0x27,0x4a,0x27,0x52,0x68,0x52,0x68,0x52,0x68,0x63,0x0a,0x5a,0xc9,0x4a,0x27,0x4a,0x27,0x5a,0xa9,0x4a,0x27,0x42,0x07,
    0x4a,0x48,0x5a,0x88,0x4a,0x27,0x4a,0x27,0x4a,0x27,0x52,0x68,0x52,0x68,0x4a,0x47,0x4a,0x27,0x52,0x48,0x52,0x68,0x52,0x68,
    0x52,0x68,0x4a,0x27,0x4a,0x47,0x42,0x07,0x52,0x48,0x4a,0x27,0x5a,0x88,0x52,0x47,0x52,0x68,0x4a,0x47,0x5a,0x88,0x5a,0x88,
    0x52,0x47,0x5a,0x88,0x52,0x67,0x52,0x68,0x52,0x68,0x52,0x47,0x52,0x68,0x52,0x88,0x4a,0x47,0x5a,0xa8,0x5a,0xa8,0x52,0x47,
    0x52,0x68,0x52,0x89,0x5a,0xc9,0x5a,0x88,0x5a,0xa9,0x52,0x88,0x62,0xea,0x6b,0x4b,0x52,0x47,0x42,0x07,0x4a,0x27,0x4a,0x48,
    0x52,0x67,0x52,0x88,0x4a,0x47,0x4a,0x27,0x52,0x68,0x5a,0xa8,0x52,0x67,0x4a,0x27,0x4a,0x47,0x52,0x67,0x4a,0x27,0x52,0x68,
    0x4a,0x47,0x4a,0x27,0x4a,0x48,0x52,0x68,0x4a,0x07,0x4a,0x47,0x5a,0xc9,0x52,0x68,0x52,0x47,0x5a,0x88,0x5a,0xa9,0x52,0x68,
    0x52,0x67,0x52,0x68,0x52,0x68,0x52,0x68,0x5a,0xa9,0x4a,0x48,0x52,0x89,0x52,0x68,0x52,0x68,0x52,0x68,0x52,0x68,0x5a,0x89,
    0x5a,0xa9,0x52,0x89,0x5a,0xc9,0x52,0x68,0x5a,0x89,0x4a,0x48,0x52,0x48,0x42,0x27,0x4a,0x47,0x5a,0xa9,0x5a,0xc9,0x5a,0xc9,
    0x52,0x88,0x52,0x68,0x52,0x89,0x5a,0xa9,0x52,0x68,0x5a,0xa9,0x5a,0xa9,0x4a,0x48,0x52,0x68,0x52,0x68,0x52,0x89,0x4a,0x48,
    0x52,0x68,0x42,0x07,0x52,0x48,0x6b,0x0a,0x52,0x88,0x4a,0x47,0x5a,0xa9,0x62,0xc9,0x52,0x68,0x52,0x88,0x62,0xea,0x5a,0xa9,
    0x5a,0xa9,0x52,0x48,0x5a,0xa9,0x62,0xea,0x6b,0x2a,0x5a,0xca,0x5a,0xa9,0x5a,0xa9,0x6b,0x2b,0x62,0xea,0x5a,0xa9,0x5a,0xc9,
    0x52,0x88,0x4a,0x27,0x5a,0xa9,0x62,0xc9,0x52,0x89,0x5a,0xa9,0x5a,0xa9,0x6b,0x0a,0x62,0xc9,0x62,0xc9,0x6b,0x2b,0x73,0x6c,
    0x5a,0xc9,0x52,0x88,0x6b,0x0a,0x5a,0xc9,0x52,0x88,0x5a,0xc9,0x52,0x88,0x4a,0x48,0x5a,0xc9,0x52,0x68,0x52,0x68,0x4a,0x48,
    0x5a,0xa9,0x52,0x68,0x52,0x68,0x5a,0xa9,0x52,0x88,0x4a,0x48,0x4a,0x27,0x52,0x68,0x5a,0x89,0x52,0x88,0x5a,0xa9,0x42,0x07,
    0x52,0x88,0x6b,0x0a,0x4a,0x48,0x41,0xe6,0x52,0x68,0x4a,0x48,0x52,0x68,0x5a,0xa9,0x52,0x68,0x42,0x07,0x4a,0x48,0x52,0x48,
    0x5a,0xa9,0x52,0x68,0x5a,0xa9,0x5a,0xa9,0x52,0x68,0x52,0x68,0x5a,0xa8,0x62,0xea,0x52,0x88,0x39,0xe6,0x42,0x07,0x41,0xe6,
    0x4a,0x27,0x52,0x88,0x39,0xe6,0x42,0x06,0x52,0x48,0x52,0x68,0x4a,0x47,0x52,0x68,0x5a,0x88,0x4a,0x27,0x52,0x47,0x52,0x67,
    0x4a,0x27,0x5a,0xa9,0x52,0x68,0x5a,0xa9,0x6b,0x2b,0x63,0x0a,0x52,0x68,0x4a,0x47,0x6b,0x2a,0x73,0x4b,0x6b,0x2a,0x42,0x07,
    0x52,0x67,0x62,0xc9,0x52,0x68,0x41,0xe6,0x5a,0xa9,0x5a,0xa9,0x52,0x67,0x62,0xc9,0x52,0x68,0x5a,0xca,0x52,0x68,0x42,0x06,
    0x5a,0xa9,0x5a,0xa9,0x52,0x68,0x52,0x68,0x5a,0xa9,0x52,0x88,0x4a,0x27,0x52,0x47,0x5a,0xa9,0x5a,0xc9,0x52,0x68,0x52,0x68,
    0x52,0x47,0x62,0xc9,0x5a,0xa9,0x52,0x48,0x4a,0x47,0x5a,0x88,0x6b,0x2a,0x5a,0xa9,0x5a,0x88,0x52,0x68,0x62,0xc9,0x5a,0xc9,
    0x5a,0xa9,0x62,0xea,0x4a,0x48,0x4a,0x27,0x4a,0x27,0x5a,0xa9,0x4a,0x48,0x42,0x07,0x52,0x88,0x52,0x88,0x4a,0x27,0x4a,0x27,
    0x5a,0xc9,0x4a,0x68,0x42,0x07,0x52,0x68,0x52,0x68,0x4a,0x48,0x4a,0x48,0x4a,0x48,0x52,0x88,0x52,0x68,0x4a,0x48,0x5a,0xc9,
    0x52,0x68,0x52,0x88,0x5a,0xa9,0x52,0x48,0x52,0x88,0x4a,0x48,0x4a,0x48,0x52,0x68,0x4a,0x27,0x42,0x27,0x4a,0x48,0x4a,0x27,
    0x52,0x89,0x4a,0x48,0x52,0x68,0x4a,0x27,0x5a,0xc9,0x5a,0x88,0x4a,0x48,0x4a,0x48,0x4a,0x27,0x5a,0x88,0x5a,0xa9,0x4a,0x48,
    0x42,0x27,0x42,0x07,0x39,0xe6,0x52,0x68,0x41,0xe6,0x4a,0x27,0x39,0xe6,0x52,0x48,0x42,0x27,0x4a,0x27,0x42,0x07,0x52,0x68,
    0x4a,0x27,0x41,0xe6,0x42,0x07,0x4a,0x48,0x5a,0xc9,0x5a,0xa9,0x5a,0x89,0x52,0x89,0x62,0xea,0x5a,0xa8,0x62,0xc9,0x5a,0xc9,
    0x63,0x0a,0x52,0x68,0x52,0x68,0x73,0x6c,0x52,0x68,0x6b,0x0b,0x6b,0x4b,0x6b,0x2b,0x4a,0x27,0x4a,0x27,0x5a,0xa9,0x5a,0xa9,
    0x52,0x88,0x52,0x68,0x52,0x88,0x5a,0xa9,0x62,0xea,0x52,0x48,0x42,0x07,0x5a,0xa9,0x5a,0x89,0x63,0x0b,0x52,0x88,0x6b,0x0a,
    0x52,0x68,0x42,0x07,0x5a,0xa9,0x52,0x68,0x4a,0x48,0x52,0x68,0x4a,0x47,0x39,0xc6,0x4a,0x48,0x52,0x88,0x42,0x07,0x42,0x07,
    0x42,0x07,0x4a,0x27,0x4a,0x27,0x4a,0x27,0x42,0x07,0x4a,0x47,0x52,0x68,0x52,0x68,0x42,0x07,0x41,0xe6,0x4a,0x27,0x4a,0x47,
    0x42,0x27,0x4a,0x48,0x4a,0x48,0x42,0x07,0x52,0x68,0x4a,0x48,0x4a,0x48,0x42,0x27,0x52,0x68,0x52,0x88,0x4a,0x07,0x41,0xe6,
    0x5a,0xa9,0x52,0x48,0x42,0x07,0x42,0x06,0x4a,0x27,0x4a,0x27,0x42,0x07,0x4a,0x47,0x42,0x07,0x4a,0x27,0x42,0x07,0x4a,0x27,
    0x4a,0x47,0x5a,0xa9,0x4a,0x47,0x4a,0x27,0x4a,0x27,0x4a,0x27,0x4a,0x07,0x4a,0x47,0x52,0x68,0x52,0x47,0x4a,0x07,0x4a,0x07,
    0x52,0x47,0x52,0x47,0x52,0x48,0x4a,0x47,0x4a,0x27,0x52,0x88,0x5a,0xc9,0x62,0xc9,0x4a,0x47,0x52,0x47,0x52,0x47,0x52,0x67,
    0x4a,0x47,0x4a,0x47,0x42,0x06,0x52,0x68,0x4a,0x27,0x4a,0x06,0x4a,0x27,0x4a,0x07,0x4a,0x27,0x41,0xe6,0x41,0xe6,0x42,0x06,
    0x42,0x06,0x42,0x06,0x41,0xe6,0x31,0x85,0x52,0x68,0x39,0xc6,0x42,0x06,0x39,0xc6,0x41,0xe6,0x42,0x07,0x4a,0x27,0x42,0x06,
    0x4a,0x27,0x4a,0x27,0x4a,0x27,0x42,0x07,0x39,0xe6,0x4a,0x27,0x4a,0x27,0x4a,0x47,0x41,0xe6,0x41,0xe6,0x41,0xe6,0x4a,0x27,
    0x41,0xe6,0x39,0xa5,0x31,0xa5,0x39,0xc6,0x42,0x07,0x63,0x0a,0x5a,0xc9,0x52,0x88,0x4a,0x47,0x41,0xe6,0x5a,0xc9,0x5a,0x88,
    0x4a,0x27,0x52,0x68,0x39,0xc6,0x39,0xc6,0x5a,0xa9,0x4a,0x27,0x42,0x06,0x4a,0x27,0x52,0x68,0x4a,0x27,0x5a,0xc9,0x52,0x68,
    0x4a,0x27,0x52,0x88,0x4a,0x27,0x52,0x68,0x5a,0xa9,0x73,0x4b,0x5a,0xc9,0x5a,0x88,0x52,0x68,0x6b,0x2a,0x73,0x4b,0x52,0x88,
    0x52,0x47,0x4a,0x27,0x5a,0x89,0x52,0x89,0x4a,0x47,0x52,0x68,0x52,0x68,0x52,0x68,0x52,0x68,0x5a,0x88,0x4a,0x47,0x5a,0x88,
    0x4a,0x47,0x52,0x68,0x52,0x88,0x52,0x68,0x62,0xea,0x5a,0x89,0x5a,0xa9,0x62,0xea,0x7b,0x8d,0x6b,0x4b,0x5a,0xca,0x5a,0xa9,
    0x62,0xc9,0x62,0xea,0x52,0x68,0x52,0x89,0x5a,0xa9,0x5a,0xa9,0x52,0x68,0x52,0x48,0x62,0xea,0x5a,0xa9,0x5a,0x89,0x5a,0xa9,
    0x5a,0xa9,0x52,0x89,0x52,0x88,0x4a,0x48,0x52,0x88,0x52,0x89,0x52,0x68,0x52,0x89,0x4a,0x27,0x52,0x68,0x5a,0xa9,0x5a,0xa9,
    0x52,0x89,0x52,0x89,0x52,0x68,0x52,0x68,0x52,0x89,0x52,0x89,0x52,0x89,0x52,0x68,0x52,0x68,0x52,0x88,0x5a,0xa9,0x5a,0xa9,
    0x52,0x68,0x5a,0x89,0x6b,0x0a,0x5a,0xa9,0x5a,0xa9,0x52,0x89,0x52,0x68,0x52,0x68,0x5a,0xa9,0x42,0x27,0x41,0xe6,0x52,0x68,
    0x5a,0x89,0x52,0x68,0x4a,0x48,0x52,0x68,0x4a,0x48,0x4a,0x27,0x52,0x68,0x4a,0x27,0x4a,0x48,0x52,0x88,0x4a,0x48,0x52,0x48,
    0x63,0x0a,0x5a,0xa9,0x5a,0xa9,0x52,0x68,0x52,0x88,0x5a,0xa9,0x52,0x68,0x5a,0x89,0x52,0x68,0x5a,0x89,0x62,0xea,0x6b,0x2b,
    0x4a,0x27,0x52,0x89,0x4a,0x27,0x4a,0x47,0x52,0x68,0x62,0xc9,0x62,0xc9,0x5a,0xa9,0x52,0x68,0x62,0xc9,0x5a,0xa9,0x39,0xa5,
    0x52,0x48,0x5a,0xc9,0x42,0x06,0x29,0x65,0x42,0x06,0x4a,0x27,0x62,0xc9,0x4a,0x47,0x52,0x88,0x4a,0x48,0x5a,0xa9,0x5a,0xc9,
    0x4a,0x27,0x52,0x68,0x52,0x68,0x63,0x0a,0x5a,0xa9,0x52,0x68,0x52,0x88,0x4a,0x48,0x4a,0x47,0x62,0xea,0x52,0x89,0x5a,0xa9,
    0x52,0x88,0x4a,0x48,0x62,0xca,0x62,0xea,0x5a,0xa9,0x5a,0xa9,0x5a,0xa9,0x62,0xca,0x52,0x68,0x6b,0x0a,0x52,0x68,0x52,0x68,
    0x5a,0xa9,0x4a,0x48,0x52,0x68,0x4a,0x48,0x4a,0x48,0x4a,0x27,0x52,0x68,0x4a,0x27,0x52,0x68,0x4a,0x27,0x5a,0xa9,0x52,0x68,
    0x4a,0x48,0x5a,0xa9,0x52,0x68,0x52,0x68,0x4a,0x48,0x4a,0x27,0x52,0x48,0x4a,0x47,0x52,0x68,0x42,0x07,0x52,0x68,0x4a,0x48,
    0x5a,0xa9,0x52,0x68,0x52,0x68,0x4a,0x47,0x5a,0x89,0x5a,0xa9,0x5a,0xa9,0x42,0x07,0x4a,0x27,0x42,0x07,0x41,0xe6,0x42,0x07,
    0x52,0x68,0x4a,0x27,0x42,0x07,0x4a,0x27,0x52,0x68,0x4a,0x47,0x4a,0x27,0x42,0x06,0x52,0x88,0x52,0x68,0x52,0x48,0x4a,0x68,
    0x52,0x68,0x42,0x07,0x4a,0x48,0x4a,0x48,0x4a,0x27,0x4a,0x48,0x52,0x68,0x4a,0x27,0x4a,0x27,0x4a,0x68,0x52,0x68,0x42,0x07,
    0x4a,0x48,0x52,0x68,0x42,0x07,0x42,0x07,0x52,0x68,0x52,0x68,0x42,0x27,0x4a,0x27,0x4a,0x47,0x42,0x07,0x42,0x07,0x4a,0x28,
    0x4a,0x27,0x52,0x88,0x4a,0x27,0x4a,0x48,0x42,0x07,0x4a,0x27,0x4a,0x27,0x52,0x88,0x4a,0x48,0x4a,0x48,0x42,0x07,0x42,0x07,
    0x4a,0x27,0x4a,0x27,0x42,0x07,0x42,0x07,0x4a,0x48,0x42,0x07,0x4a,0x47,0x42,0x07,0x52,0x68,0x4a,0x48,0x4a,0x27,0x42,0x07,
    0x42,0x27,0x52,0x68,0x5a,0x89,0x4a,0x48,0x42,0x07,0x52,0x68,0x52,0x68,0x52,0x68,0x42,0x07,0x52,0x68,0x5a,0x89,0x52,0x88,
    0x52,0x68,0x4a,0x48,0x52,0x68,0x5a,0xa9,0x4a,0x27,0x4a,0x48,0x4a,0x48,0x52,0x68,0x52,0x68,0x52,0x68,0x52,0x48,0x52,0x68,
    0x52,0x68,0x5a,0xa9,0x62,0xc9,0x5a,0xa9,0x4a,0x48,0x62,0xea,0x6b,0x0b,0x4a,0x48,0x4a,0x48,0x4a,0x27,0x52,0x68,0x5a,0xa9,
    0x4a,0x48,0x52,0x88,0x52,0x68,0x52,0x88,0x52,0x68,0x52,0x48,0x5a,0xa9,0x52,0x89,0x52,0x68,0x52,0x68,0x5a,0xc9,0x5a,0xa9,
    0x52,0x88,0x52,0x68,0x52,0x88,0x52,0x68,0x52,0x68,0x4a,0x48,0x5a,0xa9,0x5a,0xc9,0x5a,0xc9,0x52,0x88,0x5a,0xa9,0x5a,0xca,
    0x52,0x88,0x52,0x68,0x52,0x88,0x5a,0xa9,0x52,0x89,0x5a,0xa9,0x52,0x68,0x52,0x68,0x52,0x89,0x5a,0xa9,0x62,0xea,0x5a,0x89,
    0x52,0x89,0x52,0x68,0x62,0xea,0x52,0x88,0x62,0xea,0x52,0x68,0x5a,0xa9,0x5a,0xc9,0x52,0x68,0x5a,0xa9,0x4a,0x48,0x5a,0xca,
    0x4a,0x48,0x52,0x88,0x4a,0x48,0x52,0x88,0x52,0x89,0x5a,0x89,0x4a,0x48,0x4a,0x27,0x5a,0xca,0x62,0xc9,0x52,0x68,0x4a,0x27,
    0x52,0x88,0x52,0x88,0x5a,0xa9,0x5a,0xa9,0x5a,0xa9,0x52,0x88,0x5a,0x89,0x5a,0x88,0x52,0x68,0x5a,0xc9,0x4a,0x48,0x52,0x89,
    0x52,0x68,0x4a,0x48,0x4a,0x48,0x5a,0xa9,0x5a,0x89,0x52,0x68,0x5a,0xc9,0x62,0xc9,0x5a,0xa9,0x62,0xe9,0x5a,0xa9,0x63,0x0a,
    0x62,0xc9,0x5a,0xa9,0x6b,0x4c,0x62,0xc9,0x5a,0xa9,0x5a,0x88,0x73,0x6b,0x6b,0x2a,0x5a,0xa9,0x62,0xea,0x62,0xc9,0x62,0xc9,
    0x52,0x88,0x6b,0x0a,0x5a,0xc9,0x52,0x68,0x5a,0x88,0x62,0xea,0x62,0xea,0x4a,0x48,0x4a,0x47,0x5a,0xa9,0x41,0xe6,0x4a,0x47,
    0x5a,0xa9,0x52,0x48,0x41,0xe7,0x4a,0x27,0x4a,0x27,0x42,0x07,0x42,0x27,0x42,0x07,0x52,0x68,0x42,0x07,0x4a,0x48,0x4a,0x27,
    0x4a,0x27,0x4a,0x27,0x52,0x68,0x4a,0x27,0x42,0x27,0x42,0x27,0x4a,0x48,0x4a,0x27,0x4a,0x27,0x4a,0x47,0x52,0x68,0x4a,0x48,
    0x52,0x68,0x52,0x68,0x4a,0x27,0x4a,0x27,0x52,0x68,0x4a,0x27,0x42,0x07,0x42,0x07,0x52,0x88,0x5a,0xa9,0x52,0x68,0x4a,0x27,
    0x4a,0x27,0x4a,0x48,0x52,0x68,0x5a,0xc9,0x42,0x07,0x42,0x27,0x4a,0x48,0x62,0xc9,0x4a,0x27,0x42,0x27,0x4a,0x48,0x4a,0x47,
    0x52,0x68,0x4a,0x48,0x52,0x68,0x5a,0x89,0x52,0x68,0x4a,0x47,0x42,0x07,0x5a,0xa9,0x52,0x88,0x52,0x48,0x4a,0x47,0x52,0x68,
    0x4a,0x27,0x52,0x68,0x52,0x48,0x4a,0x27,0x5a,0xa9,0x52,0x88,0x52,0x68,0x4a,0x47,0x5a,0xa9,0x52,0x88,0x4a,0x47,0x4a,0x27,
    0x4a,0x47,0x52,0x68,0x4a,0x47,0x52,0x68,0x4a,0x27,0x4a,0x27,0x52,0x48,0x52,0x48,0x42,0x07,0x52,0x68,0x4a,0x48,0x4a,0x27,
    0x41,0xe6,0x4a,0x27,0x52,0x68,0x52,0x68,0x39,0xc6,0x42,0x07,0x4a,0x27,0x52,0x48,0x4a,0x27,0x4a,0x27,0x5a,0x89,0x5a,0x89,
    0x5a,0xa9,0x5a,0x89,0x42,0x27,0x52,0x68,0x5a,0xa9,0x62,0xea,0x4a,0x27,0x5a,0xa9,0x52,0x89,0x52,0x88,0x52,0x68,0x52,0x68,
    0x4a,0x27,0x42,0x07,0x4a,0x27,0x52,0x68,0x52,0x68,0x4a,0x27,0x52,0x48,0x4a,0x27,0x4a,0x48,0x4a,0x48,0x52,0x68,0x4a,0x47,
    0x4a,0x27,0x52,0x68,0x52,0x68,0x52,0x88,0x52,0x68,0x52,0x68,0x52,0x68,0x4a,0x48,0x5a,0x89,0x52,0x68,0x5a,0xa9,0x5a,0xa9,
    0x5a,0xc9,0x52,0x88,0x52,0x68,0x4a,0x48,0x5a,0x89,0x5a,0xa9,0x4a,0x48,0x4a,0x27,0x52,0x68,0x52,0x89,0x4a,0x48,0x4a,0x47,
    0x42,0x07,0x4a,0x27,0x4a,0x47,0x52,0x68,0x39,0xe6,0x5a,0xa9,0x5a,0xa9,0x52,0x68,0x62,0xc9,0x6b,0x2b,0x62,0xc9,0x52,0x88,
    0x5a,0xa9,0x5a,0xca,0x42,0x07,0x52,0x68,0x62,0xc9,0x62,0xea,0x52,0x68,0x5a,0xc9,0x52,0x68,0x5a,0xa9,0x62,0xea,0x52,0x68,
    0x52,0x48,0x5a,0xa9,0x6b,0x2b,0x52,0x68,0x5a,0xc9,0x5a,0xc9,0x5a,0xa9,0x52,0x68,0x5a,0xa9,0x4a,0x27,0x4a,0x27,0x5a,0x88,
    0x5a,0xa9,0x5a,0x89,0x52,0x88,0x4a,0x47,0x52,0x48,0x52,0x88,0x52,0x48,0x4a,0x27,0x5a,0xa9,0x5a,0xa9,0x4a,0x27,0x52,0x68,
    0x4a,0x27,0x52,0x47,0x52,0x88,0x5a,0xa9,0x4a,0x27,0x52,0x47,0x52,0x68,0x5a,0x88,0x4a,0x27,0x52,0x67,0x52,0x67,0x52,0x68,
    0x4a,0x47,0x5a,0x88,0x52,0x47,0x52,0x88,0x52,0x47,0x5a,0x88,0x52,0x68,0x52,0x68,0x52,0x67,0x5a,0xa9,0x52,0x88,0x52,0x47,
    0x4a,0x47,0x52,0x68,0x52,0x68,0x4a,0x06,0x4a,0x27,0x52,0x47,0x5a,0x68,0x4a,0x26,0x52,0x88,0x5a,0x88,0x5a,0x88,0x62,0xca,
    0x52,0x68,0x4a,0x48,0x52,0x68,0x52,0x88,0x52,0x68,0x5a,0x88,0x52,0x67,0x52,0x67,0x4a,0x27,0x5a,0x88,0x52,0x88,0x52,0x68,
    0x6b,0x0b,0x5a,0x89,0x5a,0xa9,0x52,0x68,0x5a,0xca,0x5a,0xa9,0x52,0x89,0x52,0x68,0x52,0x68,0x52,0x68,0x52,0x68,0x4a,0x27,
    0x52,0x89,0x52,0x68,0x4a,0x48,0x5a,0x89,0x52,0x68,0x52,0x68,0x52,0x88,0x52,0x88,0x5a,0x89,0x52,0x68,0x4a,0x27,0x4a,0x68,
    0x52,0x68,0x4a,0x47,0x42,0x27,0x4a,0x27,0x4a,0x27,0x4a,0x27,0x52,0x68,0x4a,0x48,0x5a,0xa9,0x5a,0xc9,0x6b,0x2b,0x5a,0xa9,
    0x52,0x68,0x62,0xc9,0x6b,0x4b,0x62,0xea,0x52,0x68,0x62,0xea,0x62,0xc9,0x5a,0xa9,0x52,0x68,0x62,0xea,0x4a,0x27,0x52,0x68,
    0x5a,0xc9,0x4a,0x48,0x4a,0x47,0x4a,0x48,0x5a,0xa9,0x4a,0x48,0x52,0x68,0x52,0x68,0x4a,0x27,0x52,0x88,0x6b,0x2b,0x52,0x68,
    0x5a,0x89,0x4a,0x47,0x5a,0xa9,0x52,0x68,0x52,0x88,0x52,0x88,0x4a,0x27,0x41,0xe6,0x52,0x68,0x4a,0x28,0x4a,0x48,0x4a,0x47,
    0x52,0x88,0x52,0x88,0x52,0x89,0x4a,0x48,0x4a,0x48,0x52,0x88,0x73,0x6c,0x5a,0xa9,0x52,0x88,0x5a,0x88,0x5a,0x88,0x52,0x68,
    0x52,0x68,0x52,0x47,0x52,0x68,0x52,0x68,0x52,0x47,0x52,0x47,0x52,0x88,0x62,0xea,0x42,0x07,0x4a,0x27,0x52,0x68,0x5a,0xa9,
    0x4a,0x47,0x52,0x68,0x52,0x47,0x52,0x47,0x52,0x68,0x52,0x68,0x5a,0x88,0x52,0x68,0x5a,0xa9,0x52,0x68,0x52,0x68,0x5a,0xa9,
    0x52,0x68,0x52,0x68,0x52,0x68,0x4a,0x47,0x52,0x68,0x52,0x68,0x39,0xc6,0x31,0x85,0x52,0x68,0x4a,0x27,0x41,0xe6,0x52,0x68,
    0x52,0x68,0x4a,0x27,0x4a,0x27,0x4a,0x27,0x52,0x68,0x52,0x68,0x52,0x68,0x4a,0x27,0x4a,0x27,0x5a,0xa9,0x52,0x68,0x5a,0xa9,
    0x39,0xc6,0x5a,0xc9,0x62,0xea,0x5a,0xa9,0x4a,0x27,0x52,0x88,0x5a,0xc9,0x4a,0x48,0x52,0x48,0x52,0x48,0x52,0x68,0x52,0x68,
    0x52,0x88,0x62,0xc9,0x62,0xea,0x62,0xc9,0x52,0x68,0x52,0x68,0x5a,0xa9,0x5a,0x89,0x5a,0xa9,0x4a,0x27,0x52,0x68,0x4a,0x27,
    0x42,0x07,0x4a,0x27,0x4a,0x27,0x4a,0x48,0x52,0x88,0x4a,0x47,0x5a,0x88,0x5a,0xc9,0x4a,0x27,0x42,0x07,0x52,0x88,0x5a,0xa9,
    0x52,0x68,0x52,0x68,0x52,0x48,0x52,0x68,0x5a,0x89,0x52,0x88,0x4a,0x48,0x62,0xea,0x52,0x89,0x52,0x48,0x4a,0x48,0x5a,0xc9,
    0x5a,0xa9,0x5a,0xa9,0x5a,0xc9,0x52,0x68,0x52,0x68,0x52,0x68,0x62,0xea,0x5a,0xa9,0x52,0x68,0x52,0x68,0x5a,0xa9,0x5a,0xa9,
    0x52,0x88,0x5a,0xc9,0x4a,0x47,0x42,0x07,0x5a,0xa9,0x52,0x68,0x39,0xe6,0x39,0xc6,0x52,0x68,0x52,0x68,0x4a,0x27,0x4a,0x27,
    0x42,0x07,0x4a,0x27,0x5a,0xa9,0x4a,0x27,0x52,0x68,0x52,0x68,0x4a,0x48,0x42,0x07,0x4a,0x27,0x52,0x68,0x4a,0x48,0x42,0x27,
    0x42,0x07,0x4a,0x27,0x52,0x68,0x4a,0x47,0x4a,0x27,0x42,0x27,0x52,0x88,0x52,0x88,0x41,0xe6,0x4a,0x48,0x4a,0x47,0x4a,0x27,
    0x4a,0x27,0x4a,0x27,0x42,0x07,0x4a,0x27,0x4a,0x27,0x4a,0x48,0x52,0x88,0x52,0x89,0x52,0x88,0x4a,0x27,0x4a,0x48,0x5a,0xa9,
    0x52,0xa9,0x5a,0xa9,0x5a,0xa9,0x52,0x89,0x5a,0xa9,0x5a,0xa9,0x52,0x68,0x52,0x68,0x62,0xea,0x52,0x88,0x52,0x68,0x52,0x68,
    0x5a,0xc9,0x5a,0xa9,0x4a,0x27,0x4a,0x48,0x42,0x07,0x52,0x68,0x42,0x07,0x4a,0x68,0x52,0x68,0x4a,0x48,0x52,0x68,0x4a,0x27,
    0x4a,0x68,0x52,0x88,0x52,0x89,0x42,0x07,0x5a,0xa9,0x52,0x88,0x4a,0x48,0x52,0x68,0x5a,0xa9,0x42,0x27,0x4a,0x27,0x4a,0x47,
    0x42,0x07,0x4a,0x48,0x52,0x68,0x41,0xe6,0x42,0x07,0x4a,0x27,0x4a,0x48,0x42,0x07,0x4a,0x27,0x42,0x07,0x4a,0x27,0x42,0x07,
    0x42,0x27,0x52,0x48,0x4a,0x27,0x42,0x07,0x41,0xe6,0x4a,0x27,0x42,0x27,0x4a,0x48,0x4a,0x27,0x42,0x07,0x4a,0x27,0x4a,0x48,
    0x4a,0x47,0x4a,0x27,0x4a,0x27,0x4a,0x27,0x52,0x68,0x52,0x68,0x52,0x68,0x5a,0xa8,0x52,0x68,0x4a,0x48,0x52,0x68,0x52,0x47,
    0x4a,0x47,0x4a,0x48,0x52,0x68,0x52,0x88,0x4a,0x27,0x42,0x07,0x4a,0x27,0x5a,0x88,0x4a,0x27,0x4a,0x47,0x42,0x27,0x41,0xe6,
    0x52,0x68,0x52,0x48,0x4a,0x27,0x52,0x48,0x62,0xea,0x5a,0x88,0x5a,0xa9,0x63,0x0a,0x7b,0x8c,0x94,0x70,0x73,0x4c,0x5a,0xc9,
    0x41,0xe6,0x42,0x06,0x4a,0x27,0x41,0xe6,0x4a,0x47,0x41,0xe6,0x4a,0x27,0x41,0xe6,0x52,0x88,0x4a,0x27,0x42,0x07,0x39,0xc5,
    0x4a,0x27,0x42,0x06,0x52,0x68,0x4a,0x27,0x42,0x07,0x39,0xc6,0x39,0xa5,0x39,0xa5,0x41,0xe6,0x41,0xe6,0x42,0x06,0x41,0xe6,
    0x41,0xe6,0x42,0x07,0x4a,0x47,0x52,0x68,0x41,0xe6,0x52,0x68,0x5a,0x88,0x52,0x68,0x4a,0x07,0x41,0xe6,0x5a,0xa9,0x5a,0x88,
    0x42,0x06,0x42,0x07,0x5a,0x88,0x4a,0x27,0x42,0x07,0x4a,0x27,0x4a,0x47,0x39,0xc6,0x4a,0x27,0x4a,0x47,0x4a,0x27,0x42,0x06,
    0x4a,0x27,0x6b,0x0a,0x62,0xc9,0x52,0x47,0x4a,0x27,0x52,0x88,0x62,0xc9,0x62,0xea,0x4a,0x27,0x4a,0x47,0x4a,0x27,0x6b,0x0a,
    0x42,0x07,0x52,0x48,0x52,0x68,0x62,0xc9,0x4a,0x47,0x5a,0xa8,0x5a,0xa9,0x5a,0xa9,0x4a,0x47,0x5a,0xa8,0x6b,0x0a,0x5a,0xa8,
    0x62,0xc9,0x73,0x4a,0x5a,0xc9,0x62,0xea,0x62,0xe9,0x73,0x6c,0x5a,0xa9,0x5a,0xa9,0x5a,0x88,0x52,0x68,0x52,0x68,0x5a,0xa9,
    0x5a,0x87,0x6b,0x09,0x5a,0x88,0x52,0x68,0x5a,0x67,0x52,0x67,0x5a,0xa9,0x5a,0xa9,0x62,0xc9,0x52,0x67,0x4a,0x27,0x5a,0x88,
    0x5a,0x89,0x52,0x88,0x52,0x68,0x5a,0xa9,0x5a,0xca,0x5a,0x89,0x5a,0xa9,0x5a,0xa9,0x62,0xea,0x5a,0xc9,0x62,0xc9,0x5a,0xc9,
    0x63,0x0a,0x73,0x4b,0x62,0xea,0x5a,0xa9,0x5a,0xa9,0x5a,0xc9,0x5a,0x89,0x5a,0xc9,0x5a,0xa9,0x52,0x88,0x52,0x89,0x5a,0xa9,
    0x62,0xea,0x5a,0xa9,0x5a,0xca,0x52,0x68,0x52,0x68,0x62,0xea,0x62,0xca,0x4a,0x27,0x52,0x68,0x4a,0x47,0x52,0x88,0x5a,0xa9,
    0x52,0x68,0x52,0x68,0x6b,0x2b,0x6b,0x0a,0x42,0x07,0x41,0xe6,0x52,0x68,0x52,0x68,0x42,0x07,0x52,0x88,0x5a,0xa9,0x5a,0xc9,
    0x5a,0xc9,0x5a,0xc9,0x62,0xea,0x5a,0xc9,0x62,0xc9,0x52,0x68,0x62,0xc9,0x62,0xc9,0x6b,0x2b,0x52,0x68,0x52,0x68,0x52,0x68,
    0x5a,0xa9,0x5a,0x88,0x52,0x68,0x4a,0x47,0x5a,0x89,0x62,0xc9,0x52,0x68,0x52,0x48,0x52,0x88,0x5a,0x89,0x4a,0x48,0x52,0x68,
    0x4a,0x27,0x52,0x68,0x52,0x68,0x4a,0x48,0x4a,0x48,0x52,0x68,0x4a,0x27,0x4a,0x27,0x62,0xca,0x52,0x68,0x62,0xea,0x52,0x68,
    0x5a,0xa9,0x62,0xc9,0x62,0xca,0x52,0x89,0x52,0x89,0x62,0xc9,0x5a,0x89,0x52,0x68,0x52,0x68,0x4a,0x27,0x4a,0x27,0x4a,0x27,
    0x62,0xca,0x5a,0x89,0x52,0x89,0x52,0x88,0x5a,0x89,0x4a,0x48,0x52,0x68,0x4a,0x48,0x52,0x68,0x52,0x68,0x52,0x48,0x52,0x68,
    0x4a,0x27,0x4a,0x48,0x42,0x07,0x52,0x88,0x4a,0x27,0x52,0x68,0x62,0xea,0x5a,0xa9,0x52,0x88,0x5a,0xa9,0x5a,0xa9,0x52,0x88,
    0x5a,0xc9,0x5a,0xa9,0x52,0x68,0x41,0xe6,0x52,0x68,0x4a,0x48,0x52,0x68,0x41,0xe6,0x52,0x68,0x5a,0x89,0x5a,0xa9,0x5a,0x89,
    0x4a,0x48,0x4a,0x48,0x52,0x48,0x52,0x68,0x42,0x07,0x52,0x68,0x52,0x68,0x4a,0x48,0x4a,0x27,0x4a,0x47,0x4a,0x48,0x52,0x68,
    0x52,0x68,0x4a,0x48,0x4a,0x47,0x52,0x68,0x5a,0xa9,0x5a,0xa9,0x4a,0x27,0x41,0xe6,0x5a,0xa9,0x62,0xca,0x4a,0x47,0x42,0x27,
    0x5a,0xa9,0x5a,0xa9,0x52,0x68,0x4a,0x27,0x4a,0x48,0x4a,0x48,0x4a,0x27,0x4a,0x27,0x4a,0x27,0x4a,0x48,0x52,0x88,0x42,0x07,
    0x4a,0x27,0x52,0x68,0x52,0x88,0x4a,0x48,0x4a,0x27,0x52,0x48,0x4a,0x48,0x4a,0x27,0x42,0x07,0x4a,0x27,0x42,0x07,0x4a,0x27,
    0x4a,0x27,0x4a,0x47,0x4a,0x27,0x4a,0x27,0x4a,0x27,0x42,0x07,0x4a,0x27,0x42,0x07,0x4a,0x27,0x42,0x07,0x42,0x07,0x42,0x07,
    0x52,0x48,0x4a,0x27,0x41,0xe6,0x4a,0x27,0x4a,0x07,0x42,0x07,0x4a,0x47,0x52,0x68,0x41,0xe6,0x4a,0x27,0x52,0x68,0x52,0x68,
    0x41,0xe6,0x42,0x07,0x52,0x68,0x52,0x68,0x52,0x88,0x52,0x68,0x4a,0x68,0x4a,0x48,0x52,0x68,0x52,0x68,0x52,0x48,0x4a,0x27,
    0x4a,0x27,0x4a,0x27,0x4a,0x27,0x5a,0x89,0x52,0x68,0x52,0x89,0x4a,0x48,0x52,0x68,0x52,0x68,0x6b,0x2b,0x52,0x88,0x52,0x88,
    0x4a,0x27,0x62,0xea,0x5a,0xa9,0x5a,0xc9,0x52,0x48,0x4a,0x48,0x4a,0x27,0x42,0x07,0x4a,0x48,0x4a,0x48,0x39,0xc6,0x52,0x68,
    0x52,0x68,0x5a,0x89,0x5a,0xc9,0x5a,0xa9,0x52,0x68,0x52,0x68,0x5a,0xc9,0x52,0x89,0x4a,0x68,0x4a,0x27,0x4a,0x27,0x4a,0x48,
    0x52,0x68,0x4a,0x27,0x42,0x07,0x4a,0x27,0x5a,0xa9,0x52,0x89,0x5a,0xa9,0x52,0x68,0x52,0x68,0x5a,0xa9,0x52,0x88,0x5a,0xa9,
    0x4a,0x48,0x5a,0xa9,0x52,0x68,0x52,0x88,0x4a,0x27,0x52,0x88,0x4a,0x47,0x52,0x68,0x52,0x88,0x52,0x68,0x5a,0xa9,0x5a,0xc9,
    0x5a,0xa9,0x52,0x68,0x5a,0xa9,0x5a,0xa9,0x52,0x88,0x52,0x68,0x5a,0xa9,0x52,0x68,0x52,0x48,0x62,0xc9,0x4a,0x27,0x52,0x68,
    0x62,0xca,0x5a,0xa9,0x5a,0xc9,0x4a,0x48,0x52,0x88,0x52,0x68,0x52,0x68,0x52,0x47,0x63,0x0a,0x5a,0xa9,0x52,0x68,0x52,0x47,
    0x5a,0xc9,0x5a,0xa9,0x4a,0x27,0x4a,0x27,0x4a,0x27,0x4a,0x26,0x52,0x47,0x52,0x68,0x52,0x47,0x52,0x67,0x5a,0xa9,0x52,0x68,
    0x5a,0x88,0x52,0x68,0x4a,0x47,0x52,0x47,0x4a,0x47,0x52,0x88,0x52,0x88,0x4a,0x47,0x4a,0x48,0x4a,0x47,0x52,0x88,0x42,0x07,
    0x52,0x48,0x4a,0x27,0x4a,0x26,0x52,0x68,0x52,0x47,0x42,0x06,0x5a,0x87,0x5a,0xc9,0x52,0x47,0x5a,0x88,0x5a,0xa8,0x42,0x06,
    0x4a,0x48,0x39,0xe6,0x42,0x07,0x4a,0x27,0x5a,0x89,0x4a,0x27,0x42,0x07,0x42,0x07,0x42,0x07,0x4a,0x48,0x4a,0x48,0x41,0xe6,
    0x41,0xe6,0x4a,0x48,0x52,0x88,0x39,0xe6,0x42,0x07,0x5a,0x89,0x4a,0x48,0x4a,0x47,0x52,0x68,0x52,0x68,0x4a,0x48,0x4a,0x47,
    0x42,0x07,0x42,0x07,0x4a,0x27,0x5a,0xa9,0x42,0x06,0x52,0x68,0x4a,0x48,0x52,0x88,0x4a,0x47,0x4a,0x27,0x4a,0x27,0x4a,0x27,
    0x4a,0x27,0x42,0x07,0x42,0x07,0x4a,0x47,0x4a,0x48,0x42,0x27,0x42,0x07,0x42,0x07,0x52,0x48,0x42,0x07,0x4a,0x27,0x42,0x07,
    0x4a,0x27,0x42,0x07,0x42,0x07,0x4a,0x48,0x42,0x07,0x42,0x07,0x41,0xe6,0x4a,0x48,0x4a,0x27,0x4a,0x47,0x52,0x68,0x52,0x68,
    0x42,0x27,0x52,0x68,0x52,0x88,0x4a,0x27,0x52,0x68,0x4a,0x27,0x42,0x07,0x4a,0x27,0x52,0x68,0x39,0xc6,0x4a,0x27,0x4a,0x47,
    0x39,0xc6,0x39,0xe6,0x4a,0x27,0x42,0x07,0x4a,0x47,0x42,0x07,0x42,0x07,0x4a,0x27,0x5a,0x88,0x4a,0x27,0x4a,0x07,0x4a,0x47,
    0x4a,0x48,0x4a,0x47,0x4a,0x47,0x52,0x68,0x4a,0x48,0x5a,0xa9,0x5a,0x89,0x52,0x68,0x52,0x88,0x52,0x88,0x52,0x88,0x52,0x68,
    0x4a,0x47,0x52,0x89,0x52,0x68,0x52,0x68,0x52,0x68,0x4a,0x47,0x4a,0x48,0x52,0x88,0x5a,0x88,0x5a,0xa9,0x5a,0xa9,0x4a,0x48,
    0x52,0x68,0x52,0x68,0x52,0x68,0x4a,0x47,0x52,0x48,0x41,0xe6,0x42,0x27,0x4a,0x48,0x4a,0x47,0x52,0x68,0x4a,0x48,0x52,0x68,
    0x4a,0x27,0x52,0x68,0x52,0x68,0x52,0x89,0x52,0x68,0x4a,0x27,0x42,0x27,0x5a,0x89,0x52,0x68,0x4a,0x48,0x52,0x68,0x4a,0x48,
    0x52,0x68,0x4a,0x48,0x42,0x07,0x52,0x68,0x4a,0x27,0x52,0x68,0x52,0x68,0x52,0x68,0x4a,0x48,0x52,0x68,0x52,0x68,0x52,0x68,
    0x52,0x68,0x52,0x88,0x52,0x88,0x52,0x68,0x52,0x48,0x5a,0x89,0x52,0x89,0x52,0x68,0x5a,0xa9,0x52,0x68,0x52,0x68,0x52,0x88,
    0x4a,0x47,0x4a,0x48,0x5a,0x89,0x52,0x88,0x4a,0x48,0x52,0x89,0x5a,0xa9,0x5a,0xa9,0x52,0x68,0x5a,0x89,0x62,0xc9,0x52,0x89,
    0x4a,0x47,0x42,0x07,0x5a,0x89,0x62,0xea,0x4a,0x27,0x4a,0x27,0x52,0x48,0x52,0x68,0x5a,0xa9,0x52,0x68,0x5a,0xa9,0x52,0x88,
    0x52,0x68,0x52,0x68,0x5a,0x89,0x5a,0xa9,0x62,0xc9,0x62,0xc9,0x5a,0xa9,0x5a,0xa9,0x52,0x88,0x5a,0x89,0x5a,0xa9,0x62,0xca,
    0x5a,0xa9,0x5a,0xc9,0x52,0x68,0x5a,0x89,0x52,0x68,0x52,0x68,0x5a,0xa9,0x62,0xca,0x5a,0x89,0x52,0x88,0x62,0xc9,0x52,0x88,
    0x5a,0xa9,0x5a,0xa9,0x4a,0x48,0x4a,0x47,0x52,0x68,0x62,0xc9,0x52,0x47,0x52,0x67,0x4a,0x27,0x4a,0x27,0x52,0x47,0x52,0x68,
    0x4a,0x47,0x4a,0x27,0x52,0x68,0x5a,0x88,0x52,0x89,0x52,0x68,0x62,0xea,0x6b,0x0a,0x4a,0x47,0x52,0x47,0x4a,0x27,0x4a,0x47,
    0x4a,0x47,0x4a,0x47,0x52,0x47,0x52,0x67,0x62,0xa9,0x4a,0x27,0x52,0x47,0x52,0x47,0x62,0xea,0x5a,0x88,0x52,0x47,0x4a,0x27,
    0x4a,0x27,0x52,0x47,0x6b,0x2b,0x5a,0x88,0x5a,0x88,0x52,0x67,0x5a,0xa8,0x62,0xe9,0x52,0x67,0x6b,0x0a,0x52,0x67,0x5a,0xa8,
    0x5a,0x67,0x52,0x68,0x52,0x47,0x5a,0x87,0x5a,0xa8,0x52,0x68,0x52,0x68,0x52,0x88,0x62,0xc9,0x52,0x67,0x52,0x88,0x52,0x48,
    0x52,0x68,0x4a,0x27,0x4a,0x27,0x4a,0x47,0x4a,0x47,0x62,0xc9,0x52,0x88,0x52,0x68,0x52,0x68,0x4a,0x48,0x52,0x68,0x52,0x68,
    0x52,0x88,0x52,0x88,0x4a,0x47,0x52,0x68,0x4a,0x27,0x4a,0x48,0x5a,0xa9,0x52,0x88,0x52,0x68,0x4a,0x48,0x5a,0xa9,0x52,0x68,
    0x52,0x88,0x5a,0xa9,0x52,0x68,0x4a,0x27,0x52,0x89,0x4a,0x48,0x42,0x07,0x4a,0x47,0x4a,0x27,0x4a,0x48,0x4a,0x27,0x52,0x89,
    0x4a,0x48,0x4a,0x48,0x52,0x68,0x5a,0xa9,0x5a,0xc9,0x52,0x68,0x5a,0xa9,0x4a,0x47,0x4a,0x48,0x4a,0x47,0x52,0x48,0x5a,0xa9,
    0x52,0x68,0x52,0x68,0x52,0x68,0x4a,0x27,0x52,0x68,0x62,0xea,0x5a,0xc9,0x4a,0x27,0x73,0x4b,0x62,0xea,0x5a,0xa9,0x52,0x68,
    0x62,0xea,0x62,0xea,0x6b,0x2b,0x5a,0xa9,0x52,0x68,0x4a,0x47,0x62,0xea,0x5a,0xa9,0x4a,0x48,0x52,0x68,0x5a,0x89,0x42,0x07,
    0x39,0xc6,0x4a,0x47,0x52,0x68,0x52,0x67,0x4a,0x27,0x52,0x88,0x52,0x47,0x4a,0x47,0x5a,0x89,0x52,0x68,0x41,0xe6,0x4a,0x27,
    0x52,0x88,0x62,0xe9,0x42,0x06,0x4a,0x47,0x4a,0x27,0x4a,0x47,0x52,0x68,0x5a,0x88,0x52,0x68,0x4a,0x47,0x63,0x0a,0x62,0xea,
    0x52,0x47,0x52,0x88,0x62,0xea,0x52,0x68,0x4a,0x47,0x52,0x68,0x5a,0xa9,0x52,0x68,0x52,0x88,0x5a,0x88,0x52,0x68,0x52,0x89,
    0x52,0x88,0x52,0x88,0x52,0x68,0x52,0x88,0x4a,0x47,0x52,0x68,0x52,0x68,0x52,0x68,0x52,0x68,0x4a,0x47,0x52,0x48,0x5a,0x89,
    0x4a,0x48,0x52,0x68,0x62,0xc9,0x52,0x68,0x5a,0x89,0x4a,0x47,0x52,0x88,0x52,0x48,0x5a,0xc9,0x5a,0x89,0x62,0xea,0x52,0x68,
    0x5a,0xc9,0x5a,0xa9,0x52,0x88,0x5a,0xa9,0x41,0xe6,0x4a,0x48,0x4a,0x27,0x4a,0x48,0x4a,0x27,0x52,0x48,0x4a,0x48,0x4a,0x27,
    0x42,0x07,0x41,0xe7,0x41,0xe6,0x52,0x68,0x52,0x68,0x42,0x07,0x4a,0x27,0x52,0x68,0x62,0xea,0x52,0x88,0x52,0x68,0x42,0x07,
    0x52,0x88,0x52,0x88,0x52,0x68,0x52,0x89,0x52,0x68,0x52,0x48,0x52,0x68,0x5a,0x89,0x5a,0x88,0x4a,0x07,0x62,0xc9,0x52,0x68,
    0x4a,0x27,0x52,0x68,0x4a,0x27,0x52,0x88,0x52,0x68,0x4a,0x48,0x52,0x68,0x52,0x68,0x4a,0x27,0x4a,0x27,0x42,0x07,0x52,0x68,
    0x52,0x89,0x52,0x68,0x42,0x07,0x4a,0x27,0x42,0x07,0x42,0x07,0x4a,0x27,0x42,0x07,0x4a,0x27,0x4a,0x48,0x52,0x68,0x4a,0x48,
    0x4a,0x48,0x52,0x68,0x52,0x68,0x52,0x68,0x52,0x68,0x52,0x68,0x52,0x88,0x52,0x68,0x42,0x07,0x52,0x89,0x5a,0x89,0x4a,0x27,
    0x4a,0x48,0x62,0xea,0x4a,0x07,0x4a,0x48,0x52,0x88,0x5a,0x89,0x4a,0x27,0x4a,0x48,0x4a,0x27,0x4a,0x48,0x52,0x68,0x41,0xe6,
    0x52,0x68,0x52,0x88,0x52,0x89,0x62,0xca,0x5a,0x89,0x5a,0xa9,0x52,0x89,0x4a,0x48,0x52,0x68,0x5a,0xa9,0x5a,0xa9,0x52,0x68,
    0x42,0x07,0x5a,0xa9,0x52,0x88,0x52,0x68,0x52,0x88,0x63,0x0a,0x52,0x68,0x5a,0xa9,0x4a,0x47,0x52,0x88,0x52,0x88,0x5a,0xa9,
    0x42,0x07,0x52,0x68,0x52,0x89,0x5a,0x89,0x52,0x88,0x52,0x68,0x4a,0x27,0x4a,0x48,0x52,0x68,0x52,0x68,0x52,0x88,0x4a,0x48,
    0x4a,0x48,0x4a,0x48,0x4a,0x48,0x4a,0x27,0x4a,0x48,0x52,0x68,0x52,0x68,0x4a,0x27,0x4a,0x48,0x4a,0x47,0x5a,0xa9,0x5a,0x89,
    0x52,0x68,0x42,0x07,0x42,0x07,0x42,0x07,0x52,0x68,0x41,0xe6,0x39,0xc6,0x42,0x07,0x42,0x07,0x42,0x07,0x39,0xe6,0x42,0x07,
    0x4a,0x48,0x42,0x07,0x41,0xe7,0x39,0xe6,0x4a,0x28,0x41,0xe6,0x41,0xe6,0x42,0x07,0x42,0x07,0x39,0xe6,0x41,0xe6,0x42,0x07,
    0x41,0xe7,0x39,0xc6,0x39,0xe6,0x42,0x07,0x41,0xe6,0x39,0xc6,0x39,0xe6,0x42,0x07,0x42,0x27,0x42,0x07,0x4a,0x27,0x41,0xe6,
    0x42,0x07,0x4a,0x48,0x5a,0x89,0x52,0x88,0x39,0xe6,0x42,0x07,0x4a,0x47,0x4a,0x47,0x4a,0x27,0x42,0x07,0x42,0x07,0x4a,0x27,
    0x83,0xcd,0x94,0x4f,0x5a,0xc9,0x52,0x68,0x63,0x0a,0x73,0x6c,0x5a,0xa9,0x52,0x68,0x52,0x68,0x62,0xc9,0x52,0x89,0x4a,0x27,
    0x42,0x07,0x52,0x68,0x52,0x68,0x4a,0x27,0x31,0xa5,0x41,0xe6,0x52,0x48,0x4a,0x27,0x42,0x07,0x52,0x67,0x41,0xe6,0x4a,0x27,
    0x4a,0x27,0x29,0x64,0x39,0xa5,0x52,0x68,0x52,0x48,0x52,0x88,0x41,0xe6,0x41,0xe6,0x4a,0x47,0x5a,0x88,0x42,0x07,0x4a,0x27,
    0x4a,0x47,0x5a,0x89,0x52,0x68,0x39,0xc6,0x4a,0x27,0x5a,0x89,0x52,0x68,0x4a,0x27,0x41,0xe6,0x42,0x07,0x52,0x68,0x5a,0x88,
    0x52,0x88,0x5a,0xa9,0x4a,0x27,0x4a,0x47,0x52,0x68,0x5a,0x89,0x4a,0x47,0x4a,0x27,0x52,0x68,0x52,0x68,0x4a,0x27,0x4a,0x27,
    0x5a,0xa9,0x4a,0x47,0x41,0xe6,0x4a,0x27,0x4a,0x47,0x52,0x88,0x52,0x68,0x62,0xc9,0x4a,0x48,0x52,0x88,0x52,0x68,0x52,0x89,
    0x52,0x68,0x52,0x48,0x4a,0x27,0x4a,0x27,0x52,0x68,0x4a,0x27,0x39,0xa5,0x52,0x88,0x73,0x4b,0x5a,0xa8,0x52,0x88,0x62,0xc9,
    0x7b,0x8c,0x6b,0x2b,0x62,0xe9,0x5a,0xa8,0x62,0xc9,0x63,0x0a,0x5a,0xc9,0x4a,0x48,0x5a,0xc9,0x52,0x68,0x4a,0x27,0x4a,0x27,
    0x6b,0x09,0x62,0xc9,0x5a,0x68,0x5a,0xa8,0x5a,0xa8,0x6b,0x2a,0x5a,0xc9,0x62,0xca,0x52,0x68,0x6b,0x2b,0x6b,0x2b,0x5a,0xc9,
    0x4a,0x27,0x62,0xca,0x52,0x48,0x52,0x89,0x4a,0x47,0x62,0xc9,0x6b,0x0a,0x6b,0x0a,0x4a,0x27,0x4a,0x47,0x5a,0xc9,0x73,0x4b,
    0x4a,0x27,0x4a,0x27,0x52,0x88,0x5a,0xa9,0x52,0x89,0x5a,0xa9,0x52,0x68,0x52,0x68,0x5a,0xa9,0x52,0x88,0x42,0x07,0x52,0x68,
    0x5a,0xa9,0x5a,0xa9,0x52,0x89,0x52,0x89,0x52,0x88,0x42,0x06,0x5a,0xa9,0x52,0x88,0x52,0x68,0x5a,0x88,0x5a,0xc9,0x52,0x68,
    0x4a,0x48,0x4a,0x48,0x5a,0xc9,0x4a,0x48,0x4a,0x48,0x4a,0x48,0x52,0x68,0x52,0x48,0x4a,0x68,0x52,0x89,0x52,0x88,0x52,0x68,
    0x42,0x27,0x52,0x68,0x5a,0x88,0x4a,0x27,0x41,0xe6,0x5a,0x89,0x62,0xc9,0x52,0x68,0x4a,0x27,0x62,0xea,0x52,0x68,0x42,0x06,
    0x62,0xc9,0x52,0x68,0x4a,0x48,0x4a,0x47,0x42,0x07,0x4a,0x27,0x5a,0xa9,0x52,0x48,0x5a,0x88,0x5a,0xa9,0x52,0x88,0x52,0x68,
    0x52,0x68,0x52,0x68,0x52,0x88,0x52,0x88,0x5a,0xc9,0x52,0x68,0x4a,0x48,0x4a,0x48,0x62,0xc9,0x52,0x68,0x42,0x06,0x52,0x68,
    0x4a,0x47,0x4a,0x27,0x41,0xe6,0x42,0x07,0x4a,0x48,0x5a,0xa9,0x41,0xe6,0x4a,0x27,0x5a,0xc9,0x52,0x68,0x4a,0x48,0x52,0x68,
    0x4a,0x48,0x4a,0x27,0x5a,0xa9,0x5a,0xa9,0x4a,0x48,0x4a,0x48,0x4a,0x48,0x42,0x07,0x52,0x68,0x52,0x68,0x52,0x88,0x4a,0x48,
    0x52,0x88,0x5a,0x89,0x52,0x68,0x4a,0x48,0x52,0x68,0x5a,0x89,0x4a,0x27,0x4a,0x47,0x4a,0x27,0x4a,0x48,0x4a,0x48,0x4a,0x27,
    0x4a,0x27,0x42,0x27,0x42,0x07,0x4a,0x48,0x42,0x07,0x41,0xe7,0x39,0xc6,0x42,0x07,0x42,0x07,0x42,0x07,0x42,0x07,0x39,0xc6,
    0x4a,0x48,0x52,0x68,0x52,0x68,0x52,0x88,0x4a,0x48,0x4a,0x27,0x4a,0x47,0x52,0x68,0x4a,0x47,0x4a,0x27,0x4a,0x47,0x4a,0x48,
    0x4a,0x48,0x4a,0x27,0x4a,0x27,0x42,0x07,0x4a,0x07,0x4a,0x48,0x5a,0xc9,0x52,0x88,0x42,0x27,0x52,0x88,0x52,0x88,0x52,0x68,
    0x4a,0x27,0x52,0x88,0x42,0x07,0x4a,0x48,0x4a,0x47,0x4a,0x48,0x42,0x27,0x4a,0x47,0x5a,0xa9,0x5a,0x89,0x4a,0x27,0x4a,0x27,
    0x5a,0xc9,0x52,0x68,0x52,0x68,0x4a,0x27,0x52,0x88,0x4a,0x68,0x52,0x68,0x4a,0x27,0x5a,0xa9,0x4a,0x48,0x4a,0x27,0x4a,0x48,
    0x4a,0x27,0x42,0x07,0x42,0x07,0x4a,0x48,0x42,0x07,0x4a,0x27,0x4a,0x48,0x4a,0x47,0x4a,0x27,0x4a,0x47,0x5a,0xa9,0x4a,0x48,
    0x52,0x68,0x52,0x88,0x4a,0x48,0x52,0x68,0x42,0x07,0x42,0x07,0x5a,0xa9,0x52,0x88,0x42,0x27,0x52,0x68,0x5a,0xa9,0x5a,0x89,
    0x52,0x68,0x52,0x68,0x5a,0xa9,0x52,0x68,0x52,0x88,0x4a,0x48,0x52,0x68,0x5a,0x89,0x52,0x68,0x52,0x68,0x4a,0x27,0x52,0x89,
    0x4a,0x48,0x52,0x68,0x52,0x68,0x63,0x0a,0x52,0x88,0x5a,0xc9,0x62,0xea,0x73,0x6c,0x52,0x68,0x4a,0x27,0x5a,0xa9,0x4a,0x48,
    0x6b,0x4b,0x4a,0x27,0x4a,0x27,0x52,0x68,0x73,0x6b,0x52,0x68,0x4a,0x27,0x4a,0x27,0x5a,0xa9,0x4a,0x48,0x4a,0x27,0x4a,0x27,
    0x42,0x27,0x52,0x68,0x4a,0x27,0x52,0x68,0x4a,0x48,0x4a,0x27,0x52,0x68,0x4a,0x48,0x4a,0x27,0x4a,0x27,0x4a,0x48,0x4a,0x48,
    0x4a,0x48,0x4a,0x27,0x52,0x68,0x4a,0x68,0x52,0x89,0x4a,0x48,0x52,0x68,0x52,0x68,0x4a,0x48,0x52,0x48,0x52,0x68,0x52,0x68,
    0x52,0x68,0x52,0x48,0x52,0x68,0x52,0x89,0x52,0x68,0x52,0x68,0x4a,0x48,0x52,0x68,0x52,0x68,0x4a,0x48,0x4a,0x48,0x52,0x68,
    0x4a,0x48,0x4a,0x48,0x52,0x88,0x5a,0xa9,0x52,0x68,0x52,0x88,0x4a,0x48,0x52,0x48,0x52,0x68,0x5a,0x89,0x52,0x88,0x4a,0x27,
    0x5a,0xa9,0x52,0x68,0x62,0xea,0x62,0xea,0x52,0x68,0x52,0x88,0x4a,0x47,0x4a,0x47,0x4a,0x47,0x4a,0x27,0x52,0x68,0x52,0x68,
    0x52,0x68,0x52,0x68,0x52,0x48,0x4a,0x48,0x5a,0xa9,0x5a,0x88,0x52,0x68,0x52,0x68,0x4a,0x47,0x5a,0xa8,0x52,0x68,0x5a,0x88,
    0x62,0xea,0x52,0x47,0x42,0x06,0x52,0x67,0x5a,0xa8,0x5a,0x67,0x4a,0x26,0x62,0xc8,0x52,0x68,0x52,0x88,0x6b,0x2a,0x8c,0x2e,
    0x4a,0x47,0x6b,0x09,0x52,0x88,0x42,0x07,0x4a,0x27,0x5a,0x88,0x4a,0x48,0x52,0x68,0x5a,0x88,0x52,0x88,0x42,0x07,0x4a,0x48,
    0x62,0xea,0x42,0x07,0x4a,0x27,0x4a,0x48,0x4a,0x27,0x4a,0x27,0x42,0x07,0x4a,0x47,0x42,0x07,0x52,0x68,0x52,0x68,0x52,0x68,
    0x4a,0x48,0x52,0x68,0x52,0x68,0x52,0x68,0x62,0xea,0x52,0x68,0x41,0xe6,0x5a,0xa9,0x52,0x48,0x62,0xca,0x5a,0x88,0x5a,0xa9,
    0x62,0xea,0x52,0x88,0x52,0x88,0x5a,0xa9,0x5a,0xa9,0x4a,0x27,0x52,0x88,0x5a,0xc9,0x52,0x88,0x52,0x48,0x63,0x0a,0x73,0x6c,
    0x5a,0xa9,0x4a,0x27,0x41,0xe6,0x52,0x88,0x52,0x48,0x4a,0x48,0x4a,0x27,0x4a,0x48,0x42,0x07,0x4a,0x47,0x5a,0xa9,0x4a,0x27,
    0x52,0x68,0x4a,0x27,0x52,0x68,0x5a,0x88,0x52,0x89,0x4a,0x48,0x52,0x88,0x4a,0x47,0x5a,0x89,0x4a,0x47,0x52,0x88,0x52,0x48,
    0x52,0x48,0x52,0x68,0x63,0x0a,0x52,0x68,0x52,0x68,0x52,0x48,0x52,0x88,0x62,0xc9,0x4a,0x27,0x4a,0x68,0x4a,0x27,0x52,0x68,
    0x52,0x88,0x52,0x68,0x52,0x88,0x5a,0xa9,0x4a,0x47,0x52,0x47,0x62,0xc9,0x4a,0x47,0x4a,0x47,0x4a,0x47,0x52,0x68,0x52,0x68,
    0x52,0x68,0x52,0x68,0x4a,0x48,0x4a,0x27,0x52,0x68,0x4a,0x27,0x4a,0x27,0x4a,0x27,0x52,0x88,0x52,0x88,0x42,0x07,0x52,0x68,
    0x52,0x68,0x4a,0x27,0x4a,0x27,0x52,0x68,0x4a,0x48,0x4a,0x27,0x4a,0x27,0x52,0x88,0x4a,0x47,0x52,0x88,0x52,0x68,0x52,0x68,
    0x4a,0x48,0x4a,0x27,0x52,0x68,0x52,0x68,0x52,0x68,0x4a,0x48,0x4a,0x27,0x52,0x68,0x5a,0xa9,0x5a,0x89,0x4a,0x27,0x52,0x68,
    0x52,0x68,0x52,0x88,0x4a,0x27,0x4a,0x48,0x4a,0x48,0x52,0x88,0x52,0x68,0x52,0x88,0x42,0x07,0x4a,0x27,0x4a,0x48,0x52,0x68,
    0x52,0x48,0x4a,0x27,0x42,0x07,0x4a,0x27,0x4a,0x48,0x42,0x07,0x52,0x48,0x5a,0xa9,0x4a,0x48,0x5a,0xa9,0x4a,0x27,0x5a,0x89,
    0x52,0x68,0x52,0x89,0x52,0x68,0x4a,0x48,0x4a,0x48,0x4a,0x48,0x4a,0x27,0x4a,0x48,0x4a,0x48,0x4a,0x27,0x4a,0x27,0x52,0x89,
    0x52,0x68,0x4a,0x27,0x4a,0x48,0x4a,0x48,0x4a,0x27,0x5a,0xa9,0x52,0x68,0x4a,0x27,0x52,0x89,0x4a,0x48,0x5a,0xa9,0x52,0x68,
    0x4a,0x48,0x42,0x07,0x5a,0xa9,0x52,0x88,0x42,0x07,0x4a,0x27,0x5a,0xa9,0x62,0xea,0x4a,0x27,0x52,0x88,0x52,0x68,0x5a,0xa9,
    0x5a,0xa9,0x62,0xea,0x5a,0xa9,0x4a,0x48,0x5a,0xa9,0x5a,0xa9,0x5a,0xa9,0x52,0x68,0x52,0x68,0x42,0x06,0x52,0x68,0x52,0x68,
    0x4a,0x27,0x4a,0x27,0x4a,0x27,0x4a,0x27,0x52,0x88,0x52,0x89,0x52,0x88,0x52,0x88,0x52,0x88,0x52,0x68,0x62,0xc9,0x5a,0xa9,
    0x5a,0xc9,0x4a,0x47,0x5a,0xa9,0x6b,0x0a,0x6b,0x0a,0x5a,0xa9,0x5a,0xa9,0x6b,0x0a,0x5a,0x88,0x5a,0xa8,0x52,0x88,0x52,0x68,
    0x5a,0x88,0x5a,0xa9,0x5a,0xa9,0x4a,0x27,0x6b,0x0a,0x5a,0xc9,0x5a,0xc9,0x62,0xea,0x73,0x4b,0x6b,0x0a,0x52,0x68,0x4a,0x27,
    0x5a,0xa8,0x5a,0x88,0x5a,0x88,0x5a,0xa8,0x52,0x47,0x52,0x68,0x62,0xa8,0x6b,0x09,0x5a,0x88,0x5a,0xa8,0x6b,0x0a,0x62,0xe9,
    0x4a,0x27,0x5a,0xa8,0x62,0xc9,0x5a,0x67,0x5a,0xa8,0x5a,0x87,0x52,0x47,0x5a,0x88,0x5a,0xa9,0x73,0x2a,0x62,0xc8,0x5a,0x87,
    0x6b,0x0a,0x73,0x6b,0x73,0x6c,0x6a,0xe9,0x4a,0x27,0x6b,0x2a,0x7b,0xad,0x62,0xc9,0x52,0x68,0x5a,0x88,0x62,0xe9,0x52,0x68,
    0x52,0x68,0x5a,0xc9,0x62,0xea,0x5a,0xa9,0x5a,0xa8,0x62,0xc8,0x62,0xc8,0x63,0x0a,0x62,0xc8,0x6b,0x09,0x5a,0xa8,0x62,0xe9,
    0x52,0x88,0x5a,0xa9,0x5a,0x88,0x52,0x68,0x5a,0xa9,0x4a,0x48,0x5a,0x88,0x4a,0x48,0x5a,0xc9,0x42,0x07,0x52,0x88,0x42,0x07,
    0x5a,0xa9,0x5a,0x88,0x52,0x68,0x4a,0x47,0x4a,0x48,0x4a,0x27,0x42,0x07,0x42,0x07,0x42,0x07,0x42,0x07,0x41,0xe6,0x42,0x07,
    0x42,0x07,0x42,0x07,0x4a,0x48,0x42,0x07,0x42,0x07,0x42,0x07,0x4a,0x48,0x42,0x27,0x63,0x0b,0x52,0x88,0x52,0x68,0x4a,0x27,
    0x5a,0xc9,0x52,0x68,0x5a,0xa9,0x52,0x88,0x52,0x68,0x52,0x68,0x5a,0xa9,0x52,0x88,0x52,0x89,0x5a,0xa9,0x5a,0xa9,0x4a,0x47,
    0x52,0x68,0x5a,0xa9,0x52,0x68,0x52,0x68,0x42,0x07,0x52,0x68,0x5a,0x88,0x52,0x68,0x4a,0x47,0x5a,0xa9,0x5a,0xa9,0x62,0xea,
    0x52,0x88,0x5a,0xa9,0x4a,0x27,0x52,0x48,0x5a,0xa9,0x62,0xc9,0x52,0x88,0x52,0x68,0x62,0xea,0x5a,0xc9,0x5a,0xc9,0x52,0x48,
    0x5a,0xc9,0x62,0xc9,0x52,0x68,0x4a,0x27,0x52,0x68,0x52,0x88,0x52,0x68,0x52,0x89,0x4a,0x27,0x4a,0x07,0x41,0xe6,0x52,0x68,
    0x41,0xe6,0x4a,0x27,0x42,0x06,0x4a,0x47,0x52,0x48,0x52,0x88,0x52,0x68,0x4a,0x27,0x52,0x88,0x52,0x68,0x5a,0xa9,0x52,0x68,
    0x62,0xea,0x42,0x06,0x52,0x68,0x52,0x68,0x4a,0x47,0x4a,0x27,0x4a,0x48,0x4a,0x48,0x4a,0x27,0x52,0x68,0x4a,0x47,0x4a,0x27,
    0x52,0x68,0x5a,0xa9,0x4a,0x47,0x4a,0x27,0x52,0x68,0x52,0x88,0x4a,0x48,0x4a,0x27,0x5a,0x89,0x52,0x68,0x42,0x07,0x4a,0x47,
    0x5a,0xc9,0x5a,0x88,0x4a,0x27,0x5a,0xa8,0x42,0x07,0x42,0x07,0x52,0x88,0x52,0x88,0x5a,0xa9,0x5a,0xa9,0x4a,0x48,0x5a,0xa9,
    0x52,0x88,0x62,0xc9,0x52,0x68,0x5a,0xa9,0x52,0x88,0x52,0x48,0x4a,0x47,0x4a,0x48,0x52,0x68,0x4a,0x48,0x4a,0x47,0x4a,0x27,
    0x62,0xea,0x4a,0x27,0x52,0x68,0x5a,0xa9,0x5a,0xca,0x4a,0x47,0x4a,0x27,0x52,0x88,0x4a,0x27,0x41,0xe6,0x52,0x68,0x52,0x88,
    0x42,0x27,0x42,0x07,0x42,0x07,0x4a,0x27,0x42,0x07,0x4a,0x27,0x52,0x68,0x52,0x68,0x52,0x68,0x4a,0x27,0x4a,0x48,0x52,0x68,
    0x5a,0x88,0x5a,0x88,0x52,0x68,0x42,0x07,0x5a,0xa8,0x5a,0x88,0x5a,0xa9,0x5a,0xc9,0x4a,0x48,0x62,0xea,0x5a,0x89,0x4a,0x27,
    0x4a,0x27,0x62,0xca,0x62,0xca,0x4a,0x48,0x42,0x07,0x5a,0xa9,0x4a,0x48,0x4a,0x27,0x52,0x68,0x52,0x68,0x42,0x07,0x52,0x89,
    0x52,0x68,0x5a,0xa9,0x52,0x68,0x52,0x48,0x4a,0x27,0x52,0x48,0x52,0x68,0x5a,0xa9,0x42,0x07,0x52,0x69,0x52,0x88,0x6b,0x2b,
    0x52,0x68,0x4a,0x48,0x52,0x88,0x5a,0xc9,0x52,0x68,0x5a,0xa9,0x5a,0x89,0x4a,0x48,0x5a,0xc9,0x5a,0xc9,0x62,0xea,0x5a,0xc9,
    0x6b,0x4b,0x5a,0xca,0x52,0x68,0x5a,0xa9,0x5a,0xa9,0x5a,0x89,0x63,0x0a,0x5a,0xc9,0x5a,0x89,0x52,0x68,0x52,0x68,0x52,0x89,
    0x42,0x07,0x31,0xa5,0x42,0x07,0x52,0x68,0x4a,0x27,0x42,0x27,0x4a,0x48,0x52,0x68,0x52,0x68,0x5a,0xa9,0x52,0x68,0x52,0x68,
    0x5a,0x89,0x4a,0x48,0x5a,0xa9,0x52,0x88,0x5a,0xa9,0x52,0x88,0x5a,0xc9,0x52,0x89,0x52,0x68,0x4a,0x48,0x4a,0x48,0x5a,0xa9,
    0x52,0x88,0x4a,0x48,0x52,0x68,0x62,0xea,0x52,0x68,0x39,0xc6,0x42,0x07,0x41,0xe6,0x52,0x48,0x4a,0x27,0x42,0x07,0x4a,0x27,
    0x52,0x68,0x52,0x48,0x4a,0x27,0x42,0x07,0x4a,0x27,0x62,0xea,0x5a,0xa9,0x4a,0x27,0x39,0xc6,0x42,0x07,0x42,0x07,0x41,0xe6,
    0x39,0xa5,0x39,0xc6,0x39,0xe6,0x4a,0x48,0x39,0xc6,0x39,0xc6,0x4a,0x27,0x4a,0x27,0x42,0x07,0x42,0x07,0x5a,0xc9,0x6b,0x2a,
    0x42,0x07,0x4a,0x27,0x42,0x07,0x42,0x07,0x41,0xe6,0x41,0xe6,0x42,0x07,0x4a,0x47,0x42,0x07,0x41,0xe6,0x4a,0x47,0x52,0x88,
    0x52,0x68,0x39,0xe6,0x52,0x68,0x52,0x88,0x52,0x48,0x62,0xc9,0x52,0x68,0x5a,0xa9,0x52,0x68,0x52,0x48,0x52,0x68,0x4a,0x07,
    0x42,0x07,0x42,0x06,0x5a,0xa9,0x4a,0x48,0x4a,0x27,0x4a,0x27,0x52,0x68,0x4a,0x27,0x5a,0xa9,0x5a,0xa9,0x52,0x68,0x42,0x06,
    0x4a,0x27,0x4a,0x47,0x4a,0x47,0x42,0x07,0x4a,0x27,0x4a,0x47,0x4a,0x47,0x39,0xe6,0x42,0x07,0x4a,0x47,0x4a,0x27,0x4a,0x27,
    0x42,0x06,0x4a,0x27,0x52,0x68,0x52,0x68,0x4a,0x47,0x4a,0x47,0x5a,0xa9,0x52,0x68,0x4a,0x47,0x42,0x07,0x5a,0x88,0x52,0x68,
    0x42,0x07,0x52,0x88,0x5a,0xa9,0x52,0x88,0x4a,0x47,0x4a,0x27,0x41,0xe6,0x4a,0x48,0x52,0x68,0x4a,0x27,0x4a,0x27,0x42,0x07,
    0x4a,0x47,0x52,0x48,0x42,0x07,0x42,0x07,0x4a,0x27,0x5a,0x88,0x52,0x88,0x52,0x68,0x52,0x68,0x52,0x68,0x4a,0x07,0x52,0x68,
    0x52,0x68,0x4a,0x47,0x42,0x07,0x52,0x48,0x4a,0x27,0x5a,0x88,0x4a,0x48,0x4a,0x27,0x52,0x68,0x52,0x88,0x5a,0x89,0x52,0x48,
    0x6b,0x2b,0x52,0x68,0x52,0x68,0x52,0x68,0x52,0x68,0x42,0x07,0x52,0x68,0x52,0x89,0x52,0x89,0x5a,0xc9,0x52,0x68,0x5a,0xc9,
    0x52,0x89,0x4a,0x48,0x4a,0x48,0x52,0x68,0x52,0x48,0x52,0x88,0x4a,0x48,0x4a,0x27,0x5a,0xc9,0x4a,0x27,0x4a,0x27,0x42,0x07,
    0x5a,0xa9,0x4a,0x48,0x52,0x68,0x42,0x07,0x52,0x88,0x52,0x48,0x4a,0x48,0x41,0xe6,0x52,0x68,0x5a,0xc9,0x4a,0x27,0x4a,0x48,
    0x4a,0x27,0x52,0x68,0x42,0x07,0x4a,0x27,0x52,0x68,0x52,0x88,0x4a,0x27,0x52,0x68,0x5a,0xc9,0x62,0xc9,0x4a,0x47,0x4a,0x48,
    0x5a,0xa9,0x52,0x88,0x4a,0x48,0x4a,0x48,0x5a,0xa9,0x5a,0xa9,0x4a,0x27,0x4a,0x48,0x52,0x48,0x52,0x88,0x4a,0x27,0x4a,0x47,
    0x5a,0x88,0x52,0x88,0x4a,0x47,0x52,0x48,0x52,0x68,0x52,0x68,0x4a,0x48,0x4a,0x27,0x5a,0xa9,0x62,0xea,0x5a,0xa9,0x39,0xe6,
    0x4a,0x48,0x52,0x68,0x52,0x89,0x42,0x07,0x52,0x68,0x4a,0x27,0x4a,0x48,0x4a,0x27,0x41,0xe6,0x42,0x27,0x4a,0x27,0x42,0x07,
    0x4a,0x47,0x4a,0x27,0x39,0xe6,0x39,0xe6,0x52,0x68,0x4a,0x27,0x4a,0x27,0x42,0x07,0x4a,0x27,0x4a,0x48,0x52,0x88,0x4a,0x27,
    0x42,0x07,0x52,0x68,0x52,0x89,0x52,0x68,0x4a,0x47,0x52,0x68,0x52,0x68,0x4a,0x27,0x42,0x06,0x4a,0x27,0x42,0x07,0x4a,0x48,
    0x4a,0x27,0x42,0x07,0x4a,0x27,0x4a,0x27,0x4a,0x48,0x4a,0x27,0x52,0x48,0x5a,0x89,0x4a,0x48,0x42,0x07,0x39,0xc6,0x4a,0x27,
    0x52,0x68,0x4a,0x27,0x41,0xe6,0x4a,0x27,0x4a,0x27,0x4a,0x27,0x4a,0x27,0x52,0x48,0x52,0x89,0x52,0x68,0x42,0x07,0x4a,0x27,
    0x52,0x88,0x4a,0x27,0x42,0x07,0x4a,0x27,0x4a,0x47,0x4a,0x27,0x52,0x48,0x4a,0x48,0x4a,0x27,0x4a,0x27,0x4a,0x27,0x4a,0x47,
    0x39,0xc6,0x39,0xc6,0x42,0x07,0x42,0x07,0x41,0xe6,0x41,0xe7,0x42,0x07,0x42,0x07,0x4a,0x27,0x4a,0x27,0x41,0xe6,0x4a,0x27,
    0x42,0x06,0x4a,0x27,0x52,0x68,0x4a,0x48,0x4a,0x27,0x4a,0x27,0x4a,0x47,0x4a,0x27,0x4a,0x48,0x4a,0x48,0x4a,0x47,0x52,0x68,
    0x4a,0x27,0x4a,0x27,0x4a,0x27,0x4a,0x27,0x52,0x48,0x4a,0x47,0x42,0x27,0x42,0x07,0x4a,0x47,0x4a,0x27,0x52,0x68,0x52,0x68,
    0x5a,0x88,0x4a,0x27,0x52,0x68,0x52,0x68,0x4a,0x48,0x4a,0x48,0x52,0x68,0x4a,0x48,0x41,0xe7,0x4a,0x48,0x4a,0x48,0x4a,0x27,
    0x52,0x88,0x42,0x07,0x42,0x07,0x4a,0x27,0x4a,0x48,0x52,0x88,0x52,0x68,0x42,0x07,0x42,0x07,0x4a,0x48,0x4a,0x48,0x4a,0x48,
    0x39,0xe6,0x42,0x27,0x41,0xe6,0x52,0x68,0x4a,0x48,0x52,0x68,0x4a,0x48,0x4a,0x48,0x42,0x07,0x4a,0x48,0x52,0x68,0x4a,0x27,
    0x4a,0x48,0x52,0x88,0x5a,0xc9,0x5a,0xa9,0x4a,0x68,0x4a,0x48,0x52,0x89,0x5a,0xa9,0x42,0x27,0x42,0x07,0x4a,0x48,0x4a,0x47,
    0x4a,0x27,0x4a,0x27,0x4a,0x27,0x42,0x07,0x52,0x68,0x4a,0x48,0x4a,0x48,0x42,0x27,0x52,0x68,0x52,0x68,0x4a,0x48,0x5a,0xa9,
    0x4a,0x47,0x4a,0x48,0x52,0x88,0x4a,0x48,0x4a,0x48,0x62,0xea,0x5a,0xa9,0x4a,0x48,0x4a,0x48,0x5a,0xc9,0x52,0x68,0x52,0x88,
    0x52,0x68,0x42,0x27,0x4a,0x68,0x52,0x68,0x52,0x68,0x42,0x07,0x4a,0x48,0x5a,0xa9,0x52,0x68,0x52,0x68,0x4a,0x48,0x5a,0xa9,
    0x52,0x89,0x52,0x68,0x52,0x89,0x52,0x89,0x52,0x68,0x4a,0x48,0x52,0x89,0x52,0x68,0x5a,0xa9,0x52,0x88,0x4a,0x27,0x42,0x07,
    0x4a,0x48,0x4a,0x27,0x4a,0x48,0x42,0x27,0x42,0x07,0x42,0x07,0x42,0x07,0x42,0x07,0x52,0x68,0x4a,0x27,0x4a,0x27,0x4a,0x48,
    0x4a,0x48,0x42,0x27,0x42,0x27,0x5a,0xa9,0x4a,0x48,0x4a,0x48,0x52,0x88,0x4a,0x27,0x4a,0x27,0x4a,0x48,0x52,0x68,0x4a,0x48,
    0x42,0x07,0x4a,0x27,0x4a,0x27,0x52,0x68,0x52,0x68,0x52,0x68,0x62,0xea,0x5a,0xa9,0x4a,0x27,0x4a,0x47,0x52,0x68,0x5a,0x88,
    0x4a,0x48,0x52,0x68,0x4a,0x47,0x52,0x88,0x52,0x68,0x5a,0xc9,0x52,0x68,0x6b,0x2b,0x52,0x88,0x5a,0xa9,0x62,0xc9,0x5a,0xa9,
    0x5a,0xa9,0x4a,0x27,0x52,0x88,0x5a,0xa9,0x73,0x6c,0x52,0x88,0x4a,0x27,0x52,0x89,0x6b,0x2b,0x4a,0x47,0x52,0x68,0x4a,0x48,
    0x4a,0x27,0x41,0xe6,0x5a,0xa9,0x5a,0xa9,0x52,0x88,0x4a,0x48,0x4a,0x48,0x4a,0x68,0x52,0x68,0x5a,0xc9,0x52,0x68,0x4a,0x27,
    0x42,0x27,0x5a,0xc9,0x52,0x68,0x4a,0x48,0x4a,0x27,0x4a,0x07,0x42,0x07,0x4a,0x48,0x52,0x68,0x4a,0x47,0x63,0x0a,0x52,0x68,
    0x4a,0x27,0x5a,0xa9,0x52,0x88,0x4a,0x48,0x4a,0x27,0x62,0xea,0x52,0x89,0x52,0x48,0x5a,0x89,0x5a,0xa9,0x52,0x88,0x52,0x68,
    0x5a,0xc9,0x42,0x27,0x4a,0x48,0x42,0x07,0x52,0x68,0x4a,0x27,0x4a,0x48,0x42,0x07,0x52,0x68,0x52,0x68,0x4a,0x27,0x52,0x48,
    0x52,0x68,0x5a,0xa9,0x5a,0xa9,0x62,0xc9,0x41,0xe6,0x5a,0xc9,0x52,0x88,0x4a,0x48,0x4a,0x27,0x4a,0x27,0x42,0x07,0x42,0x07,
    0x52,0x88,0x42,0x07,0x4a,0x27,0x4a,0x48,0x5a,0x88,0x42,0x07,0x52,0x68,0x5a,0x88,0x4a,0x27,0x4a,0x27,0x4a,0x47,0x4a,0x27,
    0x42,0x27,0x4a,0x48,0x42,0x07,0x52,0x68,0x41,0xe6,0x4a,0x68,0x4a,0x27,0x4a,0x47,0x4a,0x47,0x5a,0xa8,0x52,0x68,0x52,0x68,
    0x4a,0x27,0x5a,0x88,0x52,0x68,0x4a,0x27,0x52,0x68,0x4a,0x48,0x52,0x88,0x4a,0x47,0x52,0x89,0x52,0x48,0x5a,0x88,0x52,0x68,
    0x52,0x68,0x52,0x68,0x5a,0x88,0x5a,0xa8,0x52,0x68,0x52,0x68,0x5a,0xa9,0x52,0x68,0x52,0x88,0x4a,0x48,0x5a,0xa9,0x52,0x88,
    0x52,0x68,0x5a,0xc9,0x5a,0xa9,0x4a,0x48,0x52,0x68,0x4a,0x27,0x4a,0x27,0x4a,0x27,0x42,0x06,0x4a,0x27,0x42,0x07,0x42,0x07,
    0x4a,0x48,0x42,0x07,0x4a,0x27,0x41,0xe6,0x52,0x89,0x52,0x88,0x5a,0xa9,0x4a,0x27,0x4a,0x48,0x4a,0x27,0x4a,0x48,0x52,0x68,
    0x52,0x88,0x4a,0x48,0x52,0x68,0x5a,0x89,0x52,0x68,0x52,0x88,0x5a,0xc9,0x5a,0xa9,0x4a,0x48,0x4a,0x48,0x4a,0x48,0x42,0x07,
    0x4a,0x48,0x4a,0x27,0x52,0x68,0x5a,0xa9,0x52,0x68,0x4a,0x27,0x4a,0x47,0x52,0x88,0x4a,0x27,0x4a,0x27,0x5a,0xa9,0x52,0x68,
    0x52,0x88,0x52,0x68,0x4a,0x47,0x4a,0x27,0x52,0x68,0x5a,0xa9,0x4a,0x27,0x39,0xc6,0x52,0x48,0x52,0x68,0x4a,0x48,0x39,0xc6,
    0x4a,0x48,0x52,0x68,0x52,0x68,0x42,0x07,0x5a,0x89,0x52,0x88,0x4a,0x27,0x4a,0x27,0x4a,0x27,0x4a,0x48,0x4a,0x47,0x41,0xe6,
    0x39,0xe6,0x52,0x89,0x52,0x88,0x39,0xc6,0x4a,0x48,0x5a,0xa9,0x52,0x68,0x42,0x07,0x4a,0x47,0x4a,0x47,0x5a,0x88,0x52,0x68,
    0x4a,0x27,0x62,0xc9,0x41,0xe6,0x52,0x68,0x5a,0xc9,0x6b,0x0a,0x5a,0xa9,0x52,0x68,0x62,0xea,0x7b,0x8c,0x5a,0xa9,0x52,0x68,
    0x39,0xc6,0x42,0x07,0x6b,0x0a,0x52,0x68,0x4a,0x48,0x5a,0xc9,0x5a,0xa9,0x62,0xca,0x4a,0x47,0x5a,0xa9,0x5a,0xa9,0x52,0x68,
    0x52,0x48,0x52,0x68,0x4a,0x48,0x52,0x47,0x4a,0x27,0x52,0x68,0x52,0x48,0x6b,0x0a,0x52,0x68,0x5a,0x89,0x62,0xea,0x83,0xcd,
    0x4a,0x27,0x5a,0xc9,0x5a,0xc9,0x62,0xea,0x4a,0x27,0x52,0x88,0x52,0x48,0x5a,0xa9,0x6b,0x0a,0x4a,0x47,0x52,0x68,0x52,0x88,
    0x62,0xea,0x62,0xc9,0x5a,0xa9,0x42,0x07,0x4a,0x27,0x5a,0xa9,0x5a,0xca,0x52,0x68,0x5a,0xa9,0x63,0x0a,0x52,0x67,0x52,0x67,
    0x5a,0x89,0x52,0x68,0x52,0x67,0x5a,0x88,0x52,0x68,0x6a,0xe9,0x62,0xa8,0x5a,0x88,0x4a,0x47,0x73,0x6b,0x73,0x8d,0x52,0x88,
    0x62,0xa8,0x62,0xe9,0x6b,0x2b,0x52,0x68,0x5a,0xa8,0x5a,0x88,0x4a,0x27,0x39,0xa5,0x62,0xc8,0x6a,0xe9,0x62,0xc9,0x62,0xa8,
    0x6a,0xe9,0x5a,0x87,0x5a,0x67,0x5a,0x87,0x62,0xea,0x63,0x0a,0x5a,0xa8,0x52,0x67,0x42,0x07,0x6b,0x2b,0x4a,0x47,0x4a,0x48,
    0x6b,0x2a,0x6b,0x09,0x62,0xa8,0x52,0x88,0x52,0x47,0x62,0xc9,0x6a,0xe9,0x5a,0x88,0x52,0x88,0x5a,0xa9,0x5a,0xa8,0x52,0x68,
    0x4a,0x27,0x52,0x68,0x52,0x68,0x41,0xe6,0x5a,0x88,0x52,0x88,0x4a,0x47,0x4a,0x47,0x52,0x68,0x52,0x88,0x52,0x68,0x52,0x68,
    0x52,0x48,0x52,0x68,0x4a,0x47,0x5a,0x89,0x4a,0x27,0x4a,0x47,0x4a,0x27,0x52,0x89,0x4a,0x48,0x4a,0x27,0x4a,0x27,0x4a,0x27,
    0x4a,0x27,0x4a,0x48,0x52,0x68,0x4a,0x48,0x52,0x68,0x52,0x88,0x5a,0xa9,0x41,0xe6,0x7b,0xad,0x62,0xe9,0x5a,0xa9,0x52,0x88,
    0x62,0xea,0x4a,0x27,0x5a,0xa9,0x52,0x68,0x52,0x68,0x4a,0x27,0x52,0x88,0x42,0x06,0x4a,0x27,0x52,0x68,0x4a,0x47,0x4a,0x27,
    0x42,0x07,0x5a,0x89,0x63,0x0a,0x52,0x68,0x5a,0xa9,0x5a,0xa9,0x52,0x48,0x4a,0x47,0x4a,0x48,0x62,0xea,0x52,0x88,0x52,0x68,
    0x4a,0x47,0x5a,0xa9,0x5a,0xa9,0x4a,0x47,0x5a,0xc9,0x4a,0x27,0x39,0xc6,0x4a,0x27,0x52,0x88,0x52,0x88,0x62,0xea,0x5a,0xa9,
    0x52,0x68,0x52,0x48,0x52,0x68,0x4a,0x27,0x52,0x68,0x52,0x88,0x4a,0x47,0x42,0x07,0x5a,0xc9,0x52,0x68,0x5a,0x88,0x4a,0x48,
    0x5a,0xa9,0x5a,0x88,0x4a,0x48,0x4a,0x47,0x4a,0x47,0x4a,0x47,0x52,0x89,0x62,0xea,0x4a,0x27,0x52,0x88,0x62,0xea,0x62,0xca,
    0x4a,0x48,0x52,0x68,0x52,0x68,0x4a,0x48,0x52,0x88,0x52,0x68,0x4a,0x27,0x4a,0x48,0x62,0xea,0x5a,0x89,0x4a,0x27,0x4a,0x48,
    0x5a,0x89,0x5a,0x89,0x5a,0xa9,0x4a,0x48,0x52,0x88,0x5a,0x89,0x52,0x89,0x5a,0xa9,0x4a,0x48,0x4a,0x47,0x52,0x88,0x52,0x88,
    0x4a,0x48,0x5a,0xc9,0x4a,0x27,0x52,0x68,0x5a,0xa9,0x5a,0xa9,0x5a,0xc9,0x5a,0xa9,0x62,0xea,0x63,0x0a,0x62,0xea,0x4a,0x48,
    0x42,0x07,0x4a,0x27,0x4a,0x47,0x52,0x68,0x4a,0x48,0x41,0xe6,0x4a,0x27,0x4a,0x27,0x52,0x68,0x4a,0x27,0x42,0x07,0x4a,0x27,
    0x42,0x07,0x4a,0x27,0x4a,0x27,0x4a,0x48,0x42,0x07,0x41,0xe6,0x39,0xc6,0x4a,0x27,0x4a,0x27,0x4a,0x27,0x42,0x27,0x52,0x88,
    0x4a,0x27,0x4a,0x48,0x4a,0x27,0x52,0x68,0x4a,0x27,0x4a,0x27,0x4a,0x47,0x5a,0xa9,0x4a,0x47,0x4a,0x27,0x5a,0xc9,0x52,0x68,
    0x52,0x48,0x4a,0x07,0x42,0x06,0x4a,0x47,0x4a,0x47,0x4a,0x27,0x42,0x06,0x5a,0x88,0x52,0x88,0x4a,0x47,0x4a,0x47,0x4a,0x48,
    0x42,0x27,0x4a,0x47,0x52,0x88,0x62,0xc9,0x4a,0x47,0x39,0xc6,0x52,0x89,0x62,0xea,0x4a,0x27,0x4a,0x27,0x4a,0x48,0x5a,0x88,
    0x42,0x07,0x52,0x68,0x52,0x88,0x5a,0x88,0x52,0x68,0x4a,0x48,0x52,0x88,0x5a,0x88,0x52,0x48,0x4a,0x48,0x52,0x68,0x52,0x68,
    0x52,0x88,0x5a,0xc9,0x4a,0x47,0x5a,0x89,0x5a,0xc9,0x5a,0xa9,0x5a,0xa9,0x6b,0x0a,0x4a,0x27,0x4a,0x48,0x62,0xea,0x6b,0x2a,
    0x52,0x68,0x5a,0xa9,0x62,0xca,0x73,0x4b,0x5a,0xc9,0x5a,0x89,0x5a,0xa9,0x5a,0xc9,0x52,0x88,0x52,0x68,0x4a,0x48,0x5a,0xc9,
    0x6b,0x2a,0x52,0x88,0x52,0x89,0x52,0x68,0x7b,0x6c,0x73,0x2b,0x42,0x27,0x52,0x68,0x62,0xc9,0x62,0xea,0x62,0xc9,0x42,0x07,
    0x6b,0x0a,0x62,0xea,0x5a,0x89,0x52,0x68,0x4a,0x48,0x4a,0x48,0x52,0x89,0x52,0x88,0x4a,0x27,0x5a,0xc9,0x5a,0xa9,0x4a,0x27,
    0x52,0x68,0x5a,0xa9,0x42,0x07,0x4a,0x27,0x5a,0xc9,0x5a,0xa9,0x42,0x27,0x4a,0x48,0x4a,0x48,0x52,0x89,0x4a,0x27,0x41,0xe6,
    0x4a,0x27,0x4a,0x27,0x39,0xc6,0x31,0x85,0x39,0xe6,0x42,0x07,0x4a,0x27,0x52,0x48,0x4a,0x48,0x4a,0x48,0x4a,0x47,0x4a,0x27,
    0x5a,0xa9,0x42,0x07,0x5a,0xa9,0x52,0x68,0x42,0x07,0x4a,0x27,0x4a,0x27,0x5a,0x88,0x42,0x07,0x42,0x06,0x4a,0x27,0x52,0x68,
    0x5a,0xa9,0x4a,0x47,0x4a,0x27,0x4a,0x27,0x4a,0x27,0x39,0xe6,0x5a,0x89,0x52,0x68,0x5a,0xa9,0x39,0xe6,0x52,0x88,0x52,0x88,
    0x5a,0xa9,0x52,0x68,0x52,0x88,0x62,0xe9,0x52,0x68,0x4a,0x47,0x4a,0x27,0x62,0xc9,0x42,0x07,0x52,0x48,0x52,0x88,0x39,0xc6,
    0x52,0x68,0x4a,0x27,0x4a,0x48,0x4a,0x47,0x52,0x68,0x5a,0x89,0x5a,0xa9,0x62,0xc9,0x5a,0xa9,0x6b,0x0a,0x5a,0x89,0x42,0x07,
    0x41,0xe6,0x41,0xe6,0x42,0x07,0x4a,0x27,0x4a,0x27,0x52,0x68,0x5a,0x88,0x5a,0x88,0x4a,0x27,0x52,0x48,0x52,0x68,0x4a,0x27,
    0x41,0xe6,0x4a,0x27,0x4a,0x27,0x52,0x68,0x52,0x88,0x52,0x68,0x4a,0x48,0x4a,0x07,0x52,0x48,0x52,0x68,0x4a,0x48,0x52,0x68,
    0x52,0x68,0x52,0x48,0x4a,0x27,0x5a,0x88,0x4a,0x48,0x42,0x07,0x41,0xe6,0x4a,0x27,0x63,0x0a,0x73,0x4b,0x5a,0x89,0x5a,0xa9,
    0x6b,0x2b,0x5a,0xc9,0x42,0x07,0x52,0x88,0x52,0x48,0x42,0x07,0x4a,0x27,0x4a,0x27,0x4a,0x27,0x4a,0x47,0x42,0x07,0x52,0x68,
    0x62,0xea,0x5a,0xa9,0x4a,0x47,0x52,0x48,0x52,0x68,0x52,0x68,0x5a,0xa9,0x52,0x68,0x52,0x68,0x4a,0x48,0x52,0x89,0x52,0x68,
    0x52,0x88,0x4a,0x48,0x4a,0x47,0x52,0x68,0x52,0x68,0x4a,0x48,0x4a,0x47,0x4a,0x27,0x5a,0xa9,0x7b,0x8c,0x5a,0xa9,0x4a,0x27,
    0x4a,0x27,0x6b,0x0a,0x6b,0x2b,0x52,0x88,0x4a,0x47,0x5a,0x88,0x5a,0xc9,0x52,0x48,0x4a,0x27,0x4a,0x68,0x4a,0x27,0x41,0xe6,
    0x4a,0x48,0x5a,0xa9,0x4a,0x48,0x42,0x07,0x42,0x07,0x52,0x88,0x52,0x88,0x52,0x68,0x4a,0x47,0x6b,0x2b,0x63,0x0b,0x52,0x89,
    0x63,0x0a,0x52,0x68,0x5a,0xa9,0x52,0x88,0x5a,0xa9,0x52,0x68,0x52,0x88,0x52,0x68,0x41,0xe6,0x4a,0x27,0x52,0x68,0x5a,0x88,
    0x4a,0x27,0x4a,0x27,0x5a,0xa9,0x4a,0x47,0x52,0x88,0x52,0x88,0x4a,0x47,0x4a,0x27,0x52,0x68,0x5a,0xc9,0x5a,0x88,0x4a,0x47,
    0x62,0xca,0x62,0xca,0x5a,0xc9,0x5a,0xa9,0x62,0xc9,0x62,0xea,0x52,0x88,0x5a,0xa9,0x52,0x47,0x52,0x68,0x52,0x68,0x42,0x07,
    0x5a,0xa9,0x62,0xc9,0x5a,0x88,0x4a,0x07,0x62,0xe9,0x5a,0x88,0x4a,0x27,0x52,0x88,0x52,0x68,0x62,0xea,0x5a,0xa9,0x4a,0x27,
    0x4a,0x27,0x5a,0xc9,0x52,0x88,0x42,0x06,0x4a,0x47,0x41,0xe6,0x4a,0x27,0x4a,0x27,0x52,0x68,0x52,0x88,0x42,0x06,0x4a,0x48,
    0x5a,0x88,0x52,0x88,0x4a,0x47,0x5a,0x88,0x39,0xa6,0x42,0x27,0x42,0x07,0x42,0x07,0x42,0x07,0x41,0xe6,0x42,0x07,0x4a,0x27,
    0x5a,0x89,0x41,0xe6,0x42,0x07,0x4a,0x27,0x52,0x68,0x42,0x06,0x42,0x06,0x41,0xe6,0x4a,0x27,0x4a,0x27,0x42,0x07,0x4a,0x27,
    0x42,0x07,0x41,0xe6,0x41,0xe6,0x42,0x07,0x4a,0x27,0x4a,0x27,0x4a,0x07,0x4a,0x27,0x4a,0x27,0x52,0x88,0x4a,0x47,0x52,0x48,
    0x42,0x07,0x4a,0x27,0x42,0x07,0x4a,0x47,0x4a,0x47,0x4a,0x47,0x4a,0x27,0x4a,0x27,0x4a,0x27,0x4a,0x47,0x4a,0x27,0x4a,0x27,
    0x4a,0x48,0x4a,0x27,0x4a,0x27,0x42,0x07,0x4a,0x27,0x4a,0x47,0x4a,0x48,0x52,0x68,0x4a,0x27,0x41,0xe6,0x4a,0x27,0x52,0x68,
    0x52,0x68,0x41,0xe6,0x52,0x68,0x5a,0xa9,0x41,0xe6,0x42,0x07,0x52,0x48,0x52,0x88,0x52,0x88,0x52,0x68,0x4a,0x27,0x42,0x07,
    0x52,0x88,0x52,0x68,0x42,0x27,0x42,0x07,0x42,0x07,0x4a,0x27,0x42,0x07,0x42,0x07,0x52,0x68,0x5a,0x89,0x4a,0x27,0x4a,0x27,
    0x41,0xe6,0x39,0xc6,0x4a,0x48,0x52,0x48,0x42,0x07,0x41,0xe6,0x4a,0x48,0x52,0x48,0x39,0xe6,0x4a,0x27,0x4a,0x48,0x4a,0x27,
    0x42,0x07,0x42,0x07,0x4a,0x27,0x41,0xe6,0x4a,0x27,0x52,0x68,0x4a,0x27,0x4a,0x27,0x4a,0x27,0x4a,0x48,0x42,0x07,0x4a,0x07,
    0x41,0xe6,0x42,0x07,0x42,0x07,0x42,0x07,0x41,0xe6,0x4a,0x27,0x4a,0x27,0x4a,0x27,0x4a,0x47,0x4a,0x27,0x5a,0xa9,0x52,0x68,
    0x4a,0x47,0x52,0x68,0x52,0x89,0x4a,0x68,0x4a,0x27,0x52,0x68,0x52,0x89,0x5a,0x89,0x52,0x68,0x5a,0xa9,0x52,0x68,0x52,0x68,
    0x52,0x68,0x5a,0x89,0x52,0x89,0x5a,0xa9,0x5a,0x89,0x5a,0xa9,0x52,0x89,0x5a,0xa9,0x52,0x88,0x5a,0xa9,0x52,0x88,0x52,0x68,
    0x52,0x68,0x4a,0x27,0x4a,0x48,0x52,0x68,0x5a,0xa9,0x52,0x89,0x52,0x88,0x4a,0x48,0x52,0x89,0x52,0x68,0x4a,0x68,0x4a,0x48,
    0x52,0x68,0x4a,0x27,0x52,0x88,0x52,0x68,0x4a,0x48,0x52,0x48,0x5a,0xa9,0x4a,0x48,0x42,0x07,0x4a,0x48,0x4a,0x27,0x4a,0x28,
    0x4a,0x27,0x4a,0x27,0x4a,0x48,0x4a,0x48,0x5a,0xa9,0x52,0x68,0x52,0x88,0x4a,0x48,0x4a,0x47,0x4a,0x48,0x52,0x89,0x4a,0x27,
    0x52,0x68,0x4a,0x48,0x4a,0x48,0x4a,0x27,0x52,0x68,0x4a,0x27,0x41,0xe7,0x42,0x07,0x39,0xc6,0x42,0x07,0x39,0xe6,0x42,0x07,
    0x41,0xe6,0x39,0xe6,0x41,0xe7,0x4a,0x27,0x4a,0x48,0x52,0x68,0x52,0x68,0x4a,0x27,0x4a,0x27,0x5a,0xa9,0x4a,0x48,0x52,0x88,
    0x42,0x27,0x52,0x89,0x4a,0x27,0x63,0x0a,0x41,0xe6,0x4a,0x68,0x4a,0x27,0x52,0x68,0x5a,0xa9,0x5a,0xa9,0x4a,0x27,0x63,0x0a,
    0x6b,0x0a,0x42,0x07,0x4a,0x47,0x52,0x88,0x63,0x0a,0x4a,0x48,0x4a,0x27,0x4a,0x27,0x5a,0xc9,0x62,0xea,0x4a,0x48,0x5a,0x88,
    0x73,0x6b,0x5a,0xc9,0x4a,0x27,0x4a,0x48,0x73,0x4b,0x73,0x4b,0x4a,0x47,0x42,0x27,0x6b,0x0a,0x62,0xc9,0x52,0x68,0x41,0xe6,
    0x6b,0x0a,0x5a,0xc9,0x62,0xc9,0x62,0xca,0x4a,0x27,0x4a,0x27,0x4a,0x27,0x4a,0x48,0x4a,0x48,0x41,0xe6,0x41,0xe6,0x42,0x27,
    0x62,0xca,0x4a,0x27,0x4a,0x27,0x52,0x68,0x5a,0xa9,0x4a,0x48,0x4a,0x27,0x4a,0x68,0x4a,0x47,0x62,0xea,0x52,0x68,0x52,0x88,
    0x4a,0x48,0x4a,0x48,0x4a,0x27,0x52,0x68,0x4a,0x27,0x4a,0x27,0x52,0x68,0x52,0x88,0x4a,0x27,0x42,0x07,0x5a,0xa8,0x62,0xca,
    0x52,0x68,0x52,0x89,0x52,0x68,0x52,0x68,0x52,0x88,0x4a,0x27,0x4a,0x47,0x5a,0xa9,0x52,0x89,0x52,0x68,0x52,0x68,0x5a,0xa9,
    0x6b,0x0a,0x52,0x88,0x62,0xc9,0x6b,0x0a,0x52,0x48,0x42,0x27,0x4a,0x48,0x5a,0xa9,0x52,0x89,0x4a,0x27,0x52,0x68,0x5a,0x89,
    0x62,0xc9,0x4a,0x27,0x4a,0x47,0x52,0x88,0x52,0x68,0x4a,0x27,0x52,0x68,0x52,0x88,0x5a,0xa9,0x4a,0x27,0x4a,0x27,0x42,0x07,
    0x5a,0xa9,0x4a,0x27,0x4a,0x27,0x4a,0x27,0x4a,0x47,0x4a,0x27,0x4a,0x48,0x4a,0x48,0x6b,0x0a,0x52,0x68,0x52,0x68,0x42,0x07,
    0x4a,0x48,0x4a,0x48,0x52,0x68,0x52,0x68,0x4a,0x47,0x4a,0x27,0x4a,0x48,0x42,0x07,0x5a,0x89,0x5a,0xa9,0x5a,0xa9,0x52,0x68,
    0x4a,0x27,0x5a,0xc9,0x52,0x68,0x5a,0xc9,0x4a,0x27,0x52,0x68,0x52,0x68,0x4a,0x48,0x42,0x07,0x4a,0x27,0x52,0x68,0x42,0x07,
    0x41,0xe6,0x4a,0x27,0x4a,0x27,0x42,0x27,0x41,0xe7,0x4a,0x27,0x4a,0x48,0x4a,0x27,0x39,0xc6,0x52,0x68,0x42,0x07,0x42,0x07,
    0x4a,0x48,0x5a,0xc9,0x4a,0x27,0x39,0xe6,0x4a,0x47,0x5a,0xa9,0x52,0x88,0x42,0x07,0x4a,0x27,0x52,0x68,0x52,0x68,0x4a,0x47,
    0x5a,0x89,0x52,0x88,0x4a,0x27,0x52,0x88,0x42,0x27,0x5a,0x89,0x4a,0x27,0x62,0xc9,0x52,0x68,0x4a,0x47,0x41,0xe6,0x4a,0x27,
    0x41,0xe6,0x52,0x48,0x62,0xca,0x52,0x68,0x52,0x68,0x4a,0x27,0x52,0x68,0x4a,0x47,0x5a,0x88,0x52,0x68,0x5a,0xa9,0x52,0x88,
    0x52,0x68,0x52,0x88,0x52,0x68,0x4a,0x47,0x52,0x68,0x4a,0x27,0x4a,0x27,0x4a,0x47,0x4a,0x47,0x52,0x68,0x4a,0x48,0x52,0x68,
    0x52,0x88,0x52,0x88,0x52,0x68,0x52,0x67,0x5a,0xa9,0x62,0xc9,0x52,0x48,0x4a,0x27,0x5a,0x88,0x5a,0xa9,0x52,0x68,0x4a,0x47,
    0x4a,0x47,0x52,0x68,0x4a,0x27,0x4a,0x27,0x52,0x47,0x4a,0x27,0x52,0x68,0x52,0x68,0x4a,0x27,0x4a,0x47,0x52,0x68,0x52,0x48,
    0x52,0x68,0x52,0x88,0x52,0x88,0x4a,0x27,0x29,0x65,0x31,0x85,0x62,0xea,0x52,0x89,0x4a,0x48,0x42,0x07,0x4a,0x48,0x52,0x88,
    0x4a,0x27,0x42,0x07,0x5a,0xa9,0x5a,0xca,0x4a,0x27,0x4a,0x48,0x5a,0xa9,0x62,0xea,0x4a,0x48,0x52,0x88,0x4a,0x47,0x5a,0xa9,
    0x42,0x07,0x4a,0x48,0x4a,0x68,0x52,0x68,0x42,0x07,0x4a,0x48,0x4a,0x27,0x4a,0x48,0x4a,0x28,0x52,0x88,0x4a,0x48,0x52,0x89,
    0x6b,0x0b,0x52,0x48,0x52,0x68,0x4a,0x48,0x42,0x07,0x42,0x07,0x4a,0x27,0x4a,0x27,0x4a,0x48,0x4a,0x48,0x4a,0x27,0x42,0x07,
    0x4a,0x68,0x41,0xe7,0x39,0xe6,0x41,0xe6,0x52,0x88,0x5a,0xa9,0x52,0x68,0x62,0xea,0x42,0x07,0x52,0x88,0x5a,0xa9,0x4a,0x48,
    0x52,0x68,0x52,0x68,0x4a,0x48,0x4a,0x48,0x41,0xe7,0x52,0x68,0x42,0x07,0x42,0x07,0x4a,0x47,0x4a,0x27,0x52,0x68,0x42,0x07,
    0x4a,0x48,0x4a,0x48,0x4a,0x48,0x42,0x07,0x4a,0x27,0x4a,0x48,0x42,0x07,0x41,0xe6,0x52,0x48,0x52,0x68,0x4a,0x27,0x42,0x07,
    0x42,0x06,0x42,0x06,0x42,0x07,0x4a,0x27,0x4a,0x27,0x4a,0x27,0x42,0x27,0x42,0x07,0x41,0xe6,0x41,0xe6,0x4a,0x27,0x4a,0x48,
    0x42,0x07,0x42,0x07,0x42,0x07,0x52,0x68,0x4a,0x27,0x52,0x68,0x52,0x48,0x4a,0x27,0x41,0xe6,0x52,0x68,0x52,0x89,0x5a,0xa9,
    0x4a,0x27,0x62,0xc9,0x4a,0x48,0x52,0x68,0x52,0x68,0x5a,0xa9,0x52,0x68,0x4a,0x47,0x41,0xe6,0x5a,0xa9,0x39,0xc6,0x31,0xa5,
    0x4a,0x48,0x4a,0x27,0x42,0x07,0x31,0x85,0x52,0x89,0x4a,0x48,0x4a,0x48,0x4a,0x27,0x52,0x68,0x42,0x07,0x42,0x07,0x42,0x07,
    0x52,0x68,0x52,0x68,0x62,0xc9,0x52,0x68,0x42,0x27,0x42,0x07,0x4a,0x68,0x52,0x88,0x4a,0x27,0x4a,0x27,0x4a,0x48,0x5a,0xa9,
    0x5a,0xa9,0x4a,0x48,0x4a,0x27,0x52,0x88,0x4a,0x47,0x4a,0x48,0x4a,0x27,0x5a,0xa9,0x52,0x88,0x5a,0xa9,0x5a,0xa9,0x5a,0xa9,
    0x4a,0x47,0x5a,0xa9,0x52,0x68,0x41,0xe6,0x4a,0x27,0x4a,0x48,0x4a,0x47,0x42,0x07,0x5a,0xc9,0x52,0x88,0x52,0x68,0x5a,0x88,
    0x4a,0x48,0x5a,0x89,0x52,0x68,0x5a,0x88,0x4a,0x27,0x52,0x88,0x4a,0x27,0x52,0x68,0x4a,0x27,0x5a,0xa9,0x5a,0xa9,0x52,0x88,
    0x52,0x88,0x52,0x48,0x52,0x68,0x52,0x48,0x52,0x88,0x52,0x68,0x4a,0x47,0x4a,0x48,0x52,0x68,0x4a,0x27,0x4a,0x47,0x52,0x48,
    0x4a,0x48,0x52,0x68,0x4a,0x47,0x4a,0x48,0x5a,0x88,0x52,0x48,0x5a,0xa9,0x52,0x88,0x5a,0x88,0x52,0x68,0x52,0x68,0x52,0x88,
    0x52,0x48,0x52,0x68,0x4a,0x48,0x5a,0xa9,0x52,0x48,0x4a,0x27,0x4a,0x48,0x4a,0x27,0x4a,0x47,0x4a,0x27,0x52,0x68,0x52,0x88,
    0x52,0x68,0x52,0x68,0x5a,0xa9,0x42,0x07,0x52,0x88,0x62,0xea,0x42,0x07,0x42,0x07,0x42,0x07,0x4a,0x47,0x52,0x47,0x4a,0x27,
    0x52,0x68,0x52,0x68,0x4a,0x48,0x4a,0x68,0x41,0xe6,0x4a,0x27,0x4a,0x48,0x4a,0x48,0x42,0x07,0x4a,0x27,0x52,0x68,0x41,0xe6,
    0x52,0x68,0x41,0xe6,0x4a,0x27,0x41,0xe6,0x4a,0x27,0x4a,0x47,0x52,0x68,0x52,0x68,0x42,0x07,0x42,0x07,0x52,0x68,0x52,0x68,
    0x4a,0x48,0x4a,0x47,0x4a,0x48,0x52,0x89,0x4a,0x27,0x4a,0x27,0x5a,0xa9,0x5a,0xa9,0x52,0x48,0x52,0x47,0x52,0x88,0x52,0x88,
    0x52,0x68,0x52,0x88,0x5a,0x89,0x4a,0x47,0x4a,0x47,0x4a,0x47,0x52,0x48,0x52,0x68,0x4a,0x27,0x42,0x07,0x4a,0x27,0x52,0x68,
    0x52,0x68,0x5a,0xa9,0x4a,0x27,0x42,0x07,0x5a,0x89,0x4a,0x47,0x4a,0x27,0x4a,0x27,0x6b,0x2b,0x52,0x88,0x4a,0x27,0x52,0x48,
    0x5a,0xa9,0x52,0x68,0x52,0x68,0x4a,0x27,0x41,0xe6,0x4a,0x27,0x5a,0x88,0x5a,0xa9,0x42,0x07,0x52,0x68,0x5a,0xc9,0x5a,0xa9,
    0x4a,0x27,0x4a,0x48,0x4a,0x47,0x5a,0x88,0x41,0xe6,0x4a,0x48,0x52,0x68,0x5a,0xa9,0x62,0xc9,0x5a,0x89,0x5a,0xc9,0x52,0x88,
    0x62,0xc9,0x5a,0xa9,0x5a,0xa9,0x52,0x68,0x5a,0xc9,0x52,0x68,0x5a,0xc9,0x5a,0xc9,0x52,0x88,0x5a,0xa9,0x5a,0xa9,0x5a,0xa9,
    0x62,0xea,0x52,0x68,0x39,0xc6,0x52,0x68,0x4a,0x48,0x4a,0x27,0x52,0x68,0x4a,0x27,0x52,0x68,0x52,0x68,0x4a,0x48,0x42,0x07,
    0x52,0x68,0x52,0x68,0x52,0x88,0x4a,0x27,0x52,0x68,0x52,0x88,0x52,0x88,0x4a,0x27,0x42,0x07,0x52,0x68,0x5a,0xa9,0x5a,0x89,
    0x42,0x07,0x4a,0x27,0x52,0x89,0x5a,0x89,0x4a,0x27,0x4a,0x47,0x52,0x68,0x52,0x88,0x5a,0x89,0x5a,0xa9,0x62,0xea,0x5a,0x89,
    0x52,0x68,0x4a,0x27,0x52,0x88,0x5a,0xa9,0x52,0x89,0x5a,0x89,0x52,0x68,0x5a,0x89,0x4a,0x28,0x52,0x68,0x52,0x68,0x52,0x88,
    0x62,0xea,0x5a,0xa9,0x4a,0x48,0x4a,0x27,0x52,0x89,0x52,0x88,0x52,0x68,0x5a,0xa9,0x52,0x89,0x62,0xea,0x52,0x68,0x52,0x88,
    0x52,0x68,0x4a,0x48,0x52,0x68,0x5a,0xa9,0x4a,0x48,0x62,0xea,0x4a,0x48,0x42,0x07,0x52,0x68,0x4a,0x27,0x41,0xe6,0x4a,0x47,
    0x4a,0x27,0x41,0xe6,0x39,0xa5,0x31,0xa5,0x52,0x89,0x52,0x89,0x52,0x88,0x39,0xc6,0x42,0x07,0x42,0x06,0x42,0x07,0x42,0x07,
    0x4a,0x27,0x41,0xe6,0x42,0x06,0x4a,0x27,0x41,0xe6,0x42,0x27,0x39,0xc6,0x4a,0x27,0x42,0x27,0x4a,0x48,0x4a,0x27,0x4a,0x27,
    0x42,0x07,0x4a,0x47,0x42,0x07,0x39,0xe6,0x52,0x68,0x41,0xe6,0x4a,0x27,0x4a,0x48,0x4a,0x27,0x41,0xe6,0x4a,0x27,0x42,0x07,
    0x41,0xe6,0x41,0xe6,0x39,0xc6,0x41,0xe6,0x4a,0x27,0x4a,0x27,0x42,0x07,0x4a,0x27,0x4a,0x48,0x4a,0x48,0x4a,0x47,0x4a,0x27,
    0x4a,0x27,0x52,0x88,0x4a,0x27,0x52,0x68,0x41,0xe6,0x42,0x07,0x42,0x07,0x4a,0x27,0x52,0x68,0x4a,0x48,0x4a,0x27,0x52,0x88,
    0x4a,0x27,0x4a,0x48,0x42,0x06,0x62,0xc9,0x5a,0xa9,0x62,0xc9,0x52,0x88,0x5a,0x88,0x4a,0x48,0x5a,0xa9,0x4a,0x27,0x42,0x27,
    0x42,0x07,0x4a,0x27,0x42,0x07,0x4a,0x07,0x52,0x68,0x4a,0x27,0x4a,0x27,0x42,0x07,0x42,0x07,0x42,0x27,0x41,0xe6,0x4a,0x48,
    0x52,0x48,0x4a,0x07,0x4a,0x27,0x52,0x68,0x52,0x68,0x42,0x07,0x4a,0x48,0x4a,0x48,0x4a,0x27,0x4a,0x47,0x52,0x89,0x52,0x68,
    0x52,0x48,0x52,0x68,0x41,0xe6,0x4a,0x27,0x4a,0x48,0x41,0xe6,0x42,0x07,0x4a,0x27,0x42,0x07,0x4a,0x27,0x52,0x68,0x4a,0x48,
    0x4a,0x48,0x4a,0x27,0x52,0x68,0x5a,0xa9,0x4a,0x47,0x4a,0x27,0x52,0x68,0x52,0x68,0x52,0x68,0x52,0x48,0x42,0x27,0x4a,0x27,
    0x52,0x48,0x52,0x88,0x39,0xc6,0x4a,0x27,0x5a,0xa9,0x4a,0x27,0x52,0x88,0x62,0xc9,0x5a,0xa9,0x62,0xea,0x62,0xc9,0x4a,0x47,
    0x52,0x88,0x73,0x6c,0x83,0xee,0x42,0x07,0x4a,0x48,0x42,0x07,0x42,0x06,0x41,0xe6,0x4a,0x27,0x42,0x07,0x4a,0x07,0x42,0x06,
    0x42,0x07,0x42,0x07,0x4a,0x27,0x42,0x07,0x4a,0x27,0x4a,0x27,0x4a,0x27,0x4a,0x47,0x42,0x06,0x5a,0x88,0x52,0x68,0x42,0x07,
    0x4a,0x27,0x4a,0x27,0x41,0xe6,0x39,0xc6,0x4a,0x27,0x4a,0x27,0x4a,0x27,0x4a,0x48,0x41,0xe6,0x39,0xc6,0x52,0x68,0x52,0x68,
    0x39,0xe6,0x5a,0x88,0x62,0xc9,0x52,0x67,0x4a,0x27,0x52,0x68,0x52,0x68,0x52,0x68,0x4a,0x48,0x4a,0x27,0x41,0xe6,0x4a,0x48,
    0x42,0x07,0x42,0x06,0x39,0xc6,0x42,0x27,0x52,0x88,0x52,0x67,0x5a,0x88,0x5a,0xc9,0x52,0x68,0x4a,0x27,0x52,0x68,0x4a,0x47,
    0x4a,0x48,0x4a,0x47,0x6b,0x0a,0x5a,0xc9,0x62,0xea,0x52,0x68,0x62,0xc9,0x5a,0xc9,0x52,0x47,0x4a,0x47,0x4a,0x47,0x52,0x68,
    0x5a,0x88,0x52,0x68,0x52,0x68,0x52,0x68,0x52,0x68,0x4a,0x48,0x52,0x68,0x52,0x47,0x52,0x68,0x52,0x68,0x52,0x68,0x52,0x88,
    0x5a,0xa9,0x52,0x68,0x4a,0x47,0x4a,0x47,0x52,0x68,0x62,0xc9,0x52,0x47,0x52,0x68,0x4a,0x48,0x5a,0xa9,0x5a,0x88,0x52,0x47,
    0x52,0x88,0x4a,0x48,0x4a,0x48,0x5a,0xc9,0x52,0x68,0x52,0x68,0x4a,0x48,0x4a,0x47,0x4a,0x47,0x52,0x68,0x5a,0xc9,0x5a,0xa9,
    0x4a,0x47,0x52,0x68,0x52,0x88,0x5a,0xa9,0x5a,0x88,0x5a,0xc9,0x5a,0x88,0x5a,0x88,0x42,0x06,0x42,0x07,0x4a,0x47,0x4a,0x48,
    0x42,0x07,0x4a,0x27,0x52,0x68,0x4a,0x48,0x52,0x68,0x52,0x48,0x5a,0x88,0x42,0x07,0x5a,0xa9,0x52,0x68,0x52,0x68,0x42,0x06,
    0x52,0x68,0x4a,0x48,0x42,0x27,0x4a,0x27,0x4a,0x47,0x42,0x27,0x4a,0x48,0x4a,0x48,0x4a,0x47,0x4a,0x27,0x52,0x68,0x52,0x48,
    0x52,0x68,0x52,0x68,0x4a,0x48,0x4a,0x27,0x4a,0x48,0x4a,0x48,0x42,0x27,0x4a,0x48,0x5a,0xc9,0x52,0x89,0x42,0x27,0x4a,0x48,
    0x52,0x88,0x5a,0x89,0x4a,0x48,0x4a,0x48,0x4a,0x27,0x52,0x68,0x4a,0x48,0x52,0x68,0x42,0x07,0x42,0x07,0x41,0xe7,0x4a,0x27,
    0x4a,0x27,0x42,0x07,0x41,0xe7,0x4a,0x27,0x4a,0x47,0x42,0x07,0x42,0x07,0x4a,0x27,0x4a,0x47,0x39,0xc6,0x42,0x06,0x4a,0x48,
    0x52,0x68,0x52,0x68,0x52,0x68,0x52,0x68,0x5a,0xa9,0x52,0x68,0x4a,0x27,0x52,0x68,0x4a,0x48,0x4a,0x48,0x4a,0x68,0x52,0x88,
    0x4a,0x27,0x4a,0x48,0x52,0x68,0x5a,0xa9,0x4a,0x48,0x52,0x68,0x4a,0x48,0x4a,0x68,0x52,0x89,0x4a,0x48,0x4a,0x48,0x4a,0x27,
    0x4a,0x48,0x4a,0x27,0x4a,0x48,0x42,0x07,0x4a,0x48,0x52,0x68,0x42,0x07,0x4a,0x27,0x4a,0x27,0x4a,0x48,0x5a,0x89,0x52,0x89,
    0x4a,0x48,0x4a,0x48,0x4a,0x48,0x5a,0x89,0x4a,0x27,0x52,0x68,0x5a,0xa9,0x5a,0xa9,0x4a,0x47,0x4a,0x48,0x5a,0xa9,0x4a,0x48,
    0x52,0x68,0x52,0x68,0x52,0x89,0x52,0x68,0x5a,0xa9,0x4a,0x48,0x52,0x88,0x5a,0x89,0x52,0x68,0x41,0xe7,0x42,0x07,0x52,0x68,
    0x52,0x68,0x42,0x27,0x4a,0x27,0x4a,0x47,0x52,0x68,0x31,0x65,0x4a,0x27,0x42,0x07,0x4a,0x48,0x41,0xe6,0x4a,0x27,0x41,0xe6,
    0x4a,0x07,0x41,0xe6,0x4a,0x07,0x4a,0x27,0x41,0xe6,0x42,0x07,0x42,0x07,0x42,0x07,0x42,0x07,0x52,0x68,0x4a,0x27,0x4a,0x27,
    0x4a,0x27,0x42,0x07,0x41,0xe6,0x4a,0x27,0x4a,0x27,0x42,0x07,0x39,0xc6,0x39,0xe6,0x52,0x68,0x4a,0x47,0x41,0xe7,0x42,0x07,
    0x4a,0x27,0x41,0xe6,0x4a,0x47,0x52,0x88,0x52,0x48,0x4a,0x27,0x4a,0x27,0x42,0x07,0x4a,0x27,0x4a,0x27,0x4a,0x27,0x52,0x68,
    0x42,0x07,0x42,0x07,0x5a,0x89,0x52,0x88,0x5a,0xc9,0x52,0x88,0x6b,0x0b,0x73,0x8c,0x52,0x68,0x6b,0x0b,0x6b,0x0a,0x62,0xca,
    0x42,0x07,0x52,0x68,0x5a,0xa9,0x5a,0xa9,0x4a,0x48,0x4a,0x27,0x4a,0x27,0x52,0x88,0x5a,0xca,0x4a,0x48,0x4a,0x47,0x42,0x07,
    0x62,0xc9,0x52,0x68,0x62,0xe9,0x5a,0xa9,0x62,0xc9,0x52,0x68,0x42,0x07,0x73,0x6c,0x62,0xc9,0x5a,0xc9,0x52,0x68,0x62,0xea,
    0x52,0x89,0x4a,0x48,0x52,0x68,0x6b,0x2a,0x4a,0x27,0x5a,0xa9,0x73,0x6b,0x6b,0x0a,0x52,0x68,0x63,0x0a,0x63,0x0a,0x4a,0x48,
    0x41,0xe6,0x4a,0x47,0x5a,0x88,0x4a,0x48,0x52,0x88,0x42,0x27,0x5a,0xa9,0x52,0x68,0x41,0xe6,0x5a,0xa9,0x5a,0xc9,0x4a,0x48,
    0x4a,0x27,0x4a,0x48,0x4a,0x47,0x4a,0x27,0x42,0x06,0x42,0x27,0x4a,0x47,0x4a,0x48,0x4a,0x27,0x41,0xe6,0x52,0x68,0x52,0x68,
    0x4a,0x48,0x52,0x68,0x52,0x68,0x4a,0x47,0x4a,0x27,0x52,0x68,0x39,0xe6,0x41,0xe6,0x5a,0x89,0x4a,0x27,0x41,0xe6,0x42,0x07,
    0x5a,0xa9,0x5a,0xa9,0x4a,0x27,0x4a,0x47,0x52,0x68,0x4a,0x47,0x4a,0x27,0x41,0xe6,0x42,0x07,0x42,0x07,0x52,0x68,0x6b,0x2a,
    0x4a,0x48,0x5a,0xa9,0x4a,0x27,0x5a,0xa9,0x42,0x07,0x5a,0xa9,0x52,0x68,0x62,0xea,0x42,0x07,0x5a,0x88,0x52,0x68,0x52,0x68,
    0x52,0x68,0x42,0x07,0x4a,0x47,0x52,0x88,0x52,0x68,0x41,0xe6,0x4a,0x27,0x52,0x89,0x4a,0x47,0x4a,0x27,0x4a,0x48,0x52,0x68,
    0x52,0x68,0x42,0x07,0x4a,0x48,0x42,0x07,0x62,0xca,0x4a,0x48,0x4a,0x27,0x42,0x07,0x4a,0x48,0x4a,0x27,0x39,0xe6,0x42,0x07,
    0x4a,0x27,0x52,0x68,0x52,0x89,0x52,0x88,0x42,0x07,0x4a,0x27,0x4a,0x27,0x4a,0x48,0x41,0xe6,0x4a,0x27,0x52,0x88,0x4a,0x48,
    0x4a,0x48,0x4a,0x48,0x5a,0xc9,0x52,0x89,0x52,0x68,0x42,0x07,0x4a,0x48,0x4a,0x27,0x52,0x68,0x52,0x68,0x5a,0xa9,0x42,0x07,
    0x52,0x48,0x4a,0x47,0x52,0x68,0x42,0x27,0x52,0x88,0x52,0x68,0x4a,0x27,0x4a,0x27,0x4a,0x27,0x5a,0xa9,0x62,0xc9,0x4a,0x27,
    0x41,0xe7,0x52,0x48,0x62,0xc9,0x4a,0x27,0x42,0x27,0x52,0x47,0x4a,0x47,0x41,0xe6,0x4a,0x27,0x42,0x07,0x5a,0x89,0x4a,0x47,
    0x52,0x67,0x5a,0x88,0x4a,0x06,0x4a,0x27,0x52,0x47,0x4a,0x27,0x5a,0x88,0x5a,0xa8,0x4a,0x47,0x4a,0x47,0x52,0x68,0x5a,0x88,
    0x42,0x07,0x4a,0x27,0x42,0x07,0x52,0x47,0x52,0x68,0x5a,0xa9,0x5a,0xa9,0x42,0x07,0x52,0x68,0x52,0x68,0x4a,0x47,0x42,0x27,
    0x5a,0xa8,0x52,0x68,0x52,0x68,0x4a,0x28,0x62,0xc9,0x4a,0x48,0x4a,0x47,0x52,0x68,0x42,0x27,0x52,0x89,0x5a,0xa9,0x6b,0x0b,
    0x4a,0x48,0x62,0xea,0x4a,0x07,0x42,0x07,0x4a,0x48,0x52,0x89,0x42,0x07,0x4a,0x27,0x52,0x89,0x52,0x68,0x4a,0x27,0x41,0xe6,
    0x4a,0x27,0x4a,0x48,0x52,0x88,0x52,0x68,0x42,0x07,0x52,0x68,0x52,0x48,0x42,0x07,0x4a,0x47,0x4a,0x27,0x41,0xe6,0x42,0x07,
    0x5a,0x89,0x4a,0x48,0x42,0x07,0x4a,0x27,0x52,0x68,0x42,0x07,0x4a,0x48,0x41,0xe6,0x4a,0x27,0x4a,0x48,0x4a,0x48,0x4a,0x27,
    0x4a,0x27,0x5a,0xa9,0x52,0x68,0x4a,0x48,0x4a,0x27,0x4a,0x27,0x4a,0x27,0x52,0x89,0x4a,0x27,0x42,0x07,0x42,0x07,0x4a,0x48,
    0x52,0x88,0x52,0x88,0x42,0x07,0x4a,0x48,0x4a,0x48,0x4a,0x48,0x41,0xe6,0x42,0x07,0x52,0x68,0x4a,0x27,0x39,0xc6,0x4a,0x28,
    0x4a,0x48,0x4a,0x27,0x4a,0x27,0x4a,0x27,0x52,0x88,0x4a,0x27,0x4a,0x27,0x41,0xe6,0x5a,0x89,0x42,0x27,0x5a,0xa9,0x73,0x4b,
    0x52,0x48,0x52,0x68,0x4a,0x27,0x52,0x88,0x4a,0x48,0x4a,0x47,0x4a,0x48,0x4a,0x47,0x4a,0x48,0x4a,0x48,0x52,0x68,0x52,0x68,
    0x39,0xe6,0x41,0xe6,0x4a,0x48,0x52,0x68,0x42,0x07,0x39,0xc6,0x41,0xe6,0x52,0x68,0x4a,0x48,0x52,0x68,0x4a,0x48,0x42,0x07,
    0x4a,0x27,0x4a,0x27,0x52,0x68,0x42,0x07,0x52,0x88,0x4a,0x27,0x4a,0x27,0x52,0x68,0x5a,0x89,0x4a,0x68,0x42,0x07,0x4a,0x48,
    0x52,0x68,0x4a,0x47,0x39,0xe6,0x4a,0x47,0x52,0x68,0x4a,0x48,0x42,0x07,0x4a,0x27,0x4a,0x27,0x4a,0x27,0x41,0xe6,0x4a,0x27,
    0x42,0x07,0x4a,0x48,0x4a,0x27,0x4a,0x48,0x52,0x88,0x4a,0x48,0x52,0x88,0x42,0x07,0x5a,0xca,0x4a,0x48,0x52,0x68,0x4a,0x27,
    0x5a,0xa9,0x52,0x68,0x52,0x68,0x4a,0x27,0x52,0x68,0x52,0x68,0x4a,0x48,0x52,0x68,0x42,0x07,0x4a,0x48,0x42,0x07,0x4a,0x48,
    0x41,0xe7,0x4a,0x27,0x42,0x07,0x52,0x89,0x42,0x07,0x4a,0x27,0x4a,0x48,0x4a,0x27,0x4a,0x27,0x4a,0x27,0x4a,0x27,0x4a,0x48,
    0x42,0x07,0x5a,0xc9,0x62,0xea,0x52,0x88,0x5a,0xa9,0x5a,0xa9,0x52,0x68,0x52,0x88,0x52,0x88,0x62,0xea,0x52,0x68,0x52,0x68,
    0x4a,0x27,0x52,0x88,0x5a,0x89,0x62,0xca,0x5a,0x89,0x52,0x68,0x4a,0x27,0x4a,0x27,0x52,0x68,0x5a,0xca,0x5a,0xa9,0x4a,0x27,
    0x62,0xea,0x9c,0xb1,0x83,0xee,0x41,0xe6,0x41,0xe6,0x5a,0xca,0x52,0x68,0x42,0x07,0x42,0x07,0x52,0x48,0x4a,0x27,0x4a,0x48,
    0x4a,0x47,0x52,0x68,0x4a,0x27,0x4a,0x48,0x52,0x68,0x5a,0xa9,0x4a,0x48,0x52,0x68,0x52,0x68,0x52,0x48,0x52,0x68,0x4a,0x48,
    0x4a,0x47,0x4a,0x27,0x4a,0x47,0x4a,0x27,0x52,0x48,0x4a,0x48,0x42,0x07,0x52,0x68,0x4a,0x27,0x4a,0x27,0x4a,0x47,0x4a,0x07,
    0x4a,0x48,0x4a,0x27,0x52,0x68,0x5a,0xa9,0x52,0x88,0x4a,0x27,0x4a,0x27,0x52,0x68,0x4a,0x47,0x52,0x88,0x52,0x68,0x4a,0x48,
    0x42,0x27,0x52,0x68,0x4a,0x48,0x4a,0x27,0x52,0x89,0x52,0x68,0x4a,0x48,0x4a,0x48,0x42,0x07,0x42,0x07,0x4a,0x48,0x4a,0x27,
    0x4a,0x27,0x4a,0x27,0x52,0x68,0x4a,0x48,0x52,0x68,0x4a,0x27,0x4a,0x48,0x4a,0x48,0x52,0x68,0x4a,0x48,0x4a,0x27,0x42,0x27,
    0x4a,0x27,0x42,0x07,0x52,0x88,0x62,0xc9,0x4a,0x47,0x42,0x27,0x5a,0x88,0x52,0x88,0x4a,0x48,0x4a,0x48,0x52,0x88,0x62,0xea,
    0x4a,0x27,0x52,0x88,0x5a,0x89,0x52,0x89,0x62,0xc9,0x5a,0xa9,0x52,0x88,0x4a,0x27,0x62,0xca,0x5a,0xc9,0x5a,0xa9,0x52,0x88,
    0x62,0xea,0x5a,0xc9,0x5a,0x89,0x6b,0x2b,0x52,0x68,0x4a,0x47,0x62,0xca,0x6b,0x4b,0x39,0xe6,0x5a,0xa9,0x62,0xc9,0x6b,0x2b,
    0x5a,0xa9,0x52,0x88,0x4a,0x48,0x5a,0xa9,0x73,0x6c,0x5a,0x89,0x6b,0x0a,0x62,0xea,0x5a,0xa9,0x62,0xc9,0x6b,0x0b,0x52,0x68,
    0x52,0x68,0x42,0x07,0x52,0x88,0x52,0x88,0x4a,0x48,0x42,0x07,0x5a,0x89,0x52,0x89,0x52,0x88,0x4a,0x27,0x4a,0x48,0x4a,0x27,
    0x4a,0x47,0x4a,0x47,0x4a,0x27,0x4a,0x27,0x52,0x68,0x4a,0x48,0x52,0x68,0x4a,0x27,0x4a,0x27,0x4a,0x27,0x42,0x07,0x4a,0x48,
    0x4a,0x27,0x4a,0x48,0x4a,0x48,0x52,0x88,0x4a,0x28,0x4a,0x27,0x52,0x68,0x4a,0x47,0x52,0x68,0x52,0x88,0x52,0x68,0x52,0x68,
    0x52,0x68,0x4a,0x27,0x4a,0x48,0x4a,0x48,0x52,0x68,0x52,0x68,0x4a,0x68,0x4a,0x47,0x4a,0x27,0x4a,0x48,0x4a,0x48,0x4a,0x48,
    0x52,0x68,0x52,0x68,0x52,0x68,0x5a,0xa9,0x52,0x68,0x52,0x68,0x4a,0x48,0x52,0x48,0x5a,0x89,0x52,0x68,0x52,0x68,0x4a,0x47,
    0x52,0x89,0x52,0x89,0x52,0x88,0x4a,0x48,0x4a,0x48,0x4a,0x27,0x52,0x68,0x52,0x68,0x4a,0x48,0x62,0xea,0x5a,0x89,0x52,0x88,
    0x52,0x68,0x5a,0x89,0x52,0x89,0x5a,0xa9,0x52,0x88,0x4a,0x48,0x4a,0x48,0x4a,0x48,0x52,0x68,0x5a,0x89,0x62,0xc9,0x52,0x68,
    0x42,0x07,0x52,0x68,0x52,0x68,0x4a,0x48,0x5a,0xa9,0x52,0x89,0x5a,0xa9,0x4a,0x48,0x52,0x68,0x52,0x48,0x52,0x88,0x42,0x27,
    0x4a,0x47,0x4a,0x48,0x4a,0x27,0x42,0x07,0x42,0x07,0x42,0x07,0x4a,0x47,0x52,0x68,0x4a,0x27,0x42,0x07,0x41,0xe6,0x52,0x48,
    0x4a,0x48,0x42,0x07,0x52,0x48,0x4a,0x47,0x42,0x07,0x4a,0x27,0x52,0x48,0x41,0xe6,0x4a,0x48,0x4a,0x48,0x5a,0xa9,0x41,0xe6,
    0x52,0x89,0x52,0x68,0x4a,0x47,0x4a,0x27,0x42,0x07,0x41,0xe6,0x42,0x07,0x42,0x07,0x4a,0x27,0x39,0xe6,0x42,0x06,0x41,0xe6,
    0x4a,0x48,0x4a,0x48,0x52,0x88,0x42,0x27,0x42,0x07,0x52,0x68,0x52,0x68,0x52,0x68,0x41,0xe6,0x42,0x07,0x4a,0x27,0x52,0x68,
    0x41,0xe6,0x4a,0x28,0x4a,0x27,0x4a,0x48,0x4a,0x27,0x4a,0x47,0x4a,0x27,0x4a,0x27,0x4a,0x27,0x41,0xe6,0x39,0xc6,0x42,0x07,
    0x4a,0x27,0x42,0x07,0x52,0x68,0x4a,0x48,0x39,0xe6,0x42,0x07,0x41,0xe6,0x42,0x07,0x52,0x68,0x4a,0x27,0x41,0xe6,0x39,0xc6,
    0x4a,0x48,0x4a,0x27,0x42,0x06,0x42,0x06,0x39,0xe6,0x42,0x07,0x42,0x07,0x42,0x07,0x4a,0x48,0x52,0x68,0x4a,0x27,0x52,0x68,
    0x39,0xc6,0x42,0x07,0x41,0xe6,0x4a,0x48,0x42,0x07,0x52,0x89,0x4a,0x27,0x4a,0x27,0x42,0x07,0x4a,0x48,0x52,0x48,0x4a,0x48,
    0x5a,0x89,0x52,0x68,0x4a,0x48,0x4a,0x48,0x4a,0x27,0x52,0x68,0x52,0x88,0x5a,0x89,0x39,0xc6,0x4a,0x27,0x52,0x88,0x5a,0xa9,
    0x41,0xe6,0x42,0x07,0x4a,0x48,0x52,0x68,0x5a,0xc9,0x6b,0x0b,0x7b,0x8c,0x5a,0xa9,0x62,0xca,0x5a,0xa9,0x5a,0xa9,0x5a,0xa9,
    0x6b,0x2b,0x5a,0xa9,0x73,0x6c,0x5a,0xa9,0x4a,0x48,0x4a,0x48,0x6b,0x2b,0x62,0xea,0x4a,0x27,0x4a,0x27,0x52,0x48,0x4a,0x47,
    0x4a,0x48,0x52,0x68,0x5a,0x88,0x42,0x07,0x62,0xc9,0x4a,0x47,0x52,0x48,0x4a,0x47,0x62,0xc9,0x52,0x88,0x52,0x68,0x52,0x68,
    0x41,0xe6,0x42,0x07,0x42,0x07,0x4a,0x48,0x42,0x07,0x4a,0x27,0x42,0x07,0x4a,0x27,0x41,0xe6,0x42,0x07,0x42,0x07,0x42,0x07,
    0x42,0x07,0x41,0xe6,0x42,0x07,0x4a,0x27,0x41,0xe6,0x42,0x07,0x42,0x07,0x6b,0x0a,0x42,0x07,0x42,0x07,0x39,0xe6,0x62,0xc9,
    0x42,0x07,0x42,0x27,0x52,0x48,0x52,0x88,0x4a,0x27,0x4a,0x27,0x4a,0x47,0x4a,0x47,0x6b,0x0a,0x5a,0xa9,0x4a,0x27,0x52,0x68,
    0x52,0x88,0x4a,0x27,0x42,0x27,0x4a,0x47,0x5a,0x88,0x4a,0x27,0x31,0xa6,0x4a,0x27,0x5a,0xa9,0x4a,0x47,0x39,0xc6,0x4a,0x27,
    0x52,0x88,0x4a,0x47,0x52,0x68,0x52,0x68,0x52,0x68,0x52,0x88,0x4a,0x47,0x4a,0x47,0x52,0x88,0x4a,0x48,0x52,0x68,0x73,0x4b,
    0x52,0x68,0x42,0x06,0x52,0x88,0x6b,0x0a,0x4a,0x47,0x4a,0x27,0x4a,0x47,0x62,0xc9,0x5a,0x88,0x5a,0x88,0x52,0x88,0x4a,0x27,
    0x52,0x88,0x52,0x68,0x52,0x68,0x4a,0x27,0x52,0x89,0x4a,0x27,0x4a,0x27,0x4a,0x27,0x52,0x68,0x4a,0x27,0x52,0x68,0x52,0x68,
    0x52,0x48,0x4a,0x27,0x4a,0x27,0x4a,0x27,0x52,0x68,0x52,0x68,0x42,0x07,0x39,0xc6,0x4a,0x27,0x4a,0x48,0x52,0x68,0x4a,0x27,
    0x42,0x06,0x4a,0x27,0x5a,0xa8,0x52,0x88,0x41,0xe6,0x4a,0x27,0x4a,0x27,0x4a,0x27,0x39,0xa5,0x42,0x07,0x42,0x07,0x4a,0x47,
    0x42,0x07,0x42,0x07,0x4a,0x48,0x52,0x89,0x4a,0x48,0x52,0x68,0x52,0x68,0x52,0x88,0x52,0x88,0x52,0x68,0x52,0x48,0x52,0x68,
    0x42,0x07,0x4a,0x27,0x4a,0x27,0x4a,0x27,0x4a,0x48,0x4a,0x48,0x42,0x06,0x4a,0x27,0x4a,0x27,0x42,0x07,0x52,0x88,0x4a,0x27,
    0x39,0xe6,0x4a,0x27,0x52,0x68,0x42,0x07,0x4a,0x48,0x4a,0x48,0x52,0x88,0x4a,0x27,0x5a,0xa9,0x5a,0xa9,0x5a,0xa9,0x52,0x68,
    0x4a,0x27,0x4a,0x27,0x4a,0x48,0x52,0x89,0x4a,0x48,0x52,0x68,0x52,0x88,0x52,0x68,0x4a,0x27,0x5a,0x88,0x62,0xc9,0x4a,0x48,
    0x52,0x48,0x52,0x89,0x5a,0xa9,0x5a,0xc9,0x52,0x89,0x5a,0xa9,0x4a,0x48,0x52,0x48,0x4a,0x47,0x4a,0x48,0x52,0x88,0x4a,0x48,
    0x42,0x07,0x42,0x07,0x52,0x68,0x5a,0x88,0x52,0x48,0x4a,0x27,0x4a,0x47,0x52,0x47,0x52,0x88,0x4a,0x48,0x42,0x07,0x4a,0x47,
    0x4a,0x48,0x4a,0x47,0x42,0x07,0x41,0xe6,0x5a,0xa9,0x4a,0x27,0x42,0x07,0x42,0x07,0x52,0x88,0x4a,0x27,0x41,0xe6,0x4a,0x48,
    0x42,0x07,0x41,0xe6,0x4a,0x27,0x4a,0x48,0x39,0xc6,0x42,0x07,0x41,0xe6,0x4a,0x27,0x41,0xe6,0x41,0xe7,0x39,0xc6,0x4a,0x47,
    0x42,0x07,0x41,0xe6,0x4a,0x27,0x4a,0x27,0x5a,0xc9,0x52,0x68,0x4a,0x47,0x4a,0x27,0x4a,0x48,0x42,0x07,0x41,0xe6,0x41,0xe6,
    0x42,0x07,0x4a,0x27,0x42,0x07,0x42,0x07,0x41,0xe6,0x39,0xc6,0x41,0xe6,0x52,0x88,0x42,0x07,0x39,0xc6,0x39,0xc6,0x42,0x07,
    0x39,0xe6,0x39,0xc6,0x41,0xe6,0x4a,0x48,0x39,0xe6,0x39,0xc6,0x39,0xc6,0x42,0x07,0x52,0x68,0x4a,0x27,0x41,0xe6,0x41,0xe6,
    0x4a,0x48,0x42,0x07,0x42,0x07,0x42,0x07,0x4a,0x27,0x42,0x07,0x42,0x07,0x42,0x07,0x42,0x07,0x4a,0x27,0x4a,0x27,0x42,0x07,
    0x42,0x07,0x41,0xe6,0x42,0x27,0x42,0x07,0x42,0x07,0x42,0x07,0x5a,0xa9,0x52,0x88,0x52,0x68,0x52,0x48,0x5a,0xc9,0x5a,0xa9,
    0x52,0x89,0x52,0x68,0x4a,0x47,0x4a,0x27,0x52,0x68,0x52,0x88,0x52,0x88,0x52,0x68,0x5a,0xa9,0x52,0x68,0x4a,0x07,0x52,0x48,
    0x52,0x68,0x52,0x88,0x4a,0x27,0x4a,0x48,0x41,0xe6,0x52,0x88,0x62,0xca,0x4a,0x48,0x4a,0x27,0x4a,0x27,0x6b,0x4b,0x52,0x89,
    0x63,0x0a,0x6b,0x0a,0x62,0xea,0x5a,0xa9,0x62,0xea,0x6b,0x2b,0x6b,0x2b,0x52,0x68,0x5a,0xc9,0x6b,0x0a,0x5a,0xc9,0x52,0x68,
    0x4a,0x48,0x52,0x68,0x5a,0xc9,0x62,0xea,0x4a,0x47,0x39,0xc5,0x5a,0x88,0x52,0x68,0x5a,0xc9,0x4a,0x27,0x5a,0x88,0x52,0x47,
    0x62,0xea,0x52,0x68,0x52,0x47,0x52,0x68,0x62,0xea,0x5a,0xa8,0x5a,0x88,0x52,0x68,0x52,0x68,0x52,0x88,0x4a,0x48,0x4a,0x27,
    0x52,0x68,0x52,0x68,0x52,0x88,0x42,0x07,0x4a,0x27,0x5a,0x88,0x4a,0x47,0x42,0x07,0x4a,0x47,0x52,0x68,0x52,0x68,0x4a,0x07,
    0x4a,0x48,0x42,0x06,0x4a,0x27,0x41,0xe6,0x4a,0x27,0x4a,0x48,0x41,0xe7,0x41,0xe6,0x42,0x07,0x42,0x07,0x41,0xe6,0x42,0x07,
    0x42,0x27,0x42,0x07,0x4a,0x27,0x4a,0x48,0x52,0x68,0x6b,0x0a,0x5a,0xa9,0x4a,0x48,0x41,0xe6,0x4a,0x27,0x4a,0x27,0x4a,0x27,
    0x4a,0x27,0x4a,0x47,0x4a,0x47,0x42,0x07,0x42,0x07,0x4a,0x48,0x52,0x88,0x4a,0x27,0x52,0x68,0x42,0x07,0x5a,0xa9,0x6b,0x2b,
    0x5a,0x89,0x5a,0x89,0x5a,0x89,0x52,0x89,0x5a,0xa9,0x52,0x68,0x52,0x89,0x52,0x68,0x52,0x68,0x5a,0xc9,0x52,0x68,0x42,0x06,
    0x52,0x68,0x4a,0x48,0x4a,0x27,0x42,0x07,0x5a,0xa9,0x5a,0xa9,0x52,0x68,0x4a,0x27,0x52,0x88,0x52,0x68,0x4a,0x48,0x4a,0x27,
    0x4a,0x47,0x52,0x88,0x5a,0x89,0x52,0x88,0x5a,0xa9,0x4a,0x48,0x4a,0x27,0x52,0x48,0x4a,0x48,0x42,0x07,0x42,0x27,0x4a,0x27,
    0x41,0xe6,0x4a,0x47,0x5a,0x89,0x4a,0x27,0x4a,0x47,0x4a,0x48,0x5a,0xa9,0x4a,0x27,0x4a,0x48,0x4a,0x47,0x4a,0x27,0x4a,0x27,
    0x42,0x07,0x42,0x07,0x4a,0x47,0x4a,0x27,0x42,0x07,0x42,0x07,0x42,0x07,0x4a,0x47,0x4a,0x27,0x41,0xe6,0x42,0x27,0x4a,0x47,
    0x52,0x68,0x52,0x68,0x4a,0x47,0x4a,0x48,0x4a,0x27,0x4a,0x27,0x42,0x06,0x42,0x27,0x52,0x47,0x4a,0x47,0x4a,0x47,0x4a,0x47,
    0x52,0x48,0x4a,0x47,0x4a,0x47,0x42,0x27,0x42,0x07,0x39,0xc6,0x41,0xe6,0x4a,0x47,0x4a,0x27,0x52,0x68,0x5a,0xc9,0x62,0xea,
    0x42,0x06,0x4a,0x27,0x5a,0xa9,0x4a,0x47,0x4a,0x27,0x52,0x68,0x52,0x68,0x52,0x88,0x52,0x68,0x4a,0x48,0x42,0x07,0x41,0xe6,
    0x63,0x0a,0x52,0x48,0x4a,0x48,0x4a,0x27,0x4a,0x48,0x4a,0x27,0x4a,0x68,0x52,0x89,0x42,0x07,0x42,0x27,0x4a,0x47,0x52,0x68,
    0x39,0xc6,0x4a,0x27,0x52,0x68,0x4a,0x27,0x42,0x27,0x42,0x07,0x5a,0xa9,0x5a,0xa9,0x42,0x07,0x42,0x07,0x52,0x68,0x4a,0x27,
    0x52,0x68,0x42,0x07,0x42,0x07,0x4a,0x27,0x52,0x68,0x52,0x68,0x52,0x68,0x52,0x88,0x52,0x48,0x42,0x06,0x4a,0x27,0x6b,0x2a,
    0x52,0x68,0x4a,0x27,0x52,0x68,0x62,0xe9,0x5a,0xa9,0x5a,0x89,0x62,0xc9,0x62,0xc9,0x5a,0x89,0x6b,0x0b,0x5a,0xc9,0x52,0x88,
    0x7b,0x8c,0x5a,0xa9,0x52,0x68,0x4a,0x27,0x5a,0x88,0x63,0x0a,0x62,0xc9,0x4a,0x07,0x62,0xea,0x5a,0xc9,0x4a,0x48,0x52,0x89,
    0x4a,0x48,0x4a,0x27,0x42,0x07,0x4a,0x28,0x5a,0xc9,0x4a,0x48,0x42,0x07,0x42,0x07,0x52,0x48,0x52,0x68,0x4a,0x27,0x41,0xe7,
    0x42,0x07,0x4a,0x27,0x42,0x07,0x4a,0x27,0x4a,0x27,0x42,0x07,0x4a,0x27,0x42,0x07,0x42,0x07,0x41,0xe6,0x42,0x07,0x4a,0x27,
    0x41,0xe6,0x4a,0x07,0x39,0xc6,0x4a,0x48,0x42,0x07,0x41,0xe6,0x42,0x07,0x52,0x68,0x4a,0x27,0x4a,0x27,0x42,0x07,0x4a,0x27,
    0x39,0xa5,0x39,0xa6,0x42,0x07,0x42,0x07,0x39,0xe6,0x41,0xe6,0x42,0x07,0x39,0xa5,0x41,0xe6,0x4a,0x27,0x4a,0x27,0x39,0xc6,
    0x52,0x68,0x4a,0x27,0x4a,0x27,0x5a,0xc9,0x4a,0x47,0x42,0x07,0x42,0x07,0x4a,0x48,0x4a,0x48,0x52,0x68,0x42,0x07,0x52,0x68,
    0x41,0xe6,0x52,0x48,0x52,0x68,0x42,0x07,0x52,0x68,0x5a,0xa9,0x4a,0x48,0x4a,0x48,0x7b,0xac,0x4a,0x07,0x4a,0x47,0x42,0x27,
    0x5a,0x89,0x39,0xc6,0x52,0x68,0x42,0x27,0x5a,0x89,0x4a,0x27,0x52,0x68,0x52,0x88,0x4a,0x27,0x52,0x68,0x52,0x88,0x4a,0x48,
    0x4a,0x27,0x5a,0x89,0x5a,0x89,0x52,0x88,0x4a,0x48,0x62,0xea,0x4a,0x27,0x52,0x68,0x52,0x68,0x63,0x0a,0x5a,0xa9,0x6b,0x0a,
    0x52,0x89,0x62,0xca,0x4a,0x48,0x52,0x88,0x5a,0x89,0x62,0xea,0x52,0x88,0x4a,0x48,0x6b,0x2b,0x73,0x6c,0x62,0xea,0x5a,0xc9,
    0x62,0xea,0x5a,0xc9,0x5a,0xa9,0x52,0x68,0x4a,0x48,0x52,0x88,0x4a,0x48,0x4a,0x27,0x4a,0x48,0x42,0x07,0x52,0x68,0x42,0x07,
    0x4a,0x48,0x42,0x07,0x42,0x07,0x41,0xe6,0x4a,0x27,0x41,0xe7,0x4a,0x27,0x42,0x07,0x4a,0x48,0x4a,0x27,0x4a,0x27,0x4a,0x48,
    0x4a,0x48,0x4a,0x48,0x4a,0x47,0x4a,0x48,0x5a,0xa9,0x52,0x68,0x42,0x07,0x4a,0x27,0x52,0x88,0x52,0x68,0x4a,0x47,0x4a,0x48,
    0x4a,0x48,0x42,0x07,0x52,0x68,0x4a,0x47,0x4a,0x27,0x4a,0x48,0x52,0x68,0x4a,0x47,0x42,0x07,0x4a,0x47,0x52,0x68,0x52,0x68,
    0x4a,0x27,0x4a,0x47,0x4a,0x47,0x52,0x68,0x4a,0x27,0x52,0x68,0x5a,0xa9,0x62,0xea,0x4a,0x27,0x4a,0x48,0x52,0x68,0x4a,0x07,
    0x42,0x07,0x4a,0x48,0x52,0x68,0x52,0x68,0x52,0x68,0x52,0x68,0x4a,0x47,0x5a,0xa9,0x62,0xea,0x5a,0xa9,0x4a,0x48,0x4a,0x48,
    0x5a,0xa9,0x52,0x68,0x4a,0x27,0x4a,0x48,0x5a,0xa9,0x5a,0xa9,0x5a,0xa9,0x52,0x88,0x52,0x68,0x52,0x48,0x5a,0xa9,0x52,0x48,
    0x52,0x68,0x52,0x68,0x4a,0x27,0x42,0x07,0x52,0x68,0x52,0x68,0x52,0x89,0x4a,0x48,0x4a,0x27,0x5a,0xc9,0x5a,0xa9,0x62,0xea,
    0x52,0x88,0x52,0x68,0x5a,0xc9,0x62,0xc9,0x52,0x68,0x52,0x68,0x62,0xc9,0x5a,0xa9,0x52,0x68,0x4a,0x27,0x4a,0x47,0x5a,0x89,
    0x52,0x68,0x4a,0x27,0x4a,0x47,0x52,0x68,0x52,0x68,0x52,0x68,0x52,0x68,0x52,0x48,0x4a,0x48,0x52,0x68,0x62,0xea,0x52,0x89,
    0x52,0x88,0x5a,0xa9,0x62,0xea,0x52,0x68,0x5a,0xa9,0x5a,0xa9,0x5a,0xa9,0x5a,0xc9,0x62,0xea,0x52,0x68,0x5a,0x88,0x5a,0x89,
    0x4a,0x48,0x5a,0xa9,0x5a,0xc9,0x52,0x88,0x4a,0x27,0x5a,0x89,0x63,0x0a,0x5a,0x89,0x5a,0x89,0x5a,0xa9,0x5a,0xa9,0x4a,0x48,
    0x4a,0x48,0x4a,0x27,0x4a,0x27,0x4a,0x47,0x52,0x68,0x4a,0x48,0x52,0x48,0x52,0x68,0x4a,0x47,0x52,0x48,0x52,0x68,0x4a,0x48,
    0x4a,0x48,0x4a,0x47,0x52,0x68,0x4a,0x27,0x5a,0x89,0x5a,0xa9,0x4a,0x48,0x42,0x07,0x4a,0x48,0x5a,0xa9,0x52,0x68,0x4a,0x27,
    0x52,0x89,0x52,0x68,0x52,0x68,0x4a,0x27,0x52,0x68,0x4a,0x27,0x4a,0x27,0x52,0x88,0x4a,0x47,0x52,0x68,0x52,0x68,0x5a,0xc9,
    0x4a,0x27,0x4a,0x27,0x4a,0x27,0x4a,0x27,0x42,0x07,0x4a,0x27,0x42,0x07,0x52,0x68,0x52,0x68,0x4a,0x27,0x52,0x68,0x5a,0xa9,
    0x52,0x68,0x4a,0x27,0x52,0x48,0x4a,0x48,0x4a,0x27,0x52,0x68,0x52,0x68,0x4a,0x27,0x4a,0x27,0x39,0xe6,0x4a,0x27,0x52,0x68,
    0x42,0x07,0x39,0xc6,0x4a,0x48,0x5a,0xc9,0x4a,0x48,0x42,0x07,0x4a,0x48,0x4a,0x48,0x4a,0x48,0x42,0x07,0x42,0x27,0x42,0x07,
    0x52,0x68,0x41,0xe6,0x52,0x68,0x4a,0x48,0x52,0x88,0x5a,0x89,0x52,0x68,0x52,0x68,0x52,0x68,0x5a,0xa9,0x4a,0x48,0x52,0x68,
    0x52,0x88,0x4a,0x48,0x52,0x68,0x52,0x68,0x52,0x89,0x52,0x68,0x4a,0x27,0x4a,0x48,0x52,0x68,0x4a,0x27,0x42,0x27,0x42,0x07,
    0x52,0x68,0x4a,0x48,0x52,0x68,0x4a,0x27,0x4a,0x48,0x52,0x88,0x5a,0xa9,0x52,0x68,0x4a,0x27,0x52,0x88,0x5a,0xa9,0x52,0x68,
    0x4a,0x48,0x4a,0x48,0x4a,0x47,0x5a,0xa9,0x5a,0x89,0x52,0x68,0x4a,0x47,0x5a,0x89,0x4a,0x48,0x4a,0x47,0x42,0x07,0x42,0x07,
    0x4a,0x27,0x4a,0x48,0x4a,0x27,0x41,0xe6,0x5a,0xc9,0x5a,0x89,0x52,0x88,0x52,0x88,0x5a,0xa9,0x52,0x68,0x5a,0x88,0x5a,0xa9,
    0x42,0x07,0x4a,0x27,0x4a,0x27,0x4a,0x47,0x42,0x07,0x52,0x48,0x4a,0x27,0x4a,0x27,0x4a,0x47,0x52,0x68,0x52,0x68,0x52,0x68,
    0x4a,0x48,0x52,0x88,0x4a,0x47,0x4a,0x27,0x4a,0x27,0x4a,0x27,0x52,0x88,0x52,0x68,0x42,0x07,0x4a,0x48,0x52,0x68,0x4a,0x47,
    0x4a,0x27,0x52,0x68,0x4a,0x47,0x6b,0x2a,0x41,0xe6,0x4a,0x07,0x4a,0x27,0x41,0xe6,0x4a,0x47,0x42,0x07,0x4a,0x47,0x41,0xe6,
    0x39,0xe6,0x41,0xe6,0x4a,0x27,0x52,0x48,0x4a,0x27,0x39,0xc6,0x52,0x48,0x4a,0x27,0x42,0x07,0x42,0x07,0x42,0x07,0x4a,0x48,
    0x52,0x68,0x5a,0x88,0x42,0x07,0x5a,0xa9,0x4a,0x07,0x4a,0x27,0x42,0x07,0x4a,0x27,0x4a,0x48,0x4a,0x27,0x42,0x07,0x42,0x07,
    0x52,0x88,0x42,0x07,0x4a,0x27,0x4a,0x27,0x4a,0x48,0x42,0x07,0x4a,0x27,0x4a,0x47,0x4a,0x27,0x4a,0x27,0x42,0x27,0x4a,0x27,
    0x4a,0x27,0x52,0x68,0x42,0x07,0x4a,0x47,0x42,0x07,0x52,0x88,0x52,0x68,0x52,0x48,0x52,0x68,0x4a,0x48,0x52,0x88,0x6b,0x0a,
    0x52,0x68,0x4a,0x27,0x52,0x48,0x5a,0x89,0x52,0x68,0x52,0x88,0x52,0x88,0x52,0x88,0x41,0xe6,0x4a,0x27,0x5a,0x89,0x5a,0xc9,
    0x62,0xea,0x62,0xc9,0x4a,0x47,0x52,0x48,0x62,0xea,0x62,0xea,0x52,0x68,0x41,0xe6,0x5a,0xa9,0x62,0xea,0x62,0xea,0x42,0x07,
    0x52,0x68,0x52,0x48,0x6b,0x0a,0x5a,0xa9,0x52,0x48,0x41,0xe6,0x42,0x07,0x4a,0x48,0x4a,0x47,0x41,0xe6,0x42,0x07,0x52,0x88,
    0x52,0x68,0x4a,0x48,0x42,0x07,0x4a,0x27,0x4a,0x27,0x5a,0xa9,0x4a,0x48,0x4a,0x27,0x4a,0x48,0x42,0x07,0x42,0x27,0x4a,0x48,
    0x4a,0x48,0x4a,0x47,0x4a,0x27,0x41,0xe6,0x4a,0x27,0x4a,0x47,0x41,0xe6,0x42,0x07,0x42,0x07,0x42,0x07,0x4a,0x48,0x4a,0x27,
    0x73,0x4b,0x63,0x0a,0x4a,0x27,0x5a,0xa9,0x5a,0xa9,0x6b,0x0a,0x52,0x68,0x62,0xea,0x4a,0x27,0x4a,0x27,0x41,0xe6,0x4a,0x48,
    0x42,0x07,0x42,0x27,0x4a,0x48,0x4a,0x48,0x42,0x07,0x52,0x68,0x52,0x68,0x52,0x89,0x52,0x68,0x52,0x88,0x42,0x27,0x42,0x07,
    0x4a,0x48,0x52,0x88,0x52,0x89,0x42,0x07,0x4a,0x48,0x52,0x48,0x5a,0x89,0x4a,0x27,0x5a,0xa9,0x4a,0x68,0x4a,0x48,0x4a,0x48,
    0x4a,0x27,0x41,0xe7,0x4a,0x48,0x4a,0x48,0x52,0x68,0x4a,0x27,0x4a,0x48,0x52,0x68,0x5a,0xa9,0x5a,0xc9,0x52,0x68,0x52,0x89,
    0x4a,0x48,0x4a,0x27,0x4a,0x47,0x52,0x68,0x4a,0x47,0x4a,0x27,0x52,0x68,0x52,0x68,0x4a,0x27,0x4a,0x27,0x52,0x68,0x52,0x89,
    0x4a,0x27,0x52,0x89,0x52,0x68,0x4a,0x48,0x52,0x68,0x4a,0x48,0x4a,0x48,0x4a,0x27,0x4a,0x27,0x4a,0x48,0x4a,0x48,0x52,0x68,
    0x52,0x68,0x52,0x88,0x5a,0x88,0x4a,0x27,0x52,0x68,0x4a,0x27,0x4a,0x47,0x52,0x88,0x52,0x68,0x52,0x88,0x52,0x68,0x52,0x68,
    0x4a,0x47,0x52,0x68,0x52,0x68,0x52,0x68,0x4a,0x27,0x62,0xca,0x52,0x89,0x4a,0x27,0x4a,0x48,0x52,0x88,0x5a,0xa9,0x52,0x68,
    0x52,0x68,0x5a,0xa9,0x52,0x89,0x5a,0xa9,0x52,0x68,0x52,0x68,0x5a,0xca,0x52,0x89,0x52,0x88,0x52,0x89,0x52,0x68,0x4a,0x27,
    0x52,0x68,0x52,0x88,0x52,0x89,0x42,0x06,0x4a,0x48,0x52,0x68,0x52,0x68,0x5a,0xa8,0x4a,0x48,0x4a,0x48,0x4a,0x47,0x4a,0x47,
    0x42,0x07,0x4a,0x27,0x52,0x89,0x52,0x68,0x42,0x07,0x4a,0x47,0x52,0x68,0x5a,0x88,0x52,0x68,0x52,0x88,0x52,0x68,0x4a,0x47,
    0x42,0x07,0x4a,0x27,0x52,0x47,0x42,0x07,0x42,0x07,0x4a,0x27,0x4a,0x27,0x42,0x06,0x52,0x48,0x42,0x06,0x42,0x07,0x5a,0xc9,
    0x41,0xe6,0x4a,0x47,0x4a,0x27,0x42,0x27,0x4a,0x47,0x52,0x68,0x4a,0x47,0x41,0xe6,0x52,0x68,0x5a,0xc9,0x5a,0x89,0x4a,0x27,
    0x52,0x68,0x52,0x68,0x52,0x68,0x4a,0x27,0x41,0xe6,0x42,0x07,0x4a,0x27,0x41,0xe6,0x4a,0x27,0x5a,0x89,0x5a,0x88,0x52,0x88,
    0x4a,0x48,0x4a,0x27,0x4a,0x27,0x4a,0x48,0x52,0x68,0x39,0xe6,0x42,0x07,0x4a,0x47,0x41,0xe6,0x4a,0x07,0x4a,0x27,0x4a,0x27,
    0x41,0xe6,0x41,0xe6,0x4a,0x27,0x4a,0x27,0x4a,0x27,0x52,0x68,0x4a,0x47,0x4a,0x27,0x52,0x48,0x5a,0xa9,0x5a,0x89,0x4a,0x48,
    0x42,0x07,0x42,0x07,0x42,0x07,0x4a,0x27,0x52,0x88,0x52,0x68,0x41,0xe6,0x4a,0x27,0x42,0x07,0x4a,0x48,0x4a,0x48,0x52,0x48,
    0x4a,0x48,0x4a,0x27,0x4a,0x48,0x4a,0x27,0x42,0x07,0x42,0x07,0x41,0xe6,0x41,0xe6,0x4a,0x27,0x42,0x07,0x42,0x07,0x4a,0x27,
    0x52,0x68,0x4a,0x27,0x4a,0x27,0x4a,0x27,0x4a,0x47,0x4a,0x27,0x4a,0x27,0x52,0x68,0x4a,0x27,0x52,0x88,0x4a,0x27,0x42,0x27,
    0x4a,0x27,0x52,0x68,0x4a,0x47,0x42,0x07,0x52,0x68,0x41,0xe6,0x41,0xe6,0x52,0x48,0x52,0x68,0x41,0xe6,0x39,0xc6,0x4a,0x48,
    0x4a,0x27,0x5a,0x89,0x6b,0x2b,0x5a,0xc9,0x4a,0x27,0x52,0x68,0x5a,0xa9,0x5a,0xc9,0x5a,0xa9,0x62,0xc9,0x4a,0x27,0x5a,0xa9,
    0x62,0xea,0x5a,0xc9,0x42,0x07,0x62,0xea,0x4a,0x47,0x4a,0x47,0x52,0x88,0x63,0x0a,0x52,0x88,0x5a,0xa9,0x5a,0xc9,0x62,0xea,
    0x5a,0xc9,0x5a,0xc9,0x5a,0xa9,0x62,0xe9,0x6b,0x0a,0x5a,0xca,0x5a,0x89,0x62,0xc9,0x5a,0xc9,0x62,0xa9,0x5a,0x88,0x4a,0x27,
    0x5a,0xa9,0x52,0x88,0x6b,0x0a,0x62,0xea,0x5a,0x88,0x5a,0xa9,0x5a,0x88,0x5a,0xa8,0x5a,0xa9,0x52,0x68,0x62,0xe9,0x52,0x67,
    0x52,0x67,0x4a,0x27,0x4a,0x27,0x4a,0x47,0x4a,0x27,0x42,0x06,0x4a,0x47,0x62,0xca,0x52,0x47,0x4a,0x27,0x4a,0x27,0x5a,0x88,
    0x42,0x06,0x39,0xc6,0x4a,0x48,0x52,0x68,0x4a,0x47,0x52,0x68,0x52,0x68,0x52,0x68,0x52,0x68,0x52,0x88,0x4a,0x07,0x42,0x07,
    0x5a,0xa9,0x62,0xc9,0x42,0x06,0x52,0x68,0x52,0x68,0x52,0x68,0x4a,0x27,0x4a,0x27,0x42,0x07,0x5a,0xa9,0x5a,0xa9,0x52,0x89,
    0x42,0x07,0x5a,0xa9,0x52,0x89,0x5a,0xca,0x52,0x88,0x4a,0x48,0x52,0x88,0x5a,0x89,0x42,0x06,0x42,0x07,0x5a,0xa9,0x5a,0xa9,
    0x5a,0xa9,0x5a,0xa9,0x52,0x88,0x52,0x48,0x5a,0xc9,0x52,0x48,0x52,0x68,0x52,0x68,0x5a,0xa9,0x5a,0xca,0x52,0x68,0x4a,0x47,
    0x52,0x68,0x5a,0xa9,0x52,0x68,0x4a,0x47,0x42,0x27,0x52,0x88,0x4a,0x47,0x52,0x88,0x52,0x68,0x42,0x07,0x42,0x07,0x4a,0x48,
    0x52,0x68,0x4a,0x48,0x4a,0x27,0x4a,0x27,0x52,0x68,0x4a,0x27,0x4a,0x48,0x5a,0xa9,0x4a,0x47,0x4a,0x27,0x42,0x27,0x41,0xe7,
    0x4a,0x27,0x42,0x06,0x4a,0x27,0x42,0x07,0x42,0x07,0x42,0x07,0x42,0x07,0x42,0x07,0x39,0xe6,0x4a,0x27,0x42,0x27,0x42,0x27,
    0x52,0x68,0x52,0x68,0x4a,0x27,0x42,0x07,0x52,0x48,0x4a,0x07,0x42,0x07,0x52,0x68,0x4a,0x27,0x52,0x48,0x5a,0xa9,0x4a,0x48,
    0x42,0x07,0x4a,0x48,0x52,0x68,0x52,0x68,0x4a,0x27,0x4a,0x27,0x52,0x47,0x4a,0x47,0x52,0x68,0x4a,0x48,0x4a,0x47,0x5a,0xa9,
    0x4a,0x47,0x4a,0x47,0x4a,0x48,0x52,0x68,0x4a,0x27,0x4a,0x27,0x42,0x27,0x4a,0x48,0x4a,0x27,0x4a,0x47,0x52,0x88,0x52,0x68,
    0x5a,0xa9,0x4a,0x47,0x4a,0x48,0x4a,0x27,0x5a,0xa8,0x4a,0x47,0x4a,0x27,0x52,0x68,0x52,0x48,0x52,0x89,0x4a,0x27,0x4a,0x27,
    0x42,0x06,0x4a,0x27,0x4a,0x27,0x4a,0x48,0x42,0x07,0x42,0x06,0x42,0x07,0x41,0xe6,0x5a,0x89,0x4a,0x27,0x42,0x07,0x41,0xe6,
    0x5a,0xa9,0x52,0x88,0x4a,0x27,0x4a,0x27,0x52,0x89,0x4a,0x47,0x42,0x07,0x4a,0x48,0x41,0xe6,0x4a,0x47,0x42,0x07,0x52,0x68,
    0x42,0x07,0x4a,0x27,0x42,0x07,0x52,0x68,0x42,0x07,0x41,0xe7,0x52,0x68,0x52,0x68,0x4a,0x48,0x4a,0x48,0x62,0xea,0x62,0xea,
    0x4a,0x27,0x52,0x89,0x6b,0x2b,0x4a,0x48,0x42,0x07,0x52,0x89,0x4a,0x47,0x4a,0x48,0x4a,0x27,0x5a,0x89,0x42,0x07,0x42,0x27,
    0x52,0x68,0x4a,0x27,0x42,0x27,0x5a,0xa9,0x4a,0x27,0x4a,0x27,0x52,0x68,0x62,0xca,0x52,0x68,0x4a,0x48,0x52,0x48,0x5a,0xc9,
    0x52,0x68,0x4a,0x48,0x62,0xea,0x5a,0xa9,0x52,0x89,0x42,0x07,0x42,0x07,0x39,0xc6,0x5a,0x89,0x52,0x48,0x41,0xe6,0x42,0x07,
    0x5a,0xca,0x73,0x6c,0x41,0xe6,0x42,0x07,0x4a,0x27,0x62,0xea,0x4a,0x47,0x4a,0x27,0x4a,0x47,0x52,0x88,0x42,0x07,0x42,0x07,
    0x42,0x07,0x41,0xe6,0x41,0xe6,0x39,0xc6,0x42,0x06,0x4a,0x27,0x41,0xe6,0x39,0xc6,0x42,0x06,0x4a,0x27,0x41,0xe6,0x42,0x07,
    0x4a,0x27,0x4a,0x27,0x52,0x47,0x41,0xe6,0x41,0xe6,0x4a,0x27,0x52,0x88,0x52,0x68,0x42,0x07,0x41,0xe6,0x52,0x89,0x52,0x89,
    0x4a,0x47,0x42,0x07,0x41,0xe6,0x41,0xe6,0x39,0xc6,0x52,0x68,0x52,0x88,0x41,0xe6,0x4a,0x27,0x42,0x07,0x4a,0x27,0x42,0x07,
    0x4a,0x07,0x4a,0x27,0x42,0x06,0x42,0x07,0x4a,0x27,0x42,0x06,0x4a,0x47,0x39,0xc6,0x39,0xc6,0x41,0xe6,0x52,0x68,0x62,0xc9,
    0x42,0x07,0x39,0xc6,0x5a,0xc9,0x6b,0x2b,0x4a,0x48,0x42,0x07,0x4a,0x48,0x52,0x89,0x52,0x68,0x52,0x68,0x4a,0x27,0x42,0x07,
    0x5a,0xc9,0x5a,0xa9,0x73,0x4b,0x5a,0xa9,0x5a,0xa9,0x52,0x68,0x5a,0xa9,0x52,0x68,0x4a,0x47,0x4a,0x27,0x42,0x07,0x4a,0x27,
    0x42,0x07,0x42,0x07,0x42,0x07,0x52,0x68,0x62,0xea,0x5a,0xa9,0x62,0xc9,0x52,0x68,0x5a,0x88,0x62,0xc9,0x52,0x48,0x42,0x07,
    0x42,0x07,0x4a,0x27,0x52,0x48,0x41,0xe6,0x52,0x88,0x52,0x68,0x42,0x07,0x42,0x07,0x4a,0x07,0x4a,0x27,0x4a,0x27,0x41,0xe6,
    0x42,0x07,0x4a,0x47,0x42,0x07,0x42,0x07,0x52,0x68,0x4a,0x48,0x4a,0x27,0x4a,0x27,0x52,0x89,0x52,0x68,0x42,0x07,0x42,0x27,
    0x52,0x68,0x52,0x68,0x4a,0x48,0x4a,0x48,0x4a,0x48,0x5a,0x89,0x4a,0x48,0x42,0x07,0x5a,0xca,0x52,0x88,0x5a,0xa9,0x4a,0x27,
    0x6b,0x2b,0x52,0x68,0x6b,0x2b,0x4a,0x48,0x52,0x68,0x4a,0x47,0x4a,0x47,0x4a,0x48,0x4a,0x47,0x4a,0x27,0x4a,0x47,0x52,0x48,
    0x4a,0x47,0x4a,0x48,0x5a,0x89,0x52,0x68,0x4a,0x27,0x42,0x07,0x52,0x68,0x52,0x68,0x52,0x88,0x52,0x68,0x4a,0x27,0x4a,0x47,
    0x5a,0x88,0x4a,0x48,0x4a,0x27,0x4a,0x47,0x62,0xc9,0x52,0x68,0x4a,0x48,0x4a,0x27,0x52,0x68,0x5a,0x88,0x5a,0xa9,0x4a,0x47,
    0x4a,0x27,0x52,0x68,0x62,0xea,0x62,0xc9,0x42,0x27,0x52,0x68,0x5a,0x89,0x5a,0x89,0x52,0x68,0x5a,0xa9,0x5a,0xa9,0x5a,0xa9,
    0x83,0xcd,0x73,0x4b,0x5a,0xa9,0x52,0x48,0x4a,0x48,0x4a,0x48,0x5a,0xa9,0x5a,0xc9,0x52,0x68,0x5a,0xc9,0x5a,0xc9,0x4a,0x48,
    0x52,0x68,0x52,0x68,0x5a,0xa9,0x5a,0xa9,0x52,0x68,0x5a,0xa9,0x5a,0xc9,0x5a,0xa9,0x62,0xea,0x5a,0xc9,0x5a,0xa9,0x4a,0x27,
    0x5a,0xc9,0x52,0x68,0x4a,0x47,0x52,0x68,0x52,0x88,0x5a,0xa9,0x5a,0xa9,0x62,0xc9,0x52,0x68,0x52,0x68,0x5a,0xa9,0x62,0xea,
    0x4a,0x27,0x52,0x68,0x6b,0x0a,0x52,0x68,0x5a,0xa9,0x52,0x68,0x52,0x88,0x5a,0xa9,0x4a,0x47,0x4a,0x27,0x4a,0x27,0x5a,0x88,
    0x52,0x68,0x42,0x07,0x4a,0x47,0x52,0x68,0x5a,0xc9,0x52,0x68,0x4a,0x48,0x4a,0x48,0x52,0x89,0x52,0x88,0x4a,0x48,0x5a,0xa9,
    0x4a,0x27,0x4a,0x27,0x4a,0x47,0x4a,0x48,0x4a,0x47,0x52,0x68,0x4a,0x47,0x52,0x48,0x52,0x68,0x4a,0x48,0x4a,0x48,0x4a,0x48,
    0x52,0x88,0x41,0xe6,0x4a,0x48,0x52,0x68,0x5a,0xc9,0x52,0x88,0x4a,0x27,0x52,0x89,0x52,0x68,0x4a,0x27,0x52,0x68,0x52,0x68,
    0x52,0x68,0x4a,0x27,0x4a,0x27,0x52,0x68,0x52,0x68,0x4a,0x27,0x4a,0x27,0x4a,0x48,0x52,0x68,0x4a,0x47,0x52,0x68,0x4a,0x48,
    0x52,0x48,0x5a,0xa9,0x5a,0xa9,0x42,0x27,0x52,0x68,0x52,0x68,0x4a,0x27,0x4a,0x48,0x4a,0x48,0x52,0x68,0x4a,0x48,0x52,0x68,
    0x52,0x68,0x4a,0x27,0x4a,0x27,0x4a,0x27,0x52,0x48,0x52,0x68,0x52,0x68,0x52,0x89,0x52,0x89,0x52,0x68,0x52,0x68,0x4a,0x48,
    0x52,0x68,0x52,0x88,0x52,0x68,0x5a,0x89,0x4a,0x27,0x52,0x68,0x42,0x07,0x52,0x68,0x5a,0xa9,0x52,0x88,0x5a,0x89,0x52,0x68,
    0x5a,0xa9,0x52,0x89,0x4a,0x68,0x4a,0x48,0x52,0x88,0x4a,0x27,0x4a,0x47,0x4a,0x68,0x52,0x88,0x52,0x68,0x52,0x68,0x62,0xca,
    0x52,0x68,0x52,0x68,0x52,0x68,0x52,0x68,0x4a,0x48,0x42,0x07,0x4a,0x47,0x52,0x88,0x42,0x07,0x4a,0x48,0x5a,0xc9,0x5a,0xa9,
    0x5a,0xc9,0x62,0xca,0x5a,0xa9,0x62,0xc9,0x52,0x88,0x5a,0xa9,0x62,0xea,0x5a,0xa9,0x52,0x68,0x52,0x88,0x5a,0xa9,0x5a,0x89,
    0x4a,0x27,0x52,0x68,0x5a,0xc9,0x52,0x88,0x52,0x68,0x62,0xca,0x4a,0x47,0x4a,0x07,0x52,0x68,0x6b,0x0a,0x62,0xc9,0x52,0x68,
    0x5a,0xa9,0x5a,0x88,0x5a,0xa9,0x63,0x0a,0x52,0x48,0x52,0x68,0x52,0x88,0x5a,0xc9,0x5a,0x89,0x5a,0x88,0x52,0x68,0x4a,0x47,
    0x52,0x88,0x5a,0xa9,0x52,0x88,0x5a,0x88,0x52,0x68,0x52,0x68,0x4a,0x48,0x42,0x07,0x5a,0x89,0x52,0x68,0x42,0x07,0x42,0x07,
    0x5a,0x88,0x4a,0x27,0x41,0xe6,0x4a,0x27,0x52,0x88,0x4a,0x47,0x42,0x07,0x52,0x68,0x39,0xa5,0x42,0x06,0x5a,0xa9,0x4a,0x48,
    0x42,0x27,0x52,0x68,0x4a,0x48,0x42,0x07,0x4a,0x48,0x4a,0x27,0x42,0x07,0x5a,0xa9,0x4a,0x27,0x52,0x68,0x41,0xe6,0x52,0x68,
    0x42,0x07,0x42,0x07,0x41,0xe6,0x4a,0x07,0x41,0xe6,0x42,0x07,0x42,0x07,0x4a,0x27,0x52,0x68,0x41,0xe6,0x41,0xe6,0x4a,0x27,
    0x52,0x68,0x4a,0x27,0x4a,0x27,0x42,0x07,0x4a,0x48,0x4a,0x27,0x4a,0x48,0x4a,0x27,0x4a,0x48,0x42,0x07,0x52,0x68,0x52,0x89,
    0x42,0x07,0x42,0x07,0x52,0x88,0x52,0x68,0x41,0xe6,0x41,0xe6,0x6b,0x09,0x52,0x68,0x42,0x07,0x4a,0x27,0x4a,0x48,0x4a,0x27,
    0x4a,0x47,0x4a,0x48,0x42,0x07,0x4a,0x48,0x52,0x88,0x4a,0x47,0x42,0x07,0x4a,0x48,0x4a,0x47,0x42,0x07,0x4a,0x27,0x4a,0x48,
    0x42,0x07,0x4a,0x47,0x5a,0xc9,0x5a,0xa9,0x4a,0x27,0x4a,0x47,0x62,0xea,0x5a,0xc9,0x52,0x68,0x52,0x88,0x41,0xe6,0x4a,0x27,
    0x4a,0x48,0x5a,0xa9,0x52,0x48,0x5a,0x88,0x5a,0xa9,0x4a,0x48,0x4a,0x47,0x62,0xc9,0x52,0x88,0x4a,0x27,0x62,0xca,0x73,0x6c,
    0x52,0x88,0x52,0x88,0x62,0xc9,0x6b,0x2b,0x62,0xea,0x4a,0x27,0x52,0x89,0x6b,0x4b,0x52,0x68,0x6b,0x4b,0x4a,0x27,0x4a,0x48,
    0x39,0xe6,0x5a,0xa9,0x4a,0x27,0x63,0x0a,0x5a,0xa9,0x5a,0x89,0x52,0x68,0x52,0x68,0x4a,0x48,0x52,0x89,0x4a,0x27,0x42,0x27,
    0x42,0x07,0x41,0xe6,0x4a,0x48,0x4a,0x48,0x42,0x27,0x41,0xe6,0x5a,0xa9,0x52,0x68,0x42,0x07,0x42,0x07,0x4a,0x27,0x41,0xe7,
    0x5a,0xa9,0x63,0x0b,0x4a,0x27,0x4a,0x27,0x4a,0x27,0x4a,0x27,0x42,0x07,0x4a,0x27,0x4a,0x48,0x4a,0x27,0x4a,0x47,0x4a,0x47,
    0x42,0x07,0x52,0x68,0x4a,0x48,0x52,0x68,0x4a,0x48,0x4a,0x48,0x52,0x68,0x42,0x07,0x4a,0x48,0x42,0x07,0x52,0x88,0x52,0x88,
    0x52,0x48,0x4a,0x27,0x52,0x68,0x52,0x68,0x5a,0xa9,0x52,0x68,0x52,0x68,0x4a,0x48,0x4a,0x47,0x5a,0x89,0x4a,0x48,0x4a,0x48,
    0x5a,0xa9,0x62,0xca,0x5a,0xc9,0x52,0x68,0x5a,0x89,0x62,0xea,0x63,0x0a,0x52,0x68,0x4a,0x27,0x5a,0x89,0x62,0xca,0x52,0x68,
    0x4a,0x47,0x52,0x68,0x52,0x88,0x52,0x88,0x52,0x68,0x5a,0xa9,0x52,0x89,0x52,0x68,0x5a,0x89,0x52,0x88,0x52,0x89,0x52,0x89,
    0x62,0xca,0x5a,0xa9,0x5a,0xa9,0x5a,0xa9,0x62,0xea,0x52,0x89,0x52,0x68,0x5a,0xa9,0x4a,0x48,0x4a,0x48,0x4a,0x27,0x62,0xea,
    0x4a,0x48,0x4a,0x48,0x5a,0xc9,0x62,0xea,0x4a,0x68,0x4a,0x48,0x52,0x68,0x41,0xe7,0x63,0x0a,0x62,0xea,0x52,0x68,0x52,0x89,
    0x52,0x68,0x42,0x07,0x52,0x89,0x5a,0xa9,0x4a,0x27,0x52,0x68,0x52,0x68,0x63,0x0a,0x39,0xe6,0x5a,0xc9,0x5a,0x89,0x6b,0x2b,
    0x5a,0xa9,0x5a,0xa9,0x5a,0xa9,0x6b,0x4b,0x52,0x68,0x5a,0xc9,0x52,0x68,0x4a,0x27,0x52,0x68,0x52,0x68,0x4a,0x27,0x52,0x88,
    0x42,0x07,0x4a,0x48,0x52,0x68,0x5a,0xc9,0x41,0xe6,0x4a,0x48,0x4a,0x27,0x5a,0x88,0x52,0x68,0x4a,0x27,0x4a,0x47,0x4a,0x47,
    0x4a,0x27,0x4a,0x27,0x42,0x07,0x39,0xe6,0x52,0x68,0x4a,0x48,0x42,0x06,0x42,0x06,0x52,0x68,0x52,0x68,0x42,0x07,0x42,0x07,
    0x42,0x07,0x41,0xe6,0x4a,0x27,0x52,0x88,0x4a,0x48,0x42,0x07,0x42,0x07,0x52,0x88,0x52,0x88,0x52,0x88,0x62,0xc9,0x52,0x48,
    0x4a,0x27,0x62,0xc9,0x52,0x68,0x5a,0xa9,0x4a,0x27,0x52,0x68,0x52,0x68,0x62,0xea,0x4a,0x48,0x52,0x68,0x5a,0xc9,0x4a,0x48,
    0x4a,0x47,0x4a,0x27,0x42,0x07,0x4a,0x27,0x52,0x88,0x52,0x88,0x42,0x07,0x4a,0x27,0x52,0x88,0x4a,0x27,0x4a,0x27,0x52,0x48,
    0x42,0x07,0x4a,0x47,0x4a,0x27,0x52,0x68,0x52,0x88,0x4a,0x48,0x52,0x68,0x52,0x48,0x52,0x68,0x5a,0xc9,0x4a,0x48,0x52,0x68,
    0x4a,0x47,0x4a,0x27,0x4a,0x48,0x4a,0x27,0x4a,0x27,0x42,0x07,0x4a,0x47,0x42,0x07,0x42,0x07,0x4a,0x27,0x41,0xe6,0x4a,0x48,
    0x52,0x68,0x52,0x68,0x42,0x07,0x4a,0x48,0x4a,0x48,0x4a,0x48,0x4a,0x27,0x4a,0x47,0x4a,0x27,0x4a,0x27,0x4a,0x27,0x4a,0x27,
    0x4a,0x27,0x4a,0x27,0x42,0x07,0x4a,0x48,0x4a,0x48,0x52,0x68,0x4a,0x27,0x4a,0x27,0x52,0x68,0x52,0x48,0x4a,0x47,0x4a,0x48,
    0x5a,0xa9,0x52,0x68,0x4a,0x48,0x4a,0x48,0x62,0xc9,0x52,0x88,0x5a,0x89,0x52,0x68,0x52,0x48,0x4a,0x27,0x52,0x68,0x4a,0x27,
    0x42,0x27,0x42,0x07,0x4a,0x27,0x4a,0x48,0x4a,0x47,0x52,0x88,0x52,0x88,0x4a,0x48,0x4a,0x27,0x52,0x68,0x52,0x48,0x42,0x06,
    0x4a,0x27,0x62,0xc9,0x52,0x68,0x4a,0x47,0x52,0x68,0x5a,0xa9,0x5a,0xa9,0x5a,0xc9,0x6b,0x0a,0x52,0x68,0x52,0x88,0x5a,0xa9,
    0x5a,0xc9,0x63,0x0a,0x62,0xea,0x52,0x88,0x5a,0xa9,0x6b,0x0b,0x6b,0x2b,0x5a,0xa9,0x52,0x88,0x5a,0xa9,0x5a,0xc9,0x5a,0xa9,
    0x62,0xea,0x62,0xca,0x5a,0xa9,0x62,0xea,0x5a,0xc9,0x6b,0x0a,0x6b,0x2b,0x52,0x68,0x5a,0xa9,0x6b,0x2b,0x73,0x4c,0x4a,0x48,
    0x5a,0xc9,0x4a,0x27,0x42,0x07,0x4a,0x27,0x41,0xe6,0x42,0x07,0x39,0xc6,0x41,0xe6,0x31,0x65,0x4a,0x47,0x41,0xe6,0x62,0xea,
    0x52,0x68,0x52,0x68,0x52,0x47,0x62,0xea,0x52,0x68,0x5a,0xa9,0x4a,0x27,0x39,0xe6,0x52,0x68,0x52,0x68,0x42,0x07,0x41,0xe6,
    0x5a,0x89,0x42,0x07,0x4a,0x48,0x42,0x07,0x6b,0x2b,0x4a,0x48,0x4a,0x47,0x4a,0x47,0x4a,0x27,0x52,0x88,0x4a,0x48,0x52,0x88,
    0x31,0x85,0x52,0x88,0x52,0x68,0x5a,0xa9,0x41,0xe6,0x62,0xea,0x52,0x88,0x5a,0xa9,0x5a,0xa9,0x52,0x68,0x4a,0x48,0x5a,0xa9,
    0x4a,0x47,0x42,0x07,0x5a,0xca,0x52,0x89,0x52,0x68,0x5a,0xa9,0x52,0x88,0x5a,0xc9,0x5a,0xa9,0x62,0xc9,0x4a,0x48,0x62,0xea,
    0x5a,0xa9,0x5a,0x89,0x4a,0x48,0x5a,0xa9,0x52,0x68,0x5a,0xa9,0x52,0x89,0x5a,0xa9,0x62,0xca,0x5a,0xc9,0x5a,0x89,0x52,0x88,
    0x52,0x89,0x5a,0xc9,0x5a,0xa9,0x5a,0xc9,0x5a,0xa9,0x5a,0xa9,0x62,0xea,0x52,0x68,0x4a,0x48,0x4a,0x48,0x5a,0xa9,0x5a,0x89,
    0x5a,0xc9,0x5a,0x89,0x5a,0xa9,0x52,0x88,0x5a,0xc9,0x4a,0x48,0x4a,0x27,0x4a,0x47,0x4a,0x27,0x4a,0x47,0x52,0x68,0x52,0x48,
    0x4a,0x48,0x52,0x68,0x4a,0x27,0x4a,0x27,0x5a,0xa9,0x5a,0xa9,0x39,0xe6,0x42,0x07,0x4a,0x48,0x41,0xe6,0x52,0x88,0x4a,0x27,
    0x4a,0x47,0x42,0x07,0x52,0x68,0x42,0x07,0x4a,0x27,0x42,0x07,0x42,0x07,0x4a,0x27,0x41,0xe6,0x42,0x07,0x4a,0x27,0x42,0x07,
    0x52,0x88,0x52,0x68,0x4a,0x47,0x4a,0x27,0x4a,0x48,0x52,0x89,0x52,0x68,0x4a,0x47,0x42,0x07,0x42,0x07,0x4a,0x47,0x4a,0x47,
    0x42,0x27,0x4a,0x48,0x42,0x07,0x42,0x07,0x41,0xe6,0x4a,0x27,0x4a,0x27,0x4a,0x27,0x4a,0x27,0x52,0x68,0x4a,0x27,0x52,0x68,
    0x4a,0x47,0x52,0x68,0x4a,0x48,0x52,0x68,0x52,0x88,0x5a,0x89,0x52,0x88,0x5a,0xa9,0x52,0x68,0x5a,0x89,0x4a,0x48,0x52,0x88,
    0x4a,0x48,0x4a,0x27,0x52,0x68,0x52,0x88,0x52,0x68,0x52,0x89,0x52,0x68,0x52,0x89,0x52,0x68,0x4a,0x48,0x5a,0xa9,0x63,0x0a,
    0x62,0xc9,0x52,0x68,0x5a,0x88,0x52,0x68,0x4a,0x48,0x4a,0x27,0x4a,0x27,0x52,0x68,0x42,0x07,0x42,0x07,0x52,0x68,0x4a,0x48,
    0x4a,0x48,0x42,0x07,0x4a,0x27,0x4a,0x27,0x52,0x68,0x42,0x07,0x42,0x07,0x41,0xe6,0x4a,0x27,0x62,0xea,0x4a,0x27,0x39,0xe6,
    0x4a,0x48,0x4a,0x27,0x4a,0x48,0x4a,0x27,0x4a,0x48,0x4a,0x48,0x52,0x68,0x52,0x68,0x4a,0x48,0x52,0x68,0x4a,0x27,0x42,0x07,
    0x42,0x27,0x4a,0x47,0x62,0xc9,0x4a,0x48,0x4a,0x47,0x6b,0x2a,0x5a,0xa9,0x6b,0x0a,0x52,0x48,0x6b,0x0a,0x5a,0xa8,0x73,0x6b,
    0x52,0x68,0x62,0xe9,0x62,0xc9,0x52,0x68,0x42,0x07,0x41,0xe6,0x39,0xc6,0x52,0x68,0x52,0x68,0x5a,0xa9,0x6b,0x0b,0x52,0x88,
    0x4a,0x27,0x42,0x07,0x4a,0x48,0x5a,0x88,0x42,0x07,0x4a,0x27,0x5a,0xa9,0x52,0x68,0x4a,0x48,0x52,0x68,0x62,0xea,0x73,0x8c,
    0x4a,0x27,0x39,0xc6,0x42,0x07,0x42,0x07,0x4a,0x27,0x42,0x27,0x4a,0x27,0x39,0xa5,0x4a,0x27,0x42,0x07,0x4a,0x27,0x4a,0x07,
    0x41,0xe6,0x52,0x68,0x52,0x47,0x41,0xe6,0x4a,0x48,0x4a,0x27,0x41,0xe6,0x39,0xa5,0x42,0x06,0x42,0x07,0x42,0x07,0x4a,0x27,
    0x52,0x68,0x4a,0x27,0x42,0x06,0x42,0x07,0x4a,0x27,0x4a,0x47,0x4a,0x27,0x41,0xe6,0x5a,0xa9,0x63,0x0a,0x42,0x06,0x4a,0x27,
    0x42,0x07,0x4a,0x27,0x42,0x07,0x52,0x48,0x39,0xc6,0x39,0xc6,0x4a,0x27,0x62,0xea,0x39,0xc6,0x39,0xc6,0x52,0x68,0x52,0x68,
    0x4a,0x48,0x42,0x07,0x52,0x68,0x42,0x07,0x5a,0xa9,0x52,0x68,0x4a,0x27,0x39,0xe6,0x4a,0x48,0x4a,0x48,0x4a,0x27,0x39,0xc6,
    0x39,0xc6,0x4a,0x27,0x39,0xe6,0x42,0x07,0x42,0x07,0x4a,0x27,0x42,0x07,0x42,0x07,0x39,0xc6,0x42,0x07,0x42,0x07,0x39,0xe6,
    0x4a,0x27,0x4a,0x27,0x42,0x07,0x42,0x07,0x4a,0x48,0x4a,0x48,0x4a,0x27,0x4a,0x48,0x42,0x07,0x4a,0x27,0x4a,0x27,0x4a,0x27,
    0x42,0x07,0x52,0x68,0x42,0x07,0x41,0xe7,0x41,0xe6,0x4a,0x48,0x42,0x07,0x4a,0x47,0x52,0x88,0x4a,0x27,0x4a,0x47,0x5a,0xc9,
    0x52,0x68,0x52,0x88,0x4a,0x48,0x4a,0x47,0x4a,0x48,0x52,0x68,0x4a,0x48,0x4a,0x27,0x52,0x48,0x4a,0x48,0x52,0x68,0x4a,0x27,
    0x52,0x68,0x52,0x68,0x4a,0x48,0x52,0x68,0x52,0x68,0x52,0x68,0x5a,0xa9,0x52,0x68,0x52,0x89,0x52,0x68,0x4a,0x48,0x52,0x68,
    0x4a,0x48,0x4a,0x27,0x52,0x48,0x52,0x68,0x52,0x68,0x4a,0x27,0x4a,0x27,0x52,0x68,0x42,0x07,0x52,0x68,0x52,0x68,0x4a,0x27,
    0x4a,0x27,0x4a,0x27,0x52,0x88,0x4a,0x27,0x4a,0x27,0x4a,0x27,0x52,0x68,0x4a,0x27,0x4a,0x48,0x52,0x89,0x4a,0x48,0x4a,0x28,
    0x4a,0x27,0x4a,0x27,0x42,0x07,0x4a,0x27,0x4a,0x47,0x4a,0x47,0x4a,0x47,0x4a,0x47,0x4a,0x48,0x42,0x07,0x52,0x68,0x52,0x68,
    0x4a,0x48,0x4a,0x27,0x4a,0x28,0x4a,0x48,0x7b,0x8c,0x6b,0x0a,0x52,0x48,0x5a,0xc9,0x39,0xe6,0x42,0x07,0x4a,0x27,0x5a,0x88,
    0x4a,0x27,0x4a,0x48,0x4a,0x27,0x52,0x68,0x4a,0x27,0x52,0x68,0x4a,0x48,0x4a,0x48,0x5a,0xa9,0x5a,0xa9,0x62,0xea,0x5a,0xa9,
    0x52,0x68,0x5a,0xa9,0x62,0xea,0x5a,0xa9,0x52,0x68,0x5a,0x89,0x6b,0x2b,0x5a,0xa9,0x4a,0x48,0x4a,0x47,0x52,0x89,0x5a,0xa9,
    0x42,0x07,0x52,0x68,0x62,0xca,0x5a,0xa9,0x5a,0xc9,0x5a,0xa9,0x5a,0xa9,0x4a,0x27,0x5a,0xca,0x5a,0x89,0x52,0x88,0x4a,0x27,
    0x52,0x68,0x4a,0x27,0x5a,0xa9,0x62,0xca,0x4a,0x47,0x4a,0x27,0x52,0x68,0x4a,0x27,0x41,0xe6,0x4a,0x27,0x4a,0x47,0x41,0xe6,
    0x41,0xe6,0x39,0xc6,0x4a,0x48,0x4a,0x48,0x52,0x68,0x42,0x07,0x41,0xe6,0x42,0x07,0x52,0x88,0x52,0x68,0x4a,0x27,0x62,0xea,
    0x4a,0x27,0x4a,0x27,0x4a,0x27,0x5a,0xa9,0x42,0x07,0x52,0x48,0x4a,0x27,0x4a,0x27,0x42,0x07,0x4a,0x27,0x42,0x07,0x39,0xc6,
    0x6b,0x2a,0x52,0x68,0x4a,0x47,0x42,0x06,0x73,0x6b,0x52,0x68,0x4a,0x47,0x4a,0x27,0x52,0x88,0x5a,0xa9,0x4a,0x27,0x52,0x68,
    0x52,0x68,0x5a,0xa9,0x52,0x68,0x62,0xea,0x52,0x68,0x62,0xea,0x6b,0x0b,0x52,0x68,0x52,0x48,0x52,0x68,0x52,0x89,0x52,0x88,
    0x52,0x88,0x4a,0x27,0x4a,0x27,0x5a,0xa9,0x52,0x68,0x4a,0x27,0x52,0x68,0x5a,0x88,0x52,0x68,0x5a,0xa9,0x52,0x88,0x52,0x89,
    0x52,0x88,0x5a,0xc9,0x52,0x68,0x62,0xea,0x52,0x68,0x62,0xc9,0x4a,0x47,0x5a,0xa9,0x42,0x07,0x4a,0x47,0x52,0x88,0x62,0xc9,
    0x52,0x68,0x4a,0x27,0x52,0x88,0x4a,0x27,0x52,0x89,0x5a,0xa9,0x62,0xc9,0x52,0x88,0x52,0x89,0x52,0x88,0x5a,0xa9,0x5a,0xa9,
    0x5a,0xc9,0x5a,0xa9,0x5a,0xc9,0x5a,0xa9,0x4a,0x27,0x52,0x68,0x52,0x48,0x4a,0x27,0x4a,0x27,0x4a,0x27,0x4a,0x47,0x4a,0x47,
    0x42,0x06,0x42,0x07,0x52,0x88,0x4a,0x27,0x4a,0x27,0x73,0x4b,0x7b,0xad,0x62,0xea,0x52,0x68,0x52,0x68,0x62,0xea,0x5a,0xa9,
    0x4a,0x27,0x52,0x68,0x5a,0xc9,0x6b,0x0a,0x4a,0x07,0x5a,0xa9,0x4a,0x47,0x4a,0x48,0x4a,0x47,0x5a,0xa9,0x4a,0x47,0x4a,0x27,
    0x52,0x68,0x52,0x48,0x62,0xea,0x52,0x88,0x52,0x88,0x4a,0x48,0x5a,0xc9,0x5a,0xa9,0x5a,0xa9,0x52,0x88,0x4a,0x48,0x4a,0x27,
    0x52,0x88,0x52,0x88,0x4a,0x47,0x42,0x27,0x5a,0xa9,0x62,0xea,0x5a,0x89,0x5a,0xa9,0x5a,0xc9,0x52,0x68,0x5a,0x89,0x5a,0xa9,
    0x52,0x68,0x52,0x68,0x4a,0x47,0x42,0x07,0x4a,0x48,0x4a,0x48,0x42,0x27,0x42,0x06,0x4a,0x47,0x41,0xe6,0x4a,0x27,0x4a,0x47,
    0x4a,0x27,0x41,0xe7,0x42,0x07,0x52,0x68,0x4a,0x27,0x42,0x07,0x4a,0x48,0x52,0x88,0x41,0xe6,0x41,0xe6,0x4a,0x48,0x4a,0x47,
    0x39,0xe6,0x4a,0x27,0x52,0x88,0x5a,0xc9,0x4a,0x48,0x4a,0x27,0x4a,0x27,0x52,0x68,0x52,0x68,0x4a,0x27,0x4a,0x27,0x52,0x68,
    0x62,0xca,0x5a,0xa9,0x52,0x88,0x52,0x68,0x42,0x07,0x4a,0x27,0x42,0x07,0x42,0x06,0x5a,0xa9,0x52,0x68,0x5a,0xa8,0x5a,0xa9,
    0x52,0x68,0x4a,0x47,0x5a,0xa9,0x5a,0xa8,0x4a,0x47,0x42,0x07,0x5a,0xa9,0x52,0x89,0x4a,0x27,0x4a,0x27,0x52,0x88,0x52,0x68,
    0x4a,0x27,0x52,0x68,0x4a,0x27,0x4a,0x47,0x42,0x07,0x42,0x07,0x4a,0x27,0x4a,0x27,0x42,0x07,0x52,0x68,0x4a,0x27,0x42,0x06,
    0x4a,0x27,0x4a,0x48,0x4a,0x47,0x41,0xe6,0x41,0xe6,0x4a,0x48,0x4a,0x48,0x39,0xc6,0x4a,0x07,0x52,0x48,0x4a,0x48,0x39,0xc6,
    0x4a,0x27,0x4a,0x27,0x4a,0x27,0x52,0x48,0x41,0xe6,0x4a,0x27,0x52,0x47,0x4a,0x26,0x41,0xe6,0x4a,0x47,0x52,0x68,0x5a,0xa9,
    0x42,0x06,0x52,0x68,0x4a,0x48,0x52,0x68,0x52,0x47,0x4a,0x47,0x4a,0x06,0x42,0x06,0x42,0x06,0x41,0xe6,0x7b,0xcd,0x5a,0xa9,
    0x4a,0x27,0x4a,0x27,0x62,0xea,0x4a,0x47,0x5a,0x89,0x5a,0x89,0x62,0xea,0x52,0x68,0x52,0x68,0x52,0x68,0x5a,0xa9,0x5a,0xc9,
    0x4a,0x27,0x52,0x89,0x52,0x68,0x42,0x07,0x4a,0x47,0x4a,0x27,0x52,0x48,0x4a,0x48,0x42,0x06,0x4a,0x48,0x4a,0x48,0x4a,0x47,
    0x4a,0x47,0x4a,0x27,0x4a,0x48,0x4a,0x27,0x62,0xea,0x5a,0xca,0x5a,0x89,0x52,0x68,0x52,0x48,0x52,0x68,0x4a,0x48,0x4a,0x27,
    0x4a,0x27,0x52,0x68,0x5a,0x89,0x5a,0x89,0x4a,0x27,0x4a,0x27,0x5a,0x89,0x5a,0xc9,0x42,0x07,0x52,0x48,0x5a,0x89,0x4a,0x27,
    0x4a,0x27,0x4a,0x27,0x4a,0x27,0x4a,0x48,0x4a,0x27,0x4a,0x48,0x52,0x68,0x4a,0x48,0x4a,0x48,0x52,0x88,0x5a,0xa9,0x5a,0xa9,
    0x4a,0x27,0x4a,0x27,0x4a,0x48,0x4a,0x48,0x4a,0x48,0x52,0x88,0x52,0x88,0x52,0x68,0x4a,0x27,0x52,0x88,0x5a,0xa9,0x5a,0xa9,
    0x52,0x88,0x52,0x68,0x52,0x68,0x5a,0xa9,0x4a,0x48,0x5a,0xa9,0x4a,0x48,0x5a,0xa9,0x52,0x68,0x52,0x88,0x52,0x88,0x52,0x68,
    0x5a,0xa9,0x4a,0x48,0x52,0x88,0x5a,0xa9,0x62,0xe9,0x52,0x89,0x5a,0xa9,0x52,0x89,0x5a,0xa9,0x52,0x89,0x52,0x68,0x5a,0xa9,
    0x4a,0x48,0x52,0x68,0x5a,0xa9,0x5a,0xa9,0x5a,0x89,0x4a,0x48,0x5a,0xa9,0x42,0x07,0x52,0x89,0x52,0x68,0x5a,0x89,0x52,0x68,
    0x6b,0x2b,0x6b,0x0b,0x62,0xea,0x5a,0x89,0x6b,0x2b,0x6b,0x0a,0x52,0x88,0x41,0xe6,0x5a,0x89,0x5a,0xa9,0x5a,0xa9,0x42,0x07,
    0x4a,0x48,0x4a,0x48,0x62,0xea,0x5a,0xc9,0x52,0x89,0x52,0x89,0x4a,0x48,0x62,0xea,0x4a,0x48,0x5a,0xca,0x4a,0x48,0x4a,0x48,
    0x4a,0x27,0x5a,0xa9,0x4a,0x48,0x52,0x68,0x52,0x89,0x52,0x89,0x4a,0x48,0x52,0x68,0x52,0x68,0x52,0x88,0x52,0x68,0x52,0x68,
    0x62,0xc9,0x5a,0xa9,0x5a,0x89,0x4a,0x47,0x52,0x68,0x5a,0x89,0x62,0xc9,0x52,0x88,0x52,0x68,0x62,0xc9,0x5a,0x89,0x63,0x0a,
    0x4a,0x27,0x52,0x68,0x5a,0x88,0x5a,0x88,0x52,0x48,0x4a,0x27,0x4a,0x48,0x52,0x88,0x5a,0x88,0x6b,0x0a,0x52,0x88,0x4a,0x68,
    0x52,0x68,0x5a,0xa9,0x5a,0xc9,0x6b,0x0a,0x4a,0x27,0x52,0x68,0x52,0x88,0x52,0x88,0x52,0x68,0x52,0x48,0x5a,0xa9,0x52,0x48,
    0x4a,0x47,0x42,0x07,0x4a,0x48,0x52,0x68,0x5a,0x89,0x4a,0x27,0x41,0xe6,0x52,0x68,0x4a,0x07,0x4a,0x47,0x4a,0x27,0x42,0x07,
    0x52,0x68,0x52,0x68,0x5a,0xa9,0x52,0x68,0x5a,0x89,0x52,0x68,0x62,0xc9,0x5a,0xa9,0x52,0x68,0x4a,0x48,0x62,0xea,0x62,0xea,
    0x42,0x07,0x4a,0x48,0x4a,0x48,0x42,0x07,0x4a,0x27,0x52,0x68,0x5a,0x89,0x4a,0x48,0x52,0x48,0x5a,0x89,0x4a,0x48,0x52,0x88,
    0x52,0x68,0x52,0x68,0x52,0x88,0x4a,0x48,0x5a,0x89,0x5a,0x89,0x52,0x68,0x5a,0x89,0x4a,0x48,0x5a,0xa9,0x52,0x88,0x4a,0x27,
    0x4a,0x27,0x4a,0x27,0x4a,0x47,0x4a,0x27,0x4a,0x48,0x4a,0x27,0x4a,0x47,0x4a,0x47,0x52,0x48,0x52,0x68,0x4a,0x48,0x52,0x68,
    0x52,0x68,0x52,0x68,0x52,0x68,0x52,0x88,0x52,0x68,0x4a,0x48,0x52,0x68,0x52,0x68,0x4a,0x47,0x4a,0x48,0x4a,0x47,0x5a,0xa9,
    0x4a,0x47,0x42,0x07,0x4a,0x47,0x42,0x07,0x52,0x68,0x52,0x68,0x52,0x68,0x4a,0x48,0x52,0x88,0x52,0x88,0x52,0x68,0x5a,0xa9,
    0x5a,0xa9,0x52,0x89,0x52,0x68,0x52,0x68,0x62,0xea,0x5a,0xc9,0x52,0x89,0x52,0x89,0x62,0xea,0x63,0x0b,0x62,0xca,0x5a,0xc9,
    0x5a,0xa9,0x62,0xea,0x52,0x88,0x5a,0xa9,0x52,0x88,0x52,0x68,0x5a,0xa9,0x52,0x89,0x5a,0xc9,0x63,0x0a,0x62,0xea,0x5a,0xa9,
    0x52,0x89,0x5a,0xa9,0x52,0x68,0x6b,0x2b,0x42,0x07,0x52,0x48,0x63,0x0a,0x6b,0x0a,0x52,0x68,0x4a,0x48,0x5a,0x89,0x52,0x68,
    0x4a,0x48,0x5a,0xc9,0x73,0x4b,0x5a,0xa9,0x63,0x0a,0x62,0xca,0x52,0x68,0x52,0x68,0x4a,0x27,0x52,0x48,0x39,0xc6,0x52,0x88,
    0x41,0xe6,0x42,0x07,0x42,0x07,0x4a,0x27,0x52,0x68,0x5a,0xc9,0x5a,0xa9,0x4a,0x47,0x5a,0xa9,0x5a,0xc9,0x52,0x88,0x42,0x07,
    0x5a,0x88,0x5a,0x89,0x4a,0x47,0x52,0x68,0x52,0x48,0x52,0x68,0x4a,0x47,0x4a,0x47,0x52,0x68,0x52,0x88,0x52,0x48,0x52,0x68,
    0x42,0x07,0x42,0x07,0x52,0x88,0x52,0x68,0x4a,0x27,0x4a,0x27,0x5a,0xa9,0x5a,0xa9,0x4a,0x48,0x5a,0x88,0x52,0x68,0x52,0x88,
    0x5a,0xc9,0x4a,0x27,0x41,0xe7,0x62,0xea,0x62,0xea,0x4a,0x48,0x52,0x89,0x6b,0x0a,0x52,0x68,0x52,0x68,0x5a,0xc9,0x52,0x68,
    0x5a,0x89,0x52,0x68,0x52,0x48,0x42,0x07,0x62,0xea,0x5a,0xa9,0x5a,0xc9,0x52,0x88,0x63,0x0a,0x5a,0xa9,0x5a,0xa9,0x52,0x88,
    0x63,0x0a,0x5a,0xa9,0x52,0x68,0x52,0x68,0x5a,0xc9,0x5a,0xa9,0x5a,0xc9,0x52,0x89,0x52,0x68,0x5a,0xa9,0x5a,0xc9,0x6b,0x2b,
    0x62,0xea,0x52,0x88,0x62,0xc9,0x5a,0xa9,0x5a,0xa9,0x4a,0x27,0x52,0x68,0x4a,0x47,0x4a,0x48,0x52,0x68,0x4a,0x48,0x4a,0x27,
    0x4a,0x48,0x4a,0x27,0x52,0x88,0x4a,0x48,0x4a,0x47,0x52,0x68,0x4a,0x48,0x4a,0x27,0x52,0x68,0x52,0x48,0x4a,0x27,0x4a,0x48,
    0x52,0x48,0x4a,0x27,0x52,0x89,0x4a,0x48,0x4a,0x27,0x52,0x68,0x4a,0x48,0x42,0x27,0x4a,0x27,0x42,0x07,0x39,0xe6,0x39,0xc6,
    0x4a,0x48,0x4a,0x27,0x42,0x27,0x4a,0x48,0x5a,0x89,0x4a,0x48,0x42,0x07,0x42,0x07,0x4a,0x27,0x4a,0x27,0x42,0x07,0x39,0xe6,
    0x42,0x07,0x4a,0x27,0x42,0x27,0x39,0xe6,0x39,0xc6,0x42,0x07,0x42,0x07,0x4a,0x27,0x39,0xe6,0x42,0x07,0x4a,0x27,0x42,0x07,
    0x4a,0x48,0x5a,0x88,0x42,0x27,0x52,0x88,0x42,0x27,0x52,0x88,0x52,0x89,0x5a,0x89,0x4a,0x27,0x52,0x68,0x5a,0xa9,0x5a,0xa9,
    0x42,0x07,0x4a,0x48,0x52,0x88,0x62,0xc9,0x52,0x88,0x52,0x68,0x62,0xc9,0x62,0xea,0x52,0x88,0x4a,0x68,0x52,0x88,0x52,0x68,
    0x4a,0x48,0x5a,0xca,0x42,0x07,0x4a,0x27,0x4a,0x27,0x52,0x88,0x52,0x48,0x5a,0xa9,0x5a,0xa9,0x5a,0xa9,0x52,0x68,0x52,0x68,
    0x52,0x48,0x5a,0xa9,0x52,0x88,0x52,0x68,0x5a,0xa9,0x5a,0xc9,0x5a,0xa9,0x42,0x07,0x5a,0xa9,0x5a,0xa9,0x52,0x68,0x4a,0x27,
    0x4a,0x27,0x52,0x68,0x42,0x07,0x42,0x07,0x52,0x68,0x42,0x07,0x4a,0x27,0x42,0x07,0x42,0x07,0x41,0xe6,0x4a,0x48,0x42,0x07,
    0x4a,0x47,0x39,0xa5,0x4a,0x27,0x4a,0x48,0x5a,0xa9,0x4a,0x27,0x5a,0xa9,0x52,0x89,0x4a,0x47,0x52,0x68,0x4a,0x48,0x4a,0x48,
    0x52,0x68,0x52,0x68,0x4a,0x48,0x4a,0x48,0x4a,0x27,0x41,0xe7,0x4a,0x27,0x52,0x68,0x4a,0x48,0x42,0x07,0x39,0xe6,0x4a,0x27,
    0x4a,0x48,0x4a,0x48,0x42,0x27,0x52,0x89,0x4a,0x48,0x52,0x68,0x4a,0x48,0x4a,0x48,0x5a,0x88,0x52,0x68,0x62,0xea,0x5a,0xa9,
    0x52,0x89,0x52,0x68,0x5a,0x89,0x63,0x0a,0x52,0x89,0x52,0x88,0x62,0xca,0x62,0xea,0x4a,0x48,0x4a,0x48,0x52,0x48,0x52,0x68,
    0x42,0x07,0x4a,0x27,0x52,0x68,0x52,0x89,0x6b,0x2b,0x62,0xc9,0x4a,0x47,0x41,0xe6,0x7b,0xcd,0x6b,0x2b,0x52,0x48,0x52,0x67,
    0x52,0x88,0x52,0x68,0x52,0x88,0x52,0x88,0x52,0x68,0x4a,0x48,0x52,0x68,0x4a,0x27,0x4a,0x27,0x52,0x47,0x42,0x06,0x4a,0x27,
    0x4a,0x26,0x6b,0x2b,0x4a,0x27,0x4a,0x27,0x5a,0x88,0x5a,0x88,0x5a,0x88,0x5a,0x88,0x4a,0x48,0x5a,0xa9,0x52,0x47,0x5a,0x88,
    0x42,0x07,0x39,0xc6,0x42,0x07,0x39,0xe6,0x42,0x06,0x42,0x07,0x41,0xe6,0x42,0x07,0x4a,0x27,0x39,0xc6,0x42,0x07,0x42,0x06,
    0x5a,0xa9,0x42,0x06,0x4a,0x27,0x42,0x07,0x41,0xe6,0x42,0x07,0x39,0xc6,0x42,0x07,0x52,0x68,0x42,0x07,0x4a,0x27,0x4a,0x48,
    0x4a,0x48,0x52,0x48,0x5a,0xa9,0x4a,0x27,0x41,0xe6,0x4a,0x27,0x4a,0x27,0x6b,0x09,0x52,0x68,0x52,0x68,0x4a,0x48,0x5a,0x89,
    0x4a,0x48,0x62,0xca,0x52,0x48,0x52,0x48,0x52,0x88,0x4a,0x27,0x52,0x68,0x4a,0x48,0x52,0x88,0x42,0x27,0x39,0xc6,0x4a,0x27,
    0x5a,0xa9,0x52,0x68,0x4a,0x48,0x5a,0xa9,0x5a,0x88,0x4a,0x48,0x4a,0x48,0x52,0x68,0x4a,0x27,0x5a,0x89,0x4a,0x27,0x41,0xe7,
    0x41,0xe6,0x4a,0x27,0x4a,0x48,0x39,0xc6,0x52,0x48,0x4a,0x27,0x4a,0x27,0x4a,0x27,0x4a,0x48,0x52,0x68,0x5a,0xa9,0x52,0x68,
    0x42,0x07,0x4a,0x48,0x4a,0x48,0x52,0x68,0x42,0x07,0x4a,0x48,0x52,0x48,0x4a,0x47,0x4a,0x48,0x4a,0x47,0x4a,0x47,0x4a,0x48,
    0x4a,0x27,0x4a,0x48,0x4a,0x48,0x4a,0x48,0x4a,0x48,0x4a,0x48,0x4a,0x27,0x4a,0x27,0x4a,0x27,0x42,0x07,0x4a,0x27,0x52,0x48,
    0x52,0x68,0x4a,0x48,0x52,0x68,0x4a,0x48,0x4a,0x48,0x4a,0x27,0x42,0x07,0x52,0x48,0x4a,0x48,0x4a,0x47,0x42,0x07,0x42,0x07,
    0x4a,0x48,0x52,0x48,0x42,0x07,0x4a,0x27,0x4a,0x27,0x4a,0x27,0x42,0x07,0x41,0xe6,0x4a,0x27,0x41,0xe7,0x39,0xe6,0x4a,0x48,
    0x42,0x07,0x4a,0x27,0x52,0x68,0x5a,0xa9,0x4a,0x27,0x42,0x27,0x42,0x27,0x4a,0x27,0x4a,0x27,0x4a,0x47,0x4a,0x48,0x42,0x07,
    0x4a,0x48,0x4a,0x48,0x52,0x48,0x42,0x07,0x52,0x48,0x52,0x68,0x4a,0x27,0x4a,0x27,0x42,0x07,0x4a,0x48,0x4a,0x48,0x4a,0x27,
    0x42,0x07,0x4a,0x48,0x4a,0x47,0x4a,0x27,0x42,0x07,0x42,0x07,0x52,0x68,0x52,0x67,0x4a,0x27,0x42,0x07,0x4a,0x27,0x42,0x07,
    0x42,0x07,0x42,0x07,0x42,0x07,0x42,0x27,0x52,0x67,0x5a,0x88,0x52,0x47,0x39,0xc6,0x52,0x67,0x52,0x67,0x52,0x88,0x42,0x07,
    0x52,0x68,0x5a,0x88,0x5a,0xa9,0x42,0x06,0x62,0xe9,0x6b,0x0a,0x52,0x68,0x4a,0x47,0x4a,0x07,0x4a,0x47,0x41,0xe6,0x41,0xe6,
    0x42,0x07,0x52,0x48,0x42,0x07,0x4a,0x27,0x42,0x06,0x42,0x07,0x4a,0x27,0x4a,0x47,0x52,0x68,0x52,0x68,0x4a,0x27,0x41,0xe6,
    0x42,0x07,0x52,0x68,0x42,0x07,0x4a,0x47,0x52,0x68,0x5a,0xa9,0x4a,0x27,0x4a,0x27,0x4a,0x48,0x4a,0x27,0x52,0x68,0x52,0x88,
    0x41,0xe6,0x42,0x07,0x52,0x48,0x4a,0x47,0x4a,0x47,0x52,0x68,0x62,0xea,0x62,0xc9,0x52,0x68,0x4a,0x48,0x62,0xc9,0x5a,0xa9,
    0x52,0x88,0x52,0x68,0x52,0x68,0x5a,0x88,0x4a,0x47,0x62,0xc9,0x5a,0x89,0x5a,0xa9,0x52,0x68,0x52,0x68,0x5a,0x88,0x5a,0x88,
    0x62,0xc9,0x52,0x88,0x4a,0x47,0x52,0x68,0x52,0x68,0x5a,0x88,0x62,0xc9,0x52,0x68,0x52,0x88,0x5a,0x89,0x62,0xe9,0x52,0x68,
    0x4a,0x27,0x4a,0x27,0x52,0x88,0x4a,0x48,0x52,0x68,0x4a,0x48,0x5a,0xa9,0x5a,0xa9,0x52,0x88,0x5a,0xa9,0x52,0x88,0x62,0xc9,
    0x52,0x68,0x52,0x88,0x5a,0xa9,0x62,0xc9,0x52,0x88,0x52,0x68,0x4a,0x48,0x52,0x68,0x5a,0xa9,0x4a,0x47,0x52,0x68,0x5a,0xa9,
    0x52,0x68,0x4a,0x27,0x4a,0x27,0x52,0x88,0x4a,0x47,0x4a,0x27,0x31,0xa5,0x4a,0x48,0x62,0xea,0x63,0x0a,0x5a,0xc9,0x62,0xea,
    0x6b,0x2b,0x52,0x88,0x52,0x68,0x52,0x88,0x52,0x88,0x5a,0xa9,0x5a,0xa9,0x5a,0xa9,0x5a,0xa9,0x52,0x89,0x5a,0xa9,0x52,0x68,
    0x4a,0x27,0x5a,0xa9,0x52,0x89,0x52,0x68,0x52,0x68,0x52,0x89,0x4a,0x27,0x4a,0x48,0x4a,0x27,0x52,0x88,0x4a,0x47,0x5a,0xa9,
    0x5a,0x88,0x5a,0xa9,0x4a,0x27,0x52,0x88,0x5a,0xa9,0x5a,0xa9,0x4a,0x48,0x5a,0xa9,0x5a,0xa9,0x52,0x88,0x4a,0x27,0x4a,0x48,
    0x5a,0xc9,0x62,0xea,0x52,0x68,0x4a,0x27,0x52,0x68,0x52,0x88,0x4a,0x27,0x4a,0x27,0x4a,0x47,0x4a,0x48,0x4a,0x27,0x42,0x07,
    0x52,0x68,0x42,0x07,0x42,0x07,0x5a,0x88,0x4a,0x47,0x42,0x27,0x42,0x07,0x42,0x07,0x4a,0x27,0x42,0x27,0x4a,0x48,0x42,0x27,
    0x42,0x27,0x42,0x07,0x4a,0x48,0x4a,0x48,0x4a,0x27,0x42,0x07,0x52,0x68,0x5a,0xa9,0x42,0x07,0x5a,0xca,0x6b,0x0a,0x4a,0x27,
    0x52,0x68,0x5a,0xa9,0x5a,0xc9,0x4a,0x48,0x5a,0xa9,0x5a,0xa9,0x5a,0xa9,0x5a,0xa9,0x52,0x88,0x4a,0x27,0x52,0x68,0x52,0x68,
    0x62,0xea,0x52,0x88,0x4a,0x48,0x52,0x68,0x42,0x07,0x4a,0x27,0x52,0x68,0x4a,0x27,0x5a,0xa9,0x52,0x88,0x4a,0x47,0x4a,0x47,
    0x42,0x07,0x4a,0x27,0x4a,0x27,0x4a,0x47,0x4a,0x47,0x4a,0x47,0x52,0x68,0x52,0x68,0x4a,0x48,0x4a,0x48,0x4a,0x48,0x4a,0x48,
    0x4a,0x48,0x4a,0x07,0x52,0x68,0x4a,0x47,0x52,0x68,0x42,0x07,0x4a,0x48,0x52,0x48,0x52,0x68,0x52,0x68,0x4a,0x48,0x42,0x07,
    0x4a,0x27,0x4a,0x27,0x52,0x68,0x4a,0x27,0x4a,0x27,0x4a,0x27,0x52,0x68,0x4a,0x47,0x42,0x07,0x4a,0x27,0x4a,0x47,0x42,0x06,
    0x39,0xe6,0x4a,0x26,0x52,0x47,0x52,0x67,0x4a,0x47,0x52,0x47,0x52,0x67,0x5a,0x88,0x52,0x68,0x4a,0x27,0x52,0x67,0x4a,0x47,
    0x52,0x47,0x4a,0x47,0x52,0x68,0x52,0x47,0x4a,0x27,0x52,0x47,0x52,0x68,0x52,0x47,0x52,0x68,0x52,0x67,0x52,0x88,0x4a,0x47,
    0x52,0x68,0x52,0x68,0x4a,0x47,0x62,0xca,0x4a,0x27,0x4a,0x47,0x4a,0x27,0x4a,0x27,0x4a,0x27,0x52,0x88,0x4a,0x27,0x4a,0x47,
    0x52,0x47,0x4a,0x07,0x52,0x47,0x4a,0x27,0x62,0xea,0x52,0x48,0x4a,0x48,0x52,0x68,0x5a,0x89,0x5a,0xc9,0x62,0xea,0x6b,0x2b,
    0x4a,0x47,0x52,0x88,0x5a,0xa9,0x5a,0xa9,0x4a,0x27,0x52,0x48,0x52,0x47,0x42,0x06,0x4a,0x48,0x4a,0x27,0x5a,0xa9,0x52,0x68,
    0x5a,0x89,0x4a,0x27,0x52,0x89,0x4a,0x47,0x62,0xea,0x4a,0x48,0x4a,0x48,0x52,0x68,0x5a,0xa9,0x4a,0x68,0x42,0x07,0x4a,0x27,
    0x4a,0x48,0x52,0x68,0x4a,0x48,0x52,0x68,0x52,0x68,0x52,0x69,0x52,0x68,0x52,0x88,0x52,0x68,0x42,0x07,0x4a,0x48,0x52,0x89,
    0x4a,0x48,0x52,0x68,0x52,0x68,0x52,0x68,0x52,0x48,0x52,0x68,0x73,0x4b,0x6b,0x2a,0x52,0x68,0x4a,0x47,0x63,0x0a,0x62,0xea,
    0x4a,0x27,0x4a,0x48,0x4a,0x27,0x39,0xc6,0x4a,0x48,0x4a,0x27,0x4a,0x27,0x4a,0x48,0x6b,0x0a,0x63,0x0a,0x5a,0xa9,0x5a,0xa9,
    0x62,0xc9,0x52,0x68,0x41,0xe6,0x4a,0x27,0x62,0xea,0x52,0x68,0x4a,0x47,0x4a,0x48,0x5a,0xa9,0x5a,0xa9,0x52,0x89,0x52,0x68,
    0x5a,0xa9,0x4a,0x47,0x4a,0x47,0x4a,0x27,0x5a,0xc9,0x52,0x68,0x52,0x68,0x4a,0x48,0x4a,0x27,0x52,0x68,0x52,0x68,0x52,0x48,
    0x52,0x68,0x52,0x48,0x52,0x89,0x52,0x89,0x4a,0x27,0x4a,0x28,0x52,0x68,0x5a,0x89,0x52,0x68,0x4a,0x48,0x4a,0x48,0x52,0x68,
    0x4a,0x48,0x4a,0x27,0x41,0xe7,0x42,0x07,0x52,0x68,0x4a,0x27,0x4a,0x27,0x4a,0x48,0x5a,0xc9,0x52,0x68,0x52,0x68,0x52,0x68,
    0x5a,0xa9,0x5a,0xa9,0x52,0x89,0x52,0x68,0x52,0x89,0x52,0x89,0x4a,0x48,0x52,0x68,0x5a,0xa9,0x4a,0x48,0x52,0x68,0x5a,0xa9,
    0x52,0x88,0x52,0x88,0x4a,0x48,0x5a,0xc9,0x52,0x88,0x5a,0x88,0x52,0x68,0x52,0x89,0x5a,0xa9,0x5a,0xc9,0x52,0x68,0x4a,0x47,
    0x52,0x68,0x5a,0xa9,0x4a,0x48,0x4a,0x47,0x52,0x68,0x52,0x48,0x5a,0xa9,0x5a,0xa9,0x5a,0xa9,0x5a,0xa9,0x5a,0x89,0x52,0x68,
    0x52,0x88,0x5a,0xa9,0x52,0x88,0x52,0x68,0x52,0x68,0x5a,0xa9,0x62,0xea,0x5a,0xc9,0x52,0x48,0x4a,0x48,0x4a,0x27,0x52,0x89,
    0x5a,0x89,0x41,0xe7,0x39,0xe6,0x52,0x68,0x5a,0x89,0x42,0x27,0x4a,0x27,0x62,0xca,0x5a,0xa9,0x5a,0xc9,0x73,0x6b,0x62,0xea,
    0x5a,0xa9,0x5a,0xa9,0x52,0x89,0x4a,0x48,0x4a,0x48,0x52,0x88,0x52,0x88,0x4a,0x48,0x5a,0xa9,0x4a,0x27,0x52,0x68,0x52,0x68,
    0x62,0xc9,0x4a,0x47,0x4a,0x27,0x4a,0x27,0x52,0x68,0x52,0x68,0x52,0x68,0x52,0x68,0x5a,0xa9,0x52,0x68,0x4a,0x27,0x42,0x06,
    0x4a,0x27,0x52,0x88,0x52,0x88,0x4a,0x47,0x4a,0x27,0x52,0x68,0x52,0x68,0x4a,0x48,0x52,0x68,0x4a,0x27,0x4a,0x27,0x4a,0x47,
    0x52,0x88,0x52,0x68,0x52,0x68,0x52,0x68,0x52,0x68,0x4a,0x27,0x4a,0x47,0x52,0x68,0x63,0x0a,0x62,0xc9,0x4a,0x27,0x4a,0x47,
    0x52,0x89,0x4a,0x47,0x62,0xea,0x5a,0xa9,0x62,0xea,0x52,0x68,0x5a,0xa9,0x42,0x07,0x42,0x27,0x52,0x68,0x5a,0xc9,0x5a,0x89,
    0x4a,0x47,0x4a,0x27,0x4a,0x48,0x62,0xea,0x5a,0xa9,0x52,0x88,0x4a,0x27,0x52,0x68,0x5a,0xa9,0x4a,0x48,0x52,0x68,0x4a,0x48,
    0x62,0xea,0x52,0x88,0x4a,0x48,0x4a,0x48,0x62,0xea,0x5a,0xa9,0x52,0x88,0x52,0x88,0x52,0x68,0x52,0x88,0x5a,0x89,0x5a,0xca,
    0x4a,0x27,0x42,0x07,0x62,0xea,0x6b,0x4b,0x4a,0x48,0x52,0x68,0x5a,0xc9,0x5a,0xa9,0x5a,0xa9,0x73,0x6c,0x5a,0x89,0x52,0x88,
    0x4a,0x27,0x42,0x07,0x42,0x07,0x42,0x07,0x5a,0xc9,0x4a,0x48,0x52,0x68,0x39,0xc6,0x52,0x89,0x52,0x68,0x52,0x68,0x4a,0x27,
    0x52,0x68,0x4a,0x48,0x52,0x68,0x52,0x68,0x42,0x07,0x29,0x65,0x4a,0x27,0x52,0x68,0x39,0xc6,0x41,0xe6,0x4a,0x27,0x52,0x68,
    0x41,0xe6,0x4a,0x27,0x4a,0x48,0x5a,0xa9,0x4a,0x48,0x52,0x88,0x5a,0xa9,0x4a,0x27,0x4a,0x47,0x52,0x89,0x4a,0x48,0x4a,0x27,
    0x62,0xea,0x52,0x89,0x4a,0x47,0x42,0x07,0x62,0xca,0x52,0x89,0x4a,0x48,0x4a,0x48,0x63,0x0a,0x5a,0xa9,0x4a,0x68,0x4a,0x47,
    0x4a,0x48,0x52,0x68,0x52,0x68,0x52,0x88,0x4a,0x48,0x52,0x88,0x4a,0x27,0x52,0x68,0x42,0x07,0x62,0xca,0x5a,0xc9,0x52,0x68,
    0x52,0x68,0x52,0x68,0x52,0x89,0x4a,0x48,0x52,0x68,0x5a,0x89,0x4a,0x27,0x4a,0x48,0x5a,0xa9,0x52,0x68,0x52,0x48,0x4a,0x27,
    0x52,0x88,0x52,0x88,0x4a,0x27,0x4a,0x47,0x5a,0xc9,0x52,0x88,0x52,0x68,0x52,0x48,0x52,0x68,0x52,0x68,0x4a,0x48,0x4a,0x27,
    0x4a,0x47,0x52,0x68,0x4a,0x27,0x41,0xe6,0x4a,0x27,0x4a,0x48,0x52,0x68,0x4a,0x48,0x4a,0x47,0x4a,0x27,0x4a,0x47,0x4a,0x27,
    0x42,0x07,0x42,0x27,0x4a,0x47,0x52,0x88,0x42,0x07,0x4a,0x27,0x4a,0x47,0x52,0x88,0x4a,0x27,0x4a,0x27,0x4a,0x27,0x52,0x68,
    0x4a,0x27,0x52,0x68,0x52,0x68,0x4a,0x48,0x52,0x68,0x4a,0x48,0x52,0x68,0x4a,0x27,0x4a,0x47,0x52,0x68,0x4a,0x48,0x4a,0x47,
    0x4a,0x27,0x52,0x68,0x42,0x07,0x52,0x68,0x52,0x48,0x52,0x68,0x42,0x07,0x4a,0x27,0x5a,0xa9,0x4a,0x27,0x42,0x07,0x42,0x07,
    0x52,0x68,0x4a,0x27,0x42,0x07,0x4a,0x27,0x52,0x48,0x52,0x68,0x4a,0x27,0x42,0x07,0x52,0x89,0x52,0x68,0x52,0x48,0x42,0x07,
    0x42,0x07,0x41,0xe6,0x42,0x07,0x4a,0x27,0x42,0x07,0x4a,0x27,0x4a,0x48,0x52,0x68,0x42,0x07,0x4a,0x27,0x52,0x89,0x5a,0xa9,
    0x5a,0xa9,0x6b,0x4b,0x52,0x89,0x62,0xea,0x39,0xa5,0x4a,0x48,0x52,0x68,0x52,0x88,0x41,0xe6,0x42,0x07,0x5a,0xa9,0x6b,0x2b,
    0x41,0xe6,0x4a,0x27,0x42,0x27,0x4a,0x48,0x39,0xe6,0x42,0x07,0x42,0x07,0x52,0x89,0x52,0x88,0x5a,0xa9,0x62,0xca,0x52,0x68,
    0x73,0x4b,0x62,0xca,0x73,0x6c,0x42,0x07,0x52,0x48,0x39,0xa5,0x6b,0x4b,0x83,0xee,0x4a,0x47,0x39,0xc6,0x4a,0x27,0x7b,0xcd,
    0x52,0x88,0x62,0xea,0x52,0x68,0x41,0xe6,0x6b,0x4b,0x7b,0xcd,0x73,0x6c,0x52,0x68,0x83,0xee,0x6b,0x2b,0x73,0x6c,0x5a,0xc9,
    0x7b,0xce,0x73,0x8d,0x7b,0x8d,0x52,0x68,0x5a,0xc9,0x4a,0x27,0x42,0x07,0x42,0x27,0x52,0x68,0x42,0x07,0x42,0x07,0x42,0x07,
    0x4a,0x27,0x4a,0x27,0x4a,0x48,0x4a,0x48,0x4a,0x47,0x4a,0x27,0x4a,0x27,0x42,0x07,0x42,0x07,0x42,0x07,0x52,0x68,0x62,0xc9,
    0x41,0xe6,0x4a,0x68,0x52,0x68,0x62,0xa8,0x39,0xe6,0x42,0x07,0x5a,0x88,0x6a,0xe9,0x41,0xe6,0x4a,0x48,0x52,0x89,0x5a,0xa9,
    0x52,0x47,0x5a,0x88,0x5a,0xc9,0x5a,0x89,0x52,0x88,0x5a,0xc9,0x52,0x68,0x4a,0x07,0x5a,0x88,0x62,0xc9,0x5a,0x88,0x52,0x68,
    0x5a,0x88,0x52,0x68,0x62,0xc9,0x5a,0xa8,0x4a,0x27,0x4a,0x27,0x52,0x68,0x52,0x68,0x4a,0x27,0x41,0xe6,0x4a,0x47,0x52,0x89,
    0x4a,0x47,0x4a,0x07,0x4a,0x27,0x4a,0x47,0x4a,0x68,0x4a,0x48,0x4a,0x27,0x4a,0x27,0x52,0x68,0x52,0x68,0x5a,0xa9,0x52,0x68,
    0x4a,0x27,0x52,0x88,0x52,0x68,0x52,0x68,0x4a,0x27,0x5a,0x89,0x5a,0xa9,0x5a,0xa9,0x42,0x07,0x5a,0xa9,0x5a,0xa9,0x52,0x68,
    0x4a,0x27,0x5a,0xa8,0x52,0x47,0x5a,0x88,0x52,0x68,0x73,0x6c,0x5a,0x88,0x62,0xc9,0x5a,0xa9,0x5a,0xc9,0x73,0x8d,0x73,0x6c,
    0x52,0x89,0x52,0x48,0x4a,0x48,0x63,0x0a,0x5a,0x88,0x42,0x07,0x4a,0x27,0x41,0xe6,0x5a,0x88,0x4a,0x47,0x41,0xe6,0x42,0x06,
    0x4a,0x47,0x4a,0x47,0x4a,0x47,0x4a,0x27,0x4a,0x48,0x4a,0x27,0x52,0x68,0x4a,0x47,0x41,0xe6,0x42,0x07,0x62,0xc9,0x62,0xe9,
    0x41,0xe6,0x52,0x68,0x52,0x68,0x4a,0x48,0x4a,0x27,0x52,0x68,0x52,0x88,0x5a,0xa9,0x5a,0xc9,0x52,0x47,0x42,0x06,0x42,0x07,
    0x5a,0x88,0x42,0x07,0x42,0x07,0x4a,0x27,0x4a,0x27,0x4a,0x48,0x4a,0x48,0x4a,0x27,0x52,0x88,0x52,0x68,0x4a,0x27,0x4a,0x27,
    0x42,0x07,0x5a,0xa9,0x4a,0x68,0x4a,0x07,0x42,0x27,0x4a,0x27,0x4a,0x27,0x52,0x89,0x4a,0x47,0x52,0x68,0x42,0x27,0x41,0xe6,
    0x4a,0x27,0x4a,0x27,0x52,0x48,0x4a,0x27,0x52,0x48,0x5a,0xc9,0x4a,0x27,0x4a,0x27,0x4a,0x27,0x4a,0x48,0x52,0x48,0x4a,0x48,
    0x41,0xe6,0x5a,0x89,0x52,0x88,0x5a,0xa9,0x52,0x68,0x52,0x68,0x52,0x68,0x4a,0x47,0x4a,0x27,0x52,0x88,0x4a,0x48,0x52,0x68,
    0x42,0x07,0x4a,0x27,0x4a,0x27,0x52,0x68,0x5a,0x89,0x52,0x68,0x4a,0x47,0x42,0x07,0x52,0x89,0x52,0x68,0x4a,0x27,0x4a,0x27,
    0x52,0x68,0x52,0x68,0x52,0x88,0x52,0x89,0x4a,0x47,0x4a,0x47,0x4a,0x48,0x4a,0x27,0x4a,0x27,0x4a,0x27,0x4a,0x27,0x4a,0x48,
    0x4a,0x27,0x4a,0x48,0x4a,0x48,0x4a,0x48,0x4a,0x27,0x52,0x68,0x4a,0x48,0x4a,0x27,0x4a,0x27,0x4a,0x27,0x4a,0x27,0x41,0xe6,
    0x4a,0x27,0x4a,0x48,0x42,0x07,0x42,0x27,0x42,0x07,0x4a,0x48,0x4a,0x28,0x4a,0x48,0x42,0x07,0x4a,0x27,0x4a,0x27,0x42,0x07,
    0x4a,0x48,0x4a,0x47,0x4a,0x48,0x42,0x07,0x42,0x07,0x4a,0x27,0x42,0x07,0x4a,0x27,0x4a,0x48,0x42,0x07,0x42,0x07,0x42,0x27,
    0x4a,0x47,0x4a,0x27,0x4a,0x48,0x42,0x07,0x4a,0x27,0x4a,0x48,0x42,0x27,0x4a,0x48,0x4a,0x48,0x42,0x27,0x4a,0x27,0x42,0x07,
    0x4a,0x27,0x4a,0x27,0x52,0x68,0x52,0x68,0x4a,0x27,0x52,0x68,0x4a,0x48,0x52,0x68,0x52,0x68,0x6b,0x2b,0x73,0x4b,0x4a,0x27,
    0x4a,0x27,0x52,0x68,0x52,0x88,0x4a,0x27,0x4a,0x27,0x41,0xe6,0x42,0x07,0x42,0x07,0x41,0xe6,0x4a,0x47,0x42,0x07,0x52,0x68,
    0x5a,0x68,0x52,0x47,0x5a,0x88,0x4a,0x07,0x52,0x68,0x4a,0x27,0x52,0x47,0x52,0x68,0x4a,0x48,0x52,0x68,0x52,0x88,0x4a,0x27,
    0x52,0x68,0x52,0x68,0x52,0x68,0x52,0x68,0x4a,0x27,0x4a,0x47,0x52,0x68,0x4a,0x27,0x4a,0x27,0x4a,0x27,0x4a,0x27,0x42,0x07,
    0x4a,0x47,0x4a,0x27,0x52,0x48,0x42,0x07,0x52,0x48,0x52,0x48,0x5a,0x89,0x5a,0xc9,0x4a,0x27,0x52,0x68,0x5a,0xa9,0x4a,0x48,
    0x4a,0x47,0x52,0x68,0x5a,0xc9,0x52,0x68,0x52,0x68,0x4a,0x27,0x4a,0x27,0x52,0x68,0x52,0x88,0x4a,0x27,0x52,0x48,0x52,0x68,
    0x52,0x68,0x5a,0xa9,0x5a,0xa9,0x62,0xea,0x4a,0x48,0x52,0x68,0x62,0xea,0x62,0xea,0x52,0x48,0x52,0x68,0x52,0x48,0x5a,0xa9,
    0x52,0x88,0x4a,0x48,0x4a,0x27,0x4a,0x47,0x62,0xc9,0x5a,0xa9,0x5a,0x88,0x5a,0x88,0x52,0x68,0x62,0xea,0x62,0xc9,0x62,0xc9,
    0x52,0x68,0x5a,0x88,0x62,0xc9,0x52,0x68,0x4a,0x07,0x4a,0x47,0x5a,0x88,0x62,0xc9,0x52,0x88,0x4a,0x48,0x4a,0x48,0x52,0x68,
    0x5a,0x89,0x62,0xea,0x5a,0xa9,0x52,0x68,0x5a,0x88,0x62,0xea,0x62,0xea,0x62,0xc9,0x5a,0x88,0x5a,0xa9,0x73,0x4b,0x6b,0x2a,
    0x5a,0x89,0x52,0x88,0x5a,0xa9,0x5a,0xa9,0x62,0xc9,0x5a,0xa9,0x5a,0xc9,0x52,0x68,0x63,0x0a,0x7b,0x8c,0x5a,0xc9,0x5a,0xa9,
    0x5a,0xa9,0x6b,0x2a,0x6b,0x2a,0x5a,0xa9,0x6b,0x2a,0x4a,0x48,0x4a,0x47,0x4a,0x48,0x52,0x68,0x52,0x68,0x4a,0x48,0x4a,0x47,
    0x42,0x07,0x52,0x68,0x42,0x07,0x4a,0x27,0x4a,0x48,0x42,0x27,0x52,0x68,0x4a,0x48,0x52,0x68,0x4a,0x48,0x4a,0x48,0x4a,0x47,
    0x42,0x07,0x42,0x27,0x42,0x07,0x4a,0x48,0x4a,0x48,0x42,0x07,0x42,0x07,0x52,0x68,0x4a,0x48,0x4a,0x48,0x4a,0x27,0x4a,0x48,
    0x52,0x48,0x52,0x88,0x52,0x88,0x5a,0x89,0x4a,0x27,0x4a,0x47,0x6b,0x0a,0x5a,0x88,0x4a,0x27,0x52,0x48,0x5a,0x89,0x5a,0x89,
    0x52,0x68,0x5a,0xa9,0x5a,0xa9,0x4a,0x48,0x5a,0xa9,0x4a,0x48,0x4a,0x27,0x42,0x07,0x6b,0x0a,0x52,0x89,0x52,0x68,0x52,0x89,
    0x63,0x0a,0x5a,0xa9,0x52,0x68,0x5a,0x89,0x52,0x68,0x4a,0x48,0x5a,0xa9,0x4a,0x48,0x4a,0x27,0x62,0xc9,0x62,0xea,0x52,0x68,
    0x5a,0xa9,0x4a,0x27,0x52,0x68,0x62,0xea,0x52,0x89,0x4a,0x48,0x52,0x68,0x4a,0x48,0x4a,0x68,0x52,0x68,0x42,0x27,0x52,0x68,
    0x42,0x07,0x42,0x07,0x4a,0x27,0x42,0x07,0x52,0x68,0x4a,0x48,0x52,0x68,0x4a,0x07,0x52,0x88,0x52,0x88,0x52,0x68,0x52,0x88,
    0x42,0x07,0x4a,0x27,0x5a,0x88,0x52,0x68,0x42,0x07,0x42,0x27,0x4a,0x47,0x42,0x07,0x5a,0xa9,0x4a,0x27,0x52,0x68,0x5a,0x89,
    0x52,0x88,0x42,0x07,0x52,0x48,0x52,0x88,0x4a,0x48,0x52,0x88,0x52,0x88,0x42,0x07,0x41,0xe6,0x4a,0x47,0x52,0x68,0x52,0x68,
    0x4a,0x27,0x4a,0x47,0x4a,0x27,0x4a,0x47,0x4a,0x48,0x52,0x88,0x4a,0x07,0x42,0x07,0x52,0x68,0x4a,0x47,0x42,0x07,0x42,0x06,
    0x4a,0x06,0x5a,0x88,0x4a,0x47,0x4a,0x27,0x4a,0x47,0x52,0x68,0x52,0x68,0x52,0x47,0x4a,0x27,0x4a,0x47,0x52,0x68,0x4a,0x27,
    0x4a,0x27,0x52,0x88,0x52,0x68,0x4a,0x27,0x52,0x68,0x52,0x48,0x52,0x68,0x52,0x47,0x52,0x68,0x52,0x68,0x52,0x67,0x52,0x67,
    0x4a,0x27,0x52,0x68,0x62,0xc9,0x42,0x06,0x52,0x88,0x4a,0x27,0x4a,0x47,0x4a,0x27,0x4a,0x47,0x4a,0x47,0x52,0x68,0x4a,0x47,
    0x42,0x06,0x42,0x06,0x39,0xc6,0x39,0xc6,0x42,0x06,0x42,0x06,0x41,0xe6,0x4a,0x07,0x41,0xe6,0x41,0xe6,0x42,0x07,0x5a,0xa9,
    0x73,0x4b,0x62,0xca,0x4a,0x27,0x52,0x68,0x5a,0xa8,0x63,0x0a,0x52,0x88,0x52,0x88,0x5a,0x88,0x6b,0x4b,0x4a,0x27,0x52,0x88,
    0x4a,0x27,0x42,0x06,0x4a,0x27,0x62,0xc9,0x52,0x68,0x4a,0x27,0x5a,0xa9,0x6b,0x2b,0x52,0x88,0x52,0x68,0x4a,0x48,0x6b,0x0b,
    0x42,0x07,0x4a,0x47,0x4a,0x27,0x52,0x89,0x5a,0xa9,0x4a,0x27,0x4a,0x27,0x52,0x68,0x5a,0xa9,0x52,0x88,0x4a,0x27,0x4a,0x27,
    0x5a,0x88,0x7b,0x6c,0x5a,0xc9,0x42,0x07,0x6b,0x0a,0x73,0x6c,0x5a,0xca,0x39,0xc6,0x5a,0xc9,0x5a,0x88,0x63,0x0a,0x52,0x68,
    0x5a,0xc9,0x5a,0xca,0x5a,0xa9,0x5a,0x89,0x52,0x89,0x5a,0xc9,0x4a,0x48,0x4a,0x47,0x42,0x27,0x5a,0xa9,0x52,0x88,0x52,0x89,
    0x4a,0x48,0x5a,0xa9,0x6b,0x0a,0x6b,0x0a,0x52,0x88,0x52,0x48,0x52,0x88,0x5a,0xc9,0x52,0x68,0x5a,0x89,0x52,0x89,0x52,0x68,
    0x42,0x07,0x39,0xc6,0x4a,0x48,0x52,0x68,0x83,0xee,0x39,0xc6,0x39,0xc6,0x4a,0x27,0x5a,0xa9,0x52,0x68,0x42,0x07,0x4a,0x47,
    0x52,0x88,0x52,0x48,0x4a,0x48,0x52,0x88,0x52,0x89,0x52,0x68,0x52,0x68,0x5a,0xa9,0x52,0x68,0x5a,0xa9,0x52,0x68,0x62,0xc9,
    0x5a,0x88,0x52,0x68,0x5a,0xa9,0x52,0x68,0x52,0x68,0x52,0x68,0x52,0x88,0x52,0x88,0x5a,0xc9,0x5a,0x89,0x5a,0xa9,0x5a,0xa9,
    0x5a,0xa9,0x4a,0x68,0x5a,0xa9,0x63,0x0a,0x4a,0x48,0x52,0x68,0x52,0x68,0x52,0x68,0x4a,0x47,0x52,0x48,0x62,0xca,0x52,0x88,
    0x52,0x88,0x5a,0x88,0x52,0x68,0x5a,0xa9,0x52,0x68,0x62,0xc9,0x52,0x88,0x4a,0x48,0x5a,0x89,0x5a,0x89,0x62,0xc9,0x5a,0xa9,
    0x4a,0x27,0x4a,0x48,0x5a,0xa9,0x52,0x68,0x52,0x68,0x4a,0x47,0x4a,0x47,0x52,0x68,0x52,0x68,0x52,0x88,0x52,0x88,0x52,0x88,
    0x5a,0xa9,0x5a,0xa9,0x62,0xea,0x62,0xea,0x52,0x48,0x62,0xc9,0x5a,0xc9,0x52,0x88,0x52,0x68,0x52,0x88,0x5a,0xa9,0x5a,0xa9,
    0x52,0x68,0x4a,0x47,0x4a,0x47,0x52,0x68,0x73,0x4b,0x6b,0x0a,0x4a,0x47,0x4a,0x47,0x5a,0xa9,0x5a,0xa9,0x41,0xe6,0x39,0xc6,
    0x52,0x68,0x52,0x68,0x5a,0xa9,0x4a,0x47,0x5a,0xa9,0x52,0x68,0x52,0x68,0x5a,0x89,0x52,0x68,0x62,0xc9,0x52,0x68,0x63,0x0a,
    0x4a,0x27,0x5a,0xa9,0x6b,0x0a,0x6b,0x0a,0x52,0x68,0x62,0xea,0x62,0xea,0x52,0x48,0x5a,0xa9,0x4a,0x27,0x6b,0x0a,0x5a,0xa9,
    0x73,0x4b,0x5a,0xa9,0x5a,0xc9,0x62,0xea,0x5a,0xc9,0x52,0x88,0x5a,0x89,0x62,0xc9,0x52,0x68,0x62,0xc9,0x5a,0x89,0x62,0xea,
    0x52,0x68,0x5a,0xa9,0x5a,0x89,0x6b,0x0b,0x52,0x68,0x52,0x68,0x4a,0x27,0x52,0x68,0x5a,0xa9,0x62,0xea,0x52,0x68,0x52,0x89,
    0x5a,0xa9,0x52,0x89,0x62,0xea,0x5a,0xa9,0x63,0x0a,0x4a,0x48,0x4a,0x47,0x52,0x48,0x5a,0xc9,0x6b,0x0a,0x5a,0xc9,0x6b,0x2b,
    0x52,0x89,0x5a,0xc9,0x5a,0xc9,0x5a,0xa9,0x52,0x68,0x4a,0x27,0x4a,0x48,0x39,0xc6,0x52,0x68,0x42,0x07,0x4a,0x47,0x52,0x48,
    0x6b,0x2b,0x7b,0xcd,0x4a,0x48,0x42,0x07,0x5a,0xa9,0x5a,0xc9,0x52,0x68,0x5a,0xa9,0x39,0xc6,0x39,0xe6,0x4a,0x27,0x5a,0xa9,
    0x52,0x68,0x4a,0x48,0x4a,0x27,0x5a,0x88,0x4a,0x27,0x4a,0x48,0x42,0x07,0x4a,0x27,0x52,0x89,0x4a,0x27,0x42,0x07,0x4a,0x48,
    0x52,0x88,0x4a,0x47,0x52,0x88,0x4a,0x48,0x62,0xea,0x63,0x0a,0x5a,0xa9,0x52,0x88,0x4a,0x48,0x5a,0xc9,0x62,0xea,0x5a,0xa9,
    0x4a,0x48,0x5a,0xc9,0x5a,0xa9,0x5a,0xa9,0x52,0x88,0x62,0xc9,0x5a,0xc9,0x52,0x68,0x5a,0x89,0x5a,0xa9,0x52,0x88,0x52,0x68,
    0x52,0x68,0x42,0x07,0x52,0x68,0x4a,0x47,0x4a,0x48,0x4a,0x27,0x5a,0xa9,0x62,0xca,0x4a,0x68,0x4a,0x48,0x52,0x68,0x5a,0xc9,
    0x4a,0x48,0x52,0x89,0x52,0x68,0x4a,0x48,0x4a,0x47,0x52,0x68,0x52,0x68,0x4a,0x48,0x52,0x68,0x52,0x68,0x4a,0x27,0x4a,0x47,
    0x5a,0xa9,0x4a,0x48,0x4a,0x48,0x4a,0x48,0x52,0x68,0x4a,0x48,0x4a,0x48,0x52,0x88,0x52,0x68,0x4a,0x48,0x5a,0xa9,0x52,0x89,
    0x52,0x48,0x52,0x68,0x5a,0xa9,0x52,0x89,0x4a,0x68,0x4a,0x27,0x5a,0xc9,0x73,0x6c,0x52,0x68,0x4a,0x48,0x4a,0x48,0x5a,0xa9,
    0x4a,0x27,0x4a,0x48,0x4a,0x27,0x42,0x07,0x4a,0x27,0x4a,0x47,0x42,0x06,0x41,0xe6,0x4a,0x48,0x39,0xe6,0x41,0xe6,0x4a,0x27,
    0x52,0x68,0x4a,0x27,0x42,0x06,0x4a,0x27,0x42,0x27,0x4a,0x27,0x4a,0x27,0x4a,0x48,0x4a,0x48,0x4a,0x27,0x52,0x68,0x5a,0x89,
    0x4a,0x47,0x52,0x68,0x5a,0xa9,0x52,0x68,0x52,0x68,0x52,0x68,0x52,0x88,0x52,0x88,0x52,0x68,0x4a,0x48,0x4a,0x27,0x4a,0x47,
    0x5a,0x88,0x52,0x68,0x52,0x68,0x5a,0x88,0x4a,0x27,0x5a,0x89,0x5a,0xc9,0x5a,0xc9,0x5a,0xa9,0x5a,0xa9,0x52,0x68,0x5a,0x89,
    0x5a,0xa9,0x4a,0x48,0x52,0x68,0x52,0x68,0x5a,0xa9,0x52,0x88,0x52,0x68,0x52,0x68,0x52,0x89,0x52,0x89,0x52,0x89,0x4a,0x47,
    0x52,0x68,0x52,0x68,0x4a,0x27,0x52,0x68,0x6b,0x0a,0x52,0x68,0x5a,0xa9,0x5a,0xc9,0x4a,0x27,0x4a,0x27,0x5a,0xa9,0x4a,0x47,
    0x4a,0x47,0x5a,0xa9,0x5a,0xc9,0x52,0x68,0x5a,0xc9,0x4a,0x27,0x5a,0xc9,0x5a,0xa9,0x4a,0x27,0x4a,0x27,0x4a,0x27,0x4a,0x07,
    0x4a,0x27,0x4a,0x27,0x52,0x68,0x5a,0xa9,0x4a,0x27,0x4a,0x48,0x52,0x89,0x6b,0x0b,0x4a,0x27,0x4a,0x48,0x52,0x68,0x4a,0x27,
    0x42,0x07,0x4a,0x27,0x5a,0xc9,0x63,0x0a,0x4a,0x27,0x4a,0x48,0x52,0x68,0x52,0x68,0x4a,0x27,0x42,0x07,0x4a,0x27,0x52,0x68,
    0x41,0xe6,0x29,0x65,0x52,0x88,0x62,0xea,0x6b,0x2b,0x62,0xea,0x5a,0xa9,0x4a,0x27,0x52,0x48,0x5a,0xa9,0x52,0x88,0x52,0x68,
    0x4a,0x27,0x5a,0x89,0x52,0x88,0x4a,0x27,0x42,0x07,0x4a,0x68,0x5a,0xa9,0x4a,0x48,0x5a,0xa9,0x42,0x07,0x42,0x07,0x4a,0x48,
    0x62,0xea,0x52,0x89,0x52,0x68,0x52,0x68,0x52,0x68,0x5a,0xc9,0x5a,0xa9,0x4a,0x48,0x4a,0x27,0x62,0xca,0x4a,0x47,0x4a,0x68,
    0x4a,0x68,0x4a,0x28,0x52,0x68,0x4a,0x27,0x4a,0x48,0x52,0x68,0x4a,0x27,0x4a,0x27,0x4a,0x07,0x62,0xea,0x4a,0x47,0x4a,0x48,
    0x52,0x68,0x52,0x67,0x62,0xc9,0x4a,0x48,0x5a,0xa9,0x5a,0x88,0x5a,0x88,0x5a,0xa9,0x4a,0x48,0x4a,0x48,0x5a,0xa9,0x52,0x88,
    0x42,0x07,0x52,0x89,0x5a,0xa9,0x4a,0x48,0x39,0xe6,0x5a,0xa9,0x52,0x68,0x42,0x07,0x52,0x68,0x4a,0x48,0x4a,0x48,0x4a,0x27,
    0x52,0x89,0x52,0x68,0x52,0x68,0x52,0x88,0x4a,0x27,0x52,0x68,0x5a,0xa9,0x52,0x68,0x52,0x68,0x52,0x68,0x4a,0x27,0x52,0x88,
    0x4a,0x48,0x52,0x68,0x4a,0x27,0x52,0x68,0x4a,0x48,0x4a,0x48,0x4a,0x48,0x5a,0xc9,0x63,0x0a,0x52,0x68,0x5a,0x89,0x5a,0xa9,
    0x5a,0x88,0x52,0x47,0x62,0xc9,0x52,0x68,0x5a,0x89,0x52,0x88,0x52,0x48,0x41,0xe6,0x4a,0x27,0x52,0x68,0x4a,0x47,0x42,0x06,
    0x52,0x68,0x52,0x68,0x41,0xe6,0x42,0x07,0x62,0xea,0x4a,0x27,0x41,0xe6,0x4a,0x27,0x42,0x06,0x42,0x07,0x42,0x07,0x52,0x68,
    0x39,0xc6,0x39,0xe6,0x42,0x07,0x4a,0x47,0x42,0x07,0x4a,0x27,0x42,0x07,0x42,0x07,0x4a,0x47,0x4a,0x07,0x4a,0x27,0x42,0x07,
    0x62,0xea,0x6b,0x0a,0x4a,0x26,0x4a,0x27,0x52,0x68,0x62,0xc9,0x6b,0x0a,0x52,0x67,0x52,0x68,0x4a,0x48,0x62,0xea,0x5a,0xa9,
    0x4a,0x27,0x52,0x68,0x4a,0x27,0x62,0xc9,0x4a,0x48,0x4a,0x47,0x5a,0xa9,0x4a,0x48,0x52,0x48,0x42,0x06,0x4a,0x48,0x5a,0xa9,
    0x52,0x67,0x39,0xa5,0x52,0x47,0x5a,0xa8,0x5a,0xa9,0x4a,0x07,0x42,0x06,0x52,0x67,0x4a,0x27,0x5a,0xa9,0x4a,0x27,0x4a,0x27,
    0x4a,0x47,0x5a,0x89,0x52,0x48,0x4a,0x47,0x5a,0x88,0x4a,0x07,0x52,0x68,0x5a,0xa9,0x52,0x88,0x52,0x68,0x5a,0xa9,0x6b,0x2a,
    0x42,0x07,0x4a,0x27,0x4a,0x27,0x52,0x68,0x4a,0x27,0x52,0x68,0x42,0x07,0x4a,0x27,0x4a,0x27,0x4a,0x27,0x52,0x88,0x42,0x07,
    0x5a,0x88,0x5a,0xa9,0x52,0x47,0x4a,0x47,0x4a,0x47,0x62,0xea,0x62,0xc9,0x52,0x88,0x4a,0x27,0x4a,0x48,0x52,0x68,0x52,0x68,
    0x5a,0xa9,0x4a,0x48,0x4a,0x48,0x52,0x68,0x52,0x68,0x39,0xc6,0x4a,0x27,0x5a,0xc9,0x41,0xe7,0x4a,0x27,0x4a,0x27,0x42,0x07,
    0x4a,0x48,0x52,0x68,0x4a,0x48,0x4a,0x27,0x52,0x89,0x5a,0xa9,0x52,0x68,0x4a,0x27,0x4a,0x48,0x4a,0x48,0x52,0x68,0x52,0x68,
    0x4a,0x07,0x4a,0x48,0x4a,0x27,0x4a,0x27,0x4a,0x47,0x4a,0x27,0x4a,0x27,0x4a,0x07,0x4a,0x48,0x4a,0x48,0x42,0x07,0x4a,0x27,
    0x52,0x68,0x5a,0xa9,0x52,0x68,0x52,0x68,0x5a,0x89,0x4a,0x48,0x4a,0x48,0x4a,0x27,0x4a,0x48,0x52,0x68,0x4a,0x27,0x42,0x07,
    0x4a,0x27,0x4a,0x07,0x4a,0x48,0x4a,0x27,0x4a,0x27,0x4a,0x27,0x52,0x48,0x52,0x68,0x4a,0x47,0x52,0x88,0x6b,0x0a,0x52,0x89,
    0x4a,0x48,0x52,0x89,0x5a,0xc9,0x6b,0x2b,0x52,0x48,0x52,0x88,0x4a,0x48,0x5a,0xa9,0x4a,0x47,0x4a,0x48,0x42,0x07,0x4a,0x27,
    0x4a,0x27,0x4a,0x27,0x4a,0x48,0x52,0x68,0x4a,0x27,0x41,0xe6,0x4a,0x27,0x42,0x07,0x4a,0x48,0x42,0x07,0x4a,0x27,0x4a,0x27,
    0x4a,0x27,0x4a,0x48,0x4a,0x48,0x52,0x89,0x4a,0x48,0x41,0xe6,0x52,0x68,0x52,0x68,0x39,0xe6,0x4a,0x48,0x52,0x88,0x4a,0x48,
    0x41,0xe7,0x4a,0x48,0x42,0x07,0x5a,0x88,0x52,0x68,0x4a,0x27,0x4a,0x48,0x6b,0x0a,0x4a,0x27,0x52,0x68,0x4a,0x47,0x52,0x88,
    0x52,0x88,0x62,0xea,0x62,0xc9,0x5a,0xa9,0x62,0xe9,0x6b,0x09,0x62,0xc9,0x6b,0x0a,0x5a,0xa8,0x52,0x67,0x62,0xc9,0x73,0x6c,
    0x4a,0x27,0x52,0x68,0x52,0x68,0x52,0x68,0x52,0x68,0x62,0xea,0x5a,0xa9,0x52,0x68,0x5a,0xc9,0x5a,0xa9,0x52,0x88,0x62,0xca,
    0x62,0xc9,0x52,0x48,0x5a,0x88,0x5a,0xc9,0x4a,0x47,0x4a,0x48,0x52,0x68,0x41,0xe6,0x4a,0x27,0x42,0x07,0x4a,0x27,0x4a,0x48,
    0x4a,0x47,0x41,0xe6,0x4a,0x07,0x4a,0x27,0x5a,0xa8,0x52,0x68,0x4a,0x27,0x4a,0x27,0x41,0xe6,0x42,0x07,0x52,0x68,0x63,0x0a,
    0x39,0xc6,0x42,0x27,0x5a,0x88,0x62,0xc9,0x52,0x68,0x42,0x07,0x52,0x47,0x62,0xc8,0x52,0x68,0x4a,0x27,0x52,0x47,0x62,0xa9,
    0x62,0xc9,0x5a,0x88,0x6b,0x0a,0x5a,0x88,0x62,0xc9,0x52,0x88,0x6b,0x2b,0x52,0x68,0x52,0x68,0x52,0x68,0x52,0x68,0x6b,0x0a,
    0x52,0x68,0x4a,0x27,0x4a,0x27,0x62,0xc9,0x4a,0x47,0x63,0x0a,0x6b,0x2b,0x62,0xea,0x6b,0x2a,0x5a,0xa9,0x52,0x68,0x52,0x88,
    0x6b,0x0a,0x5a,0xa9,0x52,0x88,0x5a,0x89,0x5a,0xa9,0x6b,0x2b,0x62,0xc9,0x52,0x68,0x52,0x48,0x4a,0x27,0x4a,0x48,0x52,0x68,
    0x4a,0x27,0x4a,0x27,0x4a,0x47,0x4a,0x48,0x52,0x68,0x4a,0x27,0x52,0x88,0x52,0x48,0x52,0x88,0x52,0x48,0x5a,0x88,0x4a,0x48,
    0x52,0x68,0x4a,0x48,0x4a,0x27,0x4a,0x47,0x4a,0x48,0x4a,0x48,0x4a,0x27,0x4a,0x48,0x42,0x27,0x5a,0xa9,0x4a,0x48,0x4a,0x48,
    0x4a,0x27,0x52,0x68,0x4a,0x48,0x4a,0x48,0x52,0x68,0x52,0x88,0x5a,0x89,0x5a,0xa9,0x52,0x68,0x52,0x68,0x5a,0xa9,0x62,0xea,
    0x4a,0x27,0x52,0x68,0x5a,0xa9,0x5a,0xc9,0x52,0x68,0x52,0x68,0x4a,0x48,0x52,0x68,0x5a,0xa9,0x52,0x89,0x52,0x88,0x52,0x68,
    0x62,0xca,0x62,0xea,0x6b,0x2b,0x52,0x48,0x42,0x07,0x5a,0xa9,0x62,0xca,0x4a,0x27,0x52,0x68,0x42,0x07,0x42,0x07,0x52,0x68,
    0x4a,0x48,0x4a,0x48,0x4a,0x27,0x4a,0x48,0x4a,0x48,0x4a,0x27,0x41,0xe7,0x42,0x27,0x4a,0x48,0x52,0x68,0x42,0x07,0x42,0x07,
    0x4a,0x48,0x52,0x68,0x4a,0x27,0x4a,0x48,0x4a,0x48,0x4a,0x27,0x52,0x68,0x62,0xea,0x4a,0x27,0x42,0x27,0x42,0x07,0x52,0x68,
    0x5a,0xa9,0x4a,0x27,0x29,0x44,0x41,0xe6,0x5a,0xca,0x5a,0xa9,0x42,0x07,0x4a,0x47,0x52,0x68,0x39,0xc6,0x52,0x88,0x52,0x68,
    0x52,0x48,0x41,0xe6,0x4a,0x47,0x52,0x68,0x5a,0xa9,0x52,0x68,0x52,0x88,0x5a,0xa9,0x62,0xca,0x5a,0xa9,0x5a,0x88,0x5a,0x88,
    0x5a,0x88,0x4a,0x48,0x42,0x07,0x4a,0x27,0x6b,0x0a,0x52,0x68,0x4a,0x48,0x5a,0xa9,0x62,0xea,0x5a,0xa9,0x52,0x88,0x6b,0x2b,
    0x5a,0xa9,0x52,0x48,0x4a,0x27,0x6b,0x0a,0x42,0x07,0x42,0x07,0x52,0x68,0x4a,0x47,0x52,0x88,0x4a,0x27,0x4a,0x47,0x42,0x06,
    0x5a,0xa9,0x52,0x68,0x52,0x68,0x52,0x47,0x5a,0x88,0x4a,0x27,0x4a,0x27,0x42,0x06,0x42,0x07,0x41,0xe6,0x4a,0x48,0x4a,0x27,
    0x41,0xe6,0x41,0xe6,0x4a,0x48,0x4a,0x27,0x52,0x68,0x41,0xe6,0x39,0xc6,0x42,0x07,0x5a,0x89,0x4a,0x27,0x52,0x68,0x42,0x27,
    0x4a,0x47,0x42,0x07,0x4a,0x48,0x5a,0xa9,0x52,0x88,0x52,0x88,0x4a,0x27,0x4a,0x47,0x52,0x48,0x6b,0x0a,0x5a,0xa9,0x42,0x07,
    0x4a,0x27,0x5a,0xa9,0x63,0x0a,0x4a,0x27,0x42,0x07,0x4a,0x27,0x4a,0x47,0x52,0x68,0x4a,0x27,0x5a,0xa9,0x4a,0x48,0x4a,0x27,
    0x41,0xe6,0x52,0x89,0x52,0x68,0x4a,0x27,0x42,0x07,0x5a,0xa9,0x5a,0xa9,0x4a,0x27,0x62,0xc9,0x4a,0x48,0x52,0x68,0x52,0x68,
    0x4a,0x48,0x41,0xe6,0x4a,0x27,0x4a,0x48,0x4a,0x27,0x4a,0x48,0x4a,0x27,0x4a,0x27,0x4a,0x48,0x4a,0x27,0x42,0x07,0x4a,0x27,
    0x52,0x68,0x52,0x68,0x52,0x88,0x5a,0x88,0x5a,0xa9,0x5a,0xa9,0x52,0x68,0x4a,0x48,0x52,0x68,0x52,0x68,0x52,0x68,0x5a,0xa9,
    0x52,0x68,0x52,0x88,0x52,0x88,0x52,0x68,0x52,0x88,0x5a,0xa9,0x7b,0xac,0x5a,0xa9,0x4a,0x48,0x4a,0x47,0x62,0xc9,0x62,0xea,
    0x5a,0xa9,0x52,0x88,0x5a,0xa9,0x52,0x88,0x62,0xc9,0x5a,0xa9,0x5a,0xa9,0x52,0x48,0x8b,0xed,0x62,0xea,0x39,0xa6,0x31,0xa5,
    0x62,0xea,0x62,0xea,0x42,0x07,0x41,0xe6,0x5a,0xa9,0x6b,0x0a,0x5a,0xc9,0x5a,0xa9,0x52,0x68,0x52,0x88,0x62,0xea,0x62,0xea,
    0x52,0x68,0x62,0xea,0x62,0xc9,0x4a,0x47,0x5a,0xc9,0x5a,0xc9,0x52,0x68,0x5a,0xa9,0x73,0x6c,0x6b,0x4b,0x62,0xea,0x62,0xc9,
    0x62,0xea,0x83,0xcd,0x6b,0x2b,0x4a,0x48,0x4a,0x27,0x52,0x88,0x5a,0xc9,0x5a,0x89,0x5a,0xa9,0x5a,0xa9,0x52,0x48,0x52,0x68,
    0x5a,0x89,0x5a,0xa9,0x52,0x68,0x4a,0x27,0x5a,0x89,0x52,0x68,0x52,0x68,0x4a,0x27,0x4a,0x27,0x5a,0xa9,0x4a,0x48,0x4a,0x27,
    0x52,0x68,0x4a,0x48,0x4a,0x27,0x4a,0x47,0x52,0x48,0x52,0x68,0x5a,0xa9,0x62,0xea,0x52,0x68,0x52,0x88,0x5a,0x89,0x52,0x89,
    0x52,0x48,0x52,0x88,0x52,0x68,0x52,0x68,0x52,0x68,0x52,0x89,0x5a,0xa9,0x5a,0xa9,0x5a,0xa9,0x52,0x88,0x5a,0xa9,0x52,0x88,
    0x5a,0xa9,0x4a,0x47,0x4a,0x27,0x4a,0x47,0x4a,0x27,0x52,0x68,0x62,0xea,0x52,0x88,0x52,0x88,0x4a,0x48,0x5a,0xc9,0x5a,0xa9,
    0x52,0x88,0x52,0x88,0x5a,0xa9,0x5a,0xa9,0x5a,0xc9,0x5a,0xa9,0x5a,0xa9,0x4a,0x48,0x5a,0xa9,0x52,0x68,0x4a,0x47,0x5a,0x89,
    0x4a,0x27,0x52,0x88,0x5a,0xa9,0x5a,0xa9,0x42,0x27,0x52,0x68,0x5a,0xa9,0x5a,0xc9,0x4a,0x27,0x4a,0x47,0x52,0x88,0x52,0x88,
    0x52,0x68,0x4a,0x27,0x5a,0xa9,0x5a,0xa9,0x5a,0x89,0x5a,0xc9,0x62,0xc9,0x42,0x07,0x52,0x68,0x4a,0x48,0x52,0x88,0x52,0x48,
    0x62,0xea,0x5a,0xa9,0x52,0x68,0x52,0x88,0x52,0x68,0x62,0xea,0x62,0xc9,0x5a,0xc9,0x42,0x07,0x52,0x68,0x5a,0xc9,0x5a,0xc9,
    0x41,0xe6,0x4a,0x48,0x4a,0x48,0x52,0x68,0x42,0x07,0x5a,0xa9,0x4a,0x27,0x4a,0x48,0x52,0x88,0x52,0x88,0x52,0x68,0x5a,0x89,
    0x6b,0x2b,0x6b,0x2b,0x5a,0xa9,0x5a,0xc9,0x62,0xea,0x5a,0xa9,0x62,0xea,0x6b,0x0a,0x5a,0xa9,0x5a,0xa9,0x62,0xea,0x42,0x07,
    0x4a,0x48,0x52,0x68,0x5a,0x89,0x52,0x88,0x52,0x89,0x4a,0x48,0x4a,0x48,0x4a,0x27,0x4a,0x27,0x4a,0x48,0x5a,0xa9,0x52,0x89,
    0x52,0x89,0x6b,0x2b,0x52,0x89,0x4a,0x27,0x4a,0x48,0x4a,0x27,0x4a,0x27,0x41,0xe6,0x4a,0x27,0x52,0x68,0x52,0x88,0x52,0x68,
    0x4a,0x48,0x52,0x68,0x4a,0x48,0x62,0xca,0x41,0xe6,0x4a,0x48,0x4a,0x27,0x52,0x48,0x5a,0xa9,0x6b,0x0a,0x6b,0x0a,0x62,0xea,
    0x52,0x68,0x4a,0x48,0x5a,0xa9,0x5a,0xc9,0x52,0x88,0x4a,0x27,0x4a,0x48,0x4a,0x48,0x52,0x68,0x52,0x68,0x52,0x48,0x5a,0x89,
    0x52,0x88,0x52,0x68,0x52,0x68,0x4a,0x48,0x4a,0x48,0x52,0x68,0x52,0x89,0x52,0x89,0x5a,0xc9,0x52,0x89,0x52,0x68,0x5a,0xa9,
    0x6b,0x0a,0x52,0x89,0x52,0x89,0x52,0x88,0x5a,0xa9,0x5a,0xa9,0x52,0x68,0x52,0x68,0x5a,0xa9,0x52,0x68,0x52,0x89,0x4a,0x27,
    0x5a,0xa9,0x62,0xca,0x52,0x88,0x52,0x68,0x52,0x88,0x5a,0xa9,0x52,0x68,0x52,0x48,0x52,0x48,0x4a,0x27,0x42,0x07,0x52,0x68,
    0x4a,0x48,0x52,0x68,0x4a,0x48,0x52,0x89,0x52,0x68,0x52,0x88,0x52,0x68,0x52,0x89,0x5a,0xc9,0x52,0x89,0x52,0x48,0x52,0x68,
    0x4a,0x27,0x4a,0x27,0x52,0x68,0x4a,0x68,0x4a,0x27,0x52,0x68,0x5a,0xa9,0x52,0x68,0x4a,0x27,0x5a,0xc9,0x4a,0x48,0x4a,0x48,
    0x5a,0xa9,0x4a,0x48,0x4a,0x27,0x4a,0x48,0x52,0x68,0x42,0x07,0x42,0x07,0x52,0x68,0x4a,0x68,0x41,0xe6,0x41,0xe6,0x52,0x68,
    0x4a,0x48,0x52,0x68,0x4a,0x48,0x4a,0x48,0x4a,0x27,0x5a,0x89,0x4a,0x48,0x4a,0x48,0x52,0x68,0x52,0x68,0x4a,0x47,0x5a,0x89,
    0x52,0x88,0x5a,0xa9,0x5a,0xa9,0x52,0x88,0x52,0x68,0x52,0x68,0x52,0x89,0x4a,0x48,0x4a,0x48,0x4a,0x27,0x4a,0x48,0x52,0x89,
    0x5a,0x89,0x62,0xc9,0x5a,0xa9,0x5a,0x89,0x52,0x68,0x5a,0xc9,0x62,0xea,0x62,0xea,0x52,0x88,0x62,0xea,0x6b,0x2a,0x52,0x68,
    0x52,0x88,0x52,0x88,0x6b,0x2a,0x5a,0xc9,0x4a,0x48,0x52,0x88,0x4a,0x47,0x52,0x68,0x52,0x88,0x52,0x68,0x4a,0x27,0x5a,0x89,
    0x4a,0x48,0x52,0x88,0x4a,0x47,0x4a,0x47,0x52,0x88,0x5a,0xca,0x62,0xea,0x52,0x68,0x62,0xea,0x4a,0x27,0x4a,0x47,0x62,0xca,
    0x7b,0x6c,0x52,0x48,0x42,0x07,0x4a,0x07,0x62,0xea,0x62,0xea,0x62,0xea,0x52,0x68,0x4a,0x48,0x5a,0xc9,0x4a,0x48,0x4a,0x47,
    0x52,0x68,0x4a,0x27,0x4a,0x27,0x4a,0x27,0x4a,0x27,0x42,0x07,0x4a,0x27,0x4a,0x27,0x52,0x48,0x4a,0x48,0x4a,0x47,0x4a,0x27,
    0x52,0x68,0x62,0xc9,0x62,0xc9,0x4a,0x48,0x42,0x07,0x52,0x88,0x62,0xea,0x5a,0x89,0x42,0x27,0x62,0xea,0x52,0x89,0x62,0xea,
    0x42,0x07,0x4a,0x47,0x62,0xea,0x5a,0xa9,0x52,0x88,0x4a,0x27,0x39,0xc6,0x42,0x07,0x52,0x68,0x52,0x68,0x5a,0xa9,0x52,0x68,
    0x62,0xe9,0x52,0x68,0x5a,0xca,0x4a,0x27,0x52,0x68,0x4a,0x47,0x62,0xc9,0x52,0x89,0x4a,0x48,0x52,0x68,0x52,0x68,0x5a,0xa9,
    0x52,0x68,0x5a,0xa9,0x42,0x07,0x52,0x68,0x42,0x07,0x4a,0x27,0x42,0x07,0x4a,0x48,0x4a,0x27,0x42,0x07,0x52,0x48,0x52,0x68,
    0x4a,0x48,0x52,0x88,0x52,0x88,0x4a,0x27,0x52,0x88,0x5a,0x88,0x62,0xa8,0x4a,0x27,0x52,0x88,0x52,0x68,0x62,0xc9,0x4a,0x68,
    0x4a,0x47,0x52,0x68,0x4a,0x68,0x42,0x07,0x4a,0x27,0x39,0xc6,0x4a,0x48,0x4a,0x27,0x42,0x07,0x4a,0x48,0x4a,0x27,0x4a,0x48,
    0x4a,0x68,0x4a,0x27,0x4a,0x48,0x42,0x07,0x4a,0x48,0x4a,0x48,0x4a,0x48,0x52,0x68,0x52,0x68,0x5a,0xa9,0x52,0x88,0x5a,0xa9,
    0x5a,0xc9,0x52,0x89,0x4a,0x48,0x5a,0x87,0x4a,0x48,0x52,0x68,0x52,0x68,0x5a,0x88,0x4a,0x27,0x4a,0x27,0x4a,0x27,0x62,0xea,
    0x4a,0x48,0x4a,0x48,0x4a,0x48,0x52,0x88,0x52,0x67,0x52,0x67,0x52,0x88,0x4a,0x27,0x6b,0x2a,0x5a,0x88,0x4a,0x47,0x4a,0x27,
    0x7b,0x8c,0x5a,0x88,0x52,0x88,0x41,0xe6,0x52,0x48,0x4a,0x47,0x4a,0x48,0x42,0x07,0x52,0x68,0x4a,0x27,0x42,0x07,0x4a,0x27,
    0x42,0x07,0x4a,0x27,0x4a,0x27,0x4a,0x27,0x52,0x88,0x4a,0x27,0x4a,0x48,0x4a,0x48,0x52,0x68,0x4a,0x27,0x4a,0x48,0x4a,0x27,
    0x4a,0x27,0x4a,0x47,0x4a,0x47,0x42,0x07,0x42,0x07,0x4a,0x27,0x4a,0x48,0x42,0x07,0x4a,0x48,0x4a,0x48,0x4a,0x27,0x4a,0x48,
    0x42,0x07,0x4a,0x27,0x4a,0x48,0x4a,0x27,0x4a,0x27,0x52,0x88,0x52,0x68,0x52,0x68,0x4a,0x47,0x4a,0x47,0x52,0x68,0x52,0x68,
    0x4a,0x48,0x4a,0x47,0x52,0x68,0x4a,0x47,0x4a,0x47,0x4a,0x47,0x52,0x68,0x4a,0x27,0x5a,0x88,0x4a,0x27,0x4a,0x06,0x4a,0x47,
    0x5a,0xa9,0x52,0x47,0x5a,0x88,0x52,0x68,0x5a,0x89,0x4a,0x27,0x41,0xe6,0x4a,0x27,0x52,0x68,0x52,0x88,0x52,0x68,0x4a,0x27,
    0x52,0x68,0x62,0xc9,0x52,0x88,0x6b,0x0a,0x73,0x2a,0x5a,0xa9,0x52,0x68,0x52,0x68,0x5a,0x88,0x5a,0x88,0x4a,0x27,0x52,0x68,
    0x52,0x47,0x4a,0x47,0x5a,0xa9,0x5a,0x89,0x42,0x07,0x52,0x68,0x4a,0x27,0x4a,0x47,0x52,0x48,0x4a,0x47,0x5a,0xa9,0x41,0xe6,
    0x4a,0x27,0x52,0x88,0x5a,0xa9,0x5a,0xa9,0x4a,0x48,0x52,0x88,0x4a,0x27,0x5a,0xc9,0x4a,0x48,0x52,0x68,0x5a,0x89,0x5a,0xc9,
    0x52,0x68,0x4a,0x48,0x52,0x48,0x4a,0x27,0x4a,0x48,0x4a,0x48,0x4a,0x27,0x52,0x68,0x52,0x89,0x5a,0xa9,0x4a,0x48,0x41,0xe6,
    0x62,0xc9,0x52,0x48,0x52,0x68,0x52,0x68,0x4a,0x47,0x52,0x68,0x52,0x88,0x52,0x68,0x4a,0x27,0x5a,0x89,0x5a,0xc9,0x42,0x07,
    0x4a,0x27,0x4a,0x27,0x52,0x48,0x52,0x68,0x4a,0x48,0x52,0x48,0x4a,0x27,0x42,0x27,0x4a,0x48,0x4a,0x27,0x4a,0x27,0x52,0x68,
    0x52,0x68,0x4a,0x27,0x52,0x48,0x4a,0x27,0x62,0xc9,0x52,0x68,0x52,0x68,0x5a,0xa9,0x52,0x48,0x5a,0xa9,0x4a,0x27,0x4a,0x48,
    0x4a,0x27,0x5a,0xa9,0x52,0x88,0x52,0x68,0x42,0x07,0x4a,0x27,0x5a,0x88,0x5a,0x89,0x4a,0x48,0x4a,0x48,0x52,0x68,0x4a,0x27,
    0x52,0x89,0x52,0x68,0x4a,0x48,0x42,0x27,0x4a,0x48,0x52,0x68,0x52,0x68,0x4a,0x27,0x42,0x07,0x52,0x88,0x52,0x68,0x5a,0x89,
    0x52,0x68,0x5a,0xa9,0x42,0x07,0x5a,0xc9,0x42,0x07,0x4a,0x27,0x52,0x68,0x52,0x68,0x4a,0x27,0x42,0x27,0x52,0x88,0x52,0x89,
    0x52,0x88,0x52,0x68,0x4a,0x27,0x4a,0x27,0x4a,0x48,0x52,0x68,0x42,0x27,0x4a,0x48,0x4a,0x48,0x4a,0x47,0x4a,0x48,0x73,0x6b,
    0x52,0x68,0x52,0x68,0x39,0xc6,0x62,0xea,0x4a,0x47,0x52,0x68,0x62,0xca,0x52,0x69,0x4a,0x27,0x42,0x07,0x52,0x89,0x52,0x68,
    0x73,0x2a,0x62,0xc8,0x6b,0x09,0x73,0x4b,0x7b,0x8c,0x6b,0x09,0x6a,0xe9,0x7b,0x8c,0x7b,0x8c,0x7b,0xad,0x7b,0x8c,0x6b,0x0a,
    0x42,0x07,0x52,0x68,0x4a,0x48,0x5a,0x89,0x5a,0xc9,0x5a,0xc9,0x5a,0xa8,0x62,0xc9,0x52,0x88,0x52,0x68,0x52,0x47,0x52,0x68,
    0x52,0x88,0x5a,0xc9,0x52,0x89,0x4a,0x48,0x52,0x88,0x5a,0xa9,0x6b,0x0a,0x63,0x0a,0x62,0xea,0x6b,0x2b,0x52,0x88,0x4a,0x47,
    0x62,0xea,0x5a,0x88,0x5a,0x88,0x52,0x47,0x62,0xc9,0x52,0x68,0x52,0x88,0x5a,0x88,0x52,0x89,0x62,0xc9,0x62,0xe9,0x5a,0x88,
    0x52,0x68,0x52,0x88,0x5a,0x88,0x52,0x68,0x4a,0x27,0x5a,0xa9,0x5a,0xc9,0x52,0x68,0x42,0x06,0x4a,0x27,0x4a,0x47,0x62,0xc9,
    0x52,0x68,0x52,0x68,0x5a,0x88,0x6b,0x2b,0x52,0x47,0x62,0xc9,0x52,0x68,0x5a,0xa8,0x5a,0x88,0x6b,0x0a,0x5a,0xa9,0x62,0xc8,
    0x73,0x4b,0x62,0xc8,0x6b,0x0a,0x73,0x4b,0x7b,0xad,0x6b,0x0b,0x6b,0x4c,0x52,0x88,0x62,0xc9,0x5a,0xa9,0x5a,0xc9,0x5a,0xa9,
    0x4a,0x47,0x4a,0x27,0x62,0xca,0x6b,0x0a,0x4a,0x47,0x52,0x88,0x5a,0xa9,0x5a,0xa9,0x62,0xc9,0x62,0xea,0x4a,0x27,0x4a,0x48,
    0x5a,0xa9,0x62,0xca,0x6b,0x4b,0x5a,0xca,0x6b,0x0a,0x62,0xea,0x62,0xca,0x52,0x88,0x4a,0x48,0x52,0x68,0x5a,0x89,0x5a,0xa9,
    0x42,0x27,0x4a,0x48,0x4a,0x48,0x41,0xe6,0x52,0x88,0x52,0x88,0x52,0x68,0x5a,0xa9,0x5a,0xc9,0x52,0x68,0x5a,0x88,0x5a,0x89,
    0x5a,0xa9,0x52,0x88,0x6b,0x0a,0x5a,0xa9,0x4a,0x27,0x52,0x68,0x73,0x6c,0x52,0x68,0x62,0xea,0x5a,0xa9,0x4a,0x27,0x4a,0x48,
    0x52,0x88,0x5a,0xca,0x4a,0x47,0x4a,0x27,0x62,0xea,0x4a,0x48,0x52,0x89,0x42,0x07,0x62,0xea,0x4a,0x48,0x52,0x89,0x4a,0x48,
    0x4a,0x48,0x52,0x68,0x52,0x68,0x52,0x48,0x42,0x27,0x52,0x89,0x5a,0xa9,0x52,0x88,0x42,0x07,0x52,0x68,0x52,0x68,0x5a,0xa9,
    0x52,0x68,0x42,0x27,0x42,0x07,0x4a,0x48,0x4a,0x48,0x52,0x48,0x52,0x68,0x4a,0x48,0x4a,0x48,0x52,0x68,0x4a,0x48,0x4a,0x48,
    0x52,0x89,0x4a,0x47,0x52,0x88,0x52,0x68,0x52,0x48,0x52,0x68,0x52,0x68,0x52,0x89,0x4a,0x48,0x52,0x68,0x52,0x68,0x52,0x89,
    0x52,0x68,0x52,0x88,0x52,0x68,0x52,0x68,0x52,0x88,0x42,0x07,0x4a,0x48,0x52,0x68,0x4a,0x48,0x4a,0x07,0x4a,0x07,0x4a,0x47,
    0x52,0x48,0x5a,0xa9,0x5a,0xa9,0x4a,0x48,0x52,0x68,0x5a,0x88,0x62,0xea,0x5a,0xa9,0x62,0xea,0x6b,0x0a,0x5a,0xc9,0x62,0xc9,
    0x5a,0xa9,0x62,0xc9,0x6b,0x0a,0x62,0xea,0x5a,0x88,0x52,0x48,0x62,0xc9,0x52,0x68,0x52,0x68,0x5a,0xa9,0x62,0xe9,0x5a,0xa9,
    0x5a,0xa9,0x5a,0x88,0x4a,0x48,0x52,0x68,0x5a,0xc9,0x6b,0x0a,0x52,0x68,0x4a,0x47,0x52,0x68,0x52,0x68,0x4a,0x47,0x41,0xe6,
    0x4a,0x47,0x52,0x47,0x52,0x68,0x41,0xe6,0x52,0x68,0x52,0x68,0x42,0x06,0x4a,0x27,0x52,0x48,0x62,0xea,0x5a,0xa9,0x5a,0xa9,
    0x4a,0x27,0x4a,0x47,0x52,0x68,0x52,0x88,0x4a,0x27,0x5a,0xc9,0x6b,0x2a,0x5a,0xa9,0x52,0x88,0x5a,0x88,0x5a,0x88,0x52,0x68,
    0x52,0x88,0x4a,0x27,0x4a,0x07,0x52,0x88,0x4a,0x47,0x4a,0x27,0x4a,0x27,0x4a,0x48,0x4a,0x47,0x41,0xe6,0x4a,0x27,0x52,0x68,
    0x4a,0x47,0x42,0x07,0x4a,0x27,0x62,0xc9,0x5a,0x89,0x52,0x68,0x52,0x68,0x42,0x07,0x52,0x68,0x5a,0x89,0x62,0xc9,0x52,0x88,
    0x42,0x07,0x5a,0xa9,0x52,0x88,0x52,0x88,0x52,0x68,0x4a,0x27,0x4a,0x47,0x52,0x68,0x4a,0x27,0x52,0x68,0x5a,0xa9,0x52,0x88,
    0x52,0x48,0x5a,0xa9,0x52,0x68,0x4a,0x48,0x5a,0xc9,0x5a,0x89,0x52,0x68,0x5a,0xa9,0x62,0xe9,0x4a,0x27,0x4a,0x48,0x5a,0xa9,
    0x5a,0x88,0x42,0x07,0x4a,0x47,0x5a,0x88,0x52,0x88,0x52,0x47,0x5a,0xc9,0x63,0x0a,0x5a,0xa9,0x52,0x88,0x52,0x68,0x73,0x4b,
    0x4a,0x47,0x52,0x47,0x52,0x68,0x5a,0xa9,0x52,0x68,0x52,0x48,0x52,0x48,0x5a,0x89,0x52,0x68,0x52,0x68,0x5a,0x88,0x5a,0xa9,
    0x62,0xe9,0x52,0x88,0x52,0x68,0x5a,0xa9,0x62,0xc9,0x5a,0xa8,0x5a,0x88,0x5a,0x88,0x52,0x68,0x52,0x68,0x5a,0x88,0x5a,0x88,
    0x5a,0x88,0x5a,0xa9,0x62,0xea,0x5a,0xc9,0x5a,0xa9,0x63,0x0a,0x52,0x89,0x5a,0xc9,0x5a,0x88,0x6b,0x0b,0x5a,0xa9,0x62,0xea,
    0x5a,0xa8,0x5a,0xa9,0x4a,0x48,0x62,0xca,0x62,0xea,0x73,0x4b,0x5a,0xa9,0x52,0x88,0x62,0xea,0x52,0x89,0x62,0xea,0x52,0x89,
    0x52,0x88,0x52,0x68,0x5a,0xa9,0x52,0x88,0x5a,0xc9,0x52,0x88,0x52,0x68,0x52,0x68,0x52,0x68,0x4a,0x27,0x5a,0xa9,0x5a,0xa9,
    0x4a,0x27,0x5a,0xa9,0x62,0xc9,0x6b,0x0a,0x52,0x68,0x62,0xea,0x52,0x89,0x5a,0xa9,0x52,0x89,0x62,0xea,0x4a,0x48,0x42,0x06,
    0x62,0xea,0x5a,0xa9,0x5a,0x89,0x4a,0x48,0x62,0xea,0x62,0xc9,0x4a,0x47,0x4a,0x47,0x5a,0xa9,0x52,0x68,0x4a,0x48,0x52,0x68,
    0x5a,0xa9,0x42,0x27,0x5a,0xa9,0x52,0x68,0x6b,0x0a,0x5a,0x88,0x52,0x68,0x52,0x68,0x5a,0x89,0x5a,0xa9,0x52,0x68,0x4a,0x27,
    0x4a,0x48,0x4a,0x48,0x4a,0x27,0x52,0x68,0x42,0x07,0x52,0x48,0x4a,0x27,0x4a,0x27,0x52,0x88,0x52,0x48,0x4a,0x27,0x4a,0x27,
    0x52,0x68,0x4a,0x27,0x42,0x07,0x42,0x07,0x4a,0x27,0x4a,0x27,0x4a,0x27,0x42,0x07,0x4a,0x27,0x4a,0x47,0x4a,0x48,0x4a,0x27,
    0x52,0x68,0x4a,0x47,0x4a,0x47,0x52,0x88,0x4a,0x48,0x52,0x48,0x42,0x07,0x52,0x88,0x52,0x48,0x52,0x68,0x4a,0x27,0x62,0xc9,
    0x52,0x68,0x5a,0xa9,0x52,0x88,0x52,0x68,0x62,0xca,0x5a,0x89,0x62,0xc9,0x52,0x68,0x52,0x68,0x6b,0x0a,0x6b,0x2a,0x4a,0x47,
    0x52,0x89,0x62,0xea,0x52,0x68,0x52,0x68,0x4a,0x48,0x4a,0x27,0x4a,0x47,0x5a,0xa9,0x52,0x68,0x4a,0x27,0x42,0x07,0x52,0x88,
    0x4a,0x27,0x42,0x07,0x42,0x07,0x62,0xc9,0x5a,0xc9,0x5a,0xc9,0x4a,0x27,0x52,0x88,0x6b,0x2b,0x62,0xca,0x5a,0xc9,0x62,0xc9,
    0x52,0x88,0x6b,0x0a,0x52,0x68,0x41,0xe6,0x6b,0x2b,0x62,0xea,0x62,0xea,0x4a,0x27,0x52,0x68,0x62,0xc9,0x5a,0x89,0x4a,0x27,
    0x4a,0x47,0x52,0x89,0x52,0x68,0x41,0xe6,0x4a,0x47,0x5a,0xc9,0x52,0x88,0x52,0x68,0x4a,0x27,0x4a,0x27,0x4a,0x27,0x4a,0x48,
    0x42,0x07,0x4a,0x27,0x42,0x07,0x4a,0x48,0x42,0x07,0x42,0x07,0x4a,0x48,0x4a,0x48,0x42,0x07,0x42,0x27,0x4a,0x27,0x42,0x07,
    0x41,0xe6,0x42,0x07,0x41,0xe6,0x39,0xc6,0x5a,0xa9,0x5a,0xca,0x42,0x27,0x4a,0x27,0x52,0x68,0x52,0x68,0x42,0x07,0x4a,0x48,
    0x62,0xca,0x6b,0x0b,0x52,0x88,0x52,0x68,0x52,0x68,0x5a,0x89,0x5a,0xc9,0x5a,0xa9,0x41,0xe7,0x52,0x68,0x73,0x4b,0x6b,0x0a,
    0x4a,0x27,0x4a,0x27,0x62,0xea,0x52,0x68,0x52,0x89,0x4a,0x48,0x5a,0xa9,0x5a,0xa9,0x52,0x88,0x4a,0x48,0x62,0xca,0x52,0x68,
    0x5a,0x89,0x4a,0x27,0x4a,0x27,0x4a,0x27,0x62,0xc9,0x4a,0x48,0x4a,0x48,0x4a,0x68,0x52,0x68,0x4a,0x27,0x52,0x48,0x5a,0x89,
    0x4a,0x48,0x4a,0x48,0x52,0x68,0x62,0xea,0x4a,0x48,0x52,0x68,0x4a,0x48,0x52,0x89,0x42,0x27,0x4a,0x48,0x52,0x48,0x52,0x88,
    0x52,0x68,0x52,0x89,0x52,0x88,0x4a,0x48,0x5a,0xa9,0x4a,0x48,0x4a,0x48,0x4a,0x48,0x52,0x68,0x52,0x68,0x52,0x68,0x52,0x88,
    0x4a,0x48,0x4a,0x27,0x4a,0x28,0x52,0x48,0x4a,0x48,0x52,0x68,0x4a,0x48,0x52,0x68,0x52,0x89,0x52,0x89,0x5a,0x89,0x52,0x89,
    0x52,0x68,0x4a,0x47,0x4a,0x47,0x52,0x88,0x52,0x68,0x52,0x68,0x4a,0x48,0x52,0x68,0x4a,0x48,0x52,0x89,0x42,0x27,0x4a,0x27,
    0x4a,0x48,0x4a,0x48,0x4a,0x27,0x4a,0x27,0x4a,0x47,0x4a,0x47,0x52,0x48,0x52,0x89,0x52,0x88,0x4a,0x48,0x4a,0x48,0x5a,0xa9,
    0x4a,0x48,0x4a,0x48,0x42,0x07,0x52,0x89,0x52,0x68,0x62,0xea,0x4a,0x48,0x42,0x07,0x52,0x68,0x52,0x68,0x4a,0x27,0x42,0x27,
    0x4a,0x27,0x42,0x07,0x4a,0x27,0x4a,0x27,0x5a,0xca,0x52,0x68,0x5a,0xa9,0x52,0x68,0x52,0x68,0x52,0x89,0x52,0x68,0x52,0x89,
    0x52,0x68,0x52,0x68,0x4a,0x48,0x4a,0x27,0x4a,0x27,0x52,0x89,0x52,0x89,0x52,0x68,0x52,0x68,0x4a,0x27,0x62,0xc9,0x6b,0x0a,
    0x52,0x68,0x52,0x68,0x5a,0x88,0x62,0xea,0x4a,0x48,0x5a,0x89,0x5a,0x89,0x5a,0x89,0x4a,0x68,0x52,0x88,0x4a,0x47,0x52,0x68,
    0x62,0xca,0x4a,0x48,0x4a,0x27,0x52,0x68,0x62,0xca,0x52,0x68,0x5a,0xa9,0x62,0xea,0x5a,0xc9,0x4a,0x27,0x52,0x68,0x5a,0xa9,
    0x62,0xc9,0x62,0xea,0x63,0x0a,0x4a,0x27,0x52,0x88,0x4a,0x48,0x42,0x07,0x52,0x88,0x62,0xea,0x4a,0x48,0x39,0xe6,0x52,0x88,
    0x73,0x6c,0x62,0xca,0x5a,0xc9,0x52,0x68,0x42,0x07,0x5a,0x89,0x6b,0x2b,0x73,0x4b,0x5a,0xa9,0x52,0x88,0x4a,0x48,0x52,0x68,
    0x5a,0xa9,0x42,0x07,0x4a,0x48,0x52,0x68,0x4a,0x48,0x39,0xe6,0x4a,0x47,0x5a,0x89,0x5a,0xc9,0x52,0x88,0x52,0x68,0x52,0x89,
    0x52,0x68,0x5a,0xa9,0x52,0x48,0x42,0x07,0x4a,0x48,0x52,0x68,0x4a,0x27,0x4a,0x48,0x4a,0x27,0x4a,0x48,0x4a,0x48,0x4a,0x48,
    0x4a,0x47,0x4a,0x47,0x4a,0x48,0x52,0x68,0x52,0x68,0x52,0x68,0x4a,0x48,0x52,0x88,0x52,0x88,0x52,0x68,0x52,0x68,0x52,0x68,
    0x52,0x48,0x62,0xc9,0x4a,0x48,0x4a,0x27,0x52,0x68,0x5a,0x89,0x4a,0x48,0x41,0xe6,0x42,0x07,0x31,0x85,0x42,0x07,0x41,0xe6,
    0x4a,0x48,0x41,0xe6,0x41,0xe6,0x42,0x07,0x42,0x07,0x42,0x07,0x4a,0x47,0x52,0x68,0x4a,0x47,0x4a,0x27,0x4a,0x27,0x4a,0x48,
    0x4a,0x48,0x5a,0xa9,0x52,0x68,0x52,0x88,0x4a,0x48,0x52,0x89,0x52,0x68,0x4a,0x47,0x52,0x68,0x4a,0x28,0x4a,0x48,0x4a,0x27,
    0x42,0x07,0x41,0xe7,0x52,0x68,0x4a,0x27,0x52,0x68,0x52,0x68,0x4a,0x48,0x4a,0x48,0x52,0x68,0x52,0x68,0x4a,0x27,0x4a,0x27,
    0x5a,0xa9,0x5a,0xa9,0x42,0x07,0x4a,0x27,0x4a,0x27,0x42,0x07,0x4a,0x47,0x42,0x07,0x42,0x07,0x42,0x07,0x42,0x07,0x4a,0x48,
    0x42,0x07,0x4a,0x48,0x4a,0x27,0x42,0x07,0x4a,0x27,0x4a,0x48,0x4a,0x27,0x4a,0x27,0x4a,0x48,0x4a,0x48,0x42,0x27,0x4a,0x27,
    0x4a,0x48,0x42,0x27,0x4a,0x27,0x42,0x07,0x4a,0x27,0x42,0x07,0x4a,0x27,0x4a,0x27,0x4a,0x47,0x42,0x07,0x4a,0x27,0x4a,0x47,
    0x42,0x27,0x4a,0x27,0x42,0x06,0x4a,0x27,0x42,0x07,0x52,0x68,0x52,0x68,0x42,0x07,0x42,0x07,0x42,0x07,0x52,0x68,0x52,0x68,
    0x52,0x89,0x4a,0x27,0x4a,0x27,0x4a,0x07,0x4a,0x27,0x41,0xe6,0x4a,0x27,0x4a,0x27,0x4a,0x48,0x42,0x07,0x4a,0x47,0x52,0x68,
    0x42,0x07,0x4a,0x27,0x4a,0x27,0x52,0x68,0x42,0x07,0x42,0x07,0x52,0x68,0x52,0x88,0x52,0x68,0x4a,0x47,0x52,0x88,0x4a,0x48,
    0x52,0x68,0x5a,0x89,0x5a,0xc9,0x52,0x68,0x4a,0x47,0x52,0x68,0x4a,0x27,0x52,0x68,0x5a,0x89,0x52,0x68,0x4a,0x28,0x6b,0x2a,
    0x5a,0xa9,0x52,0x68,0x4a,0x48,0x5a,0x88,0x4a,0x47,0x41,0xe6,0x52,0x68,0x5a,0xc9,0x5a,0xa8,0x52,0x47,0x4a,0x27,0x52,0x47,
    0x4a,0x27,0x42,0x06,0x5a,0x88,0x42,0x07,0x42,0x06,0x52,0x68,0x6b,0x0a,0x62,0xc9,0x52,0x88,0x4a,0x27,0x4a,0x27,0x5a,0x88,
    0x41,0xe6,0x4a,0x27,0x4a,0x27,0x4a,0x27,0x42,0x07,0x52,0x68,0x5a,0xa9,0x4a,0x27,0x62,0xc9,0x62,0xea,0x6b,0x0a,0x6b,0x0a,
    0x5a,0xa9,0x62,0xea,0x52,0x88,0x4a,0x47,0x5a,0xa9,0x62,0xc9,0x5a,0xa9,0x5a,0xa9,0x62,0xca,0x62,0xca,0x62,0xca,0x62,0xc9,
    0x5a,0xa9,0x5a,0xa9,0x62,0xc9,0x62,0xea,0x52,0x48,0x52,0x48,0x4a,0x07,0x52,0x68,0x5a,0xc9,0x5a,0xa9,0x5a,0xa9,0x4a,0x48,
    0x5a,0x89,0x5a,0xa9,0x4a,0x48,0x42,0x07,0x5a,0xa9,0x5a,0xa9,0x52,0x68,0x52,0x68,0x5a,0xc9,0x52,0x89,0x4a,0x68,0x4a,0x68,
    0x52,0x68,0x5a,0xa9,0x52,0x88,0x5a,0xca,0x52,0x88,0x4a,0x48,0x4a,0x48,0x52,0x68,0x62,0xea,0x5a,0xa9,0x42,0x07,0x42,0x27,
    0x5a,0xc9,0x52,0x68,0x42,0x27,0x4a,0x27,0x52,0x68,0x4a,0x27,0x42,0x07,0x4a,0x27,0x42,0x07,0x42,0x07,0x62,0xea,0x5a,0xa9,
    0x42,0x07,0x39,0xc6,0x52,0x68,0x42,0x07,0x4a,0x27,0x4a,0x27,0x42,0x07,0x5a,0xca,0x52,0x68,0x4a,0x27,0x42,0x07,0x41,0xe6,
    0x52,0x68,0x4a,0x27,0x42,0x07,0x4a,0x27,0x5a,0xc9,0x42,0x07,0x39,0xc6,0x52,0x68,0x5a,0xca,0x62,0xea,0x52,0x68,0x52,0x88,
    0x42,0x07,0x5a,0xc9,0x73,0x4b,0x5a,0xa9,0x52,0x68,0x4a,0x27,0x62,0xea,0x73,0x4b,0x5a,0x89,0x5a,0x89,0x52,0x68,0x5a,0xa9,
    0x42,0x07,0x4a,0x27,0x52,0x68,0x42,0x07,0x39,0xc6,0x4a,0x27,0x52,0x68,0x52,0x68,0x4a,0x27,0x52,0x68,0x4a,0x48,0x52,0x48,
    0x62,0xea,0x4a,0x27,0x52,0x89,0x52,0x68,0x42,0x07,0x4a,0x48,0x42,0x07,0x42,0x07,0x42,0x07,0x52,0x68,0x52,0x68,0x42,0x07,
    0x4a,0x48,0x42,0x07,0x4a,0x48,0x4a,0x48,0x52,0x88,0x4a,0x48,0x42,0x27,0x4a,0x47,0x52,0x68,0x5a,0xc9,0x6b,0x2b,0x7b,0x8c,
    0x5a,0x89,0x62,0xca,0x52,0x88,0x5a,0xc9,0x4a,0x48,0x5a,0xc9,0x52,0x89,0x62,0xea,0x4a,0x48,0x62,0xea,0x52,0x88,0x5a,0x89,
    0x62,0xea,0x62,0xea,0x5a,0xa9,0x5a,0xa9,0x6b,0x2b,0x5a,0xa9,0x5a,0xc9,0x5a,0xa9,0x6b,0x0a,0x5a,0xa9,0x5a,0xc9,0x52,0x68,
    0x62,0xca,0x5a,0xa9,0x52,0x68,0x5a,0xc9,0x62,0xe9,0x62,0xc9,0x4a,0x48,0x52,0x68,0x52,0x88,0x52,0x88,0x5a,0xa9,0x52,0x68,
    0x4a,0x27,0x4a,0x27,0x5a,0xa9,0x52,0x48,0x52,0x68,0x5a,0xa9,0x52,0x68,0x52,0x88,0x52,0x68,0x52,0x68,0x52,0x68,0x52,0x68,
    0x4a,0x47,0x52,0x88,0x52,0x68,0x52,0x68,0x42,0x07,0x52,0x68,0x52,0x88,0x52,0x88,0x4a,0x47,0x52,0x68,0x4a,0x48,0x5a,0x89,
    0x52,0x88,0x5a,0xc9,0x4a,0x27,0x42,0x07,0x5a,0xc9,0x52,0x68,0x4a,0x48,0x52,0x68,0x5a,0x89,0x5a,0xc9,0x4a,0x27,0x52,0x89,
    0x52,0x89,0x52,0x48,0x4a,0x48,0x4a,0x48,0x52,0x88,0x52,0x88,0x4a,0x48,0x42,0x07,0x4a,0x48,0x4a,0x27,0x4a,0x27,0x4a,0x48,
    0x52,0x68,0x4a,0x27,0x4a,0x27,0x42,0x07,0x4a,0x48,0x4a,0x47,0x52,0x68,0x4a,0x48,0x41,0xe6,0x42,0x07,0x4a,0x48,0x52,0x88,
    0x4a,0x27,0x39,0xc6,0x41,0xe6,0x42,0x07,0x42,0x07,0x41,0xe6,0x42,0x07,0x42,0x07,0x41,0xe6,0x4a,0x27,0x5a,0xc9,0x52,0x68,
    0x52,0x89,0x42,0x07,0x4a,0x48,0x5a,0xa9,0x4a,0x47,0x41,0xe6,0x52,0x68,0x52,0x68,0x41,0xe6,0x42,0x07,0x52,0x88,0x52,0x68,
    0x39,0xc6,0x41,0xe6,0x52,0x68,0x52,0x68,0x5a,0xa9,0x42,0x07,0x41,0xe7,0x4a,0x27,0x4a,0x48,0x4a,0x47,0x4a,0x47,0x42,0x07,
    0x4a,0x48,0x4a,0x48,0x4a,0x27,0x42,0x07,0x4a,0x27,0x42,0x07,0x41,0xe6,0x42,0x07,0x52,0x48,0x42,0x06,0x42,0x07,0x52,0x68,
    0x39,0xe6,0x39,0xc6,0x4a,0x07,0x41,0xe6,0x42,0x07,0x41,0xe6,0x41,0xe6,0x41,0xe6,0x4a,0x27,0x42,0x07,0x39,0xe6,0x42,0x07,
    0x4a,0x48,0x4a,0x27,0x4a,0x48,0x42,0x07,0x42,0x07,0x42,0x27,0x42,0x07,0x42,0x07,0x39,0xc6,0x42,0x27,0x4a,0x27,0x42,0x07,
    0x4a,0x47,0x4a,0x48,0x4a,0x48,0x42,0x27,0x42,0x07,0x42,0x06,0x4a,0x48,0x52,0x89,0x4a,0x07,0x4a,0x27,0x42,0x07,0x4a,0x27,
    0x4a,0x27,0x52,0x68,0x4a,0x27,0x4a,0x47,0x4a,0x27,0x42,0x07,0x52,0x68,0x52,0x68,0x5a,0xca,0x63,0x0a,0x4a,0x48,0x4a,0x27,
    0x4a,0x47,0x4a,0x27,0x52,0x68,0x4a,0x27,0x52,0x68,0x4a,0x48,0x5a,0x89,0x52,0x68,0x4a,0x47,0x42,0x07,0x42,0x07,0x4a,0x27,
    0x52,0x68,0x4a,0x48,0x52,0x88,0x4a,0x48,0x52,0x68,0x52,0x68,0x5a,0xa9,0x5a,0xa9,0x4a,0x27,0x52,0x47,0x52,0x68,0x5a,0xa9,
    0x4a,0x47,0x52,0x68,0x52,0x48,0x5a,0xa9,0x5a,0xa9,0x5a,0xa9,0x4a,0x27,0x4a,0x27,0x52,0x88,0x52,0x68,0x4a,0x48,0x52,0x48,
    0x4a,0x47,0x4a,0x48,0x52,0x48,0x52,0x68,0x4a,0x47,0x52,0x48,0x4a,0x27,0x52,0x68,0x4a,0x48,0x4a,0x27,0x52,0x68,0x4a,0x47,
    0x4a,0x47,0x52,0x48,0x52,0x88,0x52,0x68,0x52,0x68,0x52,0x88,0x4a,0x47,0x4a,0x68,0x5a,0xa9,0x5a,0xa9,0x52,0x68,0x4a,0x27,
    0x52,0x68,0x52,0x88,0x52,0x68,0x52,0x68,0x62,0xea,0x52,0x68,0x52,0x68,0x5a,0x89,0x5a,0xc9,0x52,0x68,0x52,0x68,0x5a,0xa9,
    0x52,0x48,0x4a,0x27,0x52,0x68,0x52,0x48,0x52,0x48,0x4a,0x47,0x4a,0x27,0x52,0x47,0x5a,0xa9,0x5a,0x88,0x4a,0x27,0x52,0x48,
    0x5a,0xa9,0x62,0xea,0x5a,0xa9,0x52,0x68,0x5a,0xa9,0x62,0xea,0x52,0x68,0x5a,0x88,0x52,0x88,0x52,0x47,0x52,0x48,0x52,0x68,
    0x4a,0x27,0x4a,0x47,0x5a,0xa9,0x6b,0x0a,0x5a,0x88,0x5a,0xa8,0x52,0x88,0x5a,0xa9,0x62,0xea,0x73,0x6b,0x5a,0x88,0x5a,0xa9,
    0x5a,0xa9,0x62,0xc9,0x62,0xc9,0x63,0x0a,0x62,0xea,0x5a,0xa9,0x5a,0xa9,0x52,0x88,0x5a,0xa9,0x5a,0xc9,0x5a,0x88,0x5a,0xa9,
    0x52,0x68,0x52,0x47,0x62,0xea,0x5a,0x89,0x62,0xea,0x52,0x68,0x4a,0x48,0x52,0x68,0x5a,0xa9,0x5a,0xa9,0x52,0x68,0x4a,0x48,
    0x5a,0xa9,0x52,0x88,0x52,0x88,0x4a,0x48,0x62,0xc9,0x5a,0x89,0x52,0x88,0x4a,0x48,0x6b,0x2b,0x5a,0xa9,0x4a,0x48,0x52,0x48,
    0x52,0x88,0x52,0x88,0x52,0x89,0x52,0x89,0x52,0x89,0x5a,0xa9,0x52,0x89,0x52,0x89,0x5a,0xa9,0x5a,0xa9,0x62,0xca,0x4a,0x48,
    0x62,0xea,0x62,0xea,0x4a,0x48,0x5a,0xa9,0x5a,0xc9,0x5a,0xa9,0x5a,0xc9,0x62,0xea,0x52,0x68,0x52,0x89,0x5a,0xc9,0x62,0xca,
    0x4a,0x27,0x52,0x68,0x5a,0xa9,0x5a,0xa9,0x62,0xc9,0x52,0x68,0x52,0x89,0x42,0x07,0x52,0x47,0x73,0x4b,0x5a,0xa9,0x52,0x68,
    0x5a,0xc9,0x5a,0xc9,0x5a,0xa9,0x4a,0x48,0x52,0x68,0x42,0x07,0x5a,0x88,0x5a,0x88,0x39,0xe6,0x42,0x07,0x4a,0x27,0x4a,0x27,
    0x4a,0x27,0x41,0xe7,0x42,0x07,0x52,0x68,0x42,0x07,0x42,0x27,0x42,0x27,0x4a,0x27,0x73,0x6b,0x4a,0x48,0x4a,0x27,0x4a,0x27,
    0x42,0x07,0x4a,0x27,0x52,0x68,0x52,0x68,0x4a,0x27,0x4a,0x07,0x42,0x07,0x52,0x68,0x4a,0x48,0x42,0x07,0x4a,0x27,0x6b,0x0a,
    0x4a,0x48,0x52,0x68,0x52,0x88,0x5a,0x88,0x62,0xc9,0x5a,0xa9,0x5a,0xc9,0x4a,0x48,0x52,0x88,0x62,0xc9,0x5a,0xa9,0x42,0x07,
    0x5a,0xc9,0x5a,0x88,0x5a,0x89,0x4a,0x27,0x5a,0xa9,0x4a,0x47,0x4a,0x27,0x52,0x68,0x4a,0x47,0x52,0x89,0x4a,0x48,0x4a,0x48,
    0x4a,0x47,0x52,0x88,0x42,0x07,0x4a,0x48,0x52,0x68,0x42,0x07,0x41,0xe7,0x4a,0x27,0x5a,0x88,0x42,0x07,0x42,0x07,0x52,0x68,
    0x52,0x68,0x52,0x68,0x52,0x88,0x52,0x88,0x5a,0xa9,0x62,0xea,0x52,0x68,0x4a,0x47,0x52,0x88,0x5a,0xa9,0x42,0x07,0x4a,0x48,
    0x4a,0x27,0x4a,0x27,0x42,0x07,0x5a,0x89,0x4a,0x47,0x5a,0xa9,0x5a,0xc9,0x5a,0xc9,0x4a,0x48,0x5a,0xa9,0x5a,0xa9,0x62,0xea,
    0x52,0x68,0x4a,0x47,0x52,0x88,0x5a,0xa9,0x52,0x68,0x52,0x68,0x52,0x88,0x5a,0xa9,0x4a,0x48,0x4a,0x27,0x42,0x07,0x52,0x68,
    0x5a,0x88,0x4a,0x27,0x41,0xe7,0x4a,0x48,0x52,0x47,0x4a,0x47,0x4a,0x27,0x4a,0x27,0x62,0xc9,0x4a,0x27,0x42,0x07,0x42,0x07,
    0x41,0xe6,0x63,0x0a,0x62,0xea,0x4a,0x48,0x62,0xca,0x62,0xc9,0x52,0x48,0x4a,0x27,0x4a,0x48,0x5a,0xc9,0x62,0xea,0x5a,0xa9,
    0x42,0x07,0x4a,0x27,0x52,0x68,0x52,0x68,0x42,0x07,0x4a,0x28,0x4a,0x27,0x52,0x88,0x4a,0x27,0x52,0x68,0x4a,0x27,0x41,0xe6,
    0x4a,0x27,0x42,0x07,0x41,0xe6,0x41,0xe6,0x4a,0x48,0x42,0x07,0x42,0x07,0x4a,0x27,0x4a,0x27,0x52,0x68,0x52,0x68,0x52,0x89,
    0x42,0x07,0x4a,0x48,0x52,0x68,0x5a,0xc9,0x4a,0x48,0x4a,0x47,0x52,0x68,0x5a,0xc9,0x4a,0x48,0x5a,0x89,0x4a,0x48,0x42,0x27,
    0x41,0xe6,0x5a,0xa9,0x52,0x68,0x4a,0x48,0x52,0x89,0x5a,0xa9,0x4a,0x48,0x42,0x07,0x4a,0x48,0x4a,0x48,0x4a,0x27,0x4a,0x27,
    0x4a,0x48,0x4a,0x48,0x52,0x68,0x4a,0x27,0x42,0x07,0x4a,0x48,0x52,0x68,0x4a,0x48,0x52,0x68,0x4a,0x48,0x52,0x68,0x4a,0x27,
    0x52,0x68,0x52,0x89,0x52,0x89,0x42,0x07,0x4a,0x27,0x4a,0x48,0x52,0x89,0x4a,0x48,0x4a,0x27,0x4a,0x48,0x4a,0x48,0x4a,0x48,
    0x4a,0x47,0x4a,0x48,0x52,0x68,0x4a,0x48,0x42,0x07,0x52,0x48,0x52,0x68,0x52,0x68,0x4a,0x27,0x4a,0x27,0x4a,0x07,0x4a,0x47,
    0x52,0x68,0x4a,0x48,0x4a,0x27,0x52,0x88,0x4a,0x48,0x52,0x68,0x52,0x68,0x52,0x88,0x4a,0x27,0x52,0x68,0x42,0x07,0x52,0x68,
    0x52,0x68,0x52,0x68,0x52,0x88,0x62,0xc9,0x4a,0x48,0x4a,0x48,0x4a,0x48,0x42,0x07,0x4a,0x48,0x52,0x68,0x4a,0x47,0x42,0x27,
    0x5a,0xa8,0x4a,0x27,0x42,0x07,0x5a,0xa9,0x62,0xc8,0x52,0x68,0x4a,0x48,0x42,0x07,0x4a,0x27,0x42,0x07,0x41,0xe6,0x4a,0x47,
    0x4a,0x48,0x41,0xe6,0x52,0x89,0x4a,0x47,0x42,0x07,0x4a,0x48,0x62,0xc9,0x52,0x68,0x42,0x07,0x5a,0xa9,0x6b,0x2b,0x52,0x88,
    0x5a,0xa9,0x5a,0xc9,0x4a,0x27,0x52,0x68,0x42,0x27,0x42,0x07,0x5a,0xc9,0x52,0x89,0x52,0x68,0x52,0x68,0x5a,0xa9,0x52,0x88,
    0x5a,0x89,0x5a,0xa9,0x4a,0x48,0x5a,0xa9,0x52,0x68,0x4a,0x27,0x62,0xc9,0x5a,0x89,0x4a,0x27,0x4a,0x27,0x52,0x88,0x5a,0xa9,
    0x4a,0x27,0x42,0x07,0x52,0x88,0x52,0x68,0x4a,0x27,0x4a,0x27,0x4a,0x47,0x4a,0x27,0x4a,0x27,0x52,0x68,0x52,0x88,0x5a,0xa9,
    0x5a,0xa9,0x52,0x48,0x52,0x88,0x5a,0xa9,0x4a,0x27,0x4a,0x27,0x4a,0x27,0x52,0x88,0x4a,0x47,0x42,0x06,0x42,0x07,0x42,0x06,
    0x6b,0x2b,0x62,0xca,0x5a,0xc9,0x52,0x68,0x52,0x89,0x4a,0x27,0x52,0x68,0x52,0x89,0x52,0x68,0x52,0x88,0x52,0x89,0x4a,0x27,
    0x4a,0x48,0x6b,0x2b,0x52,0x68,0x62,0xc9,0x4a,0x27,0x4a,0x48,0x4a,0x27,0x52,0x68,0x63,0x0a,0x52,0x68,0x42,0x07,0x4a,0x27,
    0x6b,0x2b,0x4a,0x48,0x4a,0x27,0x52,0x68,0x52,0x68,0x52,0x48,0x5a,0xa9,0x41,0xe6,0x4a,0x27,0x4a,0x48,0x4a,0x48,0x4a,0x27,
    0x42,0x07,0x4a,0x27,0x5a,0x89,0x4a,0x48,0x52,0x48,0x52,0x68,0x42,0x07,0x5a,0xa9,0x39,0xe6,0x52,0x48,0x42,0x07,0x52,0x48,
    0x4a,0x48,0x42,0x07,0x42,0x07,0x4a,0x27,0x4a,0x48,0x5a,0x89,0x42,0x07,0x4a,0x27,0x52,0x68,0x4a,0x48,0x4a,0x47,0x4a,0x27,
    0x42,0x07,0x4a,0x27,0x52,0x68,0x52,0x68,0x4a,0x47,0x41,0xe7,0x4a,0x48,0x42,0x07,0x52,0x68,0x4a,0x27,0x4a,0x27,0x4a,0x27,
    0x4a,0x48,0x5a,0xa9,0x52,0x88,0x4a,0x48,0x52,0x48,0x52,0x88,0x52,0x68,0x52,0x89,0x4a,0x27,0x42,0x07,0x4a,0x27,0x41,0xe7,
    0x4a,0x27,0x4a,0x48,0x4a,0x48,0x4a,0x27,0x4a,0x48,0x52,0x68,0x4a,0x27,0x4a,0x27,0x5a,0x89,0x5a,0x89,0x42,0x07,0x39,0xc6,
    0x42,0x27,0x5a,0xa9,0x52,0x89,0x4a,0x27,0x4a,0x27,0x5a,0xa9,0x4a,0x48,0x4a,0x27,0x4a,0x47,0x4a,0x48,0x4a,0x48,0x4a,0x47,
    0x42,0x07,0x41,0xe6,0x42,0x07,0x42,0x07,0x4a,0x47,0x4a,0x47,0x42,0x07,0x4a,0x47,0x52,0x68,0x5a,0xa9,0x4a,0x48,0x4a,0x48,
    0x52,0x68,0x62,0xea,0x4a,0x48,0x4a,0x48,0x4a,0x48,0x52,0x68,0x52,0x68,0x52,0x68,0x4a,0x27,0x42,0x07,0x41,0xe7,0x4a,0x27,
    0x42,0x07,0x42,0x07,0x4a,0x27,0x52,0x68,0x4a,0x27,0x52,0x68,0x52,0x68,0x4a,0x27,0x5a,0x89,0x5a,0x89,0x4a,0x27,0x42,0x07,
    0x5a,0xa9,0x5a,0xa9,0x4a,0x48,0x5a,0xa9,0x52,0x88,0x4a,0x47,0x5a,0xc9,0x6b,0x2a,0x52,0x68,0x42,0x07,0x5a,0xa9,0x62,0xea,
    0x52,0x48,0x42,0x07,0x4a,0x48,0x4a,0x48,0x62,0xea,0x5a,0xa9,0x52,0x88,0x41,0xe6,0x4a,0x48,0x6b,0x2a,0x7b,0x8c,0x4a,0x27,
    0x52,0x89,0x5a,0x88,0x7b,0xac,0x6b,0x0a,0x52,0x48,0x52,0x48,0x5a,0xa9,0x52,0x89,0x41,0xe6,0x5a,0xa9,0x5a,0xa9,0x6b,0x2a,
    0x4a,0x27,0x52,0x68,0x62,0xc9,0x6b,0x2a,0x5a,0xa9,0x5a,0x88,0x6a,0xea,0x62,0xe9,0x6b,0x2b,0x6b,0x0a,0x73,0x4b,0x52,0x68,
    0x62,0xc9,0x52,0x68,0x5a,0xa8,0x5a,0xc9,0x62,0xe9,0x62,0xc9,0x6b,0x0a,0x5a,0xa9,0x5a,0xa9,0x62,0xea,0x5a,0xc9,0x5a,0x89,
    0x52,0x88,0x52,0x88,0x5a,0xa9,0x52,0x89,0x5a,0xa9,0x5a,0xa9,0x5a,0xa9,0x62,0xea,0x62,0xea,0x63,0x0a,0x62,0xea,0x62,0xea,
    0x52,0x89,0x52,0x88,0x5a,0xc9,0x5a,0xa9,0x5a,0xa9,0x5a,0xa9,0x42,0x07,0x5a,0xc9,0x5a,0xa9,0x4a,0x48,0x5a,0xa9,0x52,0x88,
    0x5a,0xa9,0x52,0x68,0x52,0x89,0x4a,0x27,0x52,0x89,0x42,0x07,0x52,0x88,0x62,0xea,0x52,0x68,0x52,0x68,0x62,0xe9,0x5a,0x88,
    0x52,0x68,0x6b,0x0a,0x5a,0xa9,0x39,0xc6,0x4a,0x27,0x4a,0x48,0x52,0x68,0x4a,0x27,0x62,0xea,0x31,0xa6,0x4a,0x47,0x4a,0x48,
    0x5a,0xa9,0x42,0x07,0x52,0x68,0x4a,0x27,0x4a,0x48,0x4a,0x48,0x42,0x07,0x4a,0x27,0x52,0x89,0x5a,0xa9,0x5a,0xa9,0x42,0x07,
    0x4a,0x27,0x4a,0x27,0x52,0x68,0x4a,0x27,0x52,0x88,0x52,0x89,0x4a,0x48,0x52,0x68,0x52,0x88,0x4a,0x27,0x52,0x68,0x4a,0x27,
    0x52,0x88,0x52,0x68,0x52,0x68,0x4a,0x48,0x52,0x68,0x5a,0xa9,0x52,0x88,0x5a,0xc9,0x52,0x68,0x5a,0xc9,0x52,0x68,0x5a,0xa9,
    0x5a,0x89,0x62,0xea,0x5a,0xca,0x62,0xea,0x62,0xc9,0x5a,0xa9,0x62,0xea,0x4a,0x48,0x73,0x4b,0x4a,0x48,0x62,0xca,0x4a,0x68,
    0x52,0x68,0x42,0x07,0x42,0x07,0x4a,0x27,0x73,0x4b,0x52,0x68,0x52,0x89,0x52,0x68,0x4a,0x48,0x4a,0x48,0x5a,0xa9,0x52,0x68,
    0x4a,0x48,0x4a,0x27,0x52,0x68,0x5a,0xa9,0x52,0x48,0x52,0x88,0x5a,0xa9,0x5a,0xa9,0x4a,0x48,0x52,0x89,0x42,0x07,0x52,0x68,
    0x52,0x68,0x4a,0x27,0x52,0x68,0x5a,0xca,0x52,0x68,0x5a,0xc9,0x52,0x68,0x62,0xea,0x5a,0xa9,0x5a,0x89,0x52,0x68,0x52,0x88,
    0x62,0xca,0x6b,0x4b,0x62,0xea,0x52,0x68,0x52,0x88,0x6b,0x2b,0x6b,0x2b,0x62,0xea,0x62,0xc9,0x52,0x68,0x62,0xea,0x62,0xea,
    0x4a,0x27,0x52,0x48,0x5a,0x89,0x5a,0xc9,0x4a,0x48,0x5a,0xa9,0x5a,0xc9,0x6b,0x2b,0x52,0x68,0x5a,0xa9,0x52,0x88,0x5a,0xa9,
    0x62,0xca,0x62,0xc9,0x5a,0xa9,0x5a,0x88,0x6b,0x4b,0x5a,0xa9,0x5a,0xc9,0x5a,0xa9,0x62,0xea,0x5a,0xa9,0x52,0x68,0x52,0x68,
    0x5a,0xc9,0x52,0x68,0x52,0x68,0x52,0x88,0x5a,0xc9,0x5a,0xa9,0x52,0x88,0x52,0x48,0x4a,0x47,0x4a,0x47,0x52,0x68,0x4a,0x27,
    0x52,0x68,0x52,0x88,0x4a,0x48,0x4a,0x27,0x4a,0x27,0x41,0xe6,0x42,0x07,0x42,0x07,0x4a,0x27,0x41,0xe6,0x4a,0x27,0x4a,0x47,
    0x42,0x07,0x42,0x06,0x42,0x07,0x4a,0x47,0x52,0x68,0x4a,0x47,0x4a,0x27,0x4a,0x27,0x41,0xe6,0x4a,0x27,0x4a,0x07,0x42,0x07,
    0x4a,0x27,0x4a,0x27,0x4a,0x27,0x41,0xe6,0x52,0x68,0x52,0x88,0x52,0x68,0x42,0x27,0x52,0x48,0x42,0x07,0x4a,0x27,0x4a,0x27,
    0x39,0xc6,0x4a,0x07,0x41,0xe6,0x42,0x07,0x39,0xa5,0x42,0x27,0x4a,0x27,0x39,0xe6,0x42,0x07,0x52,0x68,0x52,0x68,0x42,0x27,
    0x39,0xc6,0x5a,0x89,0x52,0x68,0x52,0x68,0x42,0x07,0x52,0x68,0x4a,0x27,0x4a,0x27,0x42,0x07,0x4a,0x27,0x42,0x07,0x52,0x48,
    0x4a,0x48,0x4a,0x27,0x52,0x48,0x4a,0x27,0x42,0x06,0x41,0xe6,0x41,0xe7,0x4a,0x48,0x41,0xe6,0x42,0x07,0x42,0x07,0x42,0x07,
    0x42,0x07,0x4a,0x27,0x4a,0x27,0x52,0x68,0x41,0xe6,0x41,0xe6,0x41,0xe6,0x41,0xe6,0x4a,0x27,0x4a,0x27,0x42,0x07,0x4a,0x27,
    0x4a,0x27,0x42,0x07,0x41,0xe6,0x42,0x07,0x42,0x07,0x39,0xc6,0x39,0xe6,0x41,0xe6,0x42,0x07,0x41,0xe6,0x42,0x07,0x42,0x06,
    0x52,0x68,0x42,0x07,0x39,0xe6,0x4a,0x48,0x42,0x27,0x4a,0x27,0x42,0x07,0x4a,0x27,0x4a,0x27,0x4a,0x48,0x42,0x07,0x42,0x27,
    0x42,0x07,0x42,0x07,0x41,0xe6,0x4a,0x27,0x52,0x68,0x4a,0x27,0x4a,0x27,0x4a,0x27,0x4a,0x48,0x4a,0x48,0x42,0x07,0x4a,0x48,
    0x4a,0x27,0x4a,0x47,0x4a,0x48,0x52,0x89,0x42,0x07,0x4a,0x48,0x4a,0x47,0x4a,0x48,0x4a,0x47,0x42,0x07,0x4a,0x48,0x4a,0x47,
    0x4a,0x48,0x4a,0x27,0x4a,0x48,0x52,0x68,0x4a,0x27,0x4a,0x47,0x4a,0x47,0x52,0x88,0x52,0x68,0x52,0x68,0x52,0x68,0x4a,0x48,
    0x4a,0x47,0x4a,0x48,0x4a,0x47,0x62,0xc9,0x4a,0x47,0x5a,0x88,0x5a,0xa9,0x62,0xc9,0x52,0x68,0x5a,0x88,0x52,0x47,0x52,0x88,
    0x52,0x68,0x4a,0x27,0x42,0x07,0x4a,0x47,0x5a,0x88,0x4a,0x47,0x42,0x07,0x4a,0x47,0x5a,0xa9,0x52,0x48,0x52,0x68,0x4a,0x27,
    0x52,0x68,0x5a,0xa9,0x52,0x88,0x4a,0x27,0x4a,0x47,0x4a,0x47,0x52,0x48,0x52,0x68,0x4a,0x47,0x52,0x68,0x52,0x68,0x5a,0x88,
    0x4a,0x27,0x4a,0x47,0x5a,0xa9,0x5a,0xa9,0x52,0x68,0x42,0x27,0x4a,0x47,0x4a,0x27,0x52,0x68,0x42,0x07,0x42,0x06,0x4a,0x27,
    0x5a,0x88,0x5a,0xc9,0x4a,0x48,0x4a,0x07,0x52,0x88,0x52,0x68,0x5a,0x89,0x52,0x68,0x4a,0x48,0x52,0x68,0x52,0x88,0x52,0x68,
    0x42,0x07,0x42,0x07,0x4a,0x27,0x52,0x47,0x52,0x68,0x52,0x68,0x62,0xe9,0x52,0x68,0x52,0x48,0x52,0x68,0x52,0x88,0x4a,0x47,
    0x4a,0x27,0x4a,0x27,0x4a,0x47,0x5a,0xa9,0x52,0x68,0x52,0x47,0x4a,0x27,0x5a,0xa9,0x52,0x48,0x52,0x68,0x4a,0x27,0x63,0x0a,
    0x5a,0x88,0x52,0x68,0x52,0x88,0x62,0xc9,0x52,0x88,0x52,0x68,0x52,0x68,0x52,0x68,0x5a,0xa9,0x41,0xe6,0x39,0xc6,0x5a,0xc9,
    0x63,0x0a,0x6b,0x0a,0x5a,0xa9,0x62,0xc9,0x62,0xc9,0x62,0xc9,0x52,0x88,0x4a,0x07,0x52,0x48,0x4a,0x47,0x52,0x68,0x5a,0xa9,
    0x5a,0xa9,0x42,0x07,0x5a,0xa9,0x52,0x88,0x62,0xea,0x4a,0x27,0x52,0x88,0x62,0xca,0x5a,0xc9,0x52,0x68,0x52,0x88,0x5a,0xa9,
    0x62,0xea,0x5a,0x88,0x52,0x88,0x52,0x88,0x5a,0x89,0x5a,0xa9,0x52,0x89,0x4a,0x47,0x5a,0xa9,0x52,0x68,0x52,0x68,0x52,0x68,
    0x5a,0xa9,0x52,0x68,0x5a,0xc9,0x5a,0xa9,0x4a,0x48,0x52,0x88,0x5a,0xc9,0x52,0x68,0x52,0x68,0x5a,0xa9,0x5a,0xa9,0x5a,0xa9,
    0x52,0x68,0x5a,0xc9,0x52,0x88,0x4a,0x48,0x5a,0xa9,0x63,0x0a,0x4a,0x48,0x52,0x68,0x52,0x89,0x5a,0xa9,0x52,0x88,0x52,0x68,
    0x52,0x68,0x52,0x88,0x5a,0x89,0x52,0x88,0x4a,0x47,0x4a,0x48,0x52,0x88,0x5a,0xa9,0x52,0x68,0x4a,0x48,0x52,0x68,0x52,0x89,
    0x52,0x68,0x5a,0xa9,0x52,0x88,0x52,0x68,0x52,0x88,0x5a,0xa9,0x52,0x68,0x5a,0xc9,0x5a,0xa9,0x4a,0x48,0x52,0x88,0x41,0xe6,
    0x5a,0x89,0x4a,0x48,0x52,0x68,0x5a,0xa9,0x4a,0x47,0x52,0x68,0x5a,0xa9,0x5a,0xa9,0x5a,0x88,0x6b,0x2a,0x5a,0xa9,0x62,0xea,
    0x83,0xcd,0x4a,0x27,0x39,0xc6,0x52,0x68,0x42,0x06,0x39,0xc6,0x41,0xe6,0x4a,0x27,0x4a,0x27,0x42,0x06,0x42,0x07,0x4a,0x48,
    0x52,0x68,0x4a,0x27,0x4a,0x48,0x4a,0x47,0x52,0x68,0x5a,0xa9,0x4a,0x27,0x52,0x88,0x52,0x68,0x52,0x68,0x4a,0x27,0x52,0x68,
    0x4a,0x47,0x52,0x68,0x4a,0x27,0x39,0xe6,0x4a,0x27,0x52,0x68,0x52,0x68,0x42,0x07,0x5a,0xa9,0x52,0x68,0x4a,0x27,0x4a,0x48,
    0x4a,0x47,0x52,0x68,0x4a,0x48,0x52,0x68,0x39,0xc6,0x4a,0x47,0x52,0x68,0x5a,0x89,0x42,0x07,0x4a,0x27,0x5a,0xa9,0x5a,0xa9,
    0x52,0x68,0x52,0x89,0x4a,0x48,0x4a,0x27,0x4a,0x27,0x4a,0x47,0x42,0x07,0x42,0x07,0x52,0x68,0x42,0x07,0x42,0x07,0x4a,0x27,
    0x4a,0x27,0x4a,0x27,0x4a,0x27,0x41,0xe6,0x4a,0x27,0x5a,0xc9,0x4a,0x27,0x6b,0x0a,0x4a,0x27,0x62,0xea,0x5a,0xa9,0x52,0x88,
    0x52,0x88,0x62,0xc9,0x6b,0x4b,0x52,0x68,0x5a,0xa9,0x5a,0xa9,0x73,0x4b,0x52,0x89,0x5a,0x89,0x52,0x88,0x5a,0xa9,0x52,0x89,
    0x52,0x68,0x4a,0x48,0x4a,0x48,0x52,0x68,0x4a,0x47,0x4a,0x27,0x52,0x48,0x52,0x68,0x52,0x68,0x52,0x68,0x52,0x68,0x4a,0x27,
    0x5a,0x88,0x5a,0xa9,0x52,0x88,0x52,0x68,0x4a,0x27,0x52,0x48,0x52,0x68,0x6b,0x4b,0x52,0x68,0x5a,0xa9,0x52,0x88,0x62,0xca,
    0x4a,0x27,0x4a,0x47,0x52,0x48,0x52,0x88,0x42,0x07,0x4a,0x27,0x52,0x88,0x52,0x68,0x52,0x89,0x4a,0x27,0x4a,0x27,0x4a,0x27,
    0x5a,0xc9,0x42,0x27,0x4a,0x47,0x4a,0x27,0x5a,0xa9,0x5a,0xa9,0x52,0x68,0x52,0x68,0x42,0x07,0x39,0xe6,0x41,0xe6,0x42,0x07,
    0x4a,0x28,0x42,0x07,0x42,0x07,0x4a,0x27,0x52,0x68,0x4a,0x27,0x42,0x07,0x4a,0x27,0x52,0x48,0x4a,0x47,0x4a,0x27,0x42,0x07,
    0x4a,0x27,0x5a,0x89,0x52,0x68,0x4a,0x68,0x4a,0x27,0x52,0x88,0x42,0x27,0x4a,0x48,0x52,0x68,0x4a,0x27,0x39,0xa6,0x52,0x68,
    0x42,0x07,0x39,0xe6,0x42,0x07,0x4a,0x27,0x4a,0x07,0x4a,0x27,0x52,0x68,0x4a,0x68,0x4a,0x48,0x4a,0x27,0x52,0x68,0x5a,0xa9,
    0x4a,0x48,0x52,0x48,0x5a,0x88,0x5a,0x88,0x4a,0x27,0x5a,0xa8,0x5a,0xa8,0x62,0xe9,0x4a,0x27,0x52,0x68,0x52,0x89,0x52,0x68,
    0x52,0x88,0x52,0x88,0x52,0x68,0x5a,0xa9,0x6b,0x0a,0x5a,0xa9,0x5a,0xa9,0x52,0x89,0x5a,0xa9,0x52,0x68,0x5a,0xa9,0x5a,0xa9,
    0x4a,0x47,0x4a,0x48,0x52,0x68,0x52,0x47,0x5a,0xa9,0x4a,0x48,0x4a,0x27,0x52,0x67,0x52,0x68,0x4a,0x47,0x41,0xe6,0x42,0x06,
    0x52,0x68,0x4a,0x27,0x52,0x68,0x4a,0x48,0x52,0x68,0x4a,0x47,0x52,0x47,0x62,0xe9,0x52,0x68,0x39,0xc6,0x4a,0x27,0x42,0x06,
    0x52,0x47,0x4a,0x27,0x42,0x06,0x42,0x06,0x42,0x07,0x52,0x47,0x4a,0x47,0x4a,0x27,0x5a,0x88,0x42,0x27,0x5a,0x88,0x5a,0xa9,
    0x4a,0x27,0x4a,0x27,0x6b,0x2a,0x62,0xea,0x4a,0x27,0x4a,0x47,0x5a,0xa9,0x52,0x88,0x4a,0x47,0x52,0x88,0x5a,0xa9,0x52,0x88,
    0x4a,0x27,0x4a,0x47,0x62,0xc9,0x52,0x88,0x4a,0x48,0x52,0x47,0x52,0x68,0x52,0x88,0x5a,0xc9,0x5a,0x88,0x4a,0x27,0x52,0x68,
    0x52,0x68,0x52,0x68,0x4a,0x47,0x4a,0x07,0x62,0xc9,0x52,0x68,0x4a,0x27,0x62,0xea,0x52,0x68,0x42,0x07,0x52,0x48,0x52,0x68,
    0x52,0x48,0x42,0x07,0x5a,0xa9,0x5a,0xa9,0x4a,0x27,0x52,0x88,0x62,0xea,0x52,0x68,0x4a,0x48,0x4a,0x47,0x4a,0x27,0x4a,0x27,
    0x52,0x48,0x4a,0x27,0x41,0xe6,0x5a,0x88,0x62,0xea,0x4a,0x27,0x41,0xe6,0x4a,0x27,0x73,0x6c,0x4a,0x48,0x39,0xc6,0x42,0x27,
    0x42,0x07,0x42,0x07,0x4a,0x27,0x4a,0x27,0x52,0x68,0x52,0x68,0x5a,0xa9,0x52,0x68,0x39,0xa5,0x39,0xc6,0x52,0x68,0x5a,0xc9,
    0x41,0xe6,0x42,0x07,0x52,0x68,0x4a,0x47,0x52,0x88,0x63,0x0a,0x39,0xc6,0x4a,0x27,0x4a,0x27,0x52,0x88,0x5a,0xa9,0x52,0x88,
    0x4a,0x27,0x52,0x68,0x62,0xea,0x63,0x0a,0x4a,0x07,0x52,0x88,0x4a,0x27,0x63,0x0a,0x5a,0xc9,0x52,0x68,0x5a,0xa9,0x41,0xe6,
    0x62,0xea,0x5a,0x88,0x4a,0x48,0x42,0x07,0x62,0xea,0x4a,0x48,0x52,0x68,0x41,0xe6,0x5a,0xa9,0x52,0x68,0x5a,0x89,0x4a,0x27,
    0x39,0xc6,0x52,0x88,0x4a,0x27,0x52,0x48,0x4a,0x47,0x4a,0x27,0x4a,0x47,0x42,0x07,0x4a,0x27,0x52,0x88,0x5a,0xc9,0x52,0x68,
    0x4a,0x48,0x52,0x68,0x52,0x48,0x4a,0x47,0x52,0x68,0x42,0x07,0x4a,0x27,0x4a,0x47,0x4a,0x27,0x4a,0x27,0x4a,0x48,0x42,0x07,
    0x4a,0x27,0x52,0x48,0x52,0x68,0x4a,0x48,0x52,0x68,0x52,0x68,0x4a,0x27,0x5a,0xa9,0x4a,0x27,0x52,0x89,0x52,0x89,0x52,0x68,
    0x4a,0x27,0x4a,0x47,0x5a,0x89,0x52,0x88,0x42,0x07,0x4a,0x27,0x52,0x68,0x52,0x68,0x4a,0x48,0x52,0x68,0x42,0x07,0x4a,0x27,
    0x52,0x48,0x4a,0x47,0x42,0x07,0x42,0x07,0x41,0xe6,0x41,0xe6,0x4a,0x27,0x4a,0x27,0x42,0x07,0x41,0xe6,0x4a,0x27,0x4a,0x27,
    0x4a,0x07,0x41,0xe6,0x4a,0x27,0x4a,0x27,0x42,0x07,0x39,0xc6,0x42,0x07,0x4a,0x48,0x4a,0x27,0x41,0xe6,0x42,0x27,0x4a,0x27,
    0x42,0x07,0x4a,0x27,0x4a,0x27,0x42,0x07,0x42,0x07,0x4a,0x27,0x4a,0x48,0x4a,0x48,0x4a,0x27,0x42,0x07,0x4a,0x27,0x4a,0x27,
    0x39,0xc6,0x42,0x07,0x42,0x07,0x41,0xe6,0x4a,0x27,0x42,0x27,0x4a,0x27,0x41,0xe7,0x42,0x07,0x4a,0x27,0x4a,0x48,0x42,0x07,
    0x42,0x07,0x52,0x68,0x52,0x68,0x52,0x68,0x4a,0x48,0x4a,0x48,0x5a,0xc9,0x6b,0x0a,0x52,0x68,0x4a,0x48,0x52,0x48,0x4a,0x48,
    0x52,0x48,0x5a,0x89,0x62,0xca,0x4a,0x27,0x4a,0x48,0x4a,0x48,0x52,0x48,0x4a,0x27,0x62,0xc9,0x62,0xea,0x52,0x68,0x52,0x68,
    0x5a,0xc9,0x52,0x68,0x52,0x89,0x52,0x68,0x4a,0x48,0x4a,0x47,0x52,0x68,0x52,0x68,0x4a,0x27,0x4a,0x27,0x4a,0x47,0x52,0x88,
    0x4a,0x27,0x4a,0x48,0x4a,0x47,0x52,0x48,0x62,0xe9,0x52,0x68,0x42,0x07,0x4a,0x27,0x5a,0xa9,0x5a,0xc9,0x4a,0x48,0x5a,0xa9,
    0x52,0x68,0x52,0x88,0x5a,0xc9,0x5a,0xc9,0x4a,0x48,0x4a,0x47,0x4a,0x27,0x52,0x88,0x4a,0x48,0x5a,0xa9,0x52,0x68,0x52,0x68,
    0x62,0xc9,0x62,0xc9,0x5a,0x88,0x4a,0x47,0x5a,0xc9,0x5a,0xa9,0x52,0x68,0x5a,0xa9,0x5a,0xa9,0x5a,0xa9,0x52,0x68,0x52,0x68,
    0x62,0xc9,0x4a,0x47,0x5a,0xa9,0x5a,0xa9,0x62,0xe9,0x52,0x68,0x6b,0x0a,0x62,0xea,0x62,0xea,0x6b,0x2b,0x31,0x85,0x42,0x07,
    0x5a,0xa9,0x52,0x68,0x4a,0x47,0x42,0x07,0x62,0xea,0x6b,0x0a,0x5a,0xa9,0x4a,0x27,0x6a,0xea,0x5a,0xa9,0x6b,0x2b,0x52,0x68,
    0x5a,0xc9,0x6b,0x2a,0x5a,0x88,0x52,0x88,0x4a,0x27,0x62,0xea,0x5a,0x88,0x5a,0xa8,0x52,0x68,0x5a,0xa9,0x6b,0x2a,0x62,0xe9,
    0x4a,0x27,0x4a,0x27,0x6b,0x0a,0x62,0xea,0x62,0xea,0x52,0x89,0x4a,0x27,0x4a,0x48,0x6b,0x0a,0x4a,0x27,0x42,0x07,0x4a,0x27,
    0x62,0xea,0x4a,0x27,0x4a,0x47,0x52,0x68,0x4a,0x27,0x39,0xe6,0x41,0xe6,0x62,0xca,0x52,0x68,0x52,0x88,0x52,0x89,0x5a,0xa9,
    0x42,0x07,0x52,0x68,0x5a,0xa9,0x5a,0xa9,0x5a,0x88,0x52,0x68,0x52,0x68,0x52,0x88,0x52,0x68,0x4a,0x48,0x52,0x68,0x5a,0xa9,
    0x41,0xe6,0x5a,0x89,0x5a,0x88,0x4a,0x48,0x6b,0x2b,0x5a,0xa9,0x52,0x89,0x52,0x68,0x52,0x68,0x5a,0xa9,0x52,0x88,0x5a,0xc9,
    0x5a,0xa9,0x5a,0x89,0x4a,0x48,0x42,0x07,0x39,0xe6,0x42,0x07,0x4a,0x48,0x4a,0x27,0x4a,0x27,0x4a,0x27,0x4a,0x48,0x4a,0x27,
    0x5a,0xa9,0x4a,0x47,0x42,0x07,0x39,0xc6,0x5a,0xa9,0x4a,0x27,0x42,0x07,0x4a,0x07,0x6b,0x2b,0x62,0xea,0x6b,0x0b,0x83,0xcd,
    0x5a,0xa9,0x73,0x4c,0x63,0x0a,0x52,0x89,0x42,0x27,0x42,0x07,0x42,0x07,0x41,0xe6,0x4a,0x27,0x4a,0x27,0x41,0xe6,0x4a,0x27,
    0x62,0xea,0x42,0x27,0x52,0x68,0x52,0x68,0x63,0x0b,0x52,0x88,0x4a,0x48,0x52,0x68,0x5a,0x89,0x5a,0xca,0x31,0x85,0x41,0xe6,
    0x4a,0x48,0x62,0xca,0x5a,0xa9,0x5a,0xa9,0x4a,0x27,0x52,0x88,0x4a,0x47,0x52,0x88,0x5a,0xa9,0x5a,0xa9,0x5a,0x89,0x4a,0x48,
    0x52,0x88,0x62,0xea,0x73,0x4c,0x5a,0xca,0x4a,0x27,0x4a,0x47,0x63,0x0a,0x52,0x68,0x62,0xca,0x52,0x89,0x52,0x48,0x52,0x68,
    0x4a,0x27,0x5a,0x89,0x4a,0x48,0x62,0xc9,0x4a,0x27,0x4a,0x47,0x4a,0x27,0x5a,0x89,0x62,0xea,0x5a,0x88,0x4a,0x27,0x52,0x68,
    0x52,0x68,0x52,0x88,0x4a,0x47,0x52,0x68,0x5a,0xc9,0x5a,0xc9,0x52,0x48,0x52,0x88,0x5a,0xa9,0x6b,0x0a,0x5a,0x88,0x5a,0xc9,
    0x63,0x0a,0x5a,0xa8,0x5a,0x88,0x5a,0xa9,0x52,0x47,0x4a,0x27,0x42,0x07,0x42,0x07,0x5a,0xa8,0x4a,0x47,0x52,0x68,0x42,0x06,
    0x6b,0x0a,0x5a,0x89,0x52,0x68,0x4a,0x27,0x5a,0xa9,0x5a,0xc9,0x52,0x68,0x4a,0x27,0x4a,0x07,0x4a,0x27,0x4a,0x47,0x4a,0x47,
    0x4a,0x47,0x4a,0x27,0x41,0xe6,0x39,0xe6,0x52,0x47,0x4a,0x27,0x31,0xa5,0x39,0xc6,0x4a,0x06,0x42,0x07,0x39,0xc6,0x42,0x06,
    0x4a,0x27,0x52,0x67,0x52,0x48,0x4a,0x48,0x42,0x06,0x4a,0x07,0x39,0xc6,0x52,0x48,0x39,0xc6,0x39,0xc6,0x41,0xe6,0x42,0x07,
    0x42,0x07,0x39,0xc6,0x42,0x06,0x39,0xc6,0x52,0x68,0x41,0xe6,0x4a,0x47,0x42,0x07,0x52,0x88,0x4a,0x27,0x4a,0x27,0x41,0xe6,
    0x52,0x68,0x4a,0x27,0x41,0xe6,0x42,0x07,0x4a,0x27,0x4a,0x48,0x42,0x07,0x4a,0x27,0x4a,0x48,0x4a,0x27,0x41,0xe6,0x39,0xc6,
    0x52,0x68,0x4a,0x47,0x41,0xe6,0x4a,0x27,0x4a,0x27,0x42,0x07,0x41,0xe6,0x4a,0x48,0x42,0x07,0x4a,0x27,0x42,0x07,0x4a,0x47,
    0x42,0x07,0x4a,0x47,0x42,0x07,0x4a,0x48,0x52,0x68,0x4a,0x27,0x4a,0x27,0x4a,0x48,0x52,0x68,0x52,0x68,0x52,0x68,0x4a,0x48,
    0x52,0x88,0x4a,0x27,0x4a,0x48,0x42,0x07,0x42,0x07,0x39,0xc6,0x42,0x07,0x4a,0x27,0x41,0xe6,0x4a,0x27,0x4a,0x47,0x42,0x07,
    0x4a,0x47,0x4a,0x48,0x39,0xa6,0x42,0x07,0x52,0x88,0x4a,0x48,0x42,0x07,0x42,0x07,0x5a,0xa9,0x52,0x68,0x4a,0x48,0x4a,0x48,
    0x62,0xea,0x4a,0x48,0x4a,0x48,0x52,0x48,0x5a,0x89,0x52,0x88,0x52,0x68,0x52,0x88,0x4a,0x48,0x52,0x68,0x52,0x68,0x62,0xc9,
    0x52,0x68,0x4a,0x47,0x52,0x68,0x4a,0x47,0x52,0x68,0x52,0x48,0x5a,0xa9,0x52,0x88,0x5a,0x89,0x52,0x88,0x5a,0xa9,0x4a,0x48,
    0x5a,0xa9,0x62,0xc9,0x5a,0xc9,0x4a,0x27,0x4a,0x27,0x4a,0x27,0x4a,0x47,0x52,0x68,0x4a,0x27,0x4a,0x47,0x4a,0x47,0x4a,0x27,
    0x4a,0x47,0x52,0x67,0x52,0x88,0x4a,0x47,0x4a,0x47,0x4a,0x47,0x52,0x68,0x52,0x68,0x4a,0x47,0x4a,0x27,0x4a,0x47,0x4a,0x47,
    0x52,0x47,0x52,0x88,0x5a,0xa9,0x5a,0x88,0x5a,0xa9,0x5a,0x88,0x5a,0xa9,0x62,0xc9,0x52,0x88,0x5a,0xa9,0x52,0x68,0x52,0x88,
    0x4a,0x27,0x52,0x88,0x4a,0x27,0x4a,0x27,0x5a,0x88,0x52,0x68,0x4a,0x47,0x4a,0x07,0x4a,0x47,0x4a,0x47,0x4a,0x47,0x4a,0x47,
    0x4a,0x47,0x4a,0x27,0x4a,0x27,0x4a,0x27,0x42,0x07,0x4a,0x27,0x4a,0x27,0x4a,0x27,0x4a,0x27,0x4a,0x27,0x4a,0x27,0x4a,0x27,
    0x4a,0x47,0x42,0x07,0x4a,0x27,0x52,0x68,0x52,0x68,0x52,0x88,0x4a,0x47,0x4a,0x47,0x52,0x67,0x4a,0x27,0x6b,0x09,0x52,0x47,
    0x42,0x07,0x4a,0x27,0x6b,0x0a,0x6a,0xe9,0x42,0x07,0x42,0x07,0x4a,0x27,0x42,0x06,0x4a,0x27,0x4a,0x48,0x52,0x88,0x4a,0x47,
    0x6b,0x09,0x5a,0x88,0x4a,0x27,0x5a,0xa9,0x4a,0x47,0x52,0x47,0x5a,0x88,0x62,0xc9,0x41,0xe6,0x42,0x07,0x52,0x68,0x7b,0x8c,
    0x42,0x07,0x39,0xe6,0x4a,0x47,0x52,0x89,0x62,0xc9,0x52,0x68,0x4a,0x27,0x4a,0x27,0x62,0xa8,0x5a,0x88,0x52,0x48,0x4a,0x27,
    0x5a,0xa8,0x5a,0x88,0x5a,0x88,0x52,0x68,0x62,0xea,0x5a,0xc9,0x52,0x88,0x52,0x48,0x4a,0x48,0x52,0x68,0x52,0x68,0x52,0x68,
    0x4a,0x27,0x4a,0x27,0x52,0x68,0x5a,0xa9,0x4a,0x47,0x4a,0x27,0x4a,0x47,0x52,0x68,0x52,0x68,0x4a,0x48,0x4a,0x68,0x52,0x89,
    0x5a,0xa9,0x62,0xca,0x4a,0x48,0x5a,0xa9,0x5a,0xa9,0x5a,0xa9,0x4a,0x48,0x52,0x88,0x5a,0xa9,0x52,0x68,0x5a,0xa9,0x63,0x0a,
    0x5a,0xc9,0x52,0x68,0x5a,0xa9,0x63,0x0a,0x52,0x89,0x52,0x68,0x5a,0xa9,0x52,0x68,0x5a,0xa9,0x52,0x89,0x5a,0xa9,0x5a,0xa9,
    0x52,0x88,0x5a,0xa9,0x6b,0x2b,0x52,0x68,0x4a,0x28,0x5a,0xa9,0x62,0xea,0x4a,0x48,0x4a,0x48,0x52,0x68,0x52,0x68,0x73,0x6c,
    0x52,0x88,0x5a,0xa9,0x52,0x88,0x63,0x0a,0x52,0x88,0x62,0xc9,0x5a,0xa9,0x5a,0x89,0x52,0x68,0x5a,0x88,0x4a,0x27,0x42,0x06,
    0x4a,0x47,0x52,0x68,0x52,0x47,0x62,0xe9,0x52,0x68,0x52,0x88,0x5a,0x88,0x62,0xa8,0x52,0x89,0x52,0x68,0x5a,0x89,0x52,0x88,
    0x4a,0x27,0x4a,0x48,0x52,0x68,0x4a,0x47,0x52,0x68,0x52,0x68,0x5a,0x89,0x4a,0x48,0x52,0x68,0x52,0x68,0x52,0x68,0x52,0x68,
    0x52,0x68,0x4a,0x47,0x4a,0x27,0x52,0x48,0x52,0x47,0x52,0x88,0x4a,0x27,0x52,0x68,0x52,0x88,0x4a,0x47,0x5a,0xa9,0x52,0x68,
    0x5a,0xa9,0x42,0x07,0x4a,0x47,0x4a,0x47,0x52,0x89,0x52,0x48,0x4a,0x47,0x52,0x68,0x52,0x68,0x4a,0x47,0x4a,0x47,0x62,0xca,
    0x42,0x07,0x52,0x68,0x5a,0xa9,0x52,0x88,0x52,0x68,0x5a,0x89,0x4a,0x47,0x52,0x88,0x52,0x68,0x52,0x68,0x4a,0x27,0x4a,0x48,
    0x5a,0xa9,0x5a,0xc9,0x5a,0xa9,0x52,0x68,0x4a,0x27,0x4a,0x27,0x42,0x07,0x52,0x88,0x52,0x68,0x52,0x68,0x4a,0x48,0x52,0x89,
    0x62,0xca,0x52,0x89,0x52,0x68,0x52,0x89,0x4a,0x48,0x52,0x89,0x5a,0xa9,0x52,0x68,0x4a,0x48,0x4a,0x47,0x62,0xea,0x62,0xc9,
    0x52,0x68,0x52,0x68,0x52,0x68,0x52,0x68,0x4a,0x27,0x52,0x47,0x5a,0xa9,0x5a,0xa9,0x52,0x68,0x52,0x88,0x5a,0xa8,0x73,0x4b,
    0x62,0xc9,0x62,0xea,0x5a,0xa9,0x4a,0x27,0x4a,0x48,0x52,0x68,0x5a,0xa9,0x5a,0x89,0x4a,0x48,0x52,0x68,0x5a,0xa9,0x52,0x68,
    0x52,0x88,0x52,0x68,0x5a,0xa9,0x52,0x48,0x4a,0x48,0x4a,0x48,0x41,0xe6,0x5a,0xa9,0x4a,0x27,0x52,0x68,0x4a,0x48,0x5a,0xa9,
    0x42,0x07,0x4a,0x48,0x52,0x68,0x4a,0x27,0x4a,0x47,0x52,0x68,0x4a,0x27,0x4a,0x27,0x5a,0x88,0x52,0x68,0x5a,0xa9,0x5a,0x88,
    0x52,0x68,0x52,0x68,0x5a,0xa9,0x62,0xc9,0x4a,0x27,0x52,0x68,0x4a,0x48,0x4a,0x47,0x52,0x48,0x5a,0xa9,0x52,0x68,0x4a,0x48,
    0x4a,0x47,0x4a,0x48,0x52,0x68,0x42,0x27,0x4a,0x47,0x52,0x88,0x4a,0x48,0x42,0x07,0x5a,0xa9,0x52,0x48,0x4a,0x47,0x42,0x07,
    0x4a,0x47,0x52,0x68,0x4a,0x47,0x41,0xe6,0x42,0x07,0x39,0xe6,0x42,0x07,0x4a,0x27,0x42,0x07,0x4a,0x27,0x42,0x07,0x4a,0x48,
    0x42,0x07,0x42,0x07,0x41,0xe6,0x4a,0x27,0x42,0x07,0x42,0x07,0x4a,0x47,0x52,0x88,0x52,0x68,0x5a,0xa8,0x6b,0x0a,0x5a,0xa9,
    0x4a,0x47,0x6b,0x0a,0x5a,0x88,0x4a,0x27,0x52,0x68,0x52,0x68,0x4a,0x47,0x52,0x47,0x4a,0x27,0x42,0x07,0x5a,0xa9,0x5a,0xa9,
    0x4a,0x27,0x42,0x06,0x5a,0xa8,0x52,0x68,0x62,0xc9,0x73,0x4b,0x62,0xc9,0x5a,0xc9,0x62,0xea,0x5a,0xa9,0x4a,0x27,0x52,0x88,
    0x73,0x4b,0x62,0xea,0x52,0x68,0x52,0x68,0x42,0x07,0x4a,0x47,0x52,0x68,0x52,0x48,0x4a,0x48,0x52,0x48,0x52,0x89,0x52,0x89,
    0x4a,0x48,0x52,0x48,0x4a,0x48,0x4a,0x48,0x4a,0x27,0x4a,0x27,0x52,0x68,0x42,0x27,0x4a,0x47,0x4a,0x27,0x52,0x68,0x4a,0x48,
    0x4a,0x47,0x4a,0x47,0x4a,0x27,0x4a,0x48,0x4a,0x47,0x42,0x07,0x4a,0x27,0x52,0x68,0x4a,0x48,0x4a,0x27,0x4a,0x48,0x52,0x68,
    0x52,0x68,0x5a,0xa9,0x52,0x68,0x52,0x68,0x4a,0x47,0x52,0x88,0x52,0x68,0x5a,0xa9,0x4a,0x27,0x52,0x88,0x52,0x89,0x5a,0xa9,
    0x52,0x68,0x52,0x68,0x52,0x68,0x42,0x07,0x4a,0x27,0x5a,0x88,0x52,0x68,0x4a,0x27,0x42,0x07,0x4a,0x47,0x42,0x07,0x52,0x88,
    0x4a,0x48,0x4a,0x47,0x4a,0x27,0x52,0x68,0x52,0x48,0x4a,0x47,0x4a,0x48,0x4a,0x27,0x42,0x07,0x6b,0x0a,0x5a,0x88,0x52,0x68,
    0x4a,0x27,0x6b,0x2a,0x73,0x4b,0x62,0xc9,0x42,0x06,0x4a,0x27,0x52,0x48,0x62,0xca,0x52,0x88,0x52,0x68,0x4a,0x27,0x52,0x68,
    0x5a,0xa9,0x4a,0x48,0x41,0xe6,0x52,0x68,0x52,0x68,0x52,0x68,0x4a,0x47,0x52,0x88,0x5a,0x89,0x5a,0xc9,0x52,0x48,0x4a,0x48,
    0x52,0x88,0x52,0x68,0x52,0x89,0x42,0x27,0x4a,0x27,0x52,0x48,0x4a,0x47,0x4a,0x47,0x52,0x68,0x73,0x4b,0x73,0x4c,0x6b,0x0a,
    0x52,0x68,0x6b,0x4b,0x52,0x89,0x62,0xea,0x4a,0x48,0x5a,0xc9,0x62,0xea,0x5a,0xc9,0x52,0x68,0x5a,0x89,0x4a,0x47,0x52,0x88,
    0x6b,0x2b,0x5a,0xa9,0x52,0x68,0x4a,0x47,0x6b,0x4b,0x63,0x0a,0x5a,0x89,0x4a,0x27,0x62,0xca,0x7b,0x8c,0x6b,0x0a,0x52,0x88,
    0x5a,0xa9,0x52,0x88,0x4a,0x48,0x52,0x88,0x4a,0x47,0x52,0x68,0x52,0x68,0x5a,0xa9,0x42,0x06,0x52,0x68,0x52,0x68,0x4a,0x47,
    0x4a,0x47,0x52,0x68,0x4a,0x27,0x42,0x07,0x52,0x68,0x4a,0x47,0x4a,0x47,0x4a,0x47,0x5a,0x88,0x5a,0xa9,0x5a,0xa9,0x4a,0x47,
    0x4a,0x27,0x4a,0x27,0x4a,0x27,0x42,0x06,0x42,0x07,0x4a,0x47,0x4a,0x27,0x52,0x68,0x5a,0xa9,0x5a,0xa9,0x4a,0x48,0x52,0x88,
    0x62,0xea,0x5a,0xa9,0x52,0x68,0x4a,0x47,0x52,0x68,0x52,0x68,0x52,0x89,0x52,0x68,0x4a,0x47,0x42,0x07,0x4a,0x27,0x42,0x07,
    0x52,0x68,0x4a,0x27,0x4a,0x27,0x42,0x27,0x52,0x68,0x39,0xc6,0x42,0x07,0x52,0x68,0x52,0x68,0x39,0xe6,0x41,0xe6,0x4a,0x48,
    0x4a,0x47,0x4a,0x48,0x42,0x07,0x52,0x68,0x42,0x07,0x4a,0x07,0x42,0x07,0x4a,0x27,0x4a,0x27,0x52,0x68,0x62,0xca,0x52,0x68,
    0x4a,0x27,0x5a,0xa9,0x6b,0x0b,0x5a,0xa9,0x52,0x68,0x5a,0xa9,0x52,0x68,0x5a,0x89,0x4a,0x27,0x4a,0x48,0x4a,0x48,0x4a,0x27,
    0x4a,0x27,0x42,0x07,0x4a,0x27,0x4a,0x27,0x52,0x68,0x4a,0x47,0x4a,0x27,0x52,0x48,0x6b,0x2b,0x52,0x88,0x4a,0x27,0x4a,0x47,
    0x4a,0x48,0x4a,0x27,0x42,0x27,0x4a,0x47,0x42,0x07,0x4a,0x27,0x4a,0x27,0x52,0x68,0x4a,0x27,0x52,0x88,0x52,0x68,0x5a,0xca,
    0x4a,0x47,0x52,0x68,0x52,0x68,0x4a,0x47,0x52,0x88,0x62,0xea,0x52,0x68,0x52,0x88,0x4a,0x48,0x52,0x68,0x52,0x68,0x4a,0x48,
    0x52,0x88,0x52,0x68,0x52,0x88,0x4a,0x48,0x4a,0x47,0x4a,0x47,0x52,0x47,0x52,0x68,0x5a,0x89,0x52,0x88,0x4a,0x48,0x52,0x68,
    0x4a,0x47,0x4a,0x48,0x4a,0x27,0x42,0x07,0x4a,0x48,0x52,0x68,0x4a,0x47,0x39,0xc6,0x52,0x88,0x52,0x68,0x4a,0x27,0x42,0x07,
    0x42,0x07,0x42,0x07,0x4a,0x27,0x52,0x68,0x42,0x27,0x52,0x68,0x52,0x68,0x5a,0xa9,0x42,0x07,0x4a,0x47,0x62,0xc9,0x6b,0x0a,
    0x42,0x07,0x42,0x06,0x4a,0x47,0x5a,0xa9,0x52,0x68,0x52,0x68,0x5a,0x88,0x62,0xc9,0x52,0x68,0x5a,0xa9,0x5a,0xa9,0x52,0x68,
    0x62,0xea,0x52,0x68,0x42,0x07,0x42,0x27,0x62,0xea,0x5a,0x88,0x4a,0x48,0x41,0xe6,0x5a,0xa9,0x7b,0x8d,0x6b,0x2b,0x6b,0x4b,
    0x52,0x68,0x6b,0x2b,0x73,0x4b,0x62,0xea,0x42,0x07,0x4a,0x27,0x39,0xc6,0x52,0x68,0x39,0xe6,0x52,0x68,0x52,0x88,0x4a,0x47,
    0x73,0x4b,0x52,0x48,0x6b,0x0a,0x5a,0xa9,0x7b,0x8c,0x6b,0x2b,0x52,0x88,0x42,0x06,0x5a,0xa9,0x63,0x0a,0x4a,0x27,0x52,0x88,
    0x52,0x89,0x4a,0x48,0x52,0x48,0x62,0xea,0x4a,0x27,0x4a,0x48,0x6a,0xea,0x4a,0x48,0x52,0x68,0x52,0x68,0x5a,0xa9,0x4a,0x48,
    0x52,0x88,0x52,0x68,0x52,0x88,0x52,0x88,0x4a,0x48,0x5a,0xa9,0x52,0x88,0x4a,0x27,0x52,0x68,0x42,0x07,0x39,0xc6,0x5a,0xa9,
    0x4a,0x48,0x4a,0x48,0x39,0xe6,0x52,0x88,0x4a,0x27,0x4a,0x47,0x52,0x68,0x52,0x88,0x4a,0x48,0x42,0x07,0x4a,0x48,0x52,0x48,
    0x5a,0xa9,0x4a,0x47,0x4a,0x48,0x52,0x68,0x6b,0x4b,0x5a,0xa9,0x41,0xe6,0x42,0x07,0x52,0x68,0x73,0x4b,0x52,0x68,0x4a,0x27,
    0x4a,0x27,0x42,0x07,0x52,0x68,0x4a,0x47,0x52,0x88,0x4a,0x27,0x4a,0x48,0x4a,0x27,0x4a,0x48,0x62,0xea,0x5a,0xa9,0x4a,0x48,
    0x4a,0x48,0x5a,0x89,0x62,0xea,0x52,0x89,0x4a,0x48,0x52,0x68,0x4a,0x27,0x5a,0xc9,0x5a,0xa9,0x42,0x07,0x41,0xe7,0x4a,0x27,
    0x4a,0x27,0x41,0xe6,0x41,0xe7,0x4a,0x48,0x42,0x27,0x52,0x68,0x4a,0x27,0x42,0x07,0x5a,0x89,0x52,0x68,0x4a,0x47,0x4a,0x27,
    0x4a,0x27,0x42,0x27,0x4a,0x28,0x4a,0x27,0x42,0x07,0x42,0x07,0x42,0x07,0x4a,0x27,0x42,0x07,0x42,0x07,0x42,0x07,0x52,0x68,
    0x4a,0x48,0x42,0x07,0x42,0x07,0x52,0x89,0x52,0x68,0x4a,0x27,0x5a,0xa9,0x52,0x89,0x4a,0x48,0x4a,0x48,0x4a,0x27,0x42,0x07,
    0x52,0x68,0x41,0xe6,0x41,0xe6,0x41,0xe6,0x52,0x68,0x42,0x07,0x52,0x68,0x4a,0x27,0x42,0x07,0x39,0xc6,0x6b,0x4b,0x5a,0xca,
    0x42,0x07,0x4a,0x27,0x4a,0x28,0x42,0x27,0x5a,0xa9,0x5a,0xa9,0x4a,0x27,0x42,0x07,0x52,0x88,0x5a,0xa9,0x52,0x68,0x4a,0x27,
    0x5a,0xa9,0x62,0xea,0x52,0x68,0x62,0xca,0x5a,0xca,0x5a,0xa9,0x4a,0x48,0x52,0x68,0x4a,0x48,0x52,0x88,0x4a,0x27,0x4a,0x47,
    0x4a,0x27,0x5a,0xc9,0x4a,0x27,0x52,0x68,0x7b,0x8c,0x6b,0x0a,0x52,0x68,0x52,0x88,0x62,0xc9,0x6b,0x2b,0x4a,0x47,0x52,0x68,
    0x5a,0x88,0x62,0xc9,0x6b,0x2b,0x7b,0x8c,0x5a,0xa9,0x5a,0xa9,0x6b,0x4b,0x73,0x6c,0x6b,0x4b,0x5a,0x88,0x52,0x68,0x52,0x47,
    0x62,0xea,0x62,0xea,0x52,0x88,0x52,0x68,0x6b,0x0a,0x62,0xc9,0x52,0x68,0x42,0x07,0x62,0xea,0x63,0x0a,0x52,0x88,0x41,0xe6,
    0x41,0xe6,0x52,0x68,0x4a,0x07,0x42,0x06,0x4a,0x27,0x4a,0x27,0x4a,0x47,0x42,0x06,0x42,0x06,0x42,0x06,0x4a,0x27,0x4a,0x27,
    0x42,0x06,0x4a,0x06,0x4a,0x27,0x4a,0x07,0x4a,0x47,0x39,0xc6,0x41,0xe6,0x41,0xe6,0x52,0x47,0x41,0xe6,0x39,0xc6,0x42,0x07,
    0x4a,0x47,0x4a,0x27,0x39,0xc6,0x39,0xc6,0x52,0x68,0x52,0x68,0x39,0xa5,0x41,0xe6,0x42,0x27,0x42,0x07,0x4a,0x47,0x4a,0x48,
    0x42,0x07,0x4a,0x27,0x42,0x07,0x52,0x68,0x4a,0x27,0x4a,0x47,0x4a,0x48,0x4a,0x27,0x41,0xe6,0x42,0x07,0x4a,0x47,0x4a,0x48,
    0x52,0x68,0x52,0x68,0x42,0x07,0x4a,0x27,0x4a,0x27,0x4a,0x48,0x52,0x48,0x42,0x07,0x42,0x27,0x4a,0x47,0x42,0x07,0x4a,0x47,
    0x4a,0x48,0x41,0xe6,0x41,0xe7,0x4a,0x48,0x41,0xe6,0x42,0x07,0x42,0x07,0x42,0x07,0x4a,0x27,0x42,0x07,0x42,0x07,0x41,0xe6,
    0x42,0x07,0x42,0x07,0x39,0xc6,0x42,0x07,0x4a,0x48,0x4a,0x27,0x4a,0x27,0x52,0x68,0x4a,0x48,0x52,0x88,0x4a,0x27,0x4a,0x27,
    0x4a,0x27,0x52,0x48,0x4a,0x27,0x42,0x06,0x41,0xe6,0x42,0x07,0x42,0x06,0x39,0xc6,0x42,0x06,0x4a,0x27,0x4a,0x48,0x41,0xe6,
    0x52,0x88,0x52,0x89,0x52,0x68,0x4a,0x48,0x4a,0x27,0x42,0x07,0x52,0x88,0x4a,0x27,0x41,0xe6,0x4a,0x27,0x4a,0x47,0x52,0x88,
    0x42,0x07,0x4a,0x48,0x41,0xe6,0x4a,0x47,0x52,0x68,0x5a,0xc9,0x4a,0x27,0x52,0x48,0x52,0x68,0x52,0x88,0x4a,0x27,0x5a,0xa9,
    0x52,0x48,0x5a,0x89,0x5a,0xc9,0x52,0x48,0x4a,0x48,0x4a,0x47,0x52,0x68,0x5a,0x88,0x52,0x68,0x52,0x68,0x52,0x88,0x52,0x47,
    0x52,0x88,0x52,0x88,0x62,0xc9,0x52,0x88,0x5a,0xa8,0x5a,0xc9,0x52,0x88,0x52,0x88,0x62,0xc9,0x5a,0x88,0x4a,0x47,0x5a,0xa8,
    0x5a,0xa8,0x62,0xe9,0x52,0x48,0x4a,0x47,0x5a,0x88,0x52,0x68,0x4a,0x47,0x4a,0x27,0x62,0xc9,0x52,0x68,0x4a,0x47,0x5a,0x88,
    0x62,0xe9,0x52,0x68,0x4a,0x47,0x5a,0x88,0x4a,0x27,0x4a,0x27,0x4a,0x27,0x52,0x68,0x52,0x68,0x4a,0x47,0x4a,0x47,0x4a,0x47,
    0x5a,0x88,0x5a,0x88,0x5a,0xa9,0x52,0x68,0x62,0xc9,0x5a,0x88,0x5a,0x88,0x52,0x68,0x52,0x68,0x5a,0xa9,0x4a,0x27,0x4a,0x27,
    0x4a,0x27,0x4a,0x48,0x52,0x88,0x5a,0xa9,0x52,0x88,0x4a,0x27,0x4a,0x27,0x5a,0x88,0x5a,0xa9,0x4a,0x27,0x42,0x07,0x4a,0x27,
    0x4a,0x47,0x4a,0x27,0x52,0x68,0x4a,0x47,0x52,0x68,0x4a,0x27,0x4a,0x27,0x52,0x68,0x4a,0x27,0x4a,0x27,0x4a,0x47,0x52,0x68,
    0x42,0x07,0x4a,0x07,0x52,0x68,0x52,0x68,0x4a,0x47,0x52,0x47,0x52,0x68,0x5a,0x89,0x5a,0xc9,0x52,0x47,0x5a,0xa8,0x5a,0xa8,
    0x63,0x0a,0x42,0x27,0x52,0x89,0x62,0xc9,0x5a,0x89,0x5a,0xa9,0x5a,0xc9,0x62,0xc9,0x5a,0xa9,0x4a,0x47,0x52,0x68,0x52,0x68,
    0x5a,0x88,0x41,0xe6,0x5a,0xa9,0x52,0x88,0x5a,0xa8,0x62,0xc9,0x62,0xc9,0x52,0x48,0x52,0x47,0x52,0x68,0x52,0x47,0x4a,0x27,
    0x4a,0x27,0x52,0x68,0x52,0x68,0x4a,0x48,0x42,0x07,0x4a,0x48,0x52,0x68,0x4a,0x27,0x4a,0x27,0x4a,0x47,0x4a,0x48,0x52,0x68,
    0x4a,0x27,0x4a,0x27,0x4a,0x27,0x52,0x68,0x4a,0x48,0x52,0x68,0x5a,0xa9,0x52,0x89,0x4a,0x48,0x52,0x68,0x5a,0xa9,0x62,0xea,
    0x5a,0x88,0x52,0x88,0x5a,0x89,0x6b,0x0b,0x52,0x68,0x5a,0x89,0x52,0x88,0x5a,0xa9,0x52,0x88,0x52,0x89,0x52,0x89,0x52,0x68,
    0x5a,0xa9,0x5a,0xa9,0x5a,0xa9,0x5a,0xca,0x62,0xea,0x5a,0x89,0x5a,0xa9,0x6b,0x2b,0x62,0xca,0x5a,0xc9,0x62,0xea,0x52,0x88,
    0x4a,0x47,0x52,0x47,0x4a,0x47,0x4a,0x47,0x4a,0x47,0x42,0x06,0x4a,0x48,0x52,0x68,0x52,0x88,0x4a,0x47,0x4a,0x48,0x4a,0x27,
    0x4a,0x27,0x52,0x68,0x4a,0x27,0x4a,0x27,0x4a,0x47,0x52,0x68,0x4a,0x47,0x4a,0x47,0x52,0x68,0x52,0x68,0x52,0x47,0x4a,0x27,
    0x42,0x07,0x42,0x06,0x52,0x68,0x5a,0xa9,0x4a,0x48,0x4a,0x48,0x52,0x88,0x5a,0xa8,0x52,0x68,0x52,0x68,0x4a,0x27,0x4a,0x47,
    0x4a,0x47,0x4a,0x27,0x52,0x88,0x5a,0x89,0x5a,0xa9,0x5a,0x88,0x52,0x68,0x52,0x68,0x5a,0xa9,0x52,0x68,0x5a,0xa9,0x5a,0xa9,
    0x4a,0x48,0x52,0x68,0x4a,0x48,0x63,0x0a,0x4a,0x48,0x4a,0x48,0x4a,0x48,0x4a,0x48,0x4a,0x47,0x4a,0x47,0x5a,0x88,0x52,0x68,
    0x52,0x48,0x5a,0x89,0x62,0xea,0x62,0xc9,0x52,0x88,0x52,0x68,0x5a,0xa9,0x52,0x68,0x52,0x68,0x52,0x68,0x52,0x48,0x52,0x68,
    0x5a,0xc9,0x52,0x88,0x52,0x68,0x5a,0x89,0x4a,0x27,0x4a,0x27,0x5a,0xa9,0x52,0x89,0x52,0x68,0x5a,0x89,0x5a,0xa9,0x4a,0x68,
    0x5a,0xa9,0x52,0x89,0x5a,0xa9,0x4a,0x47,0x5a,0xa9,0x52,0x68,0x4a,0x27,0x52,0x88,0x5a,0xc9,0x52,0x68,0x52,0x68,0x52,0x88,
    0x52,0x68,0x5a,0x88,0x52,0x88,0x6b,0x4b,0x52,0x68,0x4a,0x47,0x52,0x88,0x62,0xea,0x5a,0xa9,0x52,0x68,0x5a,0xa9,0x4a,0x48,
    0x5a,0xa9,0x52,0x89,0x5a,0xa9,0x4a,0x48,0x5a,0xa9,0x52,0x48,0x5a,0xa9,0x4a,0x47,0x52,0x68,0x52,0x88,0x5a,0xa9,0x5a,0xa9,
    0x52,0x89,0x52,0x89,0x4a,0x48,0x62,0xc9,0x4a,0x48,0x52,0x88,0x5a,0x88,0x5a,0xa9,0x52,0x48,0x4a,0x47,0x4a,0x47,0x52,0x68,
    0x52,0x88,0x52,0x88,0x52,0x68,0x39,0xc6,0x5a,0x88,0x52,0x68,0x52,0x68,0x52,0x68,0x62,0xc9,0x5a,0xa9,0x52,0x68,0x62,0xea,
    0x4a,0x27,0x52,0x68,0x52,0x88,0x52,0x89,0x41,0xe6,0x42,0x07,0x4a,0x27,0x5a,0xc9,0x52,0x88,0x5a,0xc9,0x4a,0x27,0x4a,0x27,
    0x5a,0xa9,0x52,0x89,0x42,0x27,0x4a,0x27,0x42,0x07,0x4a,0x48,0x4a,0x27,0x42,0x07,0x42,0x07,0x4a,0x47,0x4a,0x27,0x4a,0x27,
    0x42,0x07,0x4a,0x27,0x42,0x07,0x4a,0x47,0x41,0xe6,0x41,0xe6,0x42,0x07,0x4a,0x27,0x41,0xe6,0x42,0x07,0x42,0x07,0x4a,0x47,
    0x41,0xe6,0x4a,0x27,0x52,0x68,0x4a,0x27,0x4a,0x48,0x52,0x68,0x52,0x89,0x4a,0x27,0x52,0x68,0x5a,0x89,0x5a,0xa9,0x42,0x07,
    0x52,0x68,0x4a,0x48,0x4a,0x27,0x4a,0x48,0x4a,0x48,0x4a,0x48,0x4a,0x47,0x42,0x07,0x4a,0x48,0x42,0x07,0x4a,0x27,0x4a,0x27,
    0x42,0x07,0x4a,0x27,0x4a,0x48,0x4a,0x47,0x5a,0xa9,0x5a,0xa9,0x4a,0x27,0x4a,0x48,0x4a,0x27,0x52,0x68,0x4a,0x27,0x4a,0x48,
    0x42,0x07,0x52,0x88,0x52,0x68,0x4a,0x27,0x52,0x68,0x52,0x68,0x5a,0x89,0x4a,0x27,0x42,0x07,0x52,0x68,0x4a,0x48,0x42,0x27,
    0x4a,0x48,0x4a,0x27,0x4a,0x48,0x52,0x68,0x52,0x68,0x42,0x27,0x4a,0x48,0x5a,0xa9,0x42,0x27,0x42,0x07,0x4a,0x27,0x4a,0x27,
    0x4a,0x48,0x4a,0x48,0x4a,0x48,0x4a,0x48,0x4a,0x48,0x4a,0x27,0x4a,0x48,0x4a,0x48,0x52,0x68,0x4a,0x48,0x52,0x68,0x4a,0x48,
    0x42,0x07,0x4a,0x48,0x4a,0x27,0x4a,0x48,0x52,0x68,0x4a,0x48,0x4a,0x47,0x52,0x68,0x4a,0x47,0x4a,0x47,0x52,0x68,0x4a,0x27,
    0x42,0x27,0x4a,0x27,0x4a,0x47,0x4a,0x27,0x4a,0x48,0x4a,0x27,0x4a,0x27,0x4a,0x48,0x5a,0x88,0x52,0x68,0x4a,0x27,0x4a,0x27,
    0x83,0xee,0x7b,0x8c,0x4a,0x47,0x4a,0x48,0x62,0xea,0x52,0x88,0x41,0xe6,0x4a,0x27,0x5a,0xca,0x7b,0x8c,0x62,0xea,0x5a,0x89,
    0x4a,0x47,0x4a,0x48,0x4a,0x27,0x4a,0x27,0x42,0x07,0x4a,0x47,0x4a,0x48,0x52,0x68,0x52,0x68,0x62,0xc9,0x52,0x68,0x4a,0x48,
    0x52,0x48,0x52,0x68,0x4a,0x27,0x42,0x07,0x52,0x68,0x4a,0x48,0x52,0x88,0x52,0x68,0x52,0x68,0x52,0x68,0x4a,0x27,0x4a,0x27,
    0x52,0x68,0x4a,0x48,0x4a,0x47,0x42,0x07,0x52,0x68,0x4a,0x48,0x52,0x68,0x4a,0x27,0x4a,0x48,0x62,0xea,0x6b,0x4b,0x52,0x68,
    0x41,0xe7,0x4a,0x48,0x5a,0xa9,0x41,0xe6,0x42,0x27,0x52,0x89,0x4a,0x27,0x52,0x88,0x42,0x27,0x4a,0x48,0x52,0x68,0x4a,0x27,
    0x63,0x0a,0x7b,0x8c,0x5a,0xa8,0x4a,0x27,0x52,0x89,0x5a,0xa9,0x52,0x68,0x4a,0x27,0x42,0x27,0x4a,0x48,0x4a,0x48,0x52,0x89,
    0x4a,0x27,0x52,0x68,0x4a,0x48,0x4a,0x27,0x4a,0x47,0x52,0x68,0x52,0x68,0x42,0x07,0x52,0x48,0x4a,0x47,0x4a,0x47,0x4a,0x27,
    0x52,0x68,0x52,0x88,0x4a,0x48,0x4a,0x27,0x52,0x48,0x4a,0x27,0x4a,0x47,0x4a,0x47,0x42,0x07,0x42,0x07,0x4a,0x27,0x52,0x48,
    0x42,0x07,0x4a,0x47,0x4a,0x48,0x4a,0x27,0x4a,0x47,0x4a,0x48,0x52,0x48,0x4a,0x48,0x52,0x68,0x6b,0x0a,0x4a,0x47,0x4a,0x27,
    0x4a,0x48,0x4a,0x47,0x4a,0x27,0x39,0xc6,0x4a,0x48,0x41,0xe6,0x39,0xc6,0x4a,0x27,0x4a,0x48,0x4a,0x48,0x4a,0x47,0x4a,0x27,
    0x52,0x88,0x42,0x07,0x4a,0x27,0x4a,0x47,0x42,0x07,0x5a,0xa9,0x4a,0x27,0x4a,0x48,0x4a,0x48,0x52,0x68,0x4a,0x48,0x4a,0x27,
    0x41,0xe7,0x4a,0x48,0x4a,0x48,0x41,0xe6,0x42,0x07,0x52,0x89,0x42,0x27,0x41,0xe6,0x52,0x68,0x6b,0x0a,0x52,0x68,0x52,0x68,
    0x4a,0x48,0x52,0x68,0x52,0x89,0x52,0x68,0x4a,0x27,0x5a,0xa9,0x62,0xea,0x52,0x68,0x52,0x68,0x52,0x88,0x52,0x68,0x52,0x68,
    0x7b,0x8c,0x52,0x88,0x5a,0xa9,0x52,0x68,0x4a,0x27,0x52,0x88,0x63,0x0a,0x52,0x68,0x52,0x48,0x52,0x88,0x52,0x68,0x4a,0x27,
    0x52,0x88,0x4a,0x27,0x4a,0x27,0x4a,0x27,0x52,0x88,0x5a,0x89,0x52,0x48,0x4a,0x47,0x52,0x68,0x52,0x88,0x52,0x68,0x52,0x68,
    0x52,0x68,0x4a,0x48,0x4a,0x47,0x4a,0x27,0x52,0x88,0x52,0x68,0x4a,0x47,0x52,0x48,0x4a,0x27,0x52,0x47,0x52,0x47,0x5a,0x88,
    0x4a,0x27,0x4a,0x27,0x4a,0x47,0x5a,0x88,0x4a,0x27,0x5a,0x88,0x4a,0x48,0x4a,0x47,0x52,0x68,0x52,0x88,0x4a,0x47,0x42,0x07,
    0x5a,0x88,0x4a,0x27,0x42,0x27,0x42,0x07,0x52,0x48,0x4a,0x27,0x4a,0x47,0x52,0x48,0x52,0x67,0x4a,0x27,0x4a,0x27,0x4a,0x48,
    0x4a,0x47,0x52,0x68,0x4a,0x47,0x4a,0x47,0x4a,0x48,0x52,0x68,0x42,0x27,0x5a,0x88,0x39,0xc6,0x4a,0x27,0x4a,0x47,0x52,0x88,
    0x42,0x07,0x52,0x68,0x4a,0x48,0x42,0x27,0x4a,0x48,0x4a,0x48,0x52,0x68,0x42,0x07,0x52,0x88,0x41,0xe7,0x52,0x48,0x4a,0x48,
    0x4a,0x48,0x52,0x88,0x4a,0x27,0x5a,0xa9,0x52,0x68,0x4a,0x47,0x42,0x07,0x5a,0x89,0x4a,0x47,0x4a,0x48,0x52,0x68,0x52,0x88,
    0x52,0x68,0x52,0x88,0x4a,0x27,0x52,0x88,0x52,0x88,0x5a,0xa9,0x5a,0xc9,0x63,0x0a,0x4a,0x47,0x52,0x68,0x5a,0xa9,0x4a,0x27,
    0x5a,0xc9,0x52,0x88,0x4a,0x47,0x42,0x07,0x52,0x89,0x5a,0xa9,0x4a,0x47,0x5a,0xa9,0x52,0x88,0x42,0x07,0x42,0x07,0x52,0x48,
    0x52,0x68,0x4a,0x27,0x52,0x68,0x42,0x07,0x4a,0x27,0x5a,0xa9,0x5a,0xa8,0x52,0x48,0x4a,0x47,0x4a,0x48,0x52,0x68,0x4a,0x27,
    0x5a,0xc9,0x5a,0x88,0x62,0xc9,0x42,0x27,0x4a,0x27,0x4a,0x47,0x52,0x68,0x52,0x68,0x52,0x68,0x4a,0x47,0x5a,0x89,0x4a,0x48,
    0x4a,0x27,0x42,0x07,0x41,0xe6,0x4a,0x27,0x4a,0x27,0x42,0x07,0x42,0x07,0x4a,0x48,0x4a,0x48,0x41,0xe7,0x42,0x07,0x4a,0x47,
    0x4a,0x48,0x4a,0x48,0x4a,0x47,0x42,0x07,0x52,0x68,0x42,0x07,0x4a,0x48,0x5a,0xc9,0x52,0x68,0x42,0x07,0x4a,0x27,0x62,0xea,
    0x5a,0x88,0x4a,0x48,0x52,0x68,0x5a,0xa9,0x42,0x07,0x52,0x68,0x52,0x88,0x5a,0xa9,0x52,0x68,0x52,0x88,0x52,0x88,0x5a,0xa9,
    0x52,0x89,0x5a,0x89,0x52,0x68,0x5a,0x89,0x52,0x68,0x52,0x68,0x52,0x68,0x5a,0xa9,0x52,0x68,0x52,0x68,0x5a,0x89,0x52,0x68,
    0x52,0x68,0x4a,0x47,0x41,0xe6,0x4a,0x28,0x4a,0x48,0x41,0xe6,0x4a,0x27,0x4a,0x48,0x4a,0x48,0x41,0xe6,0x52,0x48,0x5a,0x89,
    0x52,0x68,0x42,0x07,0x4a,0x48,0x4a,0x27,0x52,0x48,0x42,0x07,0x4a,0x48,0x42,0x07,0x42,0x07,0x4a,0x27,0x4a,0x48,0x39,0xe6,
    0x4a,0x27,0x39,0xc6,0x41,0xe6,0x42,0x07,0x42,0x07,0x41,0xe7,0x39,0xe6,0x42,0x07,0x4a,0x27,0x4a,0x48,0x5a,0xa9,0x52,0x88,
    0x42,0x07,0x42,0x07,0x42,0x27,0x4a,0x27,0x4a,0x27,0x42,0x07,0x4a,0x48,0x52,0x68,0x4a,0x27,0x4a,0x27,0x4a,0x48,0x4a,0x48,
    0x4a,0x27,0x4a,0x48,0x4a,0x27,0x4a,0x27,0x4a,0x27,0x42,0x07,0x4a,0x27,0x39,0xe6,0x4a,0x27,0x4a,0x27,0x41,0xe6,0x39,0xc6,
    0x4a,0x48,0x52,0x68,0x42,0x07,0x42,0x07,0x4a,0x27,0x52,0xa9,0x5a,0xa9,0x62,0xc9,0x42,0x07,0x4a,0x48,0x7b,0xad,0x73,0x6c,
    0x42,0x07,0x42,0x07,0x5a,0xc9,0x52,0x68,0x39,0xa6,0x4a,0x27,0x52,0x68,0x42,0x27,0x52,0x88,0x62,0xc9,0x5a,0x89,0x62,0xea,
    0x4a,0x48,0x52,0x88,0x62,0xc9,0x62,0xca,0x4a,0x48,0x4a,0x48,0x5a,0xa9,0x52,0x68,0x42,0x07,0x4a,0x48,0x42,0x06,0x41,0xe6,
    0x62,0xea,0x5a,0x88,0x52,0x88,0x4a,0x47,0x62,0xea,0x6b,0x2b,0x5a,0x88,0x5a,0xc9,0x52,0x88,0x63,0x0a,0x52,0x48,0x4a,0x27,
    0x42,0x07,0x5a,0xa9,0x73,0x8d,0x4a,0x48,0x41,0xe6,0x4a,0x27,0x4a,0x47,0x4a,0x47,0x4a,0x47,0x4a,0x47,0x4a,0x48,0x42,0x07,
    0x4a,0x27,0x41,0xe6,0x42,0x07,0x4a,0x27,0x41,0xe6,0x42,0x06,0x4a,0x48,0x4a,0x48,0x52,0x68,0x41,0xe6,0x39,0xc6,0x42,0x06,
    0x52,0x68,0x4a,0x27,0x41,0xe6,0x39,0xa5,0x42,0x07,0x4a,0x48,0x4a,0x07,0x41,0xe6,0x5a,0xa9,0x6b,0x2b,0x52,0x48,0x4a,0x27,
    0x39,0xc6,0x41,0xe6,0x42,0x07,0x52,0x68,0x41,0xe6,0x4a,0x47,0x4a,0x27,0x4a,0x27,0x4a,0x27,0x4a,0x27,0x39,0xc6,0x41,0xe6,
    0x4a,0x48,0x4a,0x07,0x41,0xe6,0x42,0x07,0x42,0x07,0x52,0x48,0x39,0xc6,0x42,0x07,0x4a,0x27,0x4a,0x27,0x39,0xa5,0x4a,0x48,
    0x39,0xc6,0x39,0xa5,0x4a,0x48,0x5a,0x89,0x42,0x07,0x41,0xe6,0x4a,0x27,0x4a,0x47,0x4a,0x27,0x4a,0x27,0x4a,0x27,0x42,0x07,
    0x4a,0x47,0x42,0x07,0x42,0x07,0x39,0xc6,0x4a,0x28,0x42,0x07,0x4a,0x27,0x39,0xc6,0x4a,0x27,0x52,0x68,0x42,0x07,0x31,0xa5,
    0x41,0xe6,0x52,0x88,0x5a,0xc9,0x4a,0x27,0x31,0xa5,0x39,0xc6,0x4a,0x27,0x52,0x68,0x39,0xc6,0x4a,0x27,0x39,0xc6,0x52,0x68,
    0x42,0x07,0x4a,0x27,0x41,0xe6,0x52,0x48,0x42,0x07,0x52,0x68,0x4a,0x27,0x39,0xc6,0x5a,0xa9,0x5a,0xa9,0x52,0x68,0x4a,0x47,
    0x52,0x68,0x5a,0xc9,0x52,0x68,0x52,0x68,0x5a,0x89,0x52,0x68,0x4a,0x27,0x52,0x68,0x52,0x68,0x52,0x68,0x52,0x68,0x52,0x47,
    0x4a,0x27,0x52,0x88,0x52,0x68,0x5a,0x88,0x4a,0x27,0x52,0x47,0x5a,0x88,0x62,0xe9,0x52,0x68,0x5a,0x88,0x6a,0xe9,0x62,0xc8,
    0x62,0xa9,0x62,0xea,0x52,0x88,0x5a,0xa8,0x62,0xe9,0x6a,0xe9,0x62,0xc9,0x52,0x88,0x6b,0x09,0x5a,0xa8,0x5a,0xa8,0x5a,0xa8,
    0x52,0x47,0x52,0x67,0x5a,0x88,0x62,0xc9,0x62,0xc9,0x62,0xe9,0x52,0x88,0x52,0x47,0x5a,0x88,0x52,0x88,0x5a,0xa8,0x5a,0xa8,
    0x5a,0x88,0x4a,0x27,0x52,0x68,0x62,0xc9,0x5a,0xa9,0x4a,0x48,0x5a,0x88,0x62,0xc9,0x52,0x68,0x5a,0xa9,0x5a,0xa9,0x42,0x07,
    0x5a,0xc9,0x5a,0xa9,0x5a,0xa8,0x52,0x88,0x6b,0x2a,0x62,0xc9,0x52,0x48,0x62,0xc9,0x6a,0xe9,0x62,0xc9,0x5a,0xc9,0x4a,0x27,
    0x4a,0x27,0x4a,0x47,0x42,0x07,0x42,0x07,0x52,0x68,0x4a,0x27,0x4a,0x48,0x52,0x68,0x5a,0x89,0x4a,0x47,0x52,0x88,0x5a,0x89,
    0x5a,0x89,0x62,0xea,0x52,0x68,0x4a,0x27,0x4a,0x27,0x52,0x88,0x6b,0x2b,0x5a,0x88,0x4a,0x48,0x52,0x88,0x5a,0x89,0x4a,0x47,
    0x4a,0x47,0x5a,0x88,0x52,0x88,0x4a,0x47,0x4a,0x27,0x52,0x68,0x4a,0x68,0x4a,0x47,0x52,0x68,0x41,0xe6,0x4a,0x27,0x52,0x68,
    0x4a,0x27,0x4a,0x48,0x52,0x68,0x5a,0x89,0x52,0x48,0x4a,0x68,0x52,0x68,0x5a,0x89,0x52,0x68,0x4a,0x27,0x4a,0x27,0x52,0x68,
    0x4a,0x48,0x52,0x48,0x62,0xc9,0x52,0x88,0x5a,0xa9,0x52,0x68,0x52,0x88,0x52,0x68,0x52,0x68,0x4a,0x47,0x5a,0xc9,0x4a,0x27,
    0x5a,0xa9,0x52,0x88,0x5a,0x89,0x52,0x68,0x42,0x07,0x4a,0x27,0x42,0x07,0x4a,0x48,0x41,0xe7,0x4a,0x27,0x4a,0x48,0x52,0x68,
    0x41,0xe6,0x42,0x07,0x4a,0x27,0x52,0x68,0x4a,0x27,0x42,0x07,0x42,0x07,0x4a,0x47,0x42,0x07,0x52,0x68,0x4a,0x48,0x52,0x68,
    0x52,0x88,0x52,0x89,0x52,0x48,0x42,0x07,0x5a,0xc9,0x52,0x68,0x4a,0x48,0x52,0x68,0x4a,0x48,0x4a,0x48,0x4a,0x48,0x4a,0x48,
    0x5a,0x89,0x6b,0x0a,0x52,0x68,0x4a,0x47,0x52,0x68,0x52,0x68,0x62,0xea,0x5a,0xa9,0x5a,0xa9,0x52,0x88,0x6b,0x0a,0x52,0x88,
    0x52,0x88,0x52,0x88,0x5a,0xc9,0x52,0x89,0x42,0x06,0x42,0x07,0x4a,0x27,0x4a,0x47,0x52,0x47,0x4a,0x27,0x4a,0x47,0x52,0x68,
    0x4a,0x47,0x4a,0x27,0x52,0x48,0x52,0x68,0x52,0x68,0x52,0x68,0x4a,0x27,0x4a,0x27,0x52,0x68,0x42,0x07,0x4a,0x47,0x4a,0x27,
    0x52,0x68,0x4a,0x47,0x52,0x88,0x52,0x48,0x52,0x88,0x5a,0x88,0x42,0x27,0x4a,0x27,0x52,0x47,0x52,0x68,0x41,0xe6,0x42,0x06,
    0x4a,0x27,0x52,0x88,0x5a,0xa9,0x5a,0xa9,0x4a,0x47,0x4a,0x47,0x62,0xc9,0x5a,0xa9,0x52,0x88,0x4a,0x27,0x6b,0x0a,0x62,0xea,
    0x52,0x68,0x4a,0x27,0x52,0x88,0x5a,0xa9,0x4a,0x27,0x52,0x68,0x39,0xc6,0x52,0x48,0x5a,0xc9,0x52,0x48,0x52,0x89,0x4a,0x27,
    0x5a,0x89,0x42,0x07,0x5a,0xc9,0x52,0x48,0x52,0x88,0x5a,0xa9,0x5a,0xc9,0x5a,0xa9,0x4a,0x48,0x52,0x68,0x62,0xea,0x5a,0xa9,
    0x42,0x07,0x52,0x68,0x4a,0x27,0x52,0x68,0x4a,0x27,0x52,0x68,0x52,0x88,0x52,0x68,0x62,0xea,0x5a,0xa9,0x5a,0x89,0x62,0xca,
    0x5a,0xc9,0x5a,0xc9,0x5a,0xa9,0x4a,0x47,0x52,0x88,0x5a,0xa9,0x52,0x88,0x52,0x68,0x52,0x68,0x52,0x88,0x5a,0xa9,0x62,0xea,
    0x52,0x68,0x5a,0x89,0x5a,0x89,0x5a,0xa9,0x4a,0x48,0x52,0x68,0x4a,0x27,0x52,0x68,0x5a,0xa9,0x5a,0x88,0x52,0x89,0x52,0x68,
    0x62,0xea,0x4a,0x48,0x52,0x88,0x52,0x88,0x5a,0xc9,0x5a,0x89,0x5a,0xa9,0x52,0x89,0x4a,0x48,0x4a,0x48,0x4a,0x47,0x52,0x88,
    0x52,0x68,0x52,0x88,0x5a,0x88,0x5a,0x88,0x4a,0x48,0x52,0x68,0x62,0xea,0x52,0x68,0x52,0x68,0x4a,0x27,0x4a,0x47,0x4a,0x47,
    0x4a,0x48,0x62,0xe9,0x6b,0x2b,0x6b,0x2b,0x52,0x48,0x52,0x68,0x52,0x68,0x5a,0x89,0x4a,0x47,0x52,0x68,0x5a,0xa9,0x52,0x68,
    0x4a,0x47,0x52,0x68,0x4a,0x48,0x5a,0xa9,0x52,0x88,0x41,0xe6,0x31,0xa6,0x52,0x68,0x4a,0x47,0x41,0xe7,0x4a,0x48,0x52,0x68,
    0x5a,0x89,0x52,0x68,0x52,0x68,0x4a,0x48,0x5a,0xa9,0x4a,0x48,0x4a,0x48,0x4a,0x27,0x4a,0x48,0x42,0x07,0x42,0x07,0x42,0x07,
    0x4a,0x27,0x4a,0x27,0x39,0xc6,0x42,0x07,0x52,0x68,0x4a,0x48,0x39,0xe6,0x4a,0x27,0x42,0x07,0x5a,0xa9,0x4a,0x48,0x42,0x07,
    0x42,0x27,0x52,0x68,0x52,0x89,0x4a,0x48,0x52,0x68,0x4a,0x27,0x4a,0x47,0x52,0x68,0x52,0x68,0x4a,0x27,0x52,0x68,0x42,0x07,
    0x4a,0x48,0x39,0xc6,0x41,0xe6,0x52,0x69,0x4a,0x48,0x4a,0x48,0x4a,0x48,0x4a,0x27,0x52,0x68,0x52,0x88,0x4a,0x27,0x42,0x27,
    0x4a,0x48,0x4a,0x48,0x42,0x07,0x41,0xe6,0x4a,0x48,0x4a,0x48,0x42,0x07,0x42,0x07,0x42,0x07,0x4a,0x48,0x4a,0x27,0x42,0x07,
    0x4a,0x48,0x39,0xc6,0x39,0xc6,0x4a,0x27,0x42,0x07,0x42,0x07,0x41,0xe6,0x4a,0x48,0x42,0x07,0x41,0xe7,0x42,0x07,0x41,0xe6,
    0x4a,0x27,0x4a,0x27,0x4a,0x48,0x4a,0x48,0x42,0x07,0x4a,0x48,0x4a,0x48,0x4a,0x27,0x39,0xc6,0x4a,0x27,0x52,0x68,0x42,0x27,
    0x41,0xe6,0x42,0x07,0x42,0x07,0x4a,0x27,0x4a,0x48,0x42,0x07,0x4a,0x27,0x4a,0x48,0x52,0x68,0x4a,0x27,0x4a,0x48,0x52,0x68,
    0x4a,0x48,0x52,0x68,0x4a,0x27,0x4a,0x27,0x52,0x68,0x4a,0x48,0x52,0x88,0x52,0x68,0x42,0x07,0x52,0x68,0x52,0x88,0x52,0x68,
    0x4a,0x27,0x4a,0x27,0x52,0x68,0x52,0x68,0x4a,0x48,0x4a,0x27,0x42,0x07,0x4a,0x27,0x4a,0x48,0x52,0x68,0x4a,0x48,0x52,0x68,
    0x52,0x48,0x5a,0xa9,0x5a,0x89,0x62,0xea,0x4a,0x48,0x52,0x68,0x4a,0x48,0x4a,0x27,0x52,0x68,0x5a,0xa9,0x62,0xea,0x52,0x89,
    0x4a,0x48,0x52,0x68,0x52,0x68,0x5a,0xa9,0x52,0x88,0x4a,0x48,0x42,0x07,0x4a,0x27,0x4a,0x48,0x4a,0x48,0x42,0x07,0x52,0x89,
    0x62,0xea,0x4a,0x48,0x4a,0x68,0x62,0xca,0x52,0x89,0x42,0x07,0x42,0x07,0x52,0x68,0x4a,0x27,0x42,0x27,0x5a,0xa9,0x52,0x89,
    0x4a,0x48,0x4a,0x48,0x4a,0x27,0x4a,0x27,0x52,0x89,0x4a,0x48,0x42,0x07,0x42,0x07,0x52,0x68,0x52,0x68,0x4a,0x27,0x4a,0x27,
    0x39,0xc6,0x4a,0x27,0x52,0x68,0x4a,0x27,0x4a,0x07,0x52,0x48,0x4a,0x27,0x52,0x68,0x41,0xe6,0x42,0x07,0x42,0x07,0x52,0x68,
    0x4a,0x48,0x41,0xe6,0x4a,0x27,0x52,0x68,0x5a,0xca,0x5a,0xca,0x4a,0x27,0x42,0x07,0x52,0x68,0x4a,0x48,0x52,0x68,0x52,0x68,
    0x4a,0x28,0x42,0x07,0x42,0x27,0x52,0x68,0x52,0x68,0x4a,0x48,0x52,0x48,0x4a,0x27,0x4a,0x27,0x4a,0x47,0x4a,0x27,0x4a,0x27,
    0x4a,0x27,0x4a,0x48,0x52,0x68,0x5a,0xa9,0x52,0x68,0x52,0x68,0x52,0x68,0x52,0x68,0x52,0x68,0x4a,0x27,0x41,0xe6,0x4a,0x27,
    0x52,0x68,0x5a,0xa9,0x52,0x88,0x5a,0xa9,0x52,0x88,0x4a,0x27,0x62,0xea,0x52,0x68,0x52,0x68,0x42,0x07,0x5a,0xa9,0x52,0x88,
    0x4a,0x27,0x4a,0x27,0x4a,0x27,0x5a,0xc9,0x62,0xca,0x5a,0x89,0x52,0x68,0x5a,0x89,0x62,0xea,0x62,0xea,0x5a,0xc9,0x62,0xc9,
    0x5a,0x89,0x52,0x68,0x5a,0xa9,0x5a,0xa9,0x52,0x68,0x4a,0x48,0x4a,0x27,0x5a,0xc9,0x4a,0x48,0x4a,0x27,0x41,0xe6,0x4a,0x48,
    0x4a,0x47,0x4a,0x27,0x52,0x48,0x5a,0xa9,0x52,0x88,0x4a,0x48,0x5a,0xa9,0x4a,0x47,0x6b,0x2b,0x4a,0x27,0x52,0x68,0x4a,0x48,
    0x5a,0xa9,0x5a,0x88,0x5a,0xc9,0x5a,0x89,0x52,0x89,0x52,0x88,0x7b,0x8c,0x5a,0xa9,0x4a,0x48,0x62,0xea,0x4a,0x27,0x52,0x68,
    0x4a,0x27,0x4a,0x27,0x52,0x68,0x52,0x68,0x5a,0xa9,0x63,0x0a,0x4a,0x27,0x4a,0x47,0x4a,0x47,0x4a,0x48,0x4a,0x27,0x5a,0x88,
    0x52,0x68,0x39,0xe6,0x39,0xe6,0x4a,0x47,0x62,0xc9,0x4a,0x27,0x4a,0x48,0x42,0x07,0x4a,0x47,0x4a,0x27,0x52,0x68,0x52,0x88,
    0x52,0x68,0x4a,0x47,0x4a,0x47,0x52,0x68,0x52,0x88,0x52,0x88,0x52,0x68,0x52,0x68,0x5a,0xa9,0x52,0x68,0x52,0x68,0x52,0x68,
    0x52,0x68,0x4a,0x47,0x52,0x68,0x4a,0x47,0x52,0x68,0x52,0x68,0x52,0x88,0x4a,0x47,0x52,0x88,0x52,0x88,0x52,0x88,0x5a,0x88,
    0x4a,0x27,0x52,0x68,0x5a,0xa9,0x5a,0xa9,0x5a,0x88,0x52,0x88,0x5a,0x88,0x52,0x68,0x62,0xc9,0x4a,0x47,0x52,0x68,0x52,0x68,
    0x52,0x88,0x52,0x68,0x4a,0x47,0x52,0x68,0x52,0x68,0x4a,0x47,0x52,0x48,0x52,0x68,0x4a,0x07,0x52,0x47,0x5a,0xc9,0x52,0x68,
    0x42,0x07,0x5a,0xa9,0x52,0x68,0x4a,0x48,0x4a,0x48,0x52,0x88,0x4a,0x48,0x5a,0xc9,0x4a,0x47,0x52,0x68,0x62,0xea,0x73,0x4b,
    0x52,0x68,0x4a,0x47,0x4a,0x48,0x52,0x68,0x42,0x27,0x4a,0x27,0x5a,0xc9,0x5a,0xc9,0x4a,0x48,0x52,0x68,0x62,0xc9,0x5a,0x88,
    0x5a,0xa9,0x4a,0x48,0x52,0x68,0x5a,0xc9,0x52,0x48,0x4a,0x27,0x42,0x07,0x4a,0x27,0x52,0x88,0x4a,0x27,0x52,0x68,0x4a,0x48,
    0x62,0xc9,0x52,0x68,0x4a,0x48,0x41,0xe6,0x62,0xc9,0x52,0x68,0x4a,0x47,0x4a,0x27,0x4a,0x48,0x52,0x68,0x4a,0x07,0x42,0x07,
    0x52,0x68,0x52,0x89,0x52,0x88,0x4a,0x48,0x4a,0x48,0x52,0x68,0x52,0x88,0x4a,0x48,0x42,0x07,0x42,0x07,0x52,0x88,0x5a,0xa9,
    0x4a,0x27,0x4a,0x47,0x5a,0xa9,0x4a,0x48,0x42,0x07,0x42,0x07,0x41,0xe6,0x4a,0x27,0x4a,0x27,0x4a,0x48,0x4a,0x47,0x4a,0x27,
    0x4a,0x48,0x4a,0x27,0x41,0xe7,0x4a,0x27,0x4a,0x47,0x4a,0x47,0x4a,0x27,0x52,0x68,0x52,0x48,0x4a,0x48,0x5a,0xc9,0x52,0x88,
    0x52,0x88,0x5a,0x88,0x5a,0xa9,0x4a,0x48,0x4a,0x48,0x4a,0x47,0x4a,0x47,0x42,0x07,0x4a,0x27,0x4a,0x27,0x52,0x68,0x52,0x68,
    0x4a,0x27,0x42,0x07,0x52,0x68,0x4a,0x47,0x4a,0x27,0x4a,0x27,0x62,0xea,0x5a,0xc9,0x52,0x48,0x4a,0x48,0x5a,0xc9,0x52,0x68,
    0x4a,0x47,0x4a,0x48,0x5a,0x89,0x52,0x68,0x52,0x68,0x5a,0xc9,0x52,0x88,0x4a,0x47,0x52,0x89,0x62,0xc9,0x4a,0x48,0x4a,0x27,
    0x4a,0x27,0x42,0x07,0x42,0x07,0x52,0x88,0x5a,0x89,0x4a,0x48,0x4a,0x48,0x4a,0x27,0x5a,0xa9,0x4a,0x48,0x4a,0x27,0x4a,0x27,
    0x4a,0x47,0x4a,0x48,0x52,0x68,0x4a,0x27,0x52,0x88,0x5a,0xa9,0x52,0x68,0x4a,0x47,0x4a,0x27,0x4a,0x27,0x42,0x07,0x4a,0x27,
    0x4a,0x27,0x52,0x68,0x4a,0x27,0x4a,0x27,0x4a,0x48,0x52,0x48,0x5a,0xa9,0x52,0x68,0x52,0x68,0x52,0x68,0x52,0x68,0x5a,0xa9,
    0x4a,0x07,0x52,0x89,0x42,0x07,0x4a,0x27,0x42,0x07,0x42,0x07,0x4a,0x47,0x52,0x68,0x42,0x07,0x42,0x07,0x42,0x07,0x4a,0x27,
    0x52,0x68,0x4a,0x27,0x42,0x06,0x4a,0x48,0x4a,0x27,0x52,0x88,0x52,0x68,0x42,0x07,0x4a,0x48,0x4a,0x48,0x52,0x68,0x5a,0xa9,
    0x41,0xe7,0x41,0xe6,0x42,0x07,0x52,0x48,0x39,0xc6,0x41,0xe6,0x41,0xe6,0x42,0x07,0x42,0x07,0x5a,0x89,0x4a,0x48,0x5a,0xa9,
    0x62,0xea,0x5a,0xa9,0x52,0x88,0x5a,0xa9,0x52,0x88,0x52,0x68,0x52,0x88,0x39,0xe6,0x52,0x68,0x52,0x68,0x4a,0x47,0x41,0xe6,
    0x4a,0x27,0x4a,0x27,0x4a,0x47,0x4a,0x27,0x4a,0x48,0x42,0x07,0x42,0x07,0x42,0x06,0x42,0x07,0x4a,0x27,0x4a,0x27,0x42,0x07,
    0x4a,0x27,0x41,0xe6,0x52,0x68,0x52,0x68,0x4a,0x48,0x4a,0x48,0x6b,0x4b,0x5a,0xca,0x4a,0x48,0x4a,0x48,0x52,0x68,0x52,0x68,
    0x4a,0x27,0x4a,0x48,0x63,0x0b,0x52,0x68,0x42,0x07,0x4a,0x27,0x52,0x68,0x52,0x88,0x39,0xc6,0x42,0x07,0x4a,0x48,0x42,0x07,
    0x52,0x89,0x42,0x07,0x52,0x68,0x4a,0x48,0x63,0x0b,0x4a,0x27,0x4a,0x27,0x4a,0x48,0x73,0x4c,0x4a,0x28,0x4a,0x27,0x4a,0x47,
    0x5a,0xa9,0x52,0x68,0x52,0x68,0x52,0x88,0x52,0x88,0x5a,0xa9,0x5a,0xa9,0x52,0x48,0x42,0x27,0x52,0x48,0x4a,0x27,0x4a,0x48,
    0x4a,0x48,0x4a,0x48,0x52,0x68,0x4a,0x27,0x52,0x68,0x39,0xe6,0x41,0xe6,0x4a,0x07,0x4a,0x47,0x39,0xc6,0x42,0x07,0x4a,0x27,
    0x52,0x68,0x42,0x07,0x52,0x68,0x4a,0x48,0x52,0x68,0x4a,0x48,0x5a,0x89,0x52,0x48,0x41,0xe7,0x41,0xe6,0x4a,0x27,0x4a,0x27,
    0x41,0xe6,0x42,0x06,0x52,0x48,0x41,0xe6,0x4a,0x27,0x4a,0x47,0x41,0xe6,0x4a,0x47,0x4a,0x27,0x52,0x89,0x4a,0x27,0x41,0xe6,
    0x4a,0x27,0x4a,0x47,0x4a,0x27,0x42,0x07,0x4a,0x27,0x4a,0x27,0x41,0xe6,0x4a,0x27,0x42,0x07,0x41,0xe6,0x4a,0x47,0x52,0x88,
    0x41,0xe6,0x4a,0x47,0x52,0x88,0x4a,0x27,0x42,0x07,0x41,0xe6,0x4a,0x27,0x52,0x68,0x4a,0x27,0x42,0x06,0x4a,0x27,0x52,0x48,
    0x52,0x47,0x4a,0x27,0x4a,0x27,0x4a,0x27,0x4a,0x27,0x52,0x48,0x5a,0x88,0x42,0x27,0x4a,0x48,0x4a,0x47,0x4a,0x47,0x52,0x68,
    0x42,0x07,0x4a,0x27,0x5a,0xc9,0x52,0x68,0x42,0x06,0x42,0x07,0x4a,0x27,0x5a,0x88,0x4a,0x27,0x42,0x06,0x4a,0x47,0x5a,0x88,
    0x52,0x48,0x5a,0x88,0x5a,0xa8,0x5a,0x88,0x5a,0x88,0x5a,0xa9,0x5a,0xa9,0x5a,0xa9,0x5a,0x88,0x52,0x68,0x62,0xc9,0x62,0xea,
    0x62,0xc9,0x52,0x88,0x52,0x68,0x41,0xe6,0x52,0x48,0x5a,0xa9,0x52,0x68,0x62,0xe9,0x52,0x68,0x5a,0xa9,0x62,0xea,0x52,0x48,
    0x5a,0xa9,0x5a,0xc9,0x52,0x68,0x4a,0x27,0x39,0xc6,0x4a,0x48,0x4a,0x28,0x39,0xc6,0x62,0xc9,0x52,0x68,0x52,0x47,0x52,0x68,
    0x52,0x88,0x62,0xea,0x52,0x48,0x42,0x06,0x52,0x68,0x4a,0x48,0x4a,0x27,0x42,0x07,0x4a,0x27,0x42,0x07,0x4a,0x27,0x4a,0x68,
    0x62,0xc9,0x62,0xc9,0x5a,0x88,0x52,0x88,0x52,0x68,0x5a,0xa8,0x5a,0xa9,0x52,0x68,0x4a,0x47,0x42,0x27,0x42,0x07,0x4a,0x27,
    0x4a,0x47,0x4a,0x27,0x42,0x27,0x4a,0x48,0x5a,0xa9,0x62,0xe9,0x5a,0xa9,0x5a,0xa9,0x52,0x68,0x52,0x88,0x5a,0xc9,0x52,0x89,
    0x4a,0x48,0x5a,0xc9,0x5a,0xa9,0x52,0x88,0x5a,0xa9,0x5a,0xc9,0x52,0x68,0x52,0x88,0x52,0x89,0x5a,0xa9,0x5a,0x89,0x5a,0x89,
    0x52,0x68,0x52,0x68,0x62,0xc9,0x5a,0xc9,0x5a,0xa9,0x4a,0x48,0x52,0x88,0x52,0x68,0x52,0x89,0x52,0x89,0x52,0x68,0x4a,0x27,
    0x52,0x68,0x5a,0x89,0x4a,0x48,0x52,0x68,0x52,0x68,0x4a,0x47,0x52,0x68,0x5a,0xa9,0x52,0x68,0x5a,0xc9,0x62,0xea,0x5a,0xa9,
    0x4a,0x27,0x62,0xca,0x4a,0x48,0x4a,0x47,0x52,0x68,0x5a,0xa9,0x42,0x07,0x52,0x88,0x5a,0xa9,0x5a,0x89,0x4a,0x48,0x52,0x89,
    0x62,0xea,0x62,0xea,0x52,0x68,0x4a,0x48,0x52,0x89,0x4a,0x48,0x4a,0x47,0x41,0xe6,0x52,0x68,0x42,0x07,0x4a,0x27,0x4a,0x27,
    0x52,0x89,0x4a,0x27,0x52,0x68,0x4a,0x27,0x52,0x88,0x52,0x89,0x52,0x68,0x4a,0x27,0x4a,0x27,0x62,0xca,0x52,0x68,0x4a,0x48,
    0x42,0x07,0x4a,0x47,0x4a,0x27,0x4a,0x48,0x4a,0x27,0x41,0xe6,0x4a,0x27,0x5a,0xa9,0x52,0x68,0x52,0x68,0x52,0x68,0x52,0x89,
    0x5a,0xa9,0x52,0x48,0x52,0x68,0x5a,0x88,0x52,0x89,0x52,0x68,0x52,0x68,0x52,0x88,0x62,0xea,0x52,0x89,0x52,0x68,0x5a,0x88,
    0x52,0x68,0x52,0x68,0x52,0x68,0x39,0xe6,0x4a,0x27,0x6b,0x2b,0x42,0x07,0x41,0xe6,0x62,0xc9,0x5a,0x88,0x41,0xe6,0x42,0x07,
    0x52,0x47,0x4a,0x47,0x4a,0x47,0x42,0x07,0x41,0xe6,0x4a,0x27,0x52,0x88,0x4a,0x27,0x39,0xc6,0x4a,0x47,0x4a,0x27,0x52,0x68,
    0x41,0xe6,0x42,0x06,0x42,0x07,0x42,0x07,0x42,0x06,0x42,0x06,0x4a,0x48,0x52,0x68,0x4a,0x27,0x4a,0x48,0x5a,0xa9,0x52,0x88,
    0x52,0x68,0x4a,0x47,0x42,0x07,0x52,0x68,0x5a,0xca,0x52,0x68,0x5a,0xc9,0x52,0x68,0x52,0x88,0x62,0xea,0x52,0x68,0x52,0x68,
    0x52,0x68,0x6b,0x2b,0x5a,0x89,0x5a,0xa9,0x42,0x07,0x42,0x07,0x62,0xea,0x62,0xca,0x5a,0xa9,0x5a,0xc9,0x5a,0xa9,0x52,0x89,
    0x4a,0x47,0x5a,0xa9,0x62,0xea,0x5a,0xc9,0x63,0x0a,0x52,0x68,0x5a,0xa9,0x5a,0xa9,0x62,0xca,0x52,0x68,0x5a,0x88,0x52,0x48,
    0x5a,0xa9,0x5a,0xa9,0x52,0x68,0x52,0x48,0x52,0x68,0x52,0x48,0x62,0xca,0x42,0x07,0x5a,0xa9,0x5a,0xa9,0x52,0x68,0x4a,0x27,
    0x5a,0xa9,0x5a,0xa9,0x52,0x68,0x42,0x07,0x73,0x4b,0x5a,0xa9,0x52,0x88,0x5a,0xc9,0x6b,0x0a,0x6b,0x2b,0x52,0x88,0x52,0x88,
    0x5a,0x88,0x62,0xc9,0x52,0x68,0x5a,0x89,0x52,0x88,0x5a,0x89,0x5a,0xa9,0x5a,0xa9,0x5a,0x89,0x5a,0xa9,0x52,0x88,0x52,0x89,
    0x5a,0xa9,0x5a,0xa9,0x5a,0xa9,0x52,0x68,0x52,0x88,0x52,0x88,0x5a,0xa9,0x5a,0xa9,0x5a,0xa9,0x5a,0xa9,0x5a,0xa9,0x62,0xea,
    0x52,0x68,0x52,0x48,0x5a,0xa9,0x52,0x68,0x4a,0x48,0x52,0x68,0x5a,0xa9,0x52,0x68,0x5a,0xc9,0x52,0x88,0x52,0x68,0x52,0x48,
    0x5a,0xa9,0x52,0x89,0x62,0xc9,0x5a,0xa9,0x4a,0x47,0x4a,0x48,0x4a,0x27,0x52,0x88,0x4a,0x48,0x52,0x48,0x52,0x88,0x52,0x68,
    0x5a,0xa9,0x52,0x68,0x52,0x88,0x4a,0x27,0x5a,0x89,0x52,0x68,0x5a,0xa9,0x39,0xc6,0x5a,0x89,0x42,0x27,0x52,0x68,0x5a,0xc9,
    0x62,0xea,0x42,0x07,0x4a,0x48,0x5a,0xa9,0x5a,0x89,0x4a,0x27,0x52,0xa9,0x5a,0xca,0x42,0x27,0x4a,0x48,0x4a,0x48,0x52,0x89,
    0x42,0x07,0x5a,0xa9,0x52,0x88,0x42,0x07,0x4a,0x48,0x52,0x68,0x5a,0xc9,0x42,0x27,0x52,0x68,0x42,0x07,0x42,0x07,0x52,0x89,
    0x4a,0x27,0x4a,0x27,0x4a,0x27,0x4a,0x27,0x52,0x68,0x52,0x68,0x39,0xe6,0x4a,0x27,0x39,0xa5,0x5a,0xca,0x52,0x68,0x4a,0x27,
    0x52,0x68,0x4a,0x27,0x42,0x07,0x4a,0x27,0x42,0x07,0x5a,0xa9,0x52,0x88,0x62,0xea,0x42,0x07,0x42,0x07,0x52,0x89,0x4a,0x68,
    0x42,0x07,0x42,0x07,0x42,0x27,0x42,0x07,0x52,0x89,0x4a,0x48,0x42,0x07,0x5a,0xa9,0x52,0x89,0x4a,0x27,0x4a,0x48,0x52,0x89,
    0x42,0x07,0x42,0x07,0x4a,0x27,0x52,0x89,0x42,0x07,0x42,0x07,0x42,0x07,0x5a,0xc9,0x52,0x89,0x4a,0x48,0x62,0xea,0x52,0x68,
    0x4a,0x27,0x4a,0x27,0x52,0x68,0x4a,0x47,0x4a,0x48,0x42,0x07,0x42,0x07,0x4a,0x27,0x52,0x48,0x41,0xe7,0x4a,0x48,0x52,0x88,
    0x41,0xe7,0x39,0xc6,0x4a,0x48,0x52,0x68,0x4a,0x27,0x31,0xa6,0x39,0xc6,0x52,0x68,0x5a,0xc9,0x5a,0xa9,0x52,0x68,0x52,0x89,
    0x62,0xea,0x52,0x89,0x52,0x69,0x52,0x68,0x4a,0x27,0x52,0x68,0x52,0x68,0x4a,0x27,0x4a,0x27,0x52,0x68,0x5a,0xa9,0x5a,0xa9,
    0x4a,0x48,0x42,0x07,0x52,0x48,0x4a,0x48,0x4a,0x48,0x5a,0xa9,0x52,0x68,0x4a,0x27,0x52,0x68,0x62,0xc9,0x52,0x68,0x52,0x68,
    0x52,0x68,0x4a,0x68,0x4a,0x48,0x4a,0x48,0x4a,0x27,0x4a,0x27,0x52,0x68,0x4a,0x48,0x4a,0x27,0x4a,0x48,0x52,0x68,0x5a,0xa9,
    0x4a,0x48,0x4a,0x27,0x52,0x68,0x52,0x68,0x5a,0xa9,0x4a,0x27,0x4a,0x47,0x4a,0x48,0x52,0x68,0x42,0x27,0x42,0x07,0x4a,0x27,
    0x4a,0x48,0x42,0x07,0x4a,0x48,0x52,0x68,0x52,0x68,0x5a,0xa9,0x52,0x89,0x52,0x68,0x52,0x89,0x63,0x0a,0x52,0x89,0x4a,0x27,
    0x4a,0x48,0x52,0x68,0x4a,0x48,0x4a,0x48,0x4a,0x48,0x4a,0x27,0x4a,0x48,0x52,0x89,0x52,0x68,0x4a,0x27,0x4a,0x27,0x5a,0xc9,
    0x4a,0x48,0x42,0x07,0x4a,0x27,0x4a,0x27,0x42,0x07,0x52,0x68,0x52,0x68,0x52,0x48,0x42,0x07,0x52,0x68,0x52,0x89,0x52,0x68,
    0x52,0x68,0x4a,0x27,0x4a,0x47,0x52,0x48,0x4a,0x27,0x4a,0x48,0x4a,0x48,0x4a,0x48,0x4a,0x47,0x4a,0x27,0x52,0x68,0x4a,0x48,
    0x52,0x68,0x4a,0x27,0x4a,0x48,0x52,0x68,0x4a,0x27,0x42,0x07,0x4a,0x27,0x52,0x88,0x4a,0x27,0x41,0xe6,0x42,0x07,0x4a,0x27,
    0x4a,0x48,0x52,0x48,0x4a,0x48,0x4a,0x07,0x52,0x68,0x52,0x68,0x52,0x89,0x39,0xc6,0x4a,0x27,0x42,0x07,0x41,0xe6,0x4a,0x47,
    0x4a,0x48,0x4a,0x27,0x52,0x48,0x62,0xea,0x52,0x48,0x4a,0x27,0x4a,0x07,0x62,0xc9,0x4a,0x27,0x52,0x68,0x4a,0x47,0x5a,0x88,
    0x52,0x68,0x5a,0xca,0x4a,0x27,0x52,0x68,0x4a,0x48,0x6b,0x2b,0x4a,0x47,0x42,0x27,0x52,0x68,0x52,0x68,0x52,0x68,0x5a,0xa9,
    0x52,0x88,0x52,0x68,0x62,0xea,0x52,0x68,0x52,0x68,0x4a,0x48,0x5a,0xa9,0x52,0x68,0x52,0x68,0x52,0x89,0x5a,0xc9,0x4a,0x27,
    0x5a,0xa9,0x4a,0x27,0x52,0x68,0x4a,0x27,0x52,0x88,0x52,0x68,0x41,0xe7,0x42,0x07,0x4a,0x48,0x52,0x68,0x4a,0x27,0x42,0x07,
    0x4a,0x48,0x4a,0x48,0x4a,0x27,0x52,0x48,0x4a,0x27,0x4a,0x48,0x4a,0x27,0x52,0x68,0x52,0x68,0x42,0x27,0x4a,0x27,0x5a,0x88,
    0x62,0xc9,0x4a,0x27,0x42,0x27,0x4a,0x27,0x42,0x27,0x42,0x27,0x41,0xe7,0x42,0x27,0x52,0x88,0x4a,0x27,0x4a,0x27,0x4a,0x27,
    0x42,0x07,0x52,0x68,0x4a,0x27,0x41,0xe6,0x41,0xe6,0x52,0x68,0x4a,0x48,0x4a,0x27,0x4a,0x48,0x5a,0xa9,0x4a,0x27,0x4a,0x27,
    0x4a,0x48,0x6b,0x0a,0x4a,0x27,0x5a,0xc9,0x4a,0x27,0x6b,0x0a,0x5a,0xa9,0x5a,0xc9,0x52,0x68,0x52,0x68,0x52,0x68,0x4a,0x27,
    0x52,0x68,0x4a,0x48,0x4a,0x48,0x4a,0x27,0x52,0x88,0x5a,0x88,0x5a,0x89,0x52,0x68,0x52,0x68,0x52,0x68,0x52,0x88,0x52,0x68,
    0x62,0xea,0x52,0x68,0x4a,0x27,0x4a,0x48,0x5a,0x88,0x4a,0x47,0x52,0x68,0x4a,0x48,0x52,0x68,0x4a,0x07,0x4a,0x27,0x42,0x06,
    0x52,0x68,0x42,0x07,0x52,0x89,0x4a,0x47,0x4a,0x27,0x4a,0x27,0x52,0x68,0x4a,0x48,0x4a,0x27,0x4a,0x27,0x4a,0x48,0x4a,0x27,
    0x42,0x07,0x4a,0x47,0x5a,0xa9,0x5a,0x88,0x42,0x07,0x4a,0x47,0x5a,0xa9,0x4a,0x47,0x4a,0x48,0x4a,0x27,0x52,0x68,0x4a,0x48,
    0x52,0x68,0x4a,0x48,0x4a,0x47,0x4a,0x48,0x5a,0xa9,0x52,0x68,0x52,0x68,0x62,0xc9,0x6b,0x2b,0x5a,0xc9,0x52,0x68,0x62,0xc9,
    0x5a,0xa9,0x5a,0xa9,0x63,0x0a,0x5a,0xa9,0x5a,0xa9,0x52,0x89,0x5a,0xa9,0x6b,0x2b,0x5a,0xa9,0x52,0x68,0x4a,0x48,0x4a,0x27,
    0x5a,0xc9,0x5a,0xa9,0x4a,0x48,0x4a,0x27,0x62,0xea,0x4a,0x48,0x52,0x68,0x42,0x27,0x5a,0xa9,0x62,0xca,0x52,0x68,0x4a,0x47,
    0x4a,0x48,0x4a,0x27,0x42,0x07,0x41,0xe6,0x5a,0xa9,0x4a,0x27,0x4a,0x27,0x42,0x07,0x52,0x48,0x4a,0x27,0x42,0x07,0x41,0xe6,
    0x4a,0x27,0x42,0x07,0x42,0x07,0x4a,0x48,0x4a,0x27,0x41,0xe6,0x41,0xe6,0x42,0x07,0x4a,0x27,0x52,0x68,0x4a,0x48,0x4a,0x27,
    0x42,0x07,0x4a,0x48,0x5a,0xa9,0x5a,0xc9,0x4a,0x27,0x4a,0x47,0x4a,0x48,0x52,0x68,0x39,0xe6,0x4a,0x27,0x62,0xc9,0x4a,0x27,
    0x39,0xc6,0x4a,0x27,0x62,0xc9,0x4a,0x47,0x4a,0x27,0x52,0x48,0x4a,0x47,0x52,0x88,0x4a,0x27,0x5a,0xa9,0x52,0x88,0x52,0x68,
    0x5a,0xa9,0x5a,0xa9,0x52,0x88,0x5a,0x88,0x62,0xe9,0x52,0x47,0x4a,0x27,0x5a,0xc8,0x62,0xc9,0x52,0x68,0x4a,0x47,0x52,0x47,
    0x4a,0x27,0x4a,0x27,0x5a,0xa9,0x5a,0xa9,0x52,0x68,0x4a,0x27,0x4a,0x47,0x52,0x68,0x5a,0xa9,0x5a,0xa9,0x52,0x68,0x4a,0x27,
    0x42,0x07,0x4a,0x27,0x4a,0x27,0x4a,0x27,0x4a,0x47,0x4a,0x27,0x4a,0x27,0x4a,0x27,0x4a,0x27,0x52,0x68,0x52,0x88,0x4a,0x48,
    0x4a,0x47,0x4a,0x27,0x4a,0x48,0x4a,0x48,0x52,0x68,0x5a,0xa9,0x4a,0x27,0x4a,0x27,0x4a,0x48,0x52,0x68,0x4a,0x27,0x4a,0x47,
    0x4a,0x48,0x5a,0x89,0x52,0x68,0x5a,0x89,0x52,0x68,0x4a,0x48,0x4a,0x48,0x4a,0x48,0x52,0x89,0x4a,0x48,0x4a,0x27,0x42,0x07,
    0x52,0x68,0x4a,0x48,0x52,0x89,0x4a,0x27,0x52,0x68,0x41,0xe6,0x42,0x06,0x4a,0x48,0x42,0x07,0x4a,0x48,0x4a,0x48,0x4a,0x48,
    0x42,0x07,0x52,0x48,0x4a,0x47,0x4a,0x48,0x4a,0x27,0x52,0x68,0x4a,0x48,0x42,0x07,0x39,0xc6,0x4a,0x48,0x4a,0x27,0x52,0x88,
    0x42,0x07,0x4a,0x48,0x4a,0x48,0x4a,0x27,0x52,0x68,0x52,0x68,0x4a,0x27,0x42,0x07,0x4a,0x48,0x4a,0x48,0x42,0x07,0x4a,0x27,
    0x52,0x48,0x4a,0x47,0x4a,0x27,0x4a,0x27,0x4a,0x47,0x4a,0x27,0x4a,0x48,0x42,0x07,0x5a,0x88,0x52,0x48,0x4a,0x27,0x4a,0x27,
    0x4a,0x27,0x39,0xc6,0x4a,0x47,0x4a,0x27,0x41,0xe6,0x41,0xe6,0x5a,0x88,0x52,0x68,0x39,0xc6,0x41,0xe6,0x52,0x88,0x4a,0x48,
    0x41,0xe6,0x42,0x07,0x4a,0x27,0x52,0x68,0x52,0x68,0x4a,0x47,0x4a,0x27,0x4a,0x27,0x42,0x07,0x42,0x06,0x41,0xe6,0x62,0xca,
    0x4a,0x27,0x42,0x07,0x4a,0x47,0x6b,0x0a,0x4a,0x48,0x4a,0x48,0x4a,0x27,0x42,0x07,0x52,0x68,0x52,0x48,0x5a,0xa9,0x42,0x27,
    0x4a,0x48,0x31,0xa5,0x5a,0xa9,0x4a,0x48,0x7b,0xad,0x42,0x27,0x52,0x68,0x52,0x68,0x5a,0xa9,0x4a,0x27,0x42,0x27,0x52,0x68,
    0x4a,0x47,0x5a,0xa9,0x42,0x07,0x4a,0x48,0x52,0x68,0x52,0x68,0x52,0x89,0x52,0x68,0x5a,0xa9,0x52,0x88,0x52,0x88,0x52,0x68,
    0x4a,0x48,0x5a,0xc9,0x52,0x88,0x52,0x68,0x5a,0xa9,0x6b,0x0a,0x63,0x0a,0x4a,0x68,0x5a,0xa9,0x4a,0x48,0x4a,0x48,0x52,0x68,
    0x5a,0x89,0x4a,0x48,0x52,0x68,0x52,0x68,0x52,0x68,0x52,0x68,0x5a,0xa9,0x52,0x88,0x52,0x68,0x4a,0x48,0x4a,0x47,0x5a,0x89,
    0x4a,0x47,0x4a,0x07,0x41,0xe6,0x4a,0x27,0x4a,0x47,0x42,0x07,0x4a,0x27,0x6b,0x0a,0x52,0x68,0x4a,0x48,0x52,0x88,0x52,0x88,
    0x52,0x68,0x52,0x68,0x52,0x68,0x4a,0x47,0x4a,0x27,0x4a,0x47,0x5a,0x89,0x5a,0xc9,0x4a,0x27,0x42,0x06,0x52,0x68,0x62,0xc9,
    0x42,0x07,0x42,0x07,0x41,0xe6,0x4a,0x47,0x4a,0x27,0x4a,0x27,0x42,0x07,0x4a,0x27,0x5a,0x89,0x4a,0x47,0x42,0x07,0x39,0xc5,
    0x5a,0xa9,0x42,0x07,0x4a,0x07,0x39,0xc6,0x52,0x68,0x41,0xe6,0x4a,0x27,0x4a,0x48,0x4a,0x47,0x52,0x88,0x4a,0x48,0x52,0x89,
    0x41,0xe6,0x42,0x07,0x52,0x68,0x52,0x88,0x39,0xa6,0x31,0x85,0x41,0xe6,0x52,0x88,0x41,0xe7,0x39,0xc6,0x41,0xe6,0x42,0x06,
    0x5a,0xc9,0x52,0x48,0x5a,0xa9,0x52,0x68,0x5a,0xa9,0x52,0x48,0x39,0xc6,0x39,0xa5,0x73,0x4b,0x5a,0xc9,0x39,0xc6,0x42,0x07,
    0x4a,0x27,0x4a,0x48,0x4a,0x27,0x41,0xe7,0x42,0x07,0x4a,0x48,0x4a,0x27,0x52,0x68,0x42,0x07,0x42,0x07,0x4a,0x27,0x39,0xc6,
    0x5a,0xc9,0x4a,0x27,0x31,0xa5,0x39,0xc6,0x52,0x88,0x4a,0x48,0x41,0xe6,0x42,0x07,0x4a,0x27,0x4a,0x27,0x42,0x07,0x4a,0x48,
    0x41,0xe6,0x52,0x68,0x52,0x68,0x52,0x68,0x42,0x27,0x42,0x07,0x4a,0x48,0x5a,0xa9,0x42,0x07,0x4a,0x48,0x52,0x68,0x5a,0xc9,
    0x4a,0x27,0x52,0x68,0x42,0x07,0x52,0x68,0x52,0x68,0x52,0x88,0x52,0x68,0x5a,0xc9,0x52,0x68,0x52,0x89,0x63,0x0a,0x5a,0xa9,
    0x62,0xca,0x52,0x89,0x62,0xea,0x4a,0x48,0x5a,0xa9,0x5a,0xc9,0x5a,0xa9,0x4a,0x48,0x63,0x0a,0x5a,0xa9,0x4a,0x48,0x4a,0x48,
    0x52,0x89,0x4a,0x48,0x52,0x68,0x4a,0x48,0x4a,0x27,0x52,0x68,0x4a,0x48,0x52,0x68,0x4a,0x27,0x4a,0x48,0x52,0x89,0x52,0x88,
    0x52,0x68,0x52,0x68,0x4a,0x48,0x4a,0x27,0x52,0x68,0x52,0x68,0x4a,0x27,0x52,0x48,0x4a,0x27,0x4a,0x47,0x4a,0x48,0x52,0x88,
    0x4a,0x48,0x52,0x68,0x4a,0x27,0x52,0x48,0x52,0x48,0x4a,0x27,0x4a,0x27,0x4a,0x48,0x4a,0x48,0x4a,0x27,0x4a,0x27,0x42,0x07,
    0x4a,0x48,0x42,0x07,0x42,0x07,0x4a,0x27,0x4a,0x48,0x4a,0x27,0x4a,0x48,0x4a,0x27,0x52,0x68,0x4a,0x27,0x52,0x68,0x4a,0x27,
    0x41,0xe6,0x4a,0x27,0x4a,0x48,0x4a,0x48,0x42,0x06,0x52,0x68,0x41,0xe6,0x42,0x07,0x39,0xa6,0x4a,0x27,0x42,0x27,0x52,0x68,
    0x4a,0x48,0x4a,0x27,0x42,0x07,0x4a,0x27,0x5a,0x89,0x52,0x68,0x4a,0x27,0x4a,0x48,0x5a,0xa9,0x5a,0xa9,0x52,0x89,0x4a,0x27,
    0x52,0x68,0x5a,0xa9,0x5a,0x89,0x52,0x68,0x4a,0x27,0x62,0xea,0x62,0xea,0x52,0x88,0x39,0xe6,0x52,0x89,0x52,0x68,0x52,0x88,
    0x39,0xc6,0x39,0xc6,0x52,0x89,0x6b,0x2b,0x4a,0x48,0x42,0x06,0x4a,0x48,0x52,0x88,0x41,0xe6,0x6b,0x4b,0x52,0x88,0x4a,0x48,
    0x5a,0xa9,0x62,0xea,0x52,0x68,0x52,0x88,0x5a,0xa8,0x4a,0x47,0x52,0x67,0x52,0x48,0x52,0x47,0x5a,0xa9,0x4a,0x47,0x42,0x07,
    0x52,0x68,0x52,0x68,0x52,0x48,0x4a,0x48,0x5a,0xa9,0x42,0x07,0x4a,0x47,0x4a,0x27,0x52,0x68,0x4a,0x27,0x52,0x68,0x52,0x68,
    0x4a,0x27,0x52,0x68,0x52,0x68,0x4a,0x48,0x52,0x68,0x42,0x27,0x52,0x68,0x83,0xac,0x4a,0x48,0x4a,0x48,0x4a,0x27,0x52,0x68,
    0x4a,0x48,0x4a,0x27,0x42,0x07,0x39,0xe6,0x52,0x68,0x4a,0x48,0x52,0x68,0x4a,0x27,0x42,0x07,0x4a,0x47,0x52,0x68,0x5a,0xa9,
    0x52,0x68,0x62,0xea,0x52,0x68,0x42,0x07,0x52,0x89,0x62,0xea,0x52,0x68,0x42,0x07,0x52,0x68,0x52,0x68,0x4a,0x48,0x4a,0x27,
    0x62,0xca,0x5a,0xc9,0x52,0x88,0x5a,0xa9,0x5a,0x88,0x52,0x68,0x5a,0xc9,0x5a,0xa9,0x4a,0x27,0x52,0x68,0x5a,0xa9,0x42,0x27,
    0x4a,0x27,0x52,0x48,0x52,0x88,0x5a,0xa9,0x73,0x6c,0x5a,0x89,0x62,0xc9,0x5a,0xc9,0x62,0xca,0x73,0x6c,0x52,0x48,0x5a,0xc9,
    0x42,0x27,0x4a,0x27,0x4a,0x47,0x4a,0x27,0x52,0x88,0x4a,0x48,0x5a,0xa9,0x5a,0xa9,0x52,0x88,0x52,0x68,0x62,0xc9,0x5a,0xa9,
    0x52,0x88,0x5a,0xa9,0x5a,0x89,0x5a,0xc9,0x52,0x88,0x52,0x68,0x5a,0xc9,0x63,0x0a,0x52,0x68,0x52,0x88,0x4a,0x47,0x5a,0x89,
    0x62,0xea,0x5a,0xa9,0x52,0x88,0x5a,0x89,0x62,0xea,0x62,0xca,0x52,0x89,0x52,0x88,0x5a,0xa9,0x5a,0xa9,0x5a,0xc9,0x5a,0xa9,
    0x4a,0x27,0x6b,0x2b,0x6b,0x2b,0x5a,0xc9,0x5a,0xc9,0x52,0x68,0x52,0x68,0x52,0x88,0x52,0x68,0x62,0xca,0x5a,0xc9,0x6b,0x2b,
    0x5a,0x89,0x5a,0xa9,0x5a,0xc9,0x5a,0xc9,0x52,0x68,0x62,0xea,0x5a,0xc9,0x52,0x68,0x5a,0xa9,0x6b,0x2b,0x5a,0xa9,0x4a,0x27,
    0x6b,0x0a,0x73,0x6c,0x4a,0x27,0x4a,0x28,0x5a,0xa9,0x6b,0x0b,0x5a,0xa9,0x4a,0x48,0x5a,0xc9,0x62,0xca,0x52,0x89,0x4a,0x27,
    0x5a,0xa9,0x4a,0x48,0x4a,0x48,0x4a,0x27,0x4a,0x27,0x52,0x68,0x52,0x68,0x4a,0x27,0x4a,0x27,0x4a,0x27,0x52,0x89,0x52,0x68,
    0x52,0x89,0x4a,0x27,0x4a,0x48,0x4a,0x48,0x41,0xe6,0x41,0xe6,0x4a,0x48,0x4a,0x48,0x39,0xa6,0x42,0x07,0x42,0x27,0x52,0x68,
    0x4a,0x27,0x42,0x07,0x42,0x07,0x4a,0x48,0x52,0x68,0x4a,0x48,0x4a,0x27,0x4a,0x27,0x52,0x68,0x42,0x07,0x4a,0x27,0x39,0xa6,
    0x5a,0xa9,0x4a,0x27,0x52,0x88,0x4a,0x48,0x52,0x89,0x52,0x89,0x5a,0xa9,0x4a,0x27,0x4a,0x48,0x52,0x68,0x4a,0x27,0x4a,0x68,
    0x39,0xc6,0x39,0xc6,0x5a,0xa9,0x52,0x88,0x41,0xe6,0x39,0xc6,0x4a,0x27,0x4a,0x27,0x42,0x07,0x42,0x07,0x42,0x07,0x41,0xe6,
    0x42,0x07,0x4a,0x27,0x41,0xe6,0x41,0xe7,0x4a,0x07,0x42,0x07,0x42,0x07,0x4a,0x27,0x4a,0x27,0x52,0x48,0x4a,0x27,0x4a,0x48,
    0x42,0x27,0x52,0x88,0x42,0x07,0x4a,0x27,0x42,0x07,0x52,0x68,0x52,0x68,0x4a,0x27,0x4a,0x27,0x42,0x27,0x4a,0x48,0x4a,0x48,
    0x4a,0x48,0x52,0x88,0x4a,0x27,0x52,0x89,0x4a,0x48,0x5a,0x89,0x4a,0x48,0x5a,0xa9,0x52,0x68,0x5a,0xca,0x5a,0xa9,0x52,0x68,
    0x52,0x68,0x5a,0x89,0x5a,0x89,0x4a,0x48,0x4a,0x68,0x52,0x89,0x52,0x89,0x4a,0x48,0x4a,0x48,0x52,0x68,0x4a,0x27,0x4a,0x48,
    0x42,0x07,0x4a,0x27,0x52,0x68,0x42,0x07,0x52,0x68,0x52,0x89,0x4a,0x48,0x42,0x07,0x52,0x68,0x52,0x68,0x4a,0x27,0x4a,0x27,
    0x4a,0x48,0x42,0x07,0x4a,0x27,0x4a,0x48,0x42,0x07,0x4a,0x27,0x42,0x27,0x4a,0x48,0x52,0x88,0x4a,0x27,0x4a,0x27,0x4a,0x47,
    0x52,0x68,0x52,0x89,0x4a,0x48,0x52,0x68,0x52,0x68,0x4a,0x27,0x42,0x27,0x4a,0x47,0x5a,0xa9,0x4a,0x47,0x4a,0x27,0x4a,0x47,
    0x4a,0x48,0x4a,0x48,0x5a,0x89,0x4a,0x48,0x52,0x68,0x52,0x68,0x52,0x48,0x4a,0x48,0x42,0x27,0x4a,0x27,0x4a,0x27,0x52,0x68,
    0x4a,0x48,0x4a,0x27,0x4a,0x27,0x4a,0x47,0x52,0x89,0x5a,0xa9,0x4a,0x48,0x52,0x88,0x42,0x07,0x52,0x48,0x52,0x88,0x52,0x89,
    0x4a,0x07,0x42,0x07,0x4a,0x48,0x4a,0x48,0x52,0x68,0x52,0x68,0x52,0x68,0x52,0x48,0x52,0x68,0x4a,0x27,0x4a,0x48,0x4a,0x27,
    0x4a,0x27,0x4a,0x47,0x4a,0x48,0x4a,0x47,0x52,0x68,0x4a,0x27,0x4a,0x27,0x42,0x27,0x5a,0xa9,0x4a,0x27,0x52,0x68,0x4a,0x27,
    0x4a,0x27,0x42,0x07,0x4a,0x47,0x4a,0x47,0x4a,0x27,0x42,0x06,0x5a,0x89,0x4a,0x07,0x4a,0x47,0x41,0xc6,0x4a,0x27,0x52,0x47,
    0x4a,0x27,0x4a,0x27,0x4a,0x27,0x4a,0x47,0x4a,0x47,0x4a,0x26,0x4a,0x27,0x62,0xea,0x5a,0xa9,0x62,0xe9,0x4a,0x27,0x4a,0x27,
    0x4a,0x27,0x62,0xea,0x5a,0xa9,0x41,0xe6,0x52,0x68,0x4a,0x27,0x5a,0x88,0x4a,0x47,0x52,0x68,0x4a,0x48,0x52,0x88,0x4a,0x48,
    0x4a,0x48,0x4a,0x27,0x5a,0xa9,0x5a,0xca,0x4a,0x27,0x41,0xe6,0x4a,0x27,0x4a,0x48,0x52,0x89,0x52,0x68,0x52,0x68,0x52,0x68,
    0x4a,0x27,0x4a,0x48,0x52,0x88,0x52,0x89,0x4a,0x27,0x5a,0x89,0x42,0x07,0x52,0x68,0x52,0x89,0x52,0x68,0x4a,0x27,0x4a,0x48,
    0x52,0x68,0x4a,0x48,0x4a,0x27,0x4a,0x48,0x4a,0x48,0x4a,0x27,0x52,0x68,0x52,0x68,0x52,0x68,0x4a,0x48,0x4a,0x48,0x4a,0x48,
    0x4a,0x48,0x5a,0xa9,0x52,0x88,0x5a,0xa9,0x52,0x68,0x52,0x68,0x4a,0x48,0x42,0x07,0x4a,0x48,0x39,0xc6,0x39,0xc6,0x4a,0x27,
    0x4a,0x27,0x39,0xc6,0x42,0x07,0x52,0x88,0x4a,0x27,0x42,0x07,0x4a,0x27,0x4a,0x27,0x4a,0x48,0x4a,0x27,0x42,0x07,0x4a,0x48,
    0x52,0x68,0x52,0x88,0x4a,0x47,0x4a,0x48,0x52,0x68,0x4a,0x27,0x4a,0x47,0x4a,0x27,0x52,0x88,0x4a,0x47,0x52,0x68,0x4a,0x27,
    0x4a,0x48,0x4a,0x47,0x52,0x68,0x4a,0x27,0x4a,0x27,0x4a,0x27,0x52,0x88,0x52,0x68,0x52,0x68,0x4a,0x27,0x52,0x68,0x52,0x48,
    0x52,0x48,0x52,0x88,0x52,0x68,0x4a,0x47,0x4a,0x27,0x4a,0x27,0x5a,0xa9,0x5a,0xa9,0x52,0x68,0x4a,0x27,0x4a,0x48,0x52,0x89,
    0x42,0x07,0x4a,0x27,0x4a,0x27,0x52,0x68,0x52,0x68,0x52,0x68,0x42,0x07,0x42,0x07,0x4a,0x27,0x4a,0x27,0x42,0x07,0x4a,0x47,
    0x52,0x68,0x41,0xe6,0x42,0x06,0x52,0x68,0x52,0x68,0x4a,0x47,0x5a,0x89,0x52,0x48,0x4a,0x27,0x4a,0x27,0x52,0x68,0x5a,0xa9,
    0x42,0x07,0x4a,0x48,0x4a,0x27,0x5a,0xa9,0x52,0x89,0x52,0x68,0x5a,0xc9,0x52,0x88,0x52,0x68,0x4a,0x48,0x5a,0xc9,0x52,0x68,
    0x62,0xea,0x5a,0xa9,0x52,0x68,0x52,0x88,0x52,0x88,0x5a,0xca,0x62,0xea,0x5a,0xa9,0x5a,0xa9,0x52,0x88,0x52,0x67,0x52,0x67,
    0x5a,0xa9,0x62,0xc9,0x52,0x67,0x52,0x67,0x52,0x88,0x52,0x68,0x62,0xc8,0x52,0x68,0x52,0x68,0x62,0xea,0x6b,0x0a,0x4a,0x47,
    0x5a,0xa8,0x9c,0x90,0x73,0x8c,0x4a,0x48,0x62,0xc9,0x6b,0x2a,0x52,0x88,0x5a,0xa9,0x5a,0x88,0x4a,0x26,0x52,0x67,0x5a,0x88,
    0x4a,0x27,0x5a,0x67,0x5a,0x88,0x52,0x68,0x42,0x07,0x42,0x07,0x4a,0x27,0x52,0x89,0x4a,0x27,0x41,0xe6,0x39,0xe6,0x41,0xe6,
    0x52,0x88,0x4a,0x27,0x39,0xc6,0x4a,0x27,0x52,0x68,0x4a,0x47,0x52,0x68,0x4a,0x48,0x52,0x68,0x52,0x68,0x4a,0x47,0x5a,0xa9,
    0x42,0x07,0x4a,0x27,0x52,0x68,0x52,0x88,0x4a,0x48,0x5a,0xa9,0x52,0x68,0x62,0xca,0x4a,0x48,0x52,0x88,0x5a,0x88,0x62,0xc9,
    0x52,0x68,0x52,0x68,0x52,0x88,0x52,0x48,0x5a,0x89,0x52,0x88,0x5a,0x88,0x4a,0x27,0x5a,0x89,0x52,0x68,0x52,0x68,0x41,0xe6,
    0x5a,0xa9,0x52,0x88,0x41,0xe6,0x42,0x27,0x4a,0x47,0x5a,0xc9,0x62,0xea,0x4a,0x27,0x5a,0xc9,0x5a,0xc9,0x4a,0x48,0x5a,0xa8,
    0x5a,0x89,0x4a,0x47,0x52,0x68,0x6b,0x2b,0x4a,0x27,0x4a,0x47,0x42,0x07,0x52,0x48,0x4a,0x27,0x4a,0x27,0x42,0x07,0x42,0x07,
    0x52,0x88,0x42,0x07,0x5a,0xa9,0x52,0x68,0x42,0x07,0x4a,0x48,0x63,0x0a,0x52,0x88,0x52,0x68,0x52,0x68,0x63,0x0a,0x52,0x68,
    0x4a,0x48,0x52,0x88,0x52,0x68,0x5a,0xa9,0x4a,0x27,0x52,0x89,0x4a,0x27,0x52,0x68,0x4a,0x47,0x4a,0x48,0x4a,0x27,0x4a,0x27,
    0x4a,0x48,0x4a,0x27,0x42,0x07,0x42,0x07,0x52,0x89,0x4a,0x48,0x4a,0x48,0x4a,0x48,0x52,0x68,0x52,0x89,0x5a,0xc9,0x52,0x68,
    0x42,0x07,0x4a,0x27,0x52,0x88,0x4a,0x48,0x4a,0x48,0x4a,0x27,0x4a,0x48,0x4a,0x48,0x52,0x88,0x5a,0xa9,0x52,0x68,0x4a,0x48,
    0x4a,0x48,0x52,0x89,0x4a,0x48,0x4a,0x48,0x42,0x07,0x5a,0xa9,0x4a,0x48,0x52,0x68,0x4a,0x48,0x5a,0xa9,0x4a,0x48,0x52,0x68,
    0x42,0x07,0x42,0x27,0x4a,0x27,0x4a,0x48,0x4a,0x48,0x4a,0x48,0x4a,0x68,0x5a,0xa9,0x52,0x68,0x4a,0x48,0x42,0x27,0x4a,0x48,
    0x52,0x48,0x4a,0x27,0x42,0x07,0x4a,0x48,0x31,0xa5,0x39,0xe6,0x4a,0x47,0x4a,0x47,0x42,0x07,0x4a,0x27,0x52,0x68,0x52,0x68,
    0x52,0x68,0x5a,0xc9,0x5a,0xa9,0x52,0x68,0x4a,0x47,0x52,0x88,0x52,0x88,0x5a,0x88,0x52,0x89,0x4a,0x48,0x62,0xca,0x5a,0xa9,
    0x52,0x88,0x52,0x68,0x4a,0x27,0x52,0x68,0x5a,0xa8,0x52,0x88,0x52,0x68,0x52,0x68,0x52,0x88,0x52,0x88,0x5a,0xa9,0x4a,0x47,
    0x5a,0xa9,0x52,0x89,0x62,0xea,0x52,0x68,0x52,0x48,0x4a,0x27,0x4a,0x27,0x42,0x07,0x42,0x07,0x42,0x07,0x42,0x07,0x52,0x68,
    0x42,0x07,0x41,0xe6,0x42,0x27,0x52,0x68,0x4a,0x48,0x4a,0x27,0x52,0x68,0x52,0x89,0x52,0x48,0x4a,0x47,0x5a,0xc9,0x52,0x68,
    0x52,0x68,0x4a,0x47,0x52,0x89,0x52,0x88,0x4a,0x47,0x42,0x07,0x4a,0x27,0x4a,0x48,0x4a,0x27,0x5a,0xa9,0x62,0xea,0x52,0x68,
    0x52,0x68,0x6b,0x4b,0x5a,0xa9,0x52,0x89,0x5a,0x89,0x5a,0xa9,0x4a,0x27,0x42,0x07,0x5a,0xa9,0x52,0x68,0x5a,0xa9,0x42,0x07,
    0x52,0x68,0x52,0x89,0x62,0xea,0x5a,0xa9,0x4a,0x48,0x5a,0xc9,0x5a,0xc9,0x4a,0x48,0x52,0x68,0x4a,0x27,0x52,0x68,0x4a,0x27,
    0x62,0xca,0x5a,0xa9,0x5a,0xa9,0x4a,0x48,0x42,0x27,0x52,0x88,0x6b,0x0a,0x4a,0x47,0x4a,0x48,0x62,0xca,0x5a,0xca,0x4a,0x27,
    0x4a,0x27,0x4a,0x48,0x52,0x68,0x52,0x68,0x42,0x07,0x42,0x07,0x4a,0x27,0x4a,0x27,0x4a,0x27,0x4a,0x27,0x42,0x06,0x42,0x07,
    0x4a,0x27,0x41,0xe6,0x41,0xe6,0x39,0xe6,0x4a,0x27,0x4a,0x27,0x4a,0x47,0x4a,0x27,0x52,0x48,0x4a,0x27,0x52,0x68,0x4a,0x27,
    0x52,0x68,0x52,0x68,0x52,0x88,0x52,0x68,0x4a,0x27,0x62,0xea,0x62,0xea,0x4a,0x27,0x39,0xe6,0x5a,0xa9,0x52,0x68,0x5a,0xa8,
    0x42,0x06,0x52,0x68,0x5a,0x88,0x62,0xea,0x4a,0x07,0x5a,0xa9,0x52,0x68,0x42,0x07,0x52,0x68,0x73,0x4b,0x63,0x0a,0x39,0xe6,
    0x5a,0xa9,0x52,0x68,0x62,0xca,0x39,0xe6,0x5a,0xc9,0x5a,0xa9,0x5a,0xa9,0x52,0x68,0x42,0x07,0x52,0x68,0x4a,0x48,0x5a,0xa9,
    0x4a,0x27,0x4a,0x27,0x4a,0x27,0x4a,0x27,0x4a,0x48,0x52,0x68,0x42,0x07,0x4a,0x68,0x52,0x88,0x52,0x68,0x4a,0x27,0x4a,0x48,
    0x4a,0x48,0x42,0x07,0x4a,0x48,0x52,0x68,0x4a,0x48,0x42,0x07,0x52,0x68,0x4a,0x27,0x4a,0x48,0x4a,0x48,0x4a,0x27,0x4a,0x27,
    0x52,0x88,0x52,0x48,0x4a,0x27,0x42,0x07,0x4a,0x27,0x42,0x07,0x4a,0x48,0x4a,0x48,0x4a,0x48,0x52,0x68,0x52,0x68,0x4a,0x48,
    0x4a,0x48,0x4a,0x47,0x52,0x89,0x4a,0x48,0x4a,0x47,0x4a,0x48,0x52,0x68,0x4a,0x48,0x52,0x68,0x52,0x68,0x42,0x27,0x52,0x68,
    0x52,0x68,0x52,0x68,0x52,0x68,0x52,0x68,0x4a,0x27,0x4a,0x27,0x42,0x07,0x52,0x68,0x4a,0x27,0x4a,0x48,0x4a,0x27,0x4a,0x27,
    0x4a,0x27,0x4a,0x27,0x52,0x89,0x5a,0x89,0x4a,0x27,0x4a,0x47,0x52,0x89,0x4a,0x48,0x52,0x68,0x52,0x89,0x4a,0x48,0x4a,0x27,
    0x52,0x68,0x52,0x68,0x42,0x07,0x4a,0x27,0x4a,0x48,0x4a,0x48,0x4a,0x48,0x52,0x68,0x4a,0x27,0x4a,0x48,0x4a,0x48,0x52,0x68,
    0x52,0x68,0x52,0x68,0x4a,0x68,0x4a,0x27,0x52,0x89,0x5a,0x89,0x4a,0x48,0x4a,0x48,0x52,0x68,0x4a,0x27,0x4a,0x27,0x52,0x68,
    0x52,0x68,0x4a,0x27,0x42,0x07,0x4a,0x48,0x4a,0x27,0x52,0x68,0x39,0xc6,0x42,0x07,0x52,0x68,0x52,0x88,0x4a,0x27,0x4a,0x48,
    0x42,0x07,0x4a,0x47,0x4a,0x27,0x4a,0x48,0x4a,0x68,0x4a,0x28,0x4a,0x48,0x4a,0x27,0x4a,0x48,0x52,0x89,0x5a,0xca,0x4a,0x48,
    0x4a,0x27,0x52,0x68,0x5a,0xa9,0x52,0x68,0x5a,0xa9,0x5a,0xc9,0x4a,0x27,0x4a,0x47,0x4a,0x48,0x4a,0x48,0x52,0x68,0x52,0x68,
    0x52,0x68,0x52,0x89,0x4a,0x48,0x62,0xea,0x4a,0x48,0x4a,0x27,0x42,0x07,0x52,0x68,0x4a,0x48,0x4a,0x27,0x4a,0x27,0x52,0x68,
    0x4a,0x48,0x52,0x88,0x5a,0xca,0x4a,0x48,0x52,0x89,0x52,0x88,0x4a,0x27,0x4a,0x27,0x52,0x68,0x5a,0xa9,0x39,0xc6,0x52,0x88,
    0x52,0x88,0x52,0x48,0x52,0x88,0x4a,0x48,0x4a,0x27,0x52,0x68,0x5a,0xa8,0x5a,0xc9,0x42,0x06,0x52,0x47,0x52,0x88,0x62,0xc9,
    0x52,0x47,0x52,0x47,0x5a,0x88,0x5a,0x88,0x4a,0x27,0x4a,0x48,0x4a,0x27,0x4a,0x47,0x52,0x88,0x4a,0x48,0x4a,0x47,0x52,0x68,
    0x52,0x88,0x5a,0x88,0x42,0x27,0x4a,0x47,0x5a,0x88,0x5a,0xc9,0x4a,0x48,0x4a,0x48,0x4a,0x27,0x4a,0x27,0x5a,0xa9,0x52,0x68,
    0x42,0x27,0x4a,0x47,0x4a,0x47,0x4a,0x27,0x52,0x48,0x52,0x68,0x4a,0x27,0x4a,0x48,0x52,0x88,0x5a,0xa9,0x4a,0x27,0x42,0x07,
    0x4a,0x27,0x52,0x68,0x52,0x68,0x52,0x88,0x52,0x68,0x4a,0x47,0x52,0x68,0x52,0x68,0x4a,0x27,0x42,0x07,0x5a,0xa9,0x5a,0xa9,
    0x52,0x68,0x4a,0x48,0x4a,0x48,0x52,0x68,0x52,0x88,0x52,0x48,0x4a,0x48,0x52,0x68,0x4a,0x27,0x4a,0x27,0x4a,0x47,0x52,0x48,
    0x52,0x48,0x52,0x68,0x4a,0x27,0x52,0x48,0x52,0x68,0x52,0x68,0x4a,0x47,0x52,0x68,0x4a,0x48,0x5a,0xa9,0x62,0xea,0x62,0xca,
    0x5a,0xa9,0x5a,0x89,0x5a,0xa9,0x62,0xea,0x52,0x68,0x4a,0x27,0x62,0xea,0x5a,0xa8,0x5a,0xa9,0x52,0x68,0x5a,0xa8,0x5a,0x88,
    0x5a,0xc9,0x5a,0xc9,0x4a,0x27,0x4a,0x27,0x5a,0xa9,0x4a,0x27,0x42,0x07,0x42,0x27,0x5a,0x88,0x6b,0x0a,0x52,0x89,0x5a,0xa9,
    0x5a,0xa9,0x4a,0x48,0x52,0x68,0x4a,0x48,0x6b,0x4b,0x6b,0x2b,0x52,0x88,0x5a,0xa9,0x5a,0x89,0x62,0xe9,0x52,0x88,0x5a,0xa9,
    0x52,0x68,0x42,0x27,0x5a,0xa9,0x5a,0xa9,0x4a,0x27,0x4a,0x27,0x4a,0x47,0x62,0xea,0x5a,0xc9,0x62,0xea,0x5a,0xa9,0x5a,0x88,
    0x5a,0xc9,0x5a,0xa8,0x5a,0xa9,0x52,0x88,0x5a,0xa9,0x5a,0x87,0x62,0xc8,0x5a,0xa9,0x52,0x68,0x52,0x67,0x5a,0xa8,0x62,0xc9,
    0x52,0x68,0x5a,0x88,0x42,0x07,0x42,0x27,0x5a,0xa9,0x52,0x88,0x41,0xe6,0x42,0x07,0x5a,0xc9,0x52,0x48,0x4a,0x27,0x4a,0x47,
    0x52,0x88,0x52,0x68,0x4a,0x27,0x4a,0x27,0x5a,0xa9,0x5a,0xa9,0x42,0x07,0x4a,0x48,0x4a,0x68,0x52,0x89,0x52,0x68,0x4a,0x27,
    0x4a,0x27,0x52,0x89,0x52,0x68,0x52,0x68,0x52,0x67,0x62,0xea,0x5a,0xa9,0x5a,0xa9,0x4a,0x68,0x52,0x68,0x52,0x89,0x52,0x68,
    0x52,0x68,0x52,0x89,0x52,0x68,0x4a,0x27,0x4a,0x48,0x52,0x68,0x52,0x89,0x52,0x68,0x52,0x68,0x4a,0x27,0x4a,0x27,0x52,0x88,
    0x52,0x68,0x4a,0x27,0x4a,0x27,0x42,0x07,0x42,0x07,0x42,0x06,0x42,0x07,0x42,0x07,0x42,0x07,0x42,0x07,0x39,0xc6,0x42,0x07,
    0x52,0x68,0x4a,0x48,0x4a,0x48,0x41,0xe6,0x4a,0x48,0x42,0x07,0x41,0xe6,0x42,0x07,0x4a,0x27,0x41,0xe6,0x39,0xc6,0x41,0xe6,
    0x42,0x06,0x4a,0x27,0x42,0x07,0x39,0xe6,0x4a,0x27,0x4a,0x28,0x4a,0x48,0x4a,0x27,0x4a,0x48,0x52,0x68,0x5a,0xa9,0x52,0x68,
    0x4a,0x48,0x4a,0x48,0x4a,0x48,0x42,0x07,0x41,0xe6,0x42,0x07,0x4a,0x48,0x4a,0x48,0x4a,0x27,0x39,0xe6,0x4a,0x48,0x4a,0x48,
    0x5a,0xa9,0x52,0x68,0x4a,0x48,0x4a,0x48,0x52,0x48,0x52,0x48,0x52,0x68,0x4a,0x27,0x4a,0x27,0x4a,0x27,0x52,0x48,0x5a,0x89,
    0x4a,0x47,0x4a,0x27,0x4a,0x27,0x5a,0xa9,0x4a,0x27,0x42,0x07,0x62,0xea,0x52,0x68,0x4a,0x27,0x62,0xea,0x52,0x89,0x5a,0xc9,
    0x52,0x68,0x5a,0xc9,0x4a,0x27,0x41,0xe7,0x52,0x89,0x4a,0x47,0x52,0x68,0x39,0xc6,0x4a,0x48,0x4a,0x47,0x4a,0x27,0x5a,0x88,
    0x5a,0xa9,0x4a,0x27,0x4a,0x27,0x4a,0x27,0x52,0x68,0x4a,0x27,0x4a,0x27,0x4a,0x27,0x4a,0x27,0x5a,0xa9,0x52,0x68,0x41,0xe6,
    0x4a,0x27,0x52,0x68,0x52,0x68,0x41,0xe7,0x4a,0x27,0x4a,0x27,0x4a,0x27,0x52,0x48,0x42,0x07,0x52,0x88,0x4a,0x48,0x52,0x68,
    0x4a,0x47,0x5a,0xa9,0x4a,0x48,0x52,0x68,0x52,0x68,0x4a,0x48,0x4a,0x27,0x5a,0x89,0x4a,0x48,0x42,0x07,0x39,0xc6,0x5a,0x89,
    0x52,0x68,0x4a,0x27,0x42,0x07,0x52,0x88,0x4a,0x48,0x42,0x07,0x4a,0x48,0x4a,0x27,0x5a,0xa9,0x4a,0x27,0x52,0x68,0x52,0x48,
    0x63,0x0a,0x52,0x68,0x52,0x89,0x52,0x68,0x62,0xea,0x62,0xea,0x4a,0x48,0x4a,0x27,0x52,0x68,0x62,0xc9,0x5a,0x89,0x52,0x68,
    0x52,0x88,0x4a,0x48,0x5a,0x89,0x4a,0x07,0x52,0x48,0x4a,0x27,0x52,0x68,0x4a,0x27,0x4a,0x47,0x4a,0x47,0x4a,0x48,0x4a,0x27,
    0x4a,0x48,0x4a,0x27,0x42,0x07,0x4a,0x47,0x41,0xe6,0x4a,0x27,0x4a,0x47,0x52,0x68,0x52,0x68,0x52,0x47,0x4a,0x27,0x4a,0x27,
    0x52,0x68,0x52,0x68,0x5a,0xa9,0x4a,0x27,0x4a,0x27,0x52,0x68,0x52,0x68,0x52,0x67,0x52,0x68,0x4a,0x47,0x52,0x68,0x5a,0xa9,
    0x52,0x47,0x4a,0x27,0x62,0xea,0x5a,0xa9,0x4a,0x26,0x52,0x88,0x5a,0xc9,0x5a,0xa9,0x4a,0x06,0x5a,0x88,0x63,0x0a,0x62,0xea,
    0x62,0xca,0x5a,0xa9,0x52,0x68,0x52,0x68,0x52,0x68,0x52,0x68,0x4a,0x47,0x52,0x68,0x52,0x68,0x4a,0x48,0x52,0x68,0x5a,0xc9,
    0x4a,0x48,0x5a,0xa9,0x62,0xc9,0x52,0x68,0x52,0x68,0x52,0x68,0x52,0x48,0x52,0x68,0x4a,0x27,0x52,0x89,0x52,0x68,0x5a,0xa9,
    0x52,0x89,0x62,0xea,0x62,0xea,0x4a,0x48,0x5a,0xc9,0x52,0x68,0x52,0x89,0x4a,0x48,0x52,0x68,0x4a,0x27,0x4a,0x27,0x4a,0x48,
    0x5a,0x89,0x52,0x68,0x4a,0x48,0x4a,0x27,0x52,0x68,0x52,0x68,0x52,0x89,0x52,0x89,0x42,0x07,0x42,0x07,0x52,0x68,0x6b,0x2b,
    0x4a,0x28,0x4a,0x48,0x4a,0x48,0x4a,0x48,0x52,0x68,0x52,0x68,0x52,0x68,0x42,0x07,0x52,0x68,0x4a,0x48,0x52,0x68,0x52,0x68,
    0x42,0x27,0x42,0x27,0x4a,0x27,0x5a,0xa9,0x4a,0x48,0x5a,0x89,0x4a,0x48,0x4a,0x27,0x4a,0x27,0x4a,0x48,0x42,0x07,0x4a,0x48,
    0x4a,0x48,0x52,0x68,0x4a,0x47,0x4a,0x47,0x4a,0x48,0x4a,0x48,0x4a,0x27,0x4a,0x27,0x52,0x48,0x5a,0xa9,0x52,0x89,0x52,0x88,
    0x52,0x48,0x52,0x88,0x52,0x68,0x52,0x68,0x4a,0x27,0x4a,0x47,0x52,0x68,0x5a,0xa9,0x4a,0x47,0x4a,0x27,0x52,0x47,0x52,0x68,
    0x4a,0x47,0x4a,0x27,0x42,0x07,0x52,0x48,0x4a,0x27,0x4a,0x27,0x41,0xe6,0x52,0x68,0x52,0x68,0x52,0x68,0x42,0x07,0x4a,0x27,
    0x5a,0xa9,0x62,0xea,0x52,0x68,0x42,0x07,0x4a,0x48,0x52,0x68,0x52,0x89,0x52,0x88,0x52,0x68,0x62,0xea,0x62,0xe9,0x62,0xc9,
    0x42,0x07,0x62,0xe9,0x5a,0x88,0x62,0xc9,0x4a,0x47,0x5a,0xa8,0x5a,0xa9,0x5a,0xa8,0x62,0xea,0x62,0xea,0x52,0x89,0x52,0x68,
    0x5a,0xa8,0x6b,0x0a,0x52,0x89,0x41,0xe7,0x5a,0xa8,0x62,0xa8,0x4a,0x27,0x41,0xe6,0x52,0x47,0x6b,0x0a,0x62,0xc9,0x4a,0x27,
    0x52,0x89,0x5a,0xa9,0x5a,0x88,0x4a,0x47,0x4a,0x47,0x4a,0x47,0x52,0x68,0x5a,0xc9,0x41,0xe6,0x4a,0x27,0x42,0x07,0x52,0x68,
    0x4a,0x47,0x41,0xe7,0x52,0x68,0x52,0x88,0x4a,0x27,0x52,0x88,0x52,0x68,0x42,0x07,0x52,0x68,0x4a,0x27,0x42,0x07,0x4a,0x27,
    0x52,0x88,0x52,0x68,0x52,0x68,0x5a,0xc9,0x5a,0xa9,0x5a,0xa9,0x4a,0x47,0x52,0x68,0x5a,0xa8,0x52,0x68,0x52,0x48,0x52,0x89,
    0x73,0x4a,0x62,0xc9,0x5a,0xa9,0x52,0x68,0x83,0xed,0x73,0x4a,0x5a,0xa9,0x52,0x89,0x73,0x6b,0x6b,0x2b,0x52,0x88,0x52,0x68,
    0x52,0x89,0x5a,0xa9,0x52,0x68,0x52,0x68,0x52,0x88,0x62,0xea,0x52,0x88,0x52,0x48,0x52,0x88,0x52,0x68,0x4a,0x47,0x4a,0x27,
    0x5a,0xa9,0x4a,0x27,0x4a,0x27,0x4a,0x27,0x52,0x88,0x5a,0xa9,0x52,0x68,0x4a,0x27,0x52,0x68,0x6b,0x2b,0x62,0xc9,0x52,0x68,
    0x4a,0x47,0x5a,0xa9,0x52,0x88,0x5a,0xc9,0x4a,0x27,0x52,0x68,0x4a,0x27,0x52,0x68,0x52,0x68,0x39,0xc6,0x31,0xa5,0x4a,0x47,
    0x5a,0xa9,0x4a,0x48,0x4a,0x27,0x41,0xe6,0x4a,0x48,0x52,0x48,0x4a,0x47,0x4a,0x27,0x41,0xe7,0x39,0xe6,0x41,0xe6,0x4a,0x27,
    0x5a,0xa9,0x41,0xe6,0x39,0xe6,0x52,0x68,0x4a,0x27,0x4a,0x07,0x39,0xa5,0x52,0x68,0x4a,0x48,0x4a,0x27,0x42,0x06,0x5a,0xa9,
    0x4a,0x48,0x52,0x68,0x4a,0x27,0x4a,0x27,0x52,0x48,0x42,0x07,0x42,0x07,0x4a,0x48,0x52,0x68,0x39,0xc6,0x63,0x0a,0x5a,0xc9,
    0x5a,0xc9,0x52,0x89,0x5a,0xa9,0x52,0x88,0x52,0x68,0x62,0xe9,0x5a,0xa9,0x4a,0x48,0x52,0x68,0x52,0x68,0x52,0x68,0x52,0x88,
    0x4a,0x27,0x4a,0x47,0x4a,0x48,0x52,0x88,0x42,0x07,0x4a,0x47,0x4a,0x27,0x52,0x68,0x4a,0x27,0x52,0x68,0x5a,0xa9,0x4a,0x27,
    0x42,0x07,0x42,0x07,0x4a,0x48,0x52,0x68,0x52,0x68,0x4a,0x47,0x52,0x68,0x52,0x68,0x4a,0x27,0x4a,0x27,0x4a,0x48,0x4a,0x48,
    0x42,0x07,0x4a,0x48,0x52,0x68,0x4a,0x48,0x52,0x68,0x52,0x68,0x52,0x88,0x52,0x68,0x52,0x68,0x52,0x88,0x52,0x68,0x4a,0x27,
    0x52,0x68,0x52,0x68,0x52,0x48,0x4a,0x47,0x52,0x68,0x4a,0x27,0x52,0x68,0x4a,0x47,0x52,0x88,0x4a,0x27,0x4a,0x27,0x52,0x48,
    0x4a,0x27,0x4a,0x27,0x52,0x48,0x52,0x88,0x52,0x68,0x5a,0x88,0x52,0x68,0x52,0x88,0x52,0x68,0x52,0x68,0x4a,0x27,0x5a,0x88,
    0x4a,0x47,0x5a,0x88,0x52,0x68,0x42,0x07,0x52,0x68,0x52,0x68,0x4a,0x47,0x42,0x27,0x52,0x88,0x52,0x68,0x42,0x06,0x41,0xe6,
    0x52,0x68,0x4a,0x48,0x4a,0x27,0x4a,0x27,0x4a,0x27,0x42,0x07,0x42,0x07,0x4a,0x27,0x42,0x07,0x4a,0x27,0x42,0x06,0x41,0xe6,
    0x4a,0x47,0x4a,0x27,0x4a,0x27,0x41,0xe6,0x4a,0x27,0x4a,0x48,0x52,0x68,0x42,0x07,0x4a,0x48,0x4a,0x27,0x52,0x48,0x4a,0x27,
    0x4a,0x27,0x5a,0x88,0x52,0x68,0x4a,0x07,0x41,0xe6,0x52,0x48,0x52,0x68,0x4a,0x27,0x41,0xe6,0x4a,0x27,0x52,0x88,0x52,0x68,
    0x4a,0x27,0x52,0x68,0x5a,0xa9,0x42,0x07,0x42,0x07,0x52,0x68,0x5a,0xc9,0x52,0x68,0x4a,0x27,0x52,0x88,0x6b,0x0a,0x62,0xea,
    0x4a,0x27,0x52,0x68,0x62,0xc9,0x6b,0x0a,0x4a,0x47,0x4a,0x47,0x4a,0x48,0x5a,0x89,0x4a,0x48,0x4a,0x47,0x52,0x68,0x4a,0x48,
    0x5a,0x88,0x52,0x68,0x4a,0x48,0x4a,0x48,0x52,0x68,0x4a,0x48,0x52,0x68,0x52,0x68,0x4a,0x27,0x52,0x68,0x4a,0x48,0x4a,0x48,
    0x52,0x68,0x52,0x68,0x42,0x27,0x52,0x48,0x52,0x68,0x62,0xea,0x6b,0x2b,0x4a,0x48,0x4a,0x27,0x5a,0xa9,0x5a,0xa9,0x4a,0x47,
    0x5a,0xa9,0x4a,0x47,0x39,0xc6,0x52,0x88,0x52,0x68,0x62,0xc9,0x4a,0x48,0x41,0xe6,0x5a,0xa9,0x5a,0xa9,0x5a,0xa9,0x4a,0x27,
    0x5a,0xa9,0x52,0x68,0x4a,0x27,0x52,0x68,0x41,0xe6,0x52,0x88,0x73,0x4b,0x6b,0x2b,0x4a,0x48,0x5a,0xa9,0x73,0x4b,0x6b,0x2a,
    0x4a,0x48,0x4a,0x47,0x5a,0xc9,0x5a,0xc9,0x5a,0x89,0x5a,0xa9,0x5a,0xa9,0x62,0xea,0x52,0x48,0x5a,0xa9,0x52,0x68,0x52,0x88,
    0x52,0x68,0x62,0xe9,0x63,0x0a,0x52,0x88,0x6b,0x2b,0x6b,0x0a,0x5a,0xa9,0x73,0x6b,0x62,0xc9,0x6b,0x0a,0x42,0x07,0x8b,0xed,
    0x5a,0xc9,0x52,0x68,0x52,0x68,0x52,0x68,0x5a,0xa9,0x6b,0x4b,0x62,0xea,0x5a,0xa9,0x5a,0xa9,0x5a,0xa9,0x52,0x89,0x4a,0x27,
    0x5a,0xc9,0x4a,0x27,0x62,0xea,0x62,0xea,0x52,0x89,0x52,0x68,0x52,0x68,0x4a,0x48,0x52,0x68,0x52,0x89,0x52,0x68,0x52,0x89,
    0x52,0x68,0x52,0x68,0x52,0x68,0x52,0x88,0x52,0x88,0x5a,0xa9,0x52,0x68,0x5a,0xa9,0x4a,0x48,0x5a,0xa9,0x4a,0x48,0x4a,0x48,
    0x52,0x88,0x41,0xe6,0x4a,0x27,0x4a,0x27,0x4a,0x27,0x42,0x07,0x4a,0x48,0x4a,0x27,0x4a,0x48,0x52,0x68,0x52,0x68,0x4a,0x27,
    0x4a,0x27,0x4a,0x48,0x52,0x68,0x52,0x88,0x4a,0x48,0x42,0x27,0x39,0xc6,0x42,0x07,0x52,0x68,0x42,0x07,0x42,0x07,0x42,0x07,
    0x4a,0x27,0x4a,0x27,0x42,0x27,0x52,0x88,0x4a,0x48,0x4a,0x68,0x52,0x68,0x4a,0x27,0x42,0x07,0x4a,0x48,0x52,0x68,0x52,0x68,
    0x4a,0x27,0x4a,0x48,0x4a,0x48,0x52,0x68,0x52,0x88,0x52,0x68,0x4a,0x27,0x4a,0x48,0x52,0x68,0x5a,0x89,0x42,0x07,0x42,0x07,
    0x52,0x68,0x52,0x68,0x4a,0x48,0x4a,0x27,0x5a,0xa9,0x62,0xea,0x52,0x68,0x52,0x68,0x4a,0x48,0x5a,0xa9,0x5a,0x89,0x52,0x68,
    0x4a,0x48,0x52,0x68,0x4a,0x47,0x4a,0x27,0x42,0x27,0x52,0x68,0x4a,0x27,0x52,0x89,0x4a,0x27,0x4a,0x48,0x4a,0x48,0x52,0x89,
    0x52,0x89,0x42,0x07,0x29,0x44,0x41,0xe6,0x5a,0xc9,0x52,0x68,0x4a,0x48,0x52,0x89,0x5a,0xa9,0x4a,0x27,0x4a,0x27,0x42,0x07,
    0x42,0x07,0x42,0x07,0x4a,0x48,0x5a,0x89,0x4a,0x27,0x52,0x68,0x6b,0x0a,0x62,0xca,0x4a,0x48,0x4a,0x48,0x4a,0x68,0x5a,0xa9,
    0x5a,0xa9,0x5a,0x89,0x62,0xea,0x5a,0xa9,0x62,0xc9,0x4a,0x27,0x5a,0x89,0x52,0x68,0x5a,0x89,0x4a,0x27,0x4a,0x47,0x4a,0x48,
    0x52,0x89,0x52,0x68,0x62,0xea,0x52,0x68,0x52,0x68,0x62,0xca,0x62,0xea,0x6b,0x2b,0x4a,0x47,0x5a,0x89,0x6b,0x0a,0x7b,0x8c,
    0x62,0xca,0x63,0x0a,0x7b,0x8c,0x6b,0x2b,0x5a,0xa9,0x5a,0xa9,0x5a,0xc9,0x5a,0x88,0x7b,0x8c,0x52,0x89,0x73,0x4b,0x6b,0x2a,
    0x73,0x6c,0x62,0xca,0x73,0x4b,0x6b,0x0b,0x5a,0xa9,0x62,0xea,0x62,0xea,0x5a,0xa9,0x52,0x68,0x52,0x68,0x62,0xea,0x5a,0xc9,
    0x52,0x47,0x39,0xc6,0x41,0xe6,0x52,0x68,0x5a,0xa9,0x62,0xc9,0x5a,0x88,0x5a,0xc9,0x62,0xc9,0x52,0x68,0x52,0x47,0x52,0x68,
    0x5a,0x88,0x4a,0x27,0x42,0x27,0x4a,0x27,0x5a,0xa9,0x5a,0x89,0x4a,0x47,0x4a,0x27,0x52,0x88,0x5a,0xa9,0x4a,0x48,0x42,0x07,
    0x4a,0x27,0x4a,0x47,0x52,0x68,0x52,0x68,0x52,0x88,0x52,0x68,0x4a,0x47,0x4a,0x48,0x4a,0x48,0x4a,0x07,0x42,0x07,0x4a,0x47,
    0x4a,0x48,0x52,0x48,0x42,0x07,0x4a,0x27,0x52,0x89,0x52,0x68,0x4a,0x27,0x52,0x88,0x4a,0x47,0x52,0x68,0x52,0x48,0x5a,0x88,
    0x4a,0x47,0x4a,0x47,0x52,0x68,0x5a,0xc9,0x4a,0x27,0x5a,0x88,0x5a,0x88,0x62,0xc9,0x52,0x68,0x52,0x68,0x52,0x68,0x52,0x68,
    0x5a,0x89,0x4a,0x27,0x52,0x68,0x4a,0x47,0x52,0x88,0x4a,0x48,0x4a,0x48,0x4a,0x27,0x62,0xc9,0x4a,0x48,0x42,0x07,0x41,0xe7,
    0x5a,0xa9,0x42,0x07,0x52,0x68,0x4a,0x48,0x5a,0xa9,0x52,0x68,0x52,0x48,0x4a,0x27,0x4a,0x27,0x52,0x88,0x4a,0x27,0x42,0x27,
    0x42,0x07,0x52,0x48,0x4a,0x48,0x4a,0x27,0x4a,0x27,0x62,0xc9,0x52,0x88,0x4a,0x47,0x41,0xe7,0x41,0xe7,0x4a,0x47,0x62,0xe9,
    0x42,0x07,0x42,0x07,0x4a,0x47,0x52,0x68,0x4a,0x48,0x4a,0x27,0x52,0x68,0x4a,0x47,0x4a,0x27,0x52,0x68,0x62,0xc9,0x52,0x68,
    0x5a,0x88,0x5a,0xa8,0x5a,0x88,0x52,0x68,0x52,0x67,0x5a,0x88,0x5a,0xa9,0x52,0x68,0x52,0x68,0x52,0x88,0x5a,0x89,0x52,0x47,
    0x52,0x68,0x52,0x68,0x52,0x68,0x52,0x68,0x5a,0xc9,0x62,0xea,0x52,0x68,0x4a,0x47,0x5a,0xa8,0x62,0xea,0x5a,0xa9,0x4a,0x47,
    0x52,0x68,0x62,0xc9,0x5a,0x88,0x52,0x68,0x4a,0x47,0x4a,0x47,0x52,0x88,0x52,0x47,0x4a,0x27,0x4a,0x47,0x62,0xc9,0x5a,0xc9,
    0x4a,0x27,0x6b,0x0a,0x52,0x88,0x52,0x47,0x52,0x68,0x62,0xea,0x62,0xc9,0x5a,0x88,0x5a,0x88,0x62,0xea,0x5a,0x88,0x52,0x88,
    0x52,0x68,0x4a,0x48,0x52,0x68,0x4a,0x27,0x42,0x06,0x41,0xe6,0x52,0x88,0x4a,0x47,0x4a,0x06,0x4a,0x27,0x5a,0xa8,0x4a,0x27,
    0x41,0xe6,0x52,0x67,0x5a,0xa8,0x52,0x68,0x52,0x48,0x4a,0x27,0x4a,0x27,0x52,0x88,0x4a,0x27,0x52,0x68,0x52,0x48,0x4a,0x48,
    0x41,0xe6,0x42,0x07,0x52,0x47,0x52,0x48,0x41,0xe6,0x4a,0x47,0x4a,0x27,0x52,0x68,0x4a,0x48,0x52,0x68,0x52,0x89,0x4a,0x48,
    0x4a,0x27,0x4a,0x27,0x52,0x68,0x4a,0x27,0x4a,0x27,0x42,0x06,0x41,0xe6,0x4a,0x27,0x52,0x47,0x52,0x48,0x42,0x07,0x4a,0x27,
    0x42,0x07,0x42,0x07,0x42,0x07,0x4a,0x27,0x4a,0x27,0x4a,0x47,0x4a,0x27,0x52,0x68,0x52,0x68,0x5a,0xa9,0x5a,0xc9,0x4a,0x27,
    0x4a,0x27,0x4a,0x27,0x5a,0xa9,0x52,0x48,0x5a,0xa9,0x5a,0xa9,0x42,0x07,0x52,0x68,0x52,0x89,0x52,0x89,0x5a,0xc9,0x62,0xea,
    0x42,0x07,0x4a,0x48,0x52,0x88,0x52,0x68,0x42,0x07,0x4a,0x47,0x42,0x07,0x52,0x68,0x52,0x89,0x62,0xc9,0x4a,0x28,0x4a,0x27,
    0x5a,0x89,0x5a,0xa9,0x42,0x27,0x52,0x88,0x4a,0x27,0x4a,0x27,0x39,0xa5,0x4a,0x48,0x52,0x68,0x52,0x88,0x4a,0x47,0x5a,0xc9,
    0x4a,0x48,0x52,0x88,0x52,0x68,0x52,0x68,0x62,0xca,0x42,0x07,0x42,0x27,0x4a,0x27,0x52,0x68,0x52,0x68,0x52,0x68,0x5a,0xa9,
    0x4a,0x47,0x52,0x68,0x52,0x88,0x5a,0xa9,0x62,0xc9,0x4a,0x27,0x52,0x68,0x4a,0x48,0x5a,0x89,0x4a,0x48,0x62,0xca,0x52,0x88,
    0x5a,0xc9,0x52,0x68,0x5a,0xa9,0x52,0x88,0x4a,0x28,0x52,0x68,0x52,0x68,0x52,0x68,0x4a,0x47,0x42,0x07,0x4a,0x48,0x4a,0x27,
    0x4a,0x27,0x4a,0x27,0x42,0x07,0x41,0xe7,0x52,0x68,0x52,0x68,0x42,0x07,0x4a,0x48,0x52,0x68,0x4a,0x27,0x42,0x27,0x52,0x88,
    0x52,0x68,0x4a,0x48,0x4a,0x27,0x52,0x89,0x4a,0x48,0x39,0xc6,0x42,0x07,0x52,0x68,0x41,0xe7,0x42,0x07,0x42,0x07,0x42,0x07,
    0x4a,0x48,0x42,0x07,0x4a,0x47,0x42,0x07,0x5a,0xa9,0x52,0x68,0x42,0x07,0x42,0x07,0x52,0x68,0x4a,0x47,0x42,0x07,0x4a,0x27,
    0x4a,0x07,0x52,0x68,0x4a,0x47,0x4a,0x07,0x42,0x07,0x52,0x47,0x52,0x48,0x4a,0x48,0x4a,0x27,0x4a,0x48,0x41,0xe7,0x52,0x68,
    0x5a,0x89,0x4a,0x48,0x42,0x07,0x4a,0x47,0x52,0x68,0x52,0x68,0x52,0x47,0x4a,0x27,0x4a,0x27,0x52,0x48,0x4a,0x47,0x41,0xe6,
    0x4a,0x27,0x4a,0x27,0x5a,0x88,0x5a,0x88,0x4a,0x27,0x52,0x48,0x52,0x68,0x52,0x88,0x4a,0x27,0x4a,0x27,0x52,0x48,0x62,0xca,
    0x4a,0x27,0x4a,0x27,0x52,0x68,0x5a,0x88,0x5a,0xa9,0x6b,0x2b,0x5a,0xa9,0x52,0x68,0x4a,0x27,0x5a,0xc9,0x4a,0x48,0x52,0x68,
    0x62,0xea,0x5a,0xa9,0x42,0x27,0x4a,0x27,0x52,0x89,0x4a,0x47,0x4a,0x27,0x4a,0x48,0x52,0x68,0x41,0xe6,0x42,0x27,0x4a,0x27,
    0x5a,0xa9,0x4a,0x27,0x42,0x07,0x4a,0x27,0x52,0x88,0x52,0x88,0x52,0x48,0x42,0x27,0x52,0x68,0x52,0x88,0x5a,0x89,0x4a,0x48,
    0x52,0x68,0x4a,0x27,0x4a,0x27,0x52,0x68,0x52,0x68,0x52,0x68,0x52,0x68,0x4a,0x27,0x5a,0xa9,0x62,0xea,0x62,0xea,0x5a,0x89,
    0x73,0x6c,0x6b,0x0b,0x5a,0xa9,0x5a,0xa9,0x42,0x07,0x42,0x27,0x4a,0x27,0x4a,0x47,0x4a,0x27,0x4a,0x48,0x4a,0x48,0x4a,0x48,
    0x4a,0x27,0x4a,0x48,0x42,0x07,0x52,0x89,0x52,0x68,0x4a,0x48,0x52,0x68,0x62,0xea,0x4a,0x27,0x52,0x68,0x4a,0x27,0x4a,0x27,
    0x4a,0x48,0x52,0x68,0x52,0x68,0x4a,0x27,0x52,0x68,0x4a,0x47,0x52,0x88,0x52,0x88,0x62,0xea,0x52,0x68,0x52,0x68,0x5a,0xa9,
    0x42,0x07,0x52,0x68,0x5a,0x88,0x5a,0xa8,0x52,0x68,0x5a,0xc9,0x52,0x68,0x52,0x68,0x52,0x68,0x52,0x68,0x52,0x68,0x5a,0x88,
    0x4a,0x27,0x5a,0x88,0x52,0x88,0x52,0x88,0x4a,0x47,0x52,0x88,0x52,0x48,0x4a,0x68,0x4a,0x27,0x4a,0x27,0x4a,0x47,0x52,0x68,
    0x52,0x68,0x4a,0x27,0x52,0x47,0x4a,0x48,0x52,0x88,0x4a,0x47,0x52,0x68,0x4a,0x48,0x62,0xea,0x83,0xac,0x5a,0xa9,0x52,0x67,
    0x63,0x0a,0x62,0xea,0x52,0x68,0x5a,0x89,0x52,0x68,0x52,0x88,0x52,0x89,0x52,0x89,0x5a,0xa9,0x52,0x88,0x52,0x68,0x52,0x88,
    0x5a,0x88,0x62,0xea,0x5a,0xa9,0x52,0x68,0x52,0x88,0x62,0xea,0x62,0xea,0x4a,0x27,0x52,0x88,0x52,0x68,0x52,0x68,0x52,0x68,
    0x5a,0xa9,0x5a,0xc9,0x52,0x68,0x4a,0x47,0x52,0x68,0x4a,0x27,0x52,0x68,0x42,0x07,0x41,0xe7,0x42,0x07,0x52,0x68,0x41,0xe6,
    0x4a,0x47,0x5a,0xc9,0x52,0x48,0x42,0x06,0x62,0xc9,0x52,0x68,0x4a,0x27,0x4a,0x27,0x52,0x68,0x52,0x88,0x4a,0x47,0x4a,0x27,
    0x52,0x88,0x5a,0x88,0x4a,0x27,0x52,0x68,0x5a,0x88,0x4a,0x48,0x4a,0x27,0x52,0x68,0x4a,0x27,0x52,0x68,0x52,0x68,0x5a,0xa9,
    0x52,0x68,0x52,0x68,0x5a,0xa9,0x52,0x68,0x4a,0x48,0x52,0x68,0x4a,0x48,0x4a,0x48,0x4a,0x47,0x42,0x07,0x4a,0x27,0x52,0x68,
    0x4a,0x27,0x4a,0x27,0x4a,0x27,0x42,0x07,0x4a,0x27,0x6b,0x4b,0x52,0x68,0x4a,0x48,0x4a,0x48,0x52,0x68,0x41,0xe6,0x5a,0x89,
    0x52,0x68,0x52,0x48,0x5a,0xa9,0x52,0x88,0x4a,0x48,0x62,0xc9,0x5a,0xc9,0x5a,0xa9,0x5a,0xa9,0x4a,0x47,0x42,0x07,0x4a,0x47,
    0x5a,0xc9,0x4a,0x27,0x42,0x07,0x4a,0x27,0x52,0x48,0x4a,0x27,0x52,0x68,0x4a,0x27,0x5a,0xa9,0x4a,0x47,0x4a,0x48,0x4a,0x27,
    0x52,0x48,0x4a,0x27,0x39,0xa6,0x41,0xe6,0x52,0x68,0x52,0x88,0x4a,0x47,0x4a,0x27,0x4a,0x27,0x4a,0x48,0x41,0xe6,0x41,0xe6,
    0x4a,0x48,0x42,0x07,0x42,0x07,0x41,0xe7,0x52,0x68,0x52,0x68,0x52,0x88,0x52,0x68,0x5a,0xa9,0x5a,0xa9,0x4a,0x48,0x52,0x68,
    0x4a,0x47,0x4a,0x47,0x4a,0x27,0x4a,0x48,0x52,0x68,0x4a,0x47,0x4a,0x27,0x4a,0x47,0x42,0x07,0x41,0xe6,0x42,0x07,0x41,0xe6,
    0x4a,0x27,0x42,0x06,0x4a,0x27,0x42,0x07,0x52,0x68,0x4a,0x27,0x4a,0x47,0x52,0x48,0x4a,0x48,0x52,0x88,0x52,0x88,0x4a,0x27,
    0x41,0xe6,0x4a,0x27,0x52,0x68,0x4a,0x48,0x42,0x07,0x4a,0x47,0x4a,0x27,0x4a,0x47,0x52,0x68,0x4a,0x27,0x4a,0x48,0x5a,0x88,
    0x4a,0x47,0x42,0x27,0x4a,0x27,0x5a,0x88,0x42,0x07,0x42,0x07,0x4a,0x48,0x52,0x68,0x52,0x68,0x52,0x48,0x52,0x48,0x62,0xea,
    0x4a,0x27,0x4a,0x48,0x4a,0x47,0x5a,0xa9,0x5a,0xa9,0x52,0x68,0x62,0xea,0x5a,0xa9,0x52,0x68,0x41,0xe6,0x4a,0x27,0x52,0x47,
    0x4a,0x47,0x4a,0x47,0x52,0x68,0x4a,0x07,0x4a,0x27,0x52,0x68,0x52,0x68,0x52,0x48,0x4a,0x27,0x52,0x68,0x52,0x68,0x52,0x88,
    0x52,0x88,0x52,0x68,0x52,0x68,0x5a,0xc9,0x5a,0xa9,0x4a,0x47,0x4a,0x27,0x4a,0x27,0x63,0x0a,0x4a,0x47,0x4a,0x27,0x52,0x88,
    0x52,0x88,0x4a,0x47,0x52,0x68,0x52,0x89,0x4a,0x27,0x42,0x07,0x42,0x07,0x42,0x07,0x4a,0x27,0x42,0x07,0x4a,0x48,0x4a,0x27,
    0x4a,0x47,0x42,0x27,0x52,0x68,0x52,0x68,0x4a,0x47,0x4a,0x27,0x4a,0x47,0x4a,0x48,0x42,0x07,0x4a,0x27,0x42,0x07,0x4a,0x27,
    0x4a,0x27,0x4a,0x27,0x4a,0x27,0x52,0x48,0x4a,0x27,0x42,0x07,0x4a,0x27,0x52,0x89,0x42,0x07,0x4a,0x27,0x4a,0x48,0x5a,0xc9,
    0x4a,0x27,0x52,0x88,0x52,0x68,0x5a,0x88,0x52,0x68,0x62,0xe9,0x4a,0x27,0x4a,0x48,0x62,0xc9,0x52,0x88,0x42,0x07,0x52,0x68,
    0x52,0x88,0x4a,0x27,0x52,0x48,0x52,0x68,0x4a,0x47,0x52,0x68,0x62,0xea,0x6b,0x2b,0x52,0x68,0x4a,0x48,0x5a,0xa9,0x5a,0xa9,
    0x52,0x48,0x52,0x68,0x52,0x88,0x4a,0x47,0x52,0x68,0x39,0xc6,0x52,0x88,0x4a,0x47,0x52,0x48,0x52,0x88,0x52,0x88,0x52,0x47,
    0x4a,0x27,0x5a,0xa9,0x39,0xc6,0x31,0xa5,0x52,0x68,0x5a,0xa9,0x52,0x48,0x4a,0x47,0x52,0x88,0x52,0x88,0x4a,0x47,0x52,0x48,
    0x39,0xc6,0x4a,0x27,0x52,0x88,0x52,0x88,0x52,0x88,0x52,0x68,0x6b,0x0a,0x52,0x88,0x5a,0xa9,0x4a,0x48,0x52,0x89,0x52,0x48,
    0x4a,0x27,0x42,0x07,0x4a,0x27,0x4a,0x07,0x52,0x88,0x4a,0x48,0x5a,0x88,0x52,0x88,0x52,0x68,0x4a,0x48,0x5a,0x89,0x5a,0xa9,
    0x5a,0xa9,0x52,0x68,0x52,0x88,0x52,0x88,0x4a,0x47,0x52,0x88,0x5a,0xa9,0x5a,0xa9,0x5a,0x89,0x52,0x88,0x52,0x68,0x62,0xea,
    0x52,0x68,0x4a,0x47,0x52,0x68,0x5a,0xa9,0x52,0x88,0x4a,0x48,0x52,0x68,0x52,0x68,0x5a,0x89,0x52,0x48,0x52,0x68,0x52,0x88,
    0x4a,0x48,0x42,0x07,0x41,0xe6,0x4a,0x27,0x52,0x68,0x4a,0x27,0x41,0xe6,0x4a,0x47,0x4a,0x47,0x52,0x88,0x52,0x48,0x52,0x68,
    0x52,0x68,0x4a,0x47,0x52,0x68,0x4a,0x48,0x4a,0x27,0x62,0xea,0x6b,0x0b,0x52,0x88,0x4a,0x47,0x52,0x48,0x52,0x88,0x52,0x88,
    0x52,0x48,0x4a,0x47,0x52,0x68,0x5a,0x88,0x52,0x68,0x4a,0x48,0x5a,0xa9,0x52,0x68,0x5a,0xca,0x5a,0xa9,0x42,0x07,0x4a,0x27,
    0x52,0x88,0x62,0xc9,0x5a,0xc9,0x5a,0xa9,0x5a,0x88,0x5a,0x88,0x52,0x68,0x52,0x88,0x52,0x68,0x4a,0x48,0x4a,0x27,0x52,0x68,
    0x4a,0x27,0x4a,0x48,0x4a,0x48,0x4a,0x48,0x52,0x68,0x52,0x68,0x52,0x68,0x4a,0x48,0x63,0x0a,0x5a,0xa9,0x52,0x68,0x52,0x48,
    0x52,0x68,0x5a,0xa9,0x62,0xca,0x52,0x88,0x4a,0x27,0x52,0x68,0x4a,0x27,0x5a,0xa9,0x52,0x68,0x52,0x88,0x42,0x07,0x4a,0x48,
    0x4a,0x27,0x4a,0x27,0x4a,0x27,0x4a,0x27,0x52,0x68,0x4a,0x27,0x4a,0x27,0x4a,0x27,0x5a,0xa9,0x52,0x68,0x52,0x68,0x4a,0x48,
    0x4a,0x48,0x42,0x07,0x4a,0x48,0x42,0x27,0x42,0x07,0x4a,0x48,0x4a,0x27,0x4a,0x27,0x42,0x07,0x4a,0x27,0x52,0x88,0x52,0x88,
    0x5a,0x89,0x42,0x07,0x4a,0x07,0x62,0xc9,0x4a,0x48,0x52,0x88,0x4a,0x47,0x52,0x68,0x5a,0x89,0x5a,0xa9,0x52,0x68,0x52,0x68,
    0x4a,0x48,0x52,0x68,0x5a,0xa9,0x4a,0x48,0x63,0x0a,0x4a,0x28,0x31,0x85,0x4a,0x27,0x52,0x68,0x52,0x68,0x4a,0x48,0x4a,0x27,
    0x5a,0xc9,0x4a,0x48,0x4a,0x47,0x5a,0xa9,0x5a,0xa9,0x52,0x89,0x5a,0xa9,0x52,0x68,0x4a,0x48,0x52,0x89,0x62,0xea,0x5a,0xc9,
    0x5a,0x89,0x5a,0xc9,0x52,0x68,0x4a,0x47,0x5a,0xc9,0x62,0xea,0x52,0x68,0x52,0x89,0x4a,0x47,0x52,0x89,0x5a,0xc9,0x62,0xca,
    0x5a,0x89,0x4a,0x48,0x52,0x68,0x52,0x68,0x4a,0x27,0x52,0x68,0x52,0x68,0x5a,0xca,0x52,0x89,0x52,0x68,0x52,0x89,0x5a,0xa9,
    0x52,0x88,0x5a,0x89,0x6b,0x0a,0x52,0x48,0x52,0x89,0x52,0x68,0x63,0x0a,0x62,0xea,0x52,0x68,0x52,0x68,0x52,0x68,0x4a,0x27,
    0x4a,0x27,0x5a,0xa9,0x4a,0x48,0x4a,0x48,0x5a,0xa9,0x5a,0xa9,0x52,0x88,0x52,0x68,0x52,0x68,0x4a,0x47,0x62,0xc9,0x5a,0xc9,
    0x4a,0x27,0x52,0x88,0x6b,0x2b,0x6b,0x2b,0x4a,0x48,0x52,0x68,0x62,0xea,0x52,0x89,0x39,0xc6,0x4a,0x27,0x52,0x68,0x4a,0x07,
    0x5a,0x89,0x62,0xca,0x7b,0x8c,0x5a,0xa9,0x5a,0xa9,0x62,0xea,0x73,0x4b,0x5a,0xa9,0x52,0x88,0x52,0x89,0x4a,0x27,0x73,0x4b,
    0x52,0x47,0x52,0x68,0x4a,0x27,0x4a,0x47,0x42,0x07,0x42,0x06,0x42,0x06,0x62,0xc9,0x4a,0x27,0x4a,0x47,0x52,0x67,0x52,0x47,
    0x62,0xea,0x62,0xe9,0x4a,0x47,0x52,0x47,0x52,0x68,0x52,0x68,0x39,0xc6,0x4a,0x27,0x5a,0xa9,0x4a,0x27,0x52,0x68,0x4a,0x27,
    0x41,0xe6,0x41,0xe6,0x52,0x68,0x4a,0x48,0x5a,0xa8,0x4a,0x27,0x52,0x68,0x52,0x88,0x52,0x68,0x52,0x68,0x52,0x68,0x4a,0x48,
    0x4a,0x47,0x73,0x6c,0x52,0x68,0x63,0x0b,0x5a,0xa9,0x7b,0x8d,0x5a,0xc9,0x5a,0xca,0x4a,0x48,0x4a,0x48,0x52,0x88,0x52,0x68,
    0x4a,0x48,0x5a,0xa9,0x5a,0xc9,0x62,0xe9,0x52,0x68,0x42,0x07,0x4a,0x27,0x42,0x07,0x4a,0x27,0x52,0x88,0x4a,0x07,0x4a,0x48,
    0x5a,0xa9,0x4a,0x48,0x52,0x68,0x52,0x68,0x62,0xe9,0x5a,0x89,0x6b,0x0a,0x4a,0x48,0x4a,0x27,0x4a,0x48,0x4a,0x48,0x4a,0x27,
    0x52,0x68,0x4a,0x48,0x52,0x68,0x4a,0x27,0x52,0x48,0x42,0x07,0x4a,0x48,0x42,0x07,0x4a,0x27,0x4a,0x47,0x4a,0x27,0x41,0xe6,
    0x4a,0x48,0x4a,0x27,0x62,0xc9,0x5a,0x88,0x42,0x27,0x4a,0x27,0x4a,0x27,0x4a,0x47,0x41,0xe6,0x4a,0x47,0x52,0x68,0x52,0x68,
    0x41,0xe7,0x42,0x07,0x52,0x68,0x5a,0xa8,0x52,0x47,0x52,0x68,0x52,0x47,0x4a,0x27,0x52,0x68,0x5a,0xa9,0x5a,0xc9,0x4a,0x47,
    0x5a,0xa9,0x52,0x68,0x62,0xc9,0x52,0x68,0x5a,0xa9,0x5a,0xa9,0x52,0x68,0x4a,0x27,0x52,0x47,0x52,0x68,0x52,0x68,0x4a,0x27,
    0x52,0x88,0x52,0x68,0x52,0x47,0x4a,0x47,0x5a,0x88,0x4a,0x47,0x52,0x88,0x5a,0xa9,0x5a,0x88,0x5a,0xa9,0x5a,0xa9,0x5a,0x88,
    0x52,0x67,0x5a,0xa8,0x5a,0x89,0x5a,0xa8,0x52,0x47,0x52,0x88,0x52,0x89,0x5a,0x89,0x42,0x07,0x5a,0xa9,0x52,0x88,0x4a,0x48,
    0x52,0x68,0x52,0x48,0x52,0x68,0x4a,0x27,0x52,0x47,0x52,0x47,0x52,0x67,0x5a,0xa9,0x5a,0xa9,0x52,0x89,0x52,0x68,0x5a,0xa9,
    0x52,0x88,0x52,0x68,0x52,0x68,0x52,0x68,0x5a,0xa9,0x52,0x88,0x4a,0x48,0x52,0x48,0x52,0x47,0x4a,0x47,0x42,0x07,0x4a,0x47,
    0x5a,0x88,0x4a,0x47,0x42,0x06,0x4a,0x47,0x52,0x68,0x52,0x47,0x4a,0x06,0x52,0x47,0x4a,0x27,0x41,0xe6,0x52,0x47,0x52,0x47,
    0x52,0x68,0x52,0x48,0x4a,0x27,0x4a,0x27,0x4a,0x27,0x5a,0x88,0x52,0x68,0x52,0x68,0x62,0xc9,0x73,0x4b,0x4a,0x27,0x4a,0x47,
    0x5a,0xa8,0x6b,0x0a,0x4a,0x47,0x4a,0x27,0x52,0x68,0x4a,0x27,0x42,0x06,0x39,0xa5,0x52,0x48,0x4a,0x47,0x5a,0x88,0x39,0xe6,
    0x62,0xc9,0x5a,0xa9,0x52,0x88,0x42,0x07,0x52,0x68,0x62,0xc9,0x52,0x88,0x42,0x07,0x39,0xc6,0x52,0x88,0x4a,0x27,0x4a,0x27,
    0x42,0x07,0x4a,0x48,0x4a,0x27,0x42,0x07,0x42,0x27,0x4a,0x27,0x4a,0x48,0x42,0x07,0x39,0xc6,0x41,0xe6,0x42,0x07,0x4a,0x27,
    0x5a,0xa9,0x5a,0x88,0x4a,0x48,0x4a,0x48,0x52,0x89,0x5a,0xa9,0x4a,0x27,0x52,0x88,0x4a,0x48,0x5a,0xa9,0x52,0x48,0x52,0x68,
    0x42,0x07,0x4a,0x27,0x52,0x68,0x52,0x68,0x42,0x27,0x4a,0x48,0x52,0x68,0x4a,0x48,0x62,0xea,0x6b,0x0a,0x6b,0x0b,0x52,0x88,
    0x5a,0xa9,0x4a,0x27,0x52,0x68,0x52,0x68,0x4a,0x47,0x5a,0xa9,0x62,0xea,0x52,0x68,0x41,0xe6,0x4a,0x48,0x5a,0x89,0x52,0x48,
    0x52,0x68,0x4a,0x48,0x4a,0x48,0x5a,0x89,0x5a,0xa9,0x52,0x89,0x52,0x68,0x5a,0x89,0x52,0x89,0x52,0x68,0x52,0x68,0x52,0x88,
    0x5a,0x89,0x4a,0x27,0x4a,0x27,0x4a,0x27,0x5a,0xa9,0x4a,0x48,0x4a,0x47,0x4a,0x47,0x4a,0x48,0x4a,0x48,0x52,0x48,0x52,0x88,
    0x4a,0x48,0x52,0x68,0x52,0x48,0x4a,0x47,0x52,0x48,0x4a,0x27,0x42,0x07,0x41,0xe6,0x52,0x68,0x42,0x07,0x4a,0x27,0x4a,0x47,
    0x4a,0x48,0x4a,0x48,0x4a,0x27,0x4a,0x27,0x4a,0x48,0x4a,0x48,0x4a,0x48,0x52,0x47,0x4a,0x27,0x52,0x48,0x41,0xe7,0x4a,0x48,
    0x52,0x68,0x4a,0x27,0x42,0x07,0x4a,0x27,0x52,0x89,0x4a,0x48,0x4a,0x48,0x42,0x07,0x73,0x2a,0x5a,0xca,0x5a,0x89,0x52,0x89,
    0x52,0x48,0x4a,0x27,0x4a,0x27,0x41,0xe6,0x4a,0x48,0x4a,0x47,0x52,0x68,0x4a,0x48,0x52,0x68,0x52,0x89,0x4a,0x27,0x52,0x68,
    0x52,0x68,0x52,0x68,0x5a,0xca,0x52,0x88,0x4a,0x27,0x42,0x06,0x4a,0x27,0x5a,0xc9,0x4a,0x27,0x42,0x06,0x4a,0x27,0x52,0x68,
    0x4a,0x47,0x4a,0x28,0x4a,0x48,0x5a,0xc9,0x52,0x88,0x4a,0x27,0x52,0x68,0x4a,0x27,0x62,0xea,0x63,0x0a,0x4a,0x48,0x42,0x07,
    0x52,0x88,0x5a,0xa9,0x62,0xea,0x4a,0x27,0x7b,0xad,0x62,0xc9,0x4a,0x48,0x4a,0x27,0x52,0x67,0x52,0x47,0x52,0x68,0x52,0x68,
    0x52,0x89,0x52,0x88,0x52,0x88,0x5a,0xa9,0x6b,0x0a,0x52,0x88,0x52,0x68,0x52,0x48,0x62,0xea,0x52,0x68,0x52,0x68,0x39,0xc6,
    0x5a,0xa9,0x5a,0xa9,0x52,0x68,0x4a,0x07,0x6b,0x0a,0x52,0x68,0x52,0x68,0x52,0x88,0x6b,0x0b,0x52,0x88,0x52,0x48,0x52,0x88,
    0x4a,0x47,0x63,0x0b,0x5a,0xc9,0x62,0xea,0x4a,0x27,0x73,0x8d,0x62,0xea,0x73,0x6c,0x52,0x68,0x4a,0x27,0x4a,0x48,0x5a,0x89,
    0x52,0x48,0x4a,0x47,0x52,0x68,0x5a,0xa9,0x52,0x68,0x5a,0xa9,0x5a,0xa9,0x4a,0x48,0x4a,0x27,0x4a,0x48,0x39,0xc6,0x39,0xa6,
    0x6b,0x2b,0x62,0xc9,0x52,0x68,0x52,0x68,0x5a,0xa9,0x62,0xc9,0x52,0x67,0x4a,0x27,0x41,0xe6,0x5a,0x88,0x52,0x68,0x42,0x06,
    0x41,0xe6,0x4a,0x27,0x52,0x68,0x5a,0xa8,0x52,0x68,0x52,0x47,0x62,0xa8,0x62,0xc9,0x42,0x07,0x4a,0x47,0x62,0xe9,0x52,0x67,
    0x39,0xc6,0x42,0x06,0x62,0xe9,0x52,0x47,0x6b,0x0a,0x52,0x68,0x6b,0x0a,0x62,0xea,0x5a,0xa9,0x4a,0x47,0x42,0x27,0x4a,0x27,
    0x52,0x68,0x4a,0x47,0x52,0x88,0x5a,0x89,0x52,0x47,0x52,0x88,0x52,0x68,0x52,0x89,0x5a,0xa8,0x5a,0x88,0x52,0x89,0x5a,0xca,
    0x5a,0xa9,0x4a,0x48,0x52,0x88,0x4a,0x48,0x52,0x88,0x52,0x89,0x52,0x68,0x52,0x68,0x52,0x68,0x5a,0xa9,0x52,0x88,0x52,0x68,
    0x5a,0xa9,0x4a,0x27,0x5a,0xa9,0x5a,0xa9,0x4a,0x48,0x5a,0xa9,0x5a,0xa9,0x52,0x48,0x52,0x48,0x52,0x68,0x52,0x68,0x52,0x68,
    0x4a,0x27,0x52,0x68,0x4a,0x27,0x4a,0x27,0x4a,0x27,0x42,0x07,0x4a,0x27,0x4a,0x48,0x5a,0xa9,0x52,0x88,0x4a,0x48,0x4a,0x48,
    0x52,0x68,0x52,0x68,0x52,0x88,0x52,0x68,0x52,0x68,0x52,0x48,0x52,0x68,0x4a,0x27,0x52,0x68,0x4a,0x48,0x4a,0x47,0x52,0x68,
    0x4a,0x27,0x52,0x48,0x52,0x88,0x52,0x68,0x52,0x68,0x52,0x68,0x52,0x68,0x4a,0x68,0x52,0x68,0x5a,0x89,0x5a,0xa9,0x4a,0x27,
    0x52,0x68,0x4a,0x27,0x4a,0x27,0x4a,0x27,0x4a,0x27,0x4a,0x27,0x4a,0x48,0x41,0xe7,0x52,0x68,0x41,0xe6,0x42,0x07,0x4a,0x27,
    0x52,0x88,0x4a,0x48,0x4a,0x27,0x52,0x68,0x52,0x88,0x52,0x68,0x4a,0x47,0x5a,0x88,0x41,0xe6,0x42,0x27,0x42,0x07,0x62,0xea,
    0x4a,0x27,0x4a,0x27,0x42,0x07,0x5a,0x88,0x52,0x68,0x62,0xca,0x5a,0xc9,0x4a,0x27,0x52,0x68,0x73,0x4b,0x52,0x68,0x4a,0x27,
    0x62,0xc9,0x52,0x68,0x42,0x07,0x4a,0x27,0x52,0x68,0x52,0x68,0x42,0x07,0x4a,0x68,0x4a,0x27,0x52,0x48,0x52,0x68,0x52,0x68,
    0x4a,0x27,0x4a,0x47,0x5a,0xa9,0x52,0x68,0x42,0x07,0x4a,0x27,0x42,0x07,0x31,0xa6,0x42,0x07,0x42,0x07,0x42,0x07,0x41,0xe6,
    0x4a,0x27,0x42,0x07,0x39,0xe6,0x39,0xc6,0x4a,0x27,0x42,0x07,0x39,0xe6,0x42,0x07,0x52,0x68,0x52,0x68,0x5a,0xa9,0x4a,0x27,
    0x4a,0x48,0x52,0x68,0x52,0x68,0x52,0x68,0x52,0x68,0x52,0x68,0x4a,0x47,0x4a,0x27,0x42,0x07,0x4a,0x47,0x5a,0x89,0x4a,0x27,
    0x52,0x68,0x4a,0x47,0x52,0x68,0x4a,0x47,0x4a,0x27,0x4a,0x27,0x4a,0x27,0x52,0x68,0x4a,0x48,0x4a,0x48,0x62,0xc9,0x52,0x68,
    0x52,0x68,0x4a,0x48,0x52,0x88,0x4a,0x47,0x52,0x68,0x4a,0x27,0x4a,0x27,0x4a,0x47,0x52,0x68,0x4a,0x27,0x4a,0x27,0x4a,0x27,
    0x4a,0x47,0x52,0x88,0x41,0xe6,0x39,0xa5,0x4a,0x47,0x52,0x68,0x42,0x07,0x4a,0x27,0x5a,0xa9,0x6b,0x2b,0x5a,0xa9,0x52,0x68,
    0x4a,0x27,0x5a,0xa9,0x52,0x88,0x42,0x06,0x4a,0x27,0x52,0x88,0x5a,0x88,0x52,0x68,0x52,0x68,0x5a,0xa9,0x62,0xea,0x62,0xc9,
    0x4a,0x27,0x4a,0x27,0x4a,0x27,0x62,0xea,0x52,0x68,0x42,0x07,0x4a,0x07,0x5a,0xa9,0x52,0x47,0x4a,0x47,0x4a,0x47,0x52,0x68,
    0x5a,0x88,0x52,0x47,0x52,0x68,0x5a,0xa9,0x62,0xea,0x52,0x68,0x4a,0x47,0x4a,0x27,0x62,0xea,0x62,0xc9,0x52,0x68,0x52,0x88,
    0x73,0x4b,0x63,0x0a,0x5a,0x88,0x5a,0xa9,0x6b,0x2b,0x4a,0x48,0x52,0x68,0x52,0x88,0x4a,0x47,0x52,0x68,0x4a,0x47,0x41,0xe7,
    0x52,0x68,0x5a,0xa9,0x42,0x07,0x52,0x68,0x52,0x88,0x52,0x68,0x4a,0x48,0x42,0x07,0x52,0x68,0x52,0x68,0x5a,0xa9,0x52,0x68,
    0x52,0x68,0x42,0x07,0x4a,0x48,0x5a,0xa9,0x52,0x68,0x4a,0x48,0x63,0x0a,0x62,0xc9,0x4a,0x47,0x6b,0x0a,0x5a,0xc9,0x5a,0xc9,
    0x62,0xea,0x62,0xca,0x6b,0x2b,0x63,0x0a,0x5a,0xa9,0x4a,0x27,0x42,0x07,0x4a,0x47,0x5a,0xa9,0x4a,0x27,0x42,0x07,0x52,0x68,
    0x5a,0xa9,0x5a,0xa9,0x52,0x88,0x4a,0x48,0x41,0xe6,0x4a,0x47,0x52,0x89,0x4a,0x48,0x4a,0x27,0x31,0x85,0x52,0x68,0x52,0x68,
    0x39,0xc6,0x31,0xa5,0x4a,0x27,0x62,0xea,0x39,0xc6,0x41,0xe6,0x52,0x68,0x52,0x88,0x42,0x07,0x4a,0x27,0x52,0x88,0x4a,0x48,
    0x5a,0xa9,0x5a,0xa9,0x5a,0x89,0x4a,0x27,0x52,0x68,0x52,0x68,0x52,0x68,0x52,0x88,0x52,0x48,0x4a,0x27,0x42,0x07,0x42,0x07,
    0x4a,0x27,0x42,0x07,0x4a,0x27,0x4a,0x27,0x4a,0x27,0x4a,0x47,0x42,0x07,0x4a,0x48,0x52,0x68,0x4a,0x48,0x52,0x68,0x4a,0x48,
    0x4a,0x47,0x42,0x07,0x52,0x68,0x52,0x68,0x4a,0x27,0x42,0x07,0x52,0x68,0x52,0x48,0x52,0x68,0x52,0x68,0x5a,0xa9,0x52,0x89,
    0x5a,0x89,0x5a,0xa9,0x52,0x68,0x62,0xc9,0x52,0x88,0x52,0x68,0x52,0x68,0x62,0xea,0x42,0x07,0x4a,0x48,0x4a,0x07,0x5a,0xa9,
    0x52,0x89,0x52,0x89,0x52,0x68,0x4a,0x48,0x52,0x48,0x4a,0x48,0x4a,0x48,0x52,0x48,0x5a,0xa9,0x52,0x88,0x5a,0x89,0x4a,0x47,
    0x52,0x68,0x62,0xca,0x52,0x68,0x52,0x68,0x42,0x27,0x4a,0x47,0x4a,0x27,0x52,0x68,0x4a,0x27,0x52,0x68,0x52,0x48,0x4a,0x47,
    0x4a,0x27,0x52,0x88,0x5a,0xa9,0x52,0x88,0x4a,0x48,0x52,0x68,0x52,0x68,0x5a,0x88,0x52,0x68,0x4a,0x27,0x5a,0xa9,0x62,0xc9,
    0x52,0x68,0x4a,0x48,0x63,0x0a,0x5a,0xa9,0x4a,0x47,0x4a,0x47,0x52,0x68,0x52,0x68,0x4a,0x27,0x5a,0x88,0x52,0x88,0x4a,0x47,
    0x5a,0xc9,0x5a,0x88,0x52,0x47,0x5a,0x88,0x5a,0xa9,0x5a,0xc9,0x5a,0xa8,0x52,0x88,0x52,0x68,0x52,0x88,0x62,0xea,0x5a,0xa9,
    0x4a,0x48,0x5a,0xa9,0x62,0xc9,0x6b,0x4b,0x52,0x68,0x4a,0x27,0x5a,0xa8,0x62,0xc9,0x5a,0x88,0x4a,0x27,0x62,0xc9,0x6b,0x0a,
    0x5a,0xa9,0x4a,0x27,0x5a,0xa9,0x5a,0xc9,0x52,0x68,0x52,0x68,0x52,0x68,0x5a,0x88,0x5a,0xa9,0x42,0x07,0x4a,0x27,0x4a,0x27,
    0x52,0x88,0x4a,0x27,0x4a,0x48,0x41,0xe6,0x63,0x0a,0x4a,0x27,0x42,0x07,0x39,0xe6,0x6b,0x0a,0x4a,0x48,0x4a,0x27,0x4a,0x27,
    0x4a,0x48,0x4a,0x47,0x4a,0x48,0x5a,0x89,0x4a,0x27,0x4a,0x47,0x52,0x68,0x52,0x68,0x41,0xe6,0x4a,0x27,0x52,0x89,0x62,0xea,
    0x4a,0x48,0x52,0x68,0x4a,0x47,0x52,0x68,0x52,0x88,0x5a,0xa9,0x5a,0xa9,0x52,0x89,0x62,0xea,0x52,0x68,0x52,0x88,0x4a,0x27,
    0x52,0x68,0x52,0x48,0x52,0x68,0x52,0x68,0x5a,0x89,0x52,0x88,0x4a,0x48,0x42,0x07,0x5a,0xa9,0x5a,0xa9,0x52,0x48,0x39,0xc6,
    0x4a,0x47,0x52,0x68,0x5a,0xa9,0x4a,0x48,0x52,0x88,0x62,0xe9,0x6b,0x0a,0x4a,0x27,0x4a,0x47,0x62,0xea,0x6b,0x0a,0x52,0x68,
    0x4a,0x48,0x52,0x68,0x4a,0x48,0x42,0x07,0x41,0xe6,0x4a,0x48,0x52,0x68,0x4a,0x47,0x4a,0x48,0x5a,0xa9,0x4a,0x47,0x42,0x07,
    0x4a,0x27,0x52,0x68,0x4a,0x47,0x4a,0x27,0x5a,0x89,0x62,0xca,0x62,0xea,0x62,0xea,0x52,0x88,0x4a,0x27,0x52,0x88,0x4a,0x27,
    0x42,0x06,0x42,0x07,0x41,0xe6,0x4a,0x27,0x4a,0x47,0x42,0x07,0x42,0x06,0x42,0x07,0x5a,0x89,0x4a,0x27,0x4a,0x27,0x52,0x88,
    0x4a,0x27,0x4a,0x47,0x52,0x48,0x52,0x68,0x4a,0x27,0x52,0x48,0x4a,0x27,0x52,0x48,0x52,0x68,0x52,0x68,0x52,0x68,0x4a,0x27,
    0x42,0x06,0x42,0x06,0x4a,0x27,0x41,0xe6,0x4a,0x47,0x4a,0x48,0x4a,0x27,0x4a,0x27,0x4a,0x27,0x4a,0x48,0x4a,0x48,0x42,0x07,
    0x4a,0x27,0x42,0x07,0x52,0x88,0x4a,0x48,0x31,0xa5,0x41,0xe6,0x42,0x06,0x52,0x67,0x39,0xc5,0x41,0xe6,0x42,0x06,0x4a,0x47,
    0x42,0x07,0x52,0x89,0x42,0x07,0x4a,0x27,0x4a,0x48,0x4a,0x48,0x42,0x07,0x4a,0x48,0x41,0xe6,0x41,0xc6,0x4a,0x27,0x4a,0x48,
    0x42,0x06,0x39,0xe6,0x52,0x68,0x52,0x68,0x42,0x07,0x39,0xa6,0x4a,0x27,0x42,0x07,0x4a,0x27,0x4a,0x27,0x42,0x07,0x4a,0x27,
    0x52,0x68,0x52,0x68,0x4a,0x47,0x4a,0x27,0x52,0x88,0x42,0x07,0x42,0x06,0x42,0x06,0x41,0xe6,0x42,0x07,0x4a,0x27,0x41,0xe6,
    0x42,0x07,0x42,0x07,0x4a,0x27,0x42,0x07,0x4a,0x27,0x52,0x68,0x5a,0xc9,0x4a,0x47,0x52,0x47,0x4a,0x27,0x5a,0xa9,0x5a,0xa9,
    0x4a,0x27,0x52,0x68,0x62,0xea,0x52,0x68,0x4a,0x27,0x62,0xca,0x5a,0xa9,0x52,0x68,0x4a,0x47,0x52,0x68,0x5a,0xa9,0x4a,0x48,
    0x4a,0x48,0x4a,0x47,0x52,0x68,0x5a,0xa8,0x4a,0x27,0x52,0x68,0x52,0x68,0x52,0x47,0x52,0x68,0x5a,0xa9,0x5a,0xa9,0x52,0x68,
    0x52,0x68,0x4a,0x48,0x4a,0x47,0x4a,0x27,0x4a,0x27,0x4a,0x27,0x52,0x68,0x52,0x48,0x4a,0x27,0x52,0x47,0x52,0x68,0x52,0x68,
    0x4a,0x47,0x4a,0x47,0x4a,0x48,0x5a,0xa9,0x4a,0x27,0x4a,0x27,0x5a,0xa8,0x5a,0xa8,0x52,0x68,0x5a,0x88,0x4a,0x47,0x5a,0xa9,
    0x52,0x68,0x52,0x89,0x5a,0xc9,0x5a,0xa9,0x4a,0x27,0x52,0x68,0x5a,0xa9,0x6b,0x2b,0x5a,0x88,0x52,0x68,0x52,0x88,0x5a,0xa9,
    0x52,0x68,0x52,0x88,0x5a,0xa9,0x62,0xc9,0x5a,0x88,0x5a,0xa9,0x52,0x88,0x4a,0x27,0x62,0xe9,0x52,0x68,0x52,0x88,0x52,0x68,
    0x5a,0xa9,0x5a,0xa9,0x52,0x68,0x52,0x88,0x4a,0x47,0x5a,0x88,0x52,0x88,0x52,0x88,0x4a,0x48,0x5a,0x88,0x5a,0xa9,0x5a,0xc9,
    0x4a,0x47,0x5a,0x89,0x5a,0x88,0x5a,0xa9,0x52,0x68,0x52,0x48,0x52,0x68,0x52,0x68,0x52,0x68,0x52,0x68,0x52,0x88,0x52,0x68,
    0x5a,0x88,0x5a,0xa9,0x5a,0x89,0x52,0x68,0x52,0x88,0x5a,0xa9,0x52,0x88,0x52,0x68,0x52,0x88,0x4a,0x47,0x52,0x68,0x42,0x27,
    0x5a,0xa8,0x4a,0x27,0x4a,0x48,0x4a,0x27,0x52,0x68,0x52,0x68,0x52,0x68,0x4a,0x27,0x52,0x88,0x52,0x68,0x4a,0x27,0x4a,0x27,
    0x52,0x68,0x52,0x68,0x52,0x68,0x41,0xe6,0x4a,0x27,0x52,0x68,0x62,0xc9,0x52,0x67,0x4a,0x27,0x4a,0x27,0x62,0xc9,0x4a,0x48,
    0x4a,0x48,0x5a,0xa8,0x5a,0xa8,0x5a,0xc9,0x4a,0x06,0x4a,0x26,0x52,0x47,0x52,0x67,0x41,0xe6,0x42,0x06,0x52,0x68,0x52,0x68,
    0x39,0xc6,0x39,0xa5,0x4a,0x26,0x4a,0x27,0x6b,0x0a,0x5a,0xc9,0x62,0xc9,0x62,0xe9,0x52,0x47,0x4a,0x27,0x42,0x07,0x4a,0x27,
    0x52,0x68,0x5a,0x88,0x41,0xe6,0x41,0xe6,0x4a,0x06,0x5a,0xc9,0x4a,0x27,0x52,0x48,0x5a,0x67,0x5a,0xa8,0x5a,0xa9,0x5a,0xa9,
    0x52,0x68,0x4a,0x27,0x39,0xc6,0x42,0x07,0x4a,0x47,0x4a,0x27,0x4a,0x07,0x4a,0x47,0x4a,0x27,0x4a,0x27,0x52,0x68,0x52,0x48,
    0x52,0x68,0x4a,0x27,0x52,0x68,0x52,0x68,0x42,0x07,0x41,0xe6,0x4a,0x27,0x4a,0x48,0x42,0x07,0x4a,0x27,0x42,0x07,0x5a,0xa9,
    0x4a,0x27,0x4a,0x47,0x4a,0x47,0x52,0x68,0x42,0x07,0x52,0x68,0x52,0x88,0x4a,0x27,0x42,0x07,0x4a,0x48,0x5a,0x89,0x52,0x89,
    0x5a,0xa9,0x4a,0x07,0x4a,0x27,0x4a,0x48,0x41,0xe6,0x4a,0x27,0x62,0xea,0x5a,0xc9,0x4a,0x48,0x5a,0xc9,0x52,0x68,0x52,0x89,
    0x52,0x89,0x52,0x89,0x5a,0x88,0x52,0x48,0x52,0x68,0x52,0x88,0x52,0x68,0x52,0x48,0x52,0x89,0x5a,0xa9,0x42,0x27,0x52,0x68,
    0x5a,0xa9,0x5a,0x88,0x5a,0xa9,0x4a,0x27,0x4a,0x48,0x4a,0x27,0x4a,0x48,0x52,0x89,0x4a,0x07,0x4a,0x27,0x4a,0x48,0x52,0x48,
    0x4a,0x07,0x42,0x07,0x4a,0x48,0x4a,0x47,0x4a,0x27,0x52,0x68,0x52,0x88,0x4a,0x47,0x52,0x68,0x4a,0x48,0x52,0x88,0x5a,0xa8,
    0x52,0x48,0x42,0x06,0x52,0x67,0x6b,0x2b,0x52,0x68,0x4a,0x47,0x4a,0x27,0x52,0x88,0x4a,0x27,0x4a,0x27,0x41,0xe6,0x4a,0x48,
    0x5a,0xa9,0x52,0x89,0x4a,0x27,0x6b,0x0b,0x6b,0x0a,0x5a,0xa9,0x42,0x27,0x52,0x68,0x63,0x0a,0x5a,0x89,0x52,0x68,0x52,0x68,
    0x5a,0x89,0x42,0x07,0x4a,0x27,0x4a,0x48,0x5a,0xca,0x52,0x68,0x52,0x68,0x5a,0xca,0x52,0x68,0x52,0x68,0x52,0x68,0x52,0x88,
    0x4a,0x48,0x4a,0x47,0x52,0x88,0x52,0x68,0x4a,0x27,0x4a,0x27,0x4a,0x27,0x4a,0x47,0x5a,0xc9,0x52,0x67,0x5a,0x88,0x52,0x88,
    0x52,0x89,0x5a,0xa9,0x5a,0x88,0x5a,0x88,0x4a,0x48,0x6b,0x0a,0x6b,0x0a,0x52,0x47,0x5a,0xa9,0x5a,0xc9,0x5a,0xa9,0x4a,0x47,
    0x52,0x67,0x5a,0x88,0x5a,0xc9,0x5a,0x88,0x52,0x47,0x62,0xc9,0x5a,0x88,0x5a,0x88,0x4a,0x47,0x5a,0xa8,0x62,0xa8,0x5a,0x87,
    0x52,0x68,0x5a,0xa9,0x52,0x67,0x52,0x47,0x5a,0x88,0x52,0x48,0x4a,0x47,0x52,0x68,0x62,0xc9,0x52,0x68,0x4a,0x07,0x52,0x68,
    0x5a,0x87,0x52,0x67,0x52,0x47,0x5a,0xc9,0x52,0x68,0x83,0xed,0x62,0xc9,0x6b,0x2b,0x5a,0x88,0x52,0x68,0x5a,0xc9,0x4a,0x27,
    0x5a,0xa9,0x4a,0x27,0x52,0x67,0x52,0x88,0x4a,0x48,0x42,0x07,0x4a,0x47,0x5a,0x88,0x4a,0x48,0x4a,0x48,0x52,0x68,0x5a,0x88,
    0x52,0x68,0x52,0x68,0x4a,0x47,0x4a,0x27,0x5a,0xc9,0x52,0x68,0x4a,0x27,0x52,0x88,0x5a,0xa9,0x4a,0x47,0x4a,0x27,0x52,0x68,
    0x4a,0x47,0x42,0x06,0x42,0x06,0x41,0xe6,0x42,0x07,0x4a,0x47,0x52,0x68,0x62,0xc9,0x4a,0x27,0x4a,0x27,0x52,0x88,0x62,0xea,
    0x52,0x68,0x52,0x88,0x62,0xc9,0x52,0x48,0x5a,0x88,0x6b,0x2b,0x6b,0x0a,0x4a,0x47,0x62,0xc9,0x5a,0xc9,0x62,0xca,0x6b,0x2b,
    0x6b,0x0a,0x62,0xea,0x63,0x0a,0x62,0xea,0x52,0x88,0x5a,0xa9,0x4a,0x47,0x5a,0x88,0x52,0x89,0x6b,0x0a,0x4a,0x27,0x52,0x68,
    0x5a,0xc9,0x52,0x68,0x52,0x68,0x5a,0x89,0x62,0xc9,0x4a,0x68,0x4a,0x48,0x4a,0x27,0x62,0xc9,0x52,0x68,0x5a,0xa9,0x4a,0x48,
    0x52,0x68,0x5a,0xa9,0x6b,0x0a,0x52,0x68,0x52,0x89,0x5a,0xa9,0x5a,0x89,0x52,0x68,0x5a,0x89,0x52,0x48,0x52,0x88,0x5a,0xa9,
    0x4a,0x48,0x5a,0xa9,0x52,0x89,0x5a,0x88,0x52,0x88,0x5a,0xa9,0x5a,0xa9,0x52,0x68,0x52,0x68,0x52,0x88,0x4a,0x27,0x4a,0x27,
    0x52,0x68,0x5a,0x89,0x52,0x68,0x4a,0x48,0x52,0x88,0x4a,0x27,0x4a,0x48,0x52,0x88,0x4a,0x48,0x52,0x68,0x52,0x68,0x52,0x88,
    0x4a,0x48,0x4a,0x27,0x42,0x27,0x52,0x68,0x4a,0x48,0x52,0x68,0x4a,0x48,0x52,0x88,0x52,0x68,0x52,0x68,0x52,0x88,0x52,0x68,
    0x52,0x88,0x5a,0xc9,0x5a,0x88,0x4a,0x27,0x52,0x88,0x62,0xc9,0x4a,0x27,0x52,0x48,0x52,0x68,0x5a,0xa9,0x52,0x68,0x4a,0x27,
    0x4a,0x27,0x52,0x68,0x5a,0xa9,0x52,0x88,0x52,0x68,0x4a,0x27,0x52,0x68,0x52,0x88,0x4a,0x27,0x5a,0xa9,0x4a,0x47,0x42,0x07,
    0x4a,0x27,0x52,0x68,0x5a,0xc9,0x6b,0x0a,0x4a,0x27,0x42,0x07,0x4a,0x27,0x52,0x68,0x4a,0x27,0x42,0x07,0x42,0x07,0x42,0x07,
    0x52,0x68,0x42,0x07,0x39,0xe6,0x42,0x07,0x62,0xea,0x4a,0x48,0x41,0xe7,0x4a,0x27,0x52,0x68,0x4a,0x27,0x4a,0x48,0x52,0x68,
    0x5a,0xa9,0x62,0xc9,0x4a,0x48,0x5a,0xa9,0x52,0x68,0x52,0x48,0x4a,0x27,0x42,0x07,0x4a,0x48,0x4a,0x47,0x4a,0x48,0x4a,0x48,
    0x6b,0x0a,0x73,0x4b,0x62,0xea,0x4a,0x48,0x83,0xcd,0x5a,0xa9,0x52,0x68,0x63,0x0a,0x4a,0x48,0x4a,0x48,0x42,0x07,0x42,0x07,
    0x42,0x07,0x4a,0x27,0x5a,0xa9,0x52,0x68,0x42,0x07,0x41,0xe6,0x52,0x68,0x52,0x88,0x4a,0x27,0x42,0x07,0x52,0x68,0x5a,0x89,
    0x4a,0x27,0x52,0x68,0x52,0x48,0x52,0x48,0x52,0x68,0x52,0x88,0x52,0x48,0x5a,0x88,0x52,0x88,0x5a,0x89,0x5a,0xc9,0x62,0xc9,
    0x5a,0xa9,0x52,0x88,0x4a,0x47,0x62,0xea,0x52,0x88,0x52,0x88,0x5a,0x88,0x5a,0xa9,0x52,0x68,0x4a,0x48,0x5a,0xa9,0x6b,0x4b,
    0x4a,0x47,0x5a,0xa9,0x52,0x88,0x5a,0xc9,0x52,0x88,0x62,0xea,0x62,0xca,0x5a,0x89,0x52,0x68,0x52,0x68,0x39,0xc6,0x4a,0x48,
    0x52,0x89,0x52,0x68,0x52,0x48,0x52,0x68,0x5a,0xa9,0x5a,0xa9,0x62,0xca,0x52,0x68,0x52,0x68,0x42,0x07,0x4a,0x47,0x52,0x88,
    0x62,0xea,0x62,0xea,0x5a,0xa9,0x5a,0xca,0x62,0xea,0x62,0xea,0x5a,0x89,0x5a,0x89,0x52,0x89,0x52,0x88,0x52,0x88,0x5a,0xa9,
    0x4a,0x27,0x5a,0x88,0x5a,0xa9,0x52,0x88,0x62,0xea,0x52,0x88,0x52,0x68,0x52,0x48,0x52,0x88,0x52,0x88,0x52,0x68,0x4a,0x27,
    0x52,0x88,0x5a,0xa9,0x4a,0x48,0x4a,0x48,0x62,0xc9,0x6b,0x0a,0x5a,0xa9,0x52,0x88,0x5a,0xc9,0x5a,0xa9,0x62,0xc9,0x5a,0xa9,
    0x4a,0x47,0x5a,0xa9,0x5a,0x88,0x5a,0xa9,0x4a,0x27,0x5a,0xa9,0x4a,0x48,0x52,0x88,0x4a,0x47,0x52,0x88,0x4a,0x27,0x4a,0x27,
    0x5a,0xa9,0x4a,0x48,0x42,0x06,0x52,0x89,0x5a,0xa9,0x52,0x68,0x42,0x07,0x4a,0x48,0x5a,0x88,0x52,0x48,0x4a,0x47,0x4a,0x27,
    0x4a,0x27,0x52,0x88,0x52,0x68,0x42,0x07,0x62,0xea,0x6b,0x4b,0x62,0xca,0x5a,0xc9,0x52,0x68,0x6b,0x4b,0x62,0xea,0x41,0xe6,
    0x4a,0x27,0x5a,0xa9,0x52,0x88,0x42,0x06,0x4a,0x27,0x62,0xea,0x5a,0xca,0x42,0x07,0x39,0xc6,0x4a,0x27,0x52,0x68,0x4a,0x48,
    0x39,0xc6,0x52,0x68,0x4a,0x27,0x4a,0x27,0x41,0xe6,0x4a,0x27,0x4a,0x27,0x4a,0x27,0x4a,0x47,0x4a,0x48,0x52,0x68,0x52,0x68,
    0x42,0x07,0x4a,0x27,0x4a,0x27,0x4a,0x47,0x52,0x68,0x52,0x68,0x4a,0x27,0x4a,0x27,0x52,0x48,0x4a,0x48,0x4a,0x47,0x4a,0x47,
    0x4a,0x27,0x4a,0x48,0x4a,0x27,0x4a,0x48,0x42,0x07,0x4a,0x27,0x4a,0x48,0x4a,0x27,0x42,0x07,0x4a,0x27,0x42,0x07,0x52,0x68,
    0x42,0x07,0x4a,0x27,0x4a,0x27,0x41,0xe6,0x52,0x68,0x4a,0x27,0x4a,0x48,0x42,0x07,0x4a,0x48,0x4a,0x47,0x4a,0x07,0x52,0x88,
    0x4a,0x47,0x52,0x68,0x42,0x07,0x4a,0x27,0x42,0x07,0x4a,0x48,0x4a,0x27,0x42,0x07,0x41,0xe6,0x42,0x07,0x4a,0x07,0x4a,0x47,
    0x52,0x68,0x4a,0x27,0x52,0x68,0x52,0x68,0x4a,0x27,0x4a,0x27,0x4a,0x27,0x4a,0x48,0x4a,0x27,0x52,0x68,0x4a,0x48,0x42,0x07,
    0x4a,0x27,0x42,0x07,0x4a,0x47,0x42,0x07,0x52,0x48,0x52,0x48,0x52,0x68,0x4a,0x47,0x52,0x89,0x52,0x68,0x4a,0x27,0x52,0x68,
    0x41,0xe6,0x5a,0xa9,0x52,0x88,0x5a,0x89,0x4a,0x27,0x42,0x07,0x52,0x68,0x52,0x88,0x4a,0x47,0x5a,0x88,0x52,0x88,0x5a,0x88,
    0x62,0xca,0x52,0x68,0x52,0x48,0x52,0x68,0x62,0xea,0x52,0x68,0x52,0x88,0x5a,0xa9,0x62,0xea,0x52,0x48,0x52,0x68,0x52,0x88,
    0x5a,0x88,0x5a,0x88,0x4a,0x47,0x4a,0x27,0x62,0xc9,0x4a,0x48,0x5a,0x88,0x5a,0xa9,0x63,0x0a,0x52,0x88,0x62,0xc9,0x52,0x88,
    0x4a,0x27,0x4a,0x27,0x62,0xe9,0x5a,0x89,0x5a,0xc9,0x52,0x88,0x4a,0x48,0x4a,0x27,0x4a,0x27,0x4a,0x48,0x42,0x07,0x4a,0x47,
    0x42,0x27,0x52,0x68,0x52,0x47,0x4a,0x07,0x39,0xe6,0x42,0x06,0x4a,0x47,0x52,0x68,0x5a,0xa9,0x6b,0x2a,0x62,0xea,0x5a,0xa9,
    0x4a,0x47,0x52,0x88,0x52,0x88,0x4a,0x27,0x4a,0x47,0x42,0x07,0x39,0xc6,0x4a,0x27,0x4a,0x48,0x42,0x07,0x4a,0x27,0x4a,0x47,
    0x52,0x68,0x4a,0x47,0x4a,0x27,0x52,0x88,0x52,0x68,0x52,0x67,0x4a,0x06,0x62,0xe9,0x4a,0x47,0x6b,0x2a,0x73,0x4a,0x52,0x68,
    0x42,0x07,0x5a,0xa9,0x8c,0x2e,0x5a,0xa9,0x62,0xea,0x4a,0x27,0x4a,0x47,0x62,0xea,0x6b,0x0a,0x52,0x68,0x5a,0xa9,0x6b,0x0a,
    0x42,0x07,0x52,0x68,0x6b,0x2b,0x5a,0xa9,0x52,0x88,0x5a,0x88,0x52,0x68,0x5a,0x89,0x42,0x07,0x4a,0x27,0x42,0x07,0x4a,0x27,
    0x4a,0x47,0x41,0xe6,0x41,0xe6,0x52,0x68,0x5a,0x88,0x52,0x88,0x5a,0xa8,0x62,0xc9,0x5a,0xa9,0x4a,0x48,0x5a,0xa9,0x5a,0xa9,
    0x52,0x68,0x4a,0x27,0x52,0x88,0x52,0x88,0x52,0x68,0x52,0x88,0x62,0xea,0x62,0xc9,0x52,0x88,0x62,0xea,0x62,0xea,0x5a,0x89,
    0x5a,0xc9,0x5a,0xc9,0x5a,0xa9,0x5a,0xa9,0x5a,0xa9,0x5a,0xa9,0x4a,0x48,0x4a,0x27,0x62,0xc9,0x52,0x68,0x42,0x27,0x39,0xc6,
    0x4a,0x48,0x5a,0xa9,0x52,0x68,0x52,0x68,0x52,0x68,0x42,0x27,0x41,0xe6,0x5a,0x88,0x42,0x07,0x5a,0x88,0x4a,0x27,0x4a,0x47,
    0x42,0x06,0x52,0x68,0x4a,0x47,0x4a,0x27,0x4a,0x27,0x52,0x48,0x42,0x07,0x5a,0xa9,0x4a,0x47,0x4a,0x27,0x52,0x88,0x4a,0x27,
    0x4a,0x27,0x4a,0x48,0x4a,0x48,0x42,0x07,0x42,0x07,0x4a,0x47,0x4a,0x47,0x4a,0x47,0x5a,0xa9,0x52,0x88,0x52,0x68,0x4a,0x27,
    0x4a,0x27,0x5a,0xa9,0x52,0x89,0x52,0x68,0x4a,0x27,0x4a,0x27,0x4a,0x27,0x4a,0x27,0x42,0x07,0x4a,0x27,0x42,0x07,0x52,0x68,
    0x42,0x07,0x4a,0x48,0x42,0x07,0x4a,0x27,0x52,0x68,0x4a,0x48,0x4a,0x48,0x4a,0x27,0x4a,0x48,0x4a,0x48,0x42,0x07,0x4a,0x47,
    0x52,0x48,0x42,0x07,0x4a,0x27,0x4a,0x27,0x42,0x07,0x4a,0x27,0x41,0xe6,0x42,0x07,0x4a,0x48,0x42,0x07,0x41,0xe7,0x42,0x07,
    0x5a,0xa9,0x4a,0x47,0x52,0x68,0x52,0x68,0x41,0xe6,0x4a,0x27,0x42,0x07,0x4a,0x27,0x4a,0x47,0x4a,0x27,0x39,0xc6,0x42,0x07,
    0x4a,0x27,0x4a,0x48,0x4a,0x48,0x42,0x27,0x42,0x07,0x41,0xe6,0x41,0xe6,0x42,0x07,0x42,0x07,0x39,0xc6,0x39,0xc6,0x42,0x07,
    0x41,0xe6,0x42,0x07,0x42,0x07,0x42,0x07,0x39,0xe6,0x42,0x07,0x42,0x07,0x4a,0x27,0x4a,0x27,0x5a,0xa9,0x52,0x88,0x5a,0xa9,
    0x4a,0x47,0x4a,0x27,0x5a,0xa9,0x5a,0xca,0x42,0x07,0x42,0x07,0x52,0x68,0x52,0x48,0x42,0x07,0x4a,0x27,0x52,0x48,0x4a,0x48,
    0x4a,0x27,0x52,0x48,0x5a,0x89,0x52,0x68,0x52,0x68,0x4a,0x68,0x52,0x68,0x4a,0x48,0x52,0x89,0x4a,0x48,0x4a,0x47,0x4a,0x27,
    0x4a,0x48,0x42,0x06,0x52,0x88,0x4a,0x27,0x4a,0x47,0x4a,0x27,0x5a,0x88,0x52,0x88,0x4a,0x47,0x52,0x48,0x6b,0x2b,0x63,0x0a,
    0x4a,0x48,0x42,0x07,0x7b,0xad,0x5a,0xca,0x52,0x68,0x4a,0x27,0x4a,0x27,0x52,0x89,0x4a,0x27,0x52,0x68,0x52,0x68,0x63,0x0a,
    0x5a,0x88,0x4a,0x27,0x4a,0x48,0x52,0x68,0x73,0x4b,0x5a,0xa9,0x42,0x07,0x4a,0x27,0x4a,0x27,0x41,0xe6,0x4a,0x48,0x4a,0x48,
    0x5a,0xa9,0x62,0xea,0x52,0x89,0x5a,0xa9,0x52,0x68,0x4a,0x27,0x4a,0x27,0x52,0x89,0x4a,0x27,0x41,0xe6,0x4a,0x47,0x52,0x88,
    0x4a,0x27,0x4a,0x48,0x4a,0x27,0x52,0x48,0x62,0xc9,0x5a,0xa9,0x52,0x88,0x52,0x68,0x5a,0xca,0x52,0x68,0x52,0x48,0x4a,0x27,
    0x4a,0x27,0x41,0xe6,0x42,0x07,0x4a,0x27,0x4a,0x27,0x39,0xc6,0x52,0x68,0x52,0x88,0x52,0x88,0x5a,0xa9,0x52,0x68,0x4a,0x47,
    0x52,0x68,0x5a,0xa9,0x52,0x68,0x52,0x68,0x4a,0x27,0x4a,0x27,0x52,0x48,0x5a,0x89,0x4a,0x27,0x42,0x07,0x4a,0x68,0x52,0x68,
    0x52,0x68,0x4a,0x47,0x42,0x07,0x42,0x07,0x52,0x68,0x5a,0xa9,0x4a,0x27,0x4a,0x27,0x52,0x68,0x52,0x88,0x42,0x07,0x52,0x68,
    0x4a,0x27,0x4a,0x48,0x4a,0x48,0x52,0x68,0x52,0x68,0x52,0x88,0x5a,0xa8,0x52,0x68,0x4a,0x48,0x5a,0xa9,0x5a,0xa8,0x42,0x07,
    0x4a,0x68,0x5a,0x88,0x5a,0x88,0x4a,0x48,0x4a,0x48,0x52,0x88,0x5a,0xc9,0x6b,0x0b,0x6b,0x0a,0x7b,0xac,0x6b,0x2a,0x5a,0xa9,
    0x5a,0xa9,0x7b,0x6c,0x52,0x68,0x5a,0xa9,0x4a,0x48,0x52,0x68,0x52,0x68,0x52,0x89,0x52,0x89,0x52,0x89,0x52,0x88,0x4a,0x28,
    0x5a,0xa9,0x5a,0xa9,0x62,0xea,0x62,0xc9,0x62,0xea,0x52,0x89,0x62,0xca,0x6b,0x4b,0x52,0x68,0x4a,0x27,0x4a,0x07,0x52,0x89,
    0x4a,0x48,0x52,0x68,0x4a,0x27,0x4a,0x28,0x52,0x67,0x52,0x88,0x52,0x68,0x52,0x68,0x73,0x4b,0x6a,0xe9,0x62,0xea,0x52,0x47,
    0x62,0xea,0x62,0xea,0x62,0xc9,0x5a,0xa9,0x4a,0x27,0x42,0x07,0x52,0x68,0x5a,0xa9,0x4a,0x48,0x52,0x68,0x4a,0x47,0x52,0x68,
    0x39,0xc6,0x4a,0x27,0x52,0x68,0x52,0x48,0x4a,0x47,0x4a,0x27,0x52,0x48,0x52,0x88,0x52,0x89,0x62,0xea,0x5a,0x88,0x52,0x68,
    0x62,0xea,0x62,0xea,0x4a,0x27,0x42,0x07,0x5a,0xa9,0x6b,0x2b,0x5a,0xa9,0x52,0x89,0x52,0x89,0x62,0xca,0x52,0x88,0x5a,0xc9,
    0x4a,0x47,0x52,0x88,0x52,0x68,0x52,0x68,0x42,0x07,0x42,0x06,0x62,0xc9,0x4a,0x47,0x4a,0x48,0x52,0x88,0x52,0x68,0x4a,0x47,
    0x52,0x68,0x52,0x88,0x52,0x68,0x5a,0xa9,0x52,0x88,0x4a,0x47,0x52,0x47,0x52,0x88,0x42,0x07,0x4a,0x48,0x4a,0x27,0x4a,0x48,
    0x4a,0x47,0x4a,0x47,0x52,0x68,0x52,0x67,0x5a,0xc9,0x4a,0x27,0x52,0x67,0x4a,0x27,0x62,0xc9,0x52,0x48,0x39,0xc6,0x42,0x06,
    0x42,0x07,0x41,0xe6,0x42,0x07,0x4a,0x68,0x5a,0xa9,0x63,0x0a,0x5a,0x89,0x52,0x68,0x4a,0x48,0x62,0xea,0x5a,0xc9,0x52,0x68,
    0x4a,0x48,0x52,0x89,0x5a,0xa9,0x5a,0xa9,0x42,0x07,0x42,0x07,0x4a,0x48,0x4a,0x48,0x52,0x88,0x5a,0xa9,0x52,0x89,0x52,0x68,
    0x52,0x68,0x5a,0xa9,0x5a,0xa9,0x52,0x68,0x52,0x88,0x52,0x68,0x5a,0xc9,0x5a,0xa9,0x52,0x68,0x52,0x68,0x4a,0x48,0x5a,0xa9,
    0x4a,0x27,0x52,0x68,0x52,0x68,0x4a,0x27,0x4a,0x27,0x52,0x88,0x5a,0xa9,0x4a,0x27,0x52,0x68,0x4a,0x48,0x5a,0x89,0x52,0x88,
    0x62,0xca,0x42,0x07,0x4a,0x27,0x52,0x68,0x52,0x68,0x52,0x68,0x4a,0x27,0x5a,0xa8,0x4a,0x27,0x5a,0xa9,0x52,0x88,0x52,0x88,
    0x5a,0xa9,0x5a,0x89,0x52,0x68,0x52,0x68,0x52,0x67,0x6b,0x0a,0x62,0xe9,0x63,0x0a,0x52,0x88,0x6b,0x0a,0x5a,0xa8,0x52,0x67,
    0x52,0x88,0x52,0x47,0x52,0x88,0x5a,0x88,0x52,0x68,0x52,0x68,0x5a,0xc9,0x5a,0xc9,0x52,0x68,0x6b,0x2a,0x73,0x4a,0x62,0xc9,
    0x5a,0xa8,0x5a,0x88,0x62,0xe9,0x52,0x68,0x5a,0x88,0x5a,0x88,0x52,0x48,0x52,0x68,0x5a,0x88,0x5a,0xa9,0x52,0x68,0x5a,0xc9,
    0x4a,0x27,0x52,0x48,0x52,0x47,0x52,0x88,0x4a,0x48,0x4a,0x27,0x4a,0x27,0x4a,0x47,0x52,0x48,0x52,0x68,0x42,0x06,0x4a,0x06,
    0x52,0x68,0x52,0x68,0x5a,0x88,0x4a,0x27,0x52,0x47,0x41,0xe6,0x4a,0x47,0x41,0xe6,0x4a,0x27,0x42,0x07,0x42,0x07,0x4a,0x47,
    0x4a,0x27,0x4a,0x07,0x4a,0x07,0x4a,0x27,0x4a,0x27,0x42,0x06,0x4a,0x27,0x41,0xe6,0x4a,0x47,0x6b,0x0a,0x5a,0x88,0x52,0x88,
    0x42,0x07,0x4a,0x27,0x52,0x88,0x5a,0xa9,0x4a,0x27,0x52,0x48,0x5a,0xa9,0x52,0x68,0x4a,0x27,0x41,0xe6,0x5a,0xa9,0x4a,0x27,
    0x5a,0xa9,0x62,0xc9,0x4a,0x47,0x41,0xe6,0x52,0x68,0x4a,0x48,0x52,0x48,0x4a,0x27,0x52,0x68,0x4a,0x27,0x42,0x07,0x42,0x27,
    0x4a,0x27,0x42,0x07,0x4a,0x68,0x4a,0x48,0x52,0x48,0x6b,0x2a,0x62,0xc9,0x6b,0x2b,0x5a,0xc9,0x62,0xc9,0x6b,0x2b,0x7b,0xac,
    0x5a,0xc9,0x62,0xea,0x6b,0x2b,0x6b,0x2b,0x4a,0x48,0x4a,0x27,0x52,0x68,0x62,0xc9,0x5a,0xa9,0x52,0x68,0x5a,0xa9,0x62,0xc9,
    0x5a,0xa9,0x52,0x68,0x5a,0xc9,0x5a,0x89,0x62,0xea,0x5a,0xa9,0x5a,0xa9,0x5a,0xc9,0x5a,0xa9,0x5a,0x88,0x42,0x07,0x42,0x07,
    0x4a,0x27,0x52,0x88,0x52,0x88,0x4a,0x48,0x4a,0x27,0x52,0x68,0x52,0x88,0x42,0x07,0x52,0x88,0x52,0x68,0x5a,0xa9,0x39,0xe6,
    0x52,0x68,0x52,0x68,0x52,0x68,0x52,0x68,0x4a,0x48,0x4a,0x47,0x52,0x48,0x4a,0x27,0x4a,0x27,0x4a,0x07,0x4a,0x27,0x42,0x06,
    0x4a,0x48,0x4a,0x27,0x41,0xe7,0x4a,0x27,0x42,0x07,0x4a,0x48,0x42,0x07,0x42,0x07,0x4a,0x27,0x42,0x07,0x4a,0x27,0x4a,0x27,
    0x41,0xe6,0x42,0x07,0x4a,0x07,0x42,0x07,0x4a,0x47,0x42,0x07,0x42,0x07,0x41,0xe6,0x4a,0x48,0x41,0xe6,0x4a,0x48,0x4a,0x48,
    0x4a,0x48,0x4a,0x48,0x4a,0x48,0x52,0x68,0x4a,0x27,0x4a,0x48,0x52,0x68,0x4a,0x47,0x4a,0x48,0x4a,0x48,0x4a,0x48,0x4a,0x27,
    0x4a,0x27,0x42,0x07,0x4a,0x27,0x4a,0x48,0x52,0x68,0x52,0x88,0x52,0x89,0x52,0x89,0x4a,0x27,0x42,0x07,0x52,0x89,0x4a,0x48,
    0x4a,0x27,0x52,0x68,0x5a,0x89,0x5a,0x89,0x52,0x68,0x5a,0xa9,0x5a,0xa9,0x52,0x89,0x7b,0x6c,0x5a,0xa9,0x63,0x0a,0x7b,0x8c,
    0x52,0x48,0x52,0x68,0x52,0x88,0x62,0xca,0x5a,0xa9,0x5a,0xa9,0x4a,0x27,0x4a,0x48,0x62,0xca,0x5a,0xc9,0x52,0x89,0x52,0x89,
    0x4a,0x48,0x42,0x07,0x4a,0x47,0x52,0x88,0x39,0xa5,0x52,0x88,0x4a,0x27,0x4a,0x47,0x42,0x07,0x52,0x88,0x4a,0x27,0x52,0x68,
    0x52,0x68,0x52,0x48,0x5a,0xa9,0x52,0x68,0x62,0xca,0x5a,0xa9,0x41,0xe6,0x52,0x68,0x52,0x68,0x52,0x68,0x4a,0x48,0x52,0x68,
    0x52,0x68,0x4a,0x48,0x4a,0x27,0x5a,0x89,0x52,0x68,0x5a,0xa9,0x5a,0x88,0x52,0x68,0x5a,0x88,0x5a,0xa9,0x52,0x88,0x4a,0x47,
    0x52,0x88,0x5a,0x89,0x5a,0xc9,0x62,0xc9,0x62,0xea,0x4a,0x48,0x62,0xea,0x5a,0xa9,0x52,0x68,0x4a,0x27,0x4a,0x27,0x4a,0x47,
    0x4a,0x47,0x4a,0x47,0x52,0x68,0x5a,0xa9,0x52,0x88,0x4a,0x27,0x5a,0xa9,0x5a,0xa9,0x42,0x06,0x4a,0x47,0x5a,0xa9,0x62,0xc9,
    0x42,0x06,0x4a,0x27,0x52,0x68,0x5a,0xa9,0x5a,0xc9,0x62,0xea,0x4a,0x27,0x5a,0xa9,0x5a,0xa9,0x52,0x68,0x52,0x68,0x52,0x88,
    0x4a,0x27,0x5a,0x88,0x52,0x68,0x5a,0xc9,0x52,0x88,0x5a,0xa9,0x52,0x88,0x5a,0xa9,0x63,0x0a,0x62,0xea,0x5a,0x89,0x4a,0x47,
    0x6b,0x0a,0x62,0xe9,0x52,0x68,0x4a,0x47,0x5a,0xa9,0x52,0x68,0x52,0x88,0x41,0xe6,0x52,0x88,0x52,0x68,0x5a,0x88,0x52,0x88,
    0x4a,0x27,0x4a,0x48,0x4a,0x27,0x42,0x27,0x4a,0x27,0x4a,0x27,0x5a,0x89,0x62,0xc9,0x52,0x68,0x52,0x68,0x52,0x68,0x62,0xe9,
    0x5a,0xa9,0x4a,0x27,0x4a,0x27,0x62,0xc9,0x4a,0x47,0x5a,0xc9,0x5a,0x88,0x5a,0x89,0x62,0xc9,0x5a,0xc9,0x6b,0x0a,0x62,0xea,
    0x5a,0xa9,0x6b,0x0a,0x6b,0x0a,0x73,0x6b,0x73,0x4b,0x73,0x4b,0x6b,0x0a,0x6b,0x2a,0x42,0x06,0x5a,0xc9,0x4a,0x48,0x42,0x27,
    0x5a,0xc9,0x4a,0x68,0x39,0xe6,0x52,0x48,0x62,0xea,0x41,0xe7,0x41,0xe6,0x4a,0x27,0x62,0xea,0x39,0xc6,0x42,0x07,0x42,0x07,
    0x42,0x07,0x4a,0x27,0x4a,0x27,0x4a,0x27,0x4a,0x27,0x42,0x07,0x4a,0x27,0x42,0x07,0x4a,0x27,0x42,0x07,0x4a,0x27,0x42,0x07,
    0x42,0x07,0x5a,0x89,0x52,0x68,0x42,0x07,0x4a,0x47,0x4a,0x27,0x4a,0x48,0x4a,0x27,0x52,0x89,0x42,0x07,0x4a,0x48,0x4a,0x27,
    0x52,0x68,0x4a,0x48,0x52,0x68,0x4a,0x48,0x4a,0x27,0x4a,0x48,0x52,0x68,0x52,0x89,0x52,0x48,0x4a,0x48,0x4a,0x27,0x42,0x07,
    0x52,0x68,0x4a,0x48,0x42,0x07,0x41,0xe7,0x52,0x88,0x42,0x07,0x4a,0x48,0x4a,0x48,0x4a,0x27,0x4a,0x47,0x4a,0x47,0x4a,0x48,
    0x42,0x07,0x4a,0x27,0x4a,0x27,0x4a,0x48,0x42,0x07,0x4a,0x27,0x4a,0x47,0x4a,0x27,0x4a,0x47,0x4a,0x27,0x4a,0x47,0x4a,0x48,
    0x42,0x07,0x42,0x27,0x41,0xe6,0x42,0x07,0x52,0x68,0x4a,0x27,0x4a,0x27,0x4a,0x47,0x52,0x68,0x4a,0x48,0x42,0x27,0x4a,0x27,
    0x52,0x68,0x4a,0x47,0x42,0x07,0x52,0x68,0x52,0x68,0x4a,0x27,0x42,0x07,0x52,0x68,0x4a,0x27,0x42,0x07,0x52,0x88,0x52,0x68,
    0x4a,0x48,0x4a,0x27,0x52,0x68,0x52,0x68,0x52,0x68,0x5a,0xa9,0x5a,0xa9,0x42,0x27,0x52,0x68,0x5a,0xa9,0x62,0xc9,0x52,0x68,
    0x4a,0x27,0x31,0x85,0x52,0x48,0x5a,0xa9,0x52,0x68,0x39,0xe6,0x62,0xea,0x6b,0x0a,0x4a,0x27,0x52,0x68,0x5a,0xa9,0x52,0x88,
    0x52,0x68,0x5a,0x89,0x52,0x48,0x4a,0x27,0x5a,0xa9,0x52,0x68,0x62,0xc9,0x4a,0x47,0x6b,0x0a,0x52,0x68,0x4a,0x47,0x52,0x68,
    0x52,0x68,0x4a,0x48,0x5a,0x89,0x52,0x48,0x42,0x06,0x4a,0x47,0x5a,0x88,0x5a,0x89,0x42,0x06,0x4a,0x47,0x4a,0x48,0x52,0x68,
    0x42,0x06,0x4a,0x27,0x52,0x88,0x52,0x88,0x4a,0x27,0x4a,0x27,0x5a,0x88,0x4a,0x48,0x52,0x88,0x52,0x68,0x5a,0xc9,0x5a,0xa9,
    0x52,0x68,0x4a,0x47,0x52,0x68,0x4a,0x47,0x4a,0x48,0x4a,0x47,0x52,0x68,0x62,0xea,0x4a,0x27,0x4a,0x48,0x52,0x88,0x5a,0xa9,
    0x52,0x68,0x52,0x68,0x5a,0x89,0x52,0x88,0x52,0x68,0x4a,0x27,0x42,0x06,0x6b,0x0a,0x5a,0xa9,0x52,0x68,0x42,0x07,0x52,0x68,
    0x5a,0xa9,0x52,0x68,0x4a,0x27,0x4a,0x27,0x5a,0xa9,0x52,0x68,0x42,0x07,0x41,0xe7,0x73,0x4b,0x73,0x8c,0x52,0x88,0x4a,0x47,
    0x52,0x68,0x63,0x0a,0x5a,0xc9,0x52,0x88,0x4a,0x48,0x52,0x68,0x5a,0x88,0x52,0x88,0x41,0xe6,0x4a,0x47,0x52,0x68,0x4a,0x48,
    0x62,0xca,0x62,0xea,0x5a,0xa9,0x5a,0xa9,0x52,0x88,0x5a,0xc9,0x5a,0xa9,0x5a,0xa9,0x4a,0x48,0x4a,0x47,0x4a,0x47,0x5a,0xa9,
    0x52,0x88,0x52,0x68,0x5a,0xc9,0x5a,0xa9,0x5a,0xa9,0x62,0xc9,0x52,0x88,0x5a,0xa9,0x52,0x88,0x5a,0xa9,0x62,0xea,0x5a,0xa9,
    0x5a,0xa9,0x62,0xca,0x52,0x88,0x62,0xca,0x5a,0xa9,0x5a,0xa9,0x52,0x68,0x52,0x68,0x52,0x88,0x5a,0xa9,0x4a,0x27,0x52,0x88,
    0x62,0xc9,0x5a,0xc9,0x62,0xea,0x5a,0xa9,0x5a,0xa9,0x5a,0x89,0x5a,0xa9,0x52,0x88,0x5a,0x88,0x6a,0xea,0x52,0x68,0x52,0x68,
    0x52,0x88,0x52,0x68,0x4a,0x27,0x4a,0x47,0x52,0x68,0x52,0x88,0x52,0x89,0x52,0x68,0x5a,0xa9,0x4a,0x48,0x62,0xca,0x52,0x48,
    0x52,0x88,0x4a,0x48,0x52,0x68,0x4a,0x48,0x4a,0x48,0x4a,0x27,0x4a,0x27,0x4a,0x48,0x52,0x68,0x4a,0x27,0x4a,0x47,0x4a,0x27,
    0x52,0x89,0x5a,0xc9,0x5a,0xa9,0x5a,0x89,0x52,0x68,0x63,0x0a,0x5a,0xc9,0x52,0x68,0x5a,0xa9,0x52,0x48,0x4a,0x48,0x4a,0x48,
    0x4a,0x47,0x52,0x68,0x42,0x07,0x4a,0x27,0x4a,0x27,0x4a,0x07,0x4a,0x27,0x52,0x68,0x4a,0x27,0x4a,0x27,0x52,0x48,0x62,0xea,
    0x52,0x68,0x52,0x68,0x4a,0x27,0x42,0x07,0x4a,0x27,0x4a,0x27,0x52,0x68,0x4a,0x47,0x52,0x68,0x4a,0x47,0x52,0x68,0x4a,0x27,
    0x4a,0x27,0x5a,0x89,0x52,0x68,0x42,0x07,0x4a,0x47,0x4a,0x48,0x4a,0x27,0x4a,0x27,0x52,0x68,0x4a,0x48,0x4a,0x48,0x4a,0x48,
    0x42,0x07,0x52,0x68,0x52,0x68,0x52,0x68,0x4a,0x48,0x4a,0x48,0x4a,0x48,0x4a,0x48,0x4a,0x48,0x52,0x48,0x52,0x68,0x4a,0x27,
    0x52,0x68,0x52,0x88,0x4a,0x48,0x5a,0xc9,0x52,0x68,0x52,0x68,0x52,0x88,0x5a,0xa9,0x52,0x68,0x4a,0x27,0x52,0x68,0x4a,0x47,
    0x4a,0x47,0x4a,0x47,0x4a,0x27,0x52,0x68,0x52,0x68,0x4a,0x27,0x41,0xe6,0x4a,0x47,0x4a,0x48,0x5a,0xa9,0x42,0x07,0x42,0x06,
    0x5a,0xa9,0x52,0x88,0x52,0x68,0x41,0xe6,0x5a,0xa9,0x4a,0x27,0x4a,0x48,0x4a,0x47,0x62,0xca,0x62,0xc9,0x52,0x88,0x5a,0xc9,
    0x4a,0x47,0x5a,0x89,0x6b,0x4b,0x7b,0xac,0x4a,0x27,0x52,0x88,0x5a,0xa9,0x6b,0x0a,0x52,0x88,0x52,0x68,0x52,0x88,0x5a,0xc9,
    0x52,0x88,0x62,0xea,0x5a,0xa9,0x5a,0xa9,0x52,0x88,0x63,0x0a,0x5a,0xa9,0x52,0x68,0x63,0x0a,0x52,0x88,0x5a,0xa9,0x5a,0xa9,
    0x31,0x85,0x42,0x07,0x4a,0x27,0x4a,0x27,0x4a,0x27,0x4a,0x27,0x4a,0x27,0x4a,0x48,0x4a,0x27,0x31,0xa5,0x39,0xc6,0x52,0x88,
    0x52,0x89,0x52,0x68,0x52,0x89,0x5a,0xa9,0x4a,0x27,0x4a,0x27,0x52,0x68,0x4a,0x47,0x4a,0x27,0x4a,0x27,0x4a,0x48,0x4a,0x48,
    0x52,0x68,0x42,0x07,0x4a,0x47,0x4a,0x48,0x41,0xe6,0x41,0xe6,0x42,0x07,0x42,0x07,0x41,0xe6,0x39,0xe6,0x52,0x68,0x41,0xe7,
    0x42,0x07,0x42,0x07,0x4a,0x27,0x39,0xc6,0x4a,0x27,0x42,0x07,0x41,0xe7,0x4a,0x48,0x4a,0x27,0x42,0x07,0x4a,0x27,0x42,0x07,
    0x4a,0x27,0x4a,0x27,0x4a,0x48,0x42,0x07,0x42,0x27,0x4a,0x48,0x4a,0x27,0x4a,0x27,0x4a,0x27,0x52,0x68,0x5a,0xa9,0x4a,0x48,
    0x42,0x27,0x4a,0x48,0x52,0x68,0x52,0x68,0x4a,0x48,0x52,0x68,0x4a,0x48,0x4a,0x48,0x52,0x68,0x4a,0x27,0x42,0x07,0x4a,0x28,
    0x52,0x68,0x52,0x88,0x41,0xe6,0x52,0x48,0x4a,0x27,0x52,0x88,0x42,0x07,0x4a,0x27,0x42,0x07,0x52,0x48,0x5a,0x88,0x62,0xea,
    0x4a,0x27,0x4a,0x27,0x52,0x68,0x5a,0x89,0x4a,0x27,0x4a,0x27,0x4a,0x47,0x4a,0x47,0x42,0x07,0x52,0x68,0x52,0x68,0x42,0x07,
    0x5a,0xa9,0x5a,0xa9,0x52,0x68,0x4a,0x48,0x62,0xca,0x6b,0x0a,0x5a,0xa9,0x52,0x48,0x5a,0x89,0x62,0xea,0x52,0x88,0x4a,0x27,
    0x4a,0x48,0x4a,0x27,0x4a,0x27,0x4a,0x47,0x5a,0xc9,0x52,0x68,0x4a,0x48,0x52,0x68,0x52,0x68,0x52,0x89,0x4a,0x48,0x42,0x07,
    0x4a,0x27,0x4a,0x48,0x4a,0x27,0x42,0x27,0x42,0x27,0x42,0x07,0x4a,0x27,0x52,0x88,0x4a,0x27,0x4a,0x27,0x6b,0x0a,0x62,0xc9,
    0x42,0x07,0x4a,0x48,0x62,0xea,0x62,0xc9,0x4a,0x27,0x4a,0x27,0x4a,0x27,0x52,0x48,0x42,0x07,0x4a,0x47,0x4a,0x27,0x4a,0x27,
    0x62,0xe9,0x62,0xc9,0x4a,0x27,0x52,0x48,0x62,0xc9,0x52,0x48,0x4a,0x48,0x62,0xc9,0x52,0x68,0x4a,0x27,0x4a,0x48,0x52,0x88,
    0x52,0x48,0x52,0x47,0x52,0x68,0x52,0x89,0x63,0x0b,0x52,0x68,0x52,0x68,0x4a,0x07,0x8c,0x0e,0x52,0x47,0x4a,0x27,0x42,0x07,
    0x5a,0x88,0x5a,0x88,0x52,0x68,0x4a,0x48,0x4a,0x47,0x52,0x47,0x52,0x68,0x5a,0xa9,0x52,0x67,0x52,0x68,0x52,0x47,0x52,0x68,
    0x5a,0xa9,0x4a,0x47,0x4a,0x07,0x4a,0x47,0x52,0x68,0x4a,0x48,0x4a,0x27,0x42,0x06,0x52,0x68,0x5a,0x88,0x5a,0xa8,0x52,0x48,
    0x52,0x68,0x52,0x88,0x4a,0x06,0x52,0x47,0x4a,0x47,0x52,0x47,0x5a,0x88,0x73,0x6c,0x52,0x67,0x5a,0xa9,0x5a,0xaa,0x7b,0x8d,
    0x52,0x88,0x52,0x68,0x52,0x68,0x5a,0x88,0x52,0x68,0x52,0x68,0x52,0x68,0x52,0x68,0x52,0x88,0x52,0x68,0x52,0x68,0x52,0x89,
    0x5a,0xc9,0x52,0x88,0x4a,0x68,0x52,0x68,0x6b,0x0a,0x62,0xea,0x5a,0xa9,0x52,0x68,0x52,0x68,0x52,0x88,0x52,0x68,0x5a,0xa9,
    0x52,0x68,0x52,0x68,0x5a,0x89,0x52,0x68,0x4a,0x27,0x4a,0x47,0x4a,0x48,0x52,0x88,0x52,0x68,0x52,0x48,0x4a,0x48,0x52,0x68,
    0x5a,0x89,0x52,0x68,0x52,0x68,0x52,0x89,0x4a,0x48,0x5a,0x89,0x52,0x88,0x52,0x88,0x52,0x68,0x52,0x68,0x52,0x68,0x52,0x68,
    0x5a,0xa9,0x5a,0xa9,0x52,0x89,0x5a,0xc9,0x52,0x88,0x52,0x68,0x52,0x88,0x62,0xc9,0x52,0x88,0x5a,0x88,0x5a,0xa9,0x5a,0xc9,
    0x52,0x68,0x5a,0xa9,0x52,0x88,0x5a,0xa9,0x52,0x89,0x5a,0xc9,0x52,0x68,0x5a,0xa9,0x5a,0x89,0x4a,0x27,0x52,0x88,0x5a,0xc9,
    0x52,0x68,0x62,0xea,0x5a,0xc9,0x52,0x68,0x5a,0xa9,0x5a,0xa9,0x52,0x68,0x52,0x47,0x52,0x89,0x5a,0xc9,0x52,0x68,0x5a,0xa9,
    0x52,0x88,0x4a,0x47,0x5a,0x88,0x4a,0x47,0x52,0x88,0x52,0x68,0x62,0xc9,0x52,0x67,0x5a,0xa8,0x52,0x47,0x5a,0xa9,0x4a,0x47,
    0x52,0x68,0x5a,0x88,0x52,0x68,0x52,0x47,0x4a,0x27,0x4a,0x27,0x4a,0x27,0x4a,0x27,0x42,0x06,0x42,0x06,0x4a,0x47,0x4a,0x47,
    0x4a,0x27,0x42,0x07,0x4a,0x27,0x4a,0x27,0x4a,0x27,0x4a,0x07,0x41,0xe6,0x4a,0x47,0x5a,0xa9,0x62,0xea,0x62,0xe9,0x52,0x68,
    0x5a,0xc9,0x6b,0x2b,0x52,0x88,0x5a,0xa9,0x52,0x88,0x52,0x48,0x4a,0x47,0x4a,0x48,0x4a,0x27,0x4a,0x27,0x4a,0x47,0x52,0x68,
    0x4a,0x48,0x52,0x68,0x52,0x88,0x4a,0x27,0x5a,0xc9,0x52,0x68,0x4a,0x48,0x42,0x07,0x4a,0x27,0x4a,0x48,0x52,0x68,0x52,0x68,
    0x52,0x68,0x52,0x68,0x4a,0x47,0x52,0x88,0x5a,0xa9,0x5a,0xc9,0x52,0x88,0x52,0x68,0x42,0x07,0x6b,0x0b,0x5a,0xa9,0x4a,0x48,
    0x4a,0x27,0x62,0xea,0x5a,0xc9,0x4a,0x48,0x42,0x27,0x42,0x07,0x4a,0x27,0x4a,0x48,0x52,0x68,0x4a,0x47,0x52,0x48,0x62,0xc9,
    0x42,0x07,0x4a,0x27,0x52,0x88,0x5a,0xa9,0x52,0x88,0x4a,0x48,0x4a,0x47,0x4a,0x27,0x5a,0xa9,0x52,0x89,0x4a,0x48,0x42,0x07,
    0x5a,0xc9,0x41,0xe6,0x52,0x88,0x5a,0xa9,0x52,0x68,0x52,0x88,0x52,0x88,0x52,0x68,0x4a,0x47,0x4a,0x27,0x41,0xe6,0x4a,0x27,
    0x4a,0x27,0x52,0x88,0x52,0x68,0x4a,0x48,0x52,0x88,0x52,0x68,0x52,0x68,0x52,0x88,0x62,0xea,0x5a,0xa9,0x5a,0xa9,0x5a,0xa9,
    0x52,0x88,0x62,0xea,0x62,0xea,0x5a,0xa9,0x4a,0x47,0x4a,0x48,0x52,0x68,0x5a,0x88,0x4a,0x27,0x52,0x68,0x52,0x48,0x52,0x68,
    0x4a,0x47,0x52,0x48,0x41,0xe6,0x39,0xc6,0x4a,0x47,0x41,0xe6,0x39,0xc6,0x39,0xe6,0x4a,0x47,0x42,0x07,0x39,0xc6,0x42,0x27,
    0x4a,0x47,0x5a,0xa9,0x5a,0xa9,0x52,0x88,0x41,0xe6,0x5a,0xc9,0x4a,0x47,0x4a,0x47,0x39,0xe6,0x4a,0x47,0x5a,0x88,0x42,0x07,
    0x42,0x07,0x4a,0x27,0x4a,0x27,0x4a,0x48,0x42,0x07,0x52,0x48,0x52,0x68,0x4a,0x27,0x4a,0x48,0x52,0x68,0x52,0x68,0x52,0x89,
    0x4a,0x48,0x5a,0x88,0x52,0x48,0x52,0x89,0x52,0x68,0x5a,0xa9,0x5a,0xc9,0x6b,0x0a,0x5a,0xa9,0x52,0x88,0x5a,0x89,0x62,0xca,
    0x62,0xea,0x62,0xea,0x5a,0xc9,0x5a,0xa9,0x5a,0xa9,0x62,0xea,0x62,0xca,0x5a,0xa9,0x62,0xea,0x63,0x0a,0x5a,0xa9,0x5a,0xa9,
    0x5a,0xa9,0x5a,0xa9,0x52,0x68,0x52,0x68,0x5a,0xc9,0x5a,0xa9,0x52,0x88,0x52,0x88,0x62,0xea,0x5a,0x89,0x52,0x68,0x52,0x88,
    0x62,0xca,0x5a,0xc9,0x52,0x88,0x4a,0x47,0x4a,0x47,0x5a,0xa9,0x62,0xea,0x52,0x88,0x4a,0x47,0x5a,0xa9,0x4a,0x48,0x5a,0xa9,
    0x52,0x68,0x5a,0xa9,0x52,0x89,0x52,0x68,0x52,0x68,0x5a,0x89,0x4a,0x27,0x4a,0x47,0x4a,0x47,0x5a,0xa9,0x5a,0xc9,0x5a,0xc9,
    0x6b,0x2b,0x52,0x48,0x5a,0xc9,0x5a,0xa9,0x6b,0x0b,0x62,0xc9,0x4a,0x48,0x4a,0x27,0x5a,0xa9,0x62,0xc9,0x52,0x68,0x52,0x68,
    0x41,0xe6,0x42,0x07,0x52,0x68,0x52,0x68,0x42,0x07,0x4a,0x47,0x52,0x68,0x4a,0x47,0x52,0x68,0x62,0xc9,0x4a,0x47,0x4a,0x47,
    0x6b,0x0a,0x62,0xc9,0x52,0x68,0x52,0x47,0x52,0x48,0x52,0x88,0x4a,0x47,0x4a,0x27,0x4a,0x47,0x52,0x48,0x4a,0x47,0x52,0x88,
    0x4a,0x47,0x4a,0x48,0x52,0x68,0x52,0x48,0x52,0x68,0x52,0x68,0x4a,0x27,0x41,0xe6,0x4a,0x47,0x52,0x48,0x5a,0x88,0x52,0x68,
    0x4a,0x47,0x39,0xc6,0x52,0x88,0x52,0x68,0x4a,0x47,0x42,0x07,0x52,0x88,0x5a,0xa9,0x42,0x06,0x4a,0x27,0x52,0x68,0x5a,0xa9,
    0x42,0x06,0x4a,0x27,0x5a,0x88,0x5a,0xa9,0x42,0x06,0x4a,0x27,0x52,0x68,0x62,0xc9,0x52,0x68,0x52,0x67,0x62,0xc9,0x8c,0x0e,
    0x4a,0x27,0x4a,0x26,0x5a,0xa8,0x62,0xea,0x5a,0xa8,0x5a,0xa9,0x52,0x68,0x52,0x48,0x52,0x68,0x5a,0x89,0x4a,0x48,0x52,0x89,
    0x5a,0xa9,0x4a,0x27,0x4a,0x27,0x42,0x07,0x4a,0x48,0x4a,0x27,0x4a,0x48,0x4a,0x27,0x6b,0x2a,0x7b,0x8c,0x63,0x0a,0x5a,0xa9,
    0x63,0x0a,0x62,0xea,0x52,0x89,0x4a,0x48,0x4a,0x48,0x62,0xca,0x5a,0x89,0x4a,0x48,0x4a,0x47,0x5a,0xa8,0x52,0x88,0x52,0x89,
    0x4a,0x68,0x39,0xc6,0x4a,0x27,0x4a,0x48,0x42,0x07,0x4a,0x48,0x4a,0x48,0x4a,0x27,0x4a,0x48,0x52,0x88,0x4a,0x48,0x4a,0x48,
    0x4a,0x48,0x4a,0x27,0x42,0x07,0x52,0x68,0x4a,0x27,0x5a,0x88,0x4a,0x48,0x4a,0x27,0x4a,0x48,0x52,0x88,0x4a,0x27,0x4a,0x27,
    0x52,0x68,0x4a,0x48,0x4a,0x27,0x42,0x07,0x4a,0x48,0x42,0x07,0x4a,0x48,0x42,0x07,0x52,0x68,0x4a,0x47,0x52,0x68,0x5a,0xc9,
    0x4a,0x47,0x4a,0x48,0x52,0x68,0x62,0xe9,0x4a,0x27,0x52,0x68,0x52,0x68,0x52,0x88,0x42,0x27,0x4a,0x47,0x4a,0x27,0x5a,0x89,
    0x52,0x68,0x52,0x68,0x52,0x48,0x52,0x68,0x52,0x68,0x4a,0x48,0x5a,0x89,0x4a,0x48,0x4a,0x27,0x52,0x68,0x52,0x88,0x52,0x68,
    0x52,0x68,0x52,0x48,0x4a,0x48,0x6b,0x2b,0x52,0x68,0x41,0xe6,0x42,0x07,0x4a,0x47,0x4a,0x27,0x41,0xe6,0x4a,0x27,0x4a,0x48,
    0x4a,0x27,0x42,0x27,0x4a,0x47,0x4a,0x27,0x5a,0xc9,0x4a,0x27,0x42,0x06,0x4a,0x47,0x4a,0x27,0x42,0x27,0x4a,0x27,0x42,0x07,
    0x4a,0x27,0x52,0x68,0x4a,0x27,0x42,0x07,0x4a,0x48,0x52,0x68,0x52,0x68,0x52,0x68,0x52,0x88,0x5a,0xa9,0x52,0x68,0x4a,0x48,
    0x42,0x07,0x4a,0x48,0x4a,0x27,0x52,0x68,0x4a,0x27,0x52,0x88,0x52,0x88,0x5a,0xa9,0x62,0xea,0x5a,0x89,0x4a,0x48,0x4a,0x48,
    0x5a,0xc9,0x4a,0x27,0x39,0xe6,0x4a,0x48,0x73,0x4b,0x52,0x68,0x4a,0x47,0x4a,0x27,0x62,0xea,0x5a,0xc9,0x4a,0x48,0x42,0x07,
    0x4a,0x27,0x52,0x88,0x52,0x88,0x4a,0x47,0x62,0xca,0x5a,0xa9,0x52,0x68,0x52,0x88,0x41,0xe6,0x42,0x06,0x52,0x48,0x5a,0xc9,
    0x4a,0x48,0x4a,0x47,0x42,0x07,0x5a,0xa9,0x4a,0x47,0x52,0x68,0x4a,0x48,0x5a,0x89,0x4a,0x48,0x52,0x68,0x42,0x07,0x42,0x07,
    0x5a,0xa9,0x5a,0xc9,0x5a,0xc9,0x5a,0xc9,0x6b,0x2a,0x5a,0xa9,0x5a,0xa9,0x62,0xc9,0x5a,0x89,0x52,0x68,0x62,0xc9,0x5a,0x89,
    0x5a,0x88,0x5a,0xa9,0x62,0xc9,0x73,0x6c,0x5a,0xa9,0x52,0x68,0x62,0xea,0x52,0x88,0x5a,0xa9,0x5a,0xa9,0x62,0xea,0x5a,0xa9,
    0x5a,0x89,0x5a,0x89,0x5a,0x89,0x5a,0xc9,0x63,0x0a,0x52,0x48,0x5a,0xa9,0x5a,0xa9,0x5a,0xa9,0x52,0x68,0x4a,0x27,0x41,0xe7,
    0x73,0x4b,0x5a,0xa9,0x42,0x07,0x42,0x07,0x63,0x0a,0x5a,0xa9,0x42,0x07,0x42,0x07,0x52,0x88,0x4a,0x48,0x52,0x68,0x39,0xc6,
    0x42,0x07,0x4a,0x27,0x4a,0x27,0x4a,0x27,0x42,0x07,0x42,0x07,0x52,0x68,0x4a,0x27,0x4a,0x27,0x42,0x07,0x42,0x07,0x41,0xe6,
    0x42,0x07,0x41,0xe6,0x42,0x07,0x42,0x07,0x52,0x88,0x5a,0xc9,0x5a,0xa9,0x52,0x68,0x52,0x68,0x52,0x68,0x4a,0x48,0x42,0x27,
    0x5a,0x89,0x5a,0xc9,0x4a,0x48,0x42,0x07,0x39,0xc6,0x5a,0xa9,0x62,0xea,0x42,0x07,0x52,0x68,0x5a,0x88,0x4a,0x48,0x4a,0x48,
    0x4a,0x27,0x4a,0x27,0x4a,0x48,0x4a,0x47,0x42,0x07,0x4a,0x27,0x4a,0x27,0x52,0x89,0x42,0x06,0x4a,0x47,0x52,0x68,0x63,0x0a,
    0x4a,0x48,0x5a,0x88,0x62,0xc9,0x52,0x48,0x4a,0x47,0x42,0x07,0x52,0x68,0x52,0x68,0x4a,0x47,0x4a,0x27,0x52,0x68,0x52,0x68,
    0x52,0x68,0x52,0x68,0x41,0xe6,0x4a,0x27,0x4a,0x27,0x4a,0x27,0x4a,0x47,0x4a,0x48,0x4a,0x48,0x52,0x68,0x52,0x48,0x52,0x68,
    0x5a,0xa9,0x5a,0x89,0x52,0x88,0x5a,0xa9,0x5a,0xa9,0x5a,0x88,0x4a,0x27,0x6b,0x0a,0x4a,0x48,0x52,0x68,0x4a,0x48,0x42,0x07,
    0x5a,0x89,0x5a,0xc9,0x52,0x68,0x52,0x68,0x4a,0x47,0x4a,0x27,0x4a,0x48,0x52,0x88,0x52,0x68,0x42,0x06,0x4a,0x47,0x4a,0x48,
    0x5a,0xa9,0x5a,0xc9,0x42,0x07,0x52,0x88,0x5a,0xc9,0x52,0x88,0x52,0x48,0x52,0x88,0x41,0xe6,0x4a,0x07,0x5a,0xa9,0x42,0x27,
    0x52,0x68,0x52,0x68,0x4a,0x48,0x4a,0x27,0x52,0x68,0x52,0x68,0x4a,0x48,0x4a,0x27,0x5a,0x89,0x4a,0x27,0x4a,0x48,0x4a,0x47,
    0x4a,0x27,0x4a,0x47,0x52,0x68,0x4a,0x48,0x4a,0x27,0x4a,0x48,0x4a,0x48,0x4a,0x27,0x52,0x88,0x4a,0x48,0x52,0x68,0x52,0x68,
    0x4a,0x27,0x4a,0x27,0x4a,0x48,0x4a,0x27,0x4a,0x48,0x4a,0x48,0x4a,0x48,0x4a,0x48,0x4a,0x48,0x52,0x88,0x52,0x68,0x41,0xe6,
    0x52,0x68,0x52,0x89,0x52,0x89,0x42,0x07,0x4a,0x27,0x4a,0x27,0x52,0x68,0x42,0x27,0x4a,0x48,0x52,0x68,0x4a,0x48,0x4a,0x27,
    0x4a,0x48,0x52,0x68,0x52,0x68,0x4a,0x48,0x4a,0x48,0x41,0xe6,0x52,0x68,0x4a,0x48,0x4a,0x27,0x4a,0x47,0x4a,0x27,0x42,0x07,
    0x4a,0x27,0x4a,0x48,0x4a,0x27,0x4a,0x48,0x4a,0x27,0x4a,0x47,0x52,0x68,0x4a,0x27,0x4a,0x48,0x52,0x68,0x52,0x88,0x52,0x89,
    0x4a,0x27,0x5a,0xa9,0x52,0x88,0x4a,0x27,0x4a,0x27,0x4a,0x27,0x4a,0x47,0x4a,0x27,0x52,0x68,0x52,0x68,0x4a,0x48,0x4a,0x27,
    0x52,0x88,0x52,0x88,0x5a,0xa9,0x4a,0x48,0x4a,0x48,0x5a,0xa9,0x52,0x88,0x4a,0x48,0x52,0x88,0x4a,0x48,0x4a,0x48,0x5a,0xa9,
    0x5a,0xc9,0x5a,0xa9,0x5a,0xa9,0x4a,0x47,0x52,0x89,0x52,0x68,0x4a,0x27,0x42,0x27,0x52,0x68,0x52,0x68,0x42,0x07,0x52,0x68,
    0x52,0x88,0x52,0x68,0x4a,0x68,0x4a,0x48,0x52,0x68,0x4a,0x47,0x4a,0x48,0x4a,0x27,0x4a,0x47,0x39,0xc6,0x42,0x07,0x42,0x27,
    0x4a,0x47,0x4a,0x48,0x52,0x88,0x52,0x88,0x4a,0x48,0x52,0x68,0x4a,0x27,0x52,0x68,0x4a,0x48,0x4a,0x27,0x4a,0x27,0x52,0x68,
    0x42,0x27,0x4a,0x48,0x42,0x07,0x41,0xe7,0x52,0x68,0x52,0x68,0x42,0x07,0x4a,0x27,0x52,0x89,0x52,0x68,0x52,0x89,0x4a,0x27,
    0x52,0x68,0x5a,0xa9,0x52,0x68,0x52,0x68,0x42,0x07,0x42,0x27,0x4a,0x48,0x52,0x68,0x42,0x07,0x42,0x07,0x4a,0x28,0x4a,0x48,
    0x39,0xc6,0x39,0xc6,0x4a,0x27,0x52,0x68,0x4a,0x48,0x41,0xe7,0x42,0x07,0x4a,0x48,0x4a,0x27,0x4a,0x27,0x4a,0x48,0x4a,0x27,
    0x4a,0x27,0x4a,0x27,0x42,0x07,0x4a,0x48,0x4a,0x48,0x39,0xc6,0x4a,0x47,0x62,0xe9,0x52,0x68,0x42,0x07,0x62,0xea,0x62,0xc9,
    0x4a,0x27,0x52,0x68,0x52,0x89,0x5a,0xca,0x4a,0x48,0x4a,0x27,0x52,0x89,0x5a,0xc9,0x5a,0xa9,0x42,0x27,0x42,0x27,0x52,0x68,
    0x52,0x68,0x4a,0x48,0x5a,0xa9,0x4a,0x27,0x4a,0x48,0x42,0x07,0x52,0x88,0x52,0x68,0x42,0x07,0x41,0xe6,0x52,0x68,0x5a,0xa9,
    0x4a,0x27,0x42,0x07,0x4a,0x27,0x52,0x68,0x42,0x07,0x42,0x27,0x4a,0x27,0x52,0x68,0x4a,0x27,0x52,0x68,0x42,0x27,0x42,0x07,
    0x5a,0x89,0x4a,0x47,0x42,0x07,0x42,0x07,0x52,0x68,0x42,0x07,0x4a,0x48,0x4a,0x27,0x52,0x68,0x4a,0x47,0x4a,0x47,0x42,0x07,
    0x42,0x07,0x4a,0x48,0x42,0x07,0x42,0x07,0x4a,0x27,0x42,0x07,0x31,0x85,0x39,0xe6,0x4a,0x27,0x41,0xe7,0x39,0xe6,0x42,0x07,
    0x4a,0x27,0x42,0x07,0x42,0x07,0x42,0x07,0x4a,0x27,0x4a,0x27,0x52,0x68,0x52,0x88,0x42,0x07,0x4a,0x27,0x5a,0x88,0x4a,0x47,
    0x42,0x07,0x4a,0x27,0x52,0x68,0x4a,0x47,0x42,0x27,0x4a,0x27,0x52,0x89,0x52,0x68,0x62,0xea,0x7b,0xad,0x62,0xea,0x4a,0x48,
    0x62,0xc9,0x6b,0x2b,0x63,0x0a,0x52,0x68,0x42,0x07,0x4a,0x27,0x4a,0x27,0x4a,0x27,0x4a,0x27,0x42,0x07,0x4a,0x47,0x52,0x68,
    0x52,0x88,0x62,0xea,0x7b,0x8c,0x6b,0x2b,0x4a,0x27,0x4a,0x27,0x4a,0x48,0x4a,0x27,0x4a,0x27,0x4a,0x27,0x4a,0x27,0x42,0x07,
    0x52,0x68,0x4a,0x27,0x52,0x68,0x4a,0x48,0x52,0x68,0x5a,0xa9,0x4a,0x27,0x5a,0x88,0x52,0x68,0x4a,0x27,0x4a,0x27,0x5a,0x88,
    0x4a,0x27,0x41,0xe6,0x5a,0xc9,0x52,0x48,0x4a,0x27,0x42,0x07,0x39,0xc6,0x52,0x68,0x62,0xe9,0x52,0x68,0x5a,0xa9,0x5a,0xa9,
    0x5a,0xc9,0x4a,0x48,0x52,0x68,0x6b,0x0a,0x5a,0xa9,0x62,0xea,0x5a,0xc9,0x52,0x68,0x6b,0x2b,0x6b,0x2b,0x63,0x0a,0x52,0x68,
    0x52,0x88,0x52,0x68,0x5a,0xca,0x52,0x88,0x6b,0x0a,0x5a,0xa9,0x52,0x68,0x4a,0x47,0x62,0xc9,0x5a,0xa9,0x4a,0x27,0x52,0x88,
    0x52,0x88,0x5a,0xa9,0x52,0x48,0x5a,0xc9,0x52,0x88,0x62,0xea,0x5a,0xc9,0x6b,0x0a,0x5a,0x88,0x62,0xea,0x52,0x68,0x52,0x68,
    0x52,0x68,0x42,0x07,0x62,0xea,0x52,0x88,0x52,0x48,0x4a,0x27,0x52,0x88,0x52,0x68,0x5a,0xc9,0x52,0x68,0x52,0x68,0x52,0x88,
    0x52,0x68,0x52,0x68,0x52,0x68,0x4a,0x48,0x4a,0x27,0x52,0x68,0x52,0x88,0x4a,0x27,0x4a,0x47,0x52,0x68,0x52,0x47,0x52,0x68,
    0x52,0x68,0x4a,0x27,0x52,0x68,0x52,0x68,0x4a,0x48,0x52,0x68,0x52,0x67,0x4a,0x47,0x52,0x68,0x52,0x68,0x52,0x68,0x52,0x68,
    0x42,0x07,0x52,0x68,0x52,0x68,0x62,0xea,0x5a,0xa9,0x5a,0xa9,0x5a,0xa9,0x52,0x68,0x5a,0x88,0x52,0x88,0x62,0xea,0x5a,0xa9,
    0x5a,0x88,0x5a,0xa9,0x5a,0xa9,0x52,0x88,0x52,0x68,0x52,0x88,0x52,0x89,0x4a,0x68,0x52,0x47,0x4a,0x27,0x42,0x07,0x4a,0x27,
    0x52,0x88,0x4a,0x27,0x4a,0x27,0x4a,0x27,0x52,0x89,0x4a,0x47,0x4a,0x27,0x4a,0x47,0x52,0x68,0x4a,0x47,0x52,0x68,0x52,0x89,
    0x41,0xe6,0x4a,0x27,0x4a,0x48,0x52,0x68,0x4a,0x27,0x52,0x68,0x4a,0x48,0x63,0x0a,0x4a,0x27,0x52,0x89,0x52,0x68,0x52,0x88,
    0x4a,0x27,0x52,0x48,0x52,0x68,0x52,0x68,0x52,0x48,0x52,0x68,0x5a,0xa9,0x4a,0x48,0x52,0x68,0x5a,0xa9,0x5a,0xa9,0x42,0x07,
    0x62,0xe9,0x5a,0x88,0x4a,0x27,0x4a,0x48,0x52,0x68,0x42,0x07,0x42,0x07,0x4a,0x48,0x52,0x88,0x52,0x68,0x4a,0x27,0x41,0xe6,
    0x4a,0x47,0x4a,0x48,0x39,0xe6,0x39,0xe6,0x42,0x07,0x42,0x07,0x42,0x07,0x42,0x07,0x52,0x68,0x4a,0x48,0x42,0x07,0x42,0x07,
    0x52,0x68,0x52,0x68,0x4a,0x27,0x4a,0x27,0x4a,0x28,0x4a,0x27,0x52,0x68,0x52,0x88,0x4a,0x27,0x4a,0x27,0x4a,0x48,0x4a,0x48,
    0x52,0x68,0x5a,0x88,0x52,0x68,0x4a,0x27,0x4a,0x48,0x52,0x88,0x4a,0x28,0x39,0xe7,0x52,0x48,0x5a,0xa9,0x52,0x48,0x39,0xc6,
    0x52,0x68,0x52,0x48,0x52,0x48,0x52,0x88,0x4a,0x27,0x52,0x68,0x52,0x88,0x52,0x48,0x4a,0x27,0x52,0x68,0x52,0x68,0x52,0x68,
    0x52,0x89,0x52,0x88,0x5a,0xa9,0x52,0x68,0x6b,0x4b,0x4a,0x27,0x4a,0x27,0x5a,0xa9,0x5a,0x89,0x62,0xea,0x4a,0x48,0x6b,0x0a,
    0x41,0xe7,0x42,0x07,0x39,0xc6,0x39,0xc6,0x4a,0x27,0x41,0xe7,0x4a,0x47,0x42,0x07,0x5a,0x88,0x42,0x07,0x4a,0x48,0x4a,0x48,
    0x5a,0xa9,0x4a,0x47,0x42,0x07,0x42,0x07,0x4a,0x27,0x4a,0x68,0x42,0x07,0x4a,0x27,0x4a,0x27,0x4a,0x27,0x41,0xe7,0x39,0xc6,
    0x4a,0x27,0x42,0x07,0x41,0xe7,0x42,0x07,0x41,0xe6,0x42,0x07,0x42,0x07,0x4a,0x48,0x52,0x68,0x52,0x68,0x5a,0xa9,0x5a,0xa9,
    0x5a,0xa9,0x5a,0xa9,0x5a,0xa9,0x52,0x68,0x4a,0x48,0x52,0x88,0x5a,0x89,0x52,0x88,0x5a,0xa9,0x52,0x88,0x52,0x68,0x52,0x88,
    0x5a,0xa9,0x5a,0x89,0x5a,0xa9,0x5a,0xa9,0x5a,0xc9,0x5a,0xa9,0x52,0x88,0x52,0x88,0x52,0x68,0x52,0x68,0x5a,0x89,0x4a,0x48,
    0x52,0x88,0x4a,0x47,0x5a,0x89,0x52,0x88,0x5a,0xa9,0x5a,0xa9,0x52,0x68,0x4a,0x47,0x52,0x68,0x52,0x68,0x52,0x68,0x52,0x88,
    0x4a,0x48,0x52,0x88,0x52,0x89,0x5a,0x88,0x52,0x68,0x5a,0xa9,0x62,0xc9,0x52,0x88,0x52,0x68,0x52,0x68,0x4a,0x47,0x4a,0x27,
    0x52,0x68,0x4a,0x48,0x4a,0x48,0x4a,0x27,0x52,0x68,0x4a,0x48,0x4a,0x48,0x42,0x07,0x5a,0x88,0x4a,0x27,0x4a,0x48,0x42,0x07,
    0x52,0x68,0x52,0x68,0x52,0x88,0x5a,0x88,0x42,0x27,0x5a,0xa9,0x5a,0xa9,0x5a,0xa9,0x4a,0x27,0x5a,0xc9,0x62,0xea,0x62,0xea,
    0x4a,0x48,0x52,0x68,0x6b,0x2b,0x62,0xca,0x6b,0x2b,0x5a,0xa9,0x52,0x48,0x42,0x07,0x5a,0x88,0x52,0x68,0x52,0x68,0x4a,0x27,
    0x52,0x68,0x52,0x88,0x52,0x68,0x5a,0xa9,0x4a,0x27,0x52,0x48,0x52,0x88,0x5a,0xa9,0x52,0x88,0x52,0x47,0x4a,0x47,0x42,0x07,
    0x62,0xc9,0x52,0x88,0x5a,0x88,0x4a,0x27,0x5a,0xa9,0x52,0x68,0x5a,0xa8,0x5a,0xa8,0x4a,0x27,0x4a,0x47,0x6b,0x2a,0x5a,0xa9,
    0x52,0x68,0x4a,0x27,0x4a,0x27,0x5a,0x88,0x4a,0x47,0x52,0x67,0x52,0x68,0x4a,0x47,0x52,0x68,0x62,0xc9,0x5a,0xa9,0x52,0x47,
    0x5a,0xa8,0x62,0xc9,0x4a,0x27,0x4a,0x27,0x5a,0x88,0x4a,0x27,0x4a,0x07,0x42,0x07,0x52,0x88,0x52,0x47,0x4a,0x27,0x4a,0x48,
    0x42,0x27,0x4a,0x27,0x52,0x48,0x4a,0x27,0x31,0x85,0x4a,0x27,0x4a,0x27,0x52,0x69,0x4a,0x48,0x42,0x07,0x52,0x68,0x6b,0x0a,
    0x52,0x89,0x4a,0x48,0x6b,0x0a,0x52,0x88,0x52,0x68,0x5a,0xa9,0x62,0xc9,0x4a,0x48,0x52,0x89,0x52,0x68,0x62,0xea,0x4a,0x48,
    0x52,0x68,0x5a,0xa8,0x5a,0xa9,0x52,0x89,0x4a,0x48,0x5a,0x88,0x52,0x47,0x52,0x68,0x52,0x48,0x52,0x68,0x4a,0x47,0x52,0x88,
    0x52,0x68,0x52,0x68,0x62,0xc9,0x62,0xc9,0x4a,0x27,0x42,0x07,0x42,0x27,0x52,0x68,0x4a,0x47,0x42,0x07,0x4a,0x48,0x5a,0xa9,
    0x4a,0x47,0x42,0x07,0x42,0x07,0x42,0x07,0x4a,0x48,0x52,0x68,0x39,0xe6,0x41,0xe6,0x4a,0x48,0x41,0xe6,0x42,0x07,0x4a,0x47,
    0x52,0x68,0x52,0x88,0x4a,0x48,0x42,0x07,0x4a,0x27,0x52,0x68,0x4a,0x47,0x4a,0x27,0x4a,0x27,0x41,0xe6,0x42,0x06,0x4a,0x27,
    0x4a,0x27,0x42,0x27,0x4a,0x27,0x52,0x48,0x39,0xc6,0x4a,0x27,0x4a,0x27,0x42,0x07,0x39,0xc6,0x4a,0x27,0x4a,0x27,0x42,0x07,
    0x42,0x07,0x4a,0x48,0x4a,0x27,0x41,0xe6,0x4a,0x27,0x4a,0x48,0x4a,0x27,0x52,0x68,0x4a,0x48,0x42,0x07,0x42,0x06,0x52,0x88,
    0x52,0x68,0x52,0x68,0x52,0x68,0x52,0x68,0x4a,0x27,0x52,0x48,0x52,0x48,0x52,0x68,0x52,0x89,0x5a,0xc9,0x52,0x68,0x52,0x68,
    0x52,0x68,0x52,0x68,0x4a,0x48,0x52,0x88,0x4a,0x48,0x4a,0x27,0x52,0x68,0x52,0x68,0x4a,0x48,0x5a,0xa9,0x52,0x68,0x4a,0x27,
    0x52,0x89,0x52,0x88,0x4a,0x27,0x42,0x07,0x52,0x68,0x4a,0x47,0x42,0x07,0x4a,0x47,0x52,0x88,0x52,0x68,0x4a,0x68,0x52,0x68,
    0x52,0x48,0x52,0x68,0x4a,0x48,0x52,0x68,0x5a,0x88,0x52,0x68,0x4a,0x27,0x5a,0x88,0x52,0x68,0x4a,0x27,0x52,0x68,0x52,0x68,
    0x52,0x68,0x52,0x68,0x52,0x89,0x5a,0xca,0x52,0x89,0x4a,0x48,0x4a,0x47,0x52,0x68,0x62,0xea,0x52,0x68,0x4a,0x27,0x52,0x68,
    0x4a,0x48,0x52,0x68,0x42,0x07,0x4a,0x48,0x5a,0xa9,0x63,0x0a,0x52,0x68,0x5a,0xc9,0x4a,0x48,0x52,0x89,0x4a,0x68,0x4a,0x48,
    0x4a,0x47,0x4a,0x27,0x4a,0x27,0x4a,0x27,0x4a,0x47,0x4a,0x48,0x52,0x89,0x52,0x88,0x4a,0x48,0x5a,0x89,0x4a,0x48,0x52,0x68,
    0x4a,0x48,0x4a,0x27,0x52,0x68,0x52,0x68,0x5a,0xa9,0x52,0x88,0x5a,0x88,0x6b,0x2b,0x5a,0x89,0x62,0xea,0x5a,0xa9,0x62,0xea,
    0x5a,0x89,0x5a,0x88,0x5a,0x88,0x5a,0x89,0x5a,0xc9,0x62,0xea,0x5a,0x89,0x52,0x68,0x62,0xea,0x52,0x88,0x62,0xea,0x52,0x88,
    0x5a,0xa9,0x42,0x07,0x4a,0x27,0x52,0x68,0x5a,0xa9,0x42,0x27,0x42,0x07,0x4a,0x48,0x52,0x68,0x52,0x68,0x4a,0x27,0x4a,0x27,
    0x5a,0x89,0x52,0x89,0x62,0xea,0x52,0x68,0x5a,0xa9,0x5a,0xa9,0x4a,0x47,0x4a,0x48,0x52,0x68,0x5a,0xa9,0x62,0xca,0x5a,0xa9,
    0x4a,0x48,0x52,0x68,0x4a,0x48,0x52,0x68,0x39,0xc6,0x39,0xc6,0x4a,0x27,0x52,0x68,0x4a,0x27,0x5a,0xa9,0x5a,0xc9,0x5a,0xa9,
    0x52,0x88,0x52,0x88,0x4a,0x48,0x5a,0xc9,0x52,0x88,0x39,0xe6,0x4a,0x27,0x62,0xca,0x4a,0x27,0x52,0x48,0x52,0x68,0x4a,0x27,
    0x4a,0x27,0x52,0x88,0x52,0x68,0x52,0x68,0x42,0x07,0x4a,0x48,0x52,0x68,0x52,0x68,0x5a,0xa9,0x5a,0xc9,0x41,0xe6,0x5a,0xa9,
    0x42,0x07,0x4a,0x48,0x5a,0xa9,0x5a,0xa8,0x42,0x07,0x41,0xe6,0x5a,0xa9,0x62,0xe9,0x52,0x88,0x42,0x07,0x5a,0x88,0x4a,0x47,
    0x73,0x4b,0x6b,0x0a,0x4a,0x48,0x52,0x48,0x52,0x48,0x52,0x68,0x4a,0x27,0x52,0x88,0x5a,0x88,0x52,0x68,0x4a,0x48,0x52,0x88,
    0x5a,0xa8,0x5a,0x89,0x5a,0xa9,0x52,0x89,0x63,0x0a,0x5a,0xa9,0x5a,0xa9,0x5a,0xa9,0x52,0x68,0x52,0x68,0x5a,0xc9,0x5a,0xa8,
    0x5a,0x88,0x4a,0x47,0x62,0xc9,0x62,0xe9,0x5a,0xa9,0x52,0x88,0x62,0xea,0x62,0xea,0x52,0x68,0x4a,0x48,0x52,0x68,0x4a,0x48,
    0x62,0xea,0x42,0x06,0x52,0x68,0x4a,0x48,0x62,0xc9,0x39,0xc6,0x4a,0x48,0x5a,0x89,0x52,0x88,0x4a,0x47,0x4a,0x48,0x5a,0x89,
    0x4a,0x47,0x52,0x47,0x4a,0x27,0x52,0x67,0x62,0xea,0x5a,0xa9,0x4a,0x48,0x52,0x68,0x52,0x89,0x52,0x68,0x4a,0x48,0x4a,0x27,
    0x5a,0xa9,0x4a,0x27,0x4a,0x27,0x4a,0x48,0x42,0x07,0x4a,0x27,0x52,0x68,0x4a,0x27,0x4a,0x27,0x4a,0x27,0x4a,0x48,0x42,0x07,
    0x52,0x68,0x4a,0x48,0x4a,0x48,0x4a,0x47,0x4a,0x27,0x42,0x07,0x4a,0x48,0x4a,0x47,0x52,0x68,0x4a,0x48,0x4a,0x27,0x4a,0x47,
    0x52,0x68,0x4a,0x27,0x4a,0x48,0x4a,0x27,0x4a,0x27,0x4a,0x27,0x4a,0x48,0x4a,0x48,0x4a,0x47,0x4a,0x27,0x4a,0x27,0x52,0x68,
    0x52,0x68,0x4a,0x27,0x4a,0x48,0x52,0x89,0x4a,0x48,0x4a,0x47,0x4a,0x27,0x4a,0x48,0x4a,0x27,0x4a,0x47,0x52,0x68,0x4a,0x48,
    0x52,0x68,0x52,0x68,0x4a,0x47,0x4a,0x27,0x4a,0x48,0x52,0x68,0x4a,0x27,0x4a,0x48,0x4a,0x27,0x4a,0x47,0x62,0xea,0x4a,0x48,
    0x4a,0x48,0x62,0xea,0x62,0xca,0x4a,0x27,0x42,0x07,0x4a,0x48,0x52,0x68,0x42,0x07,0x52,0x68,0x52,0x68,0x52,0x88,0x52,0x68,
    0x4a,0x27,0x5a,0xa9,0x4a,0x27,0x42,0x07,0x4a,0x48,0x52,0x68,0x4a,0x27,0x52,0x68,0x52,0x68,0x52,0x68,0x4a,0x27,0x52,0x88,
    0x4a,0x48,0x52,0x68,0x52,0x88,0x4a,0x48,0x5a,0xa9,0x6b,0x0b,0x6b,0x2b,0x62,0xea,0x4a,0x47,0x5a,0xa9,0x52,0x48,0x62,0xea,
    0x4a,0x27,0x4a,0x48,0x52,0x68,0x52,0x68,0x42,0x07,0x42,0x07,0x4a,0x27,0x52,0x88,0x5a,0xa9,0x4a,0x27,0x4a,0x27,0x4a,0x27,
    0x5a,0xa9,0x4a,0x47,0x52,0x68,0x42,0x07,0x4a,0x47,0x4a,0x27,0x4a,0x27,0x4a,0x47,0x4a,0x27,0x4a,0x68,0x4a,0x68,0x4a,0x27,
    0x52,0x68,0x52,0x68,0x52,0x68,0x4a,0x27,0x5a,0x89,0x5a,0xa9,0x5a,0xa9,0x5a,0xa9,0x52,0x68,0x52,0x68,0x5a,0xa9,0x62,0xc9,
    0x52,0x68,0x5a,0xa9,0x5a,0xa9,0x52,0x88,0x4a,0x48,0x52,0x88,0x52,0x68,0x4a,0x68,0x52,0x88,0x5a,0xa9,0x52,0x68,0x4a,0x47,
    0x5a,0xa9,0x5a,0x89,0x52,0x68,0x52,0x89,0x52,0x89,0x5a,0xa9,0x5a,0xa9,0x4a,0x48,0x4a,0x48,0x4a,0x48,0x4a,0x27,0x42,0x07,
    0x4a,0x48,0x52,0x88,0x4a,0x27,0x52,0x68,0x4a,0x48,0x4a,0x48,0x4a,0x27,0x4a,0x48,0x52,0x88,0x52,0x88,0x4a,0x48,0x41,0xe6,
    0x4a,0x27,0x42,0x07,0x52,0x68,0x4a,0x27,0x4a,0x27,0x5a,0x89,0x5a,0xa9,0x4a,0x48,0x42,0x07,0x52,0x68,0x52,0x89,0x4a,0x48,
    0x52,0x68,0x52,0x68,0x4a,0x27,0x4a,0x27,0x39,0xe6,0x4a,0x27,0x52,0x68,0x4a,0x27,0x52,0x68,0x4a,0x27,0x42,0x07,0x52,0x68,
    0x4a,0x48,0x4a,0x27,0x4a,0x47,0x4a,0x48,0x4a,0x48,0x4a,0x27,0x5a,0xa9,0x5a,0xc9,0x4a,0x27,0x42,0x27,0x4a,0x48,0x52,0x88,
    0x52,0x68,0x52,0x68,0x52,0x68,0x52,0x68,0x42,0x27,0x41,0xe6,0x4a,0x48,0x4a,0x48,0x42,0x07,0x42,0x27,0x52,0x68,0x52,0x89,
    0x4a,0x48,0x5a,0x88,0x5a,0xc9,0x4a,0x48,0x4a,0x48,0x4a,0x27,0x62,0xc9,0x52,0x68,0x52,0x68,0x4a,0x48,0x4a,0x27,0x5a,0xa9,
    0x5a,0xa9,0x4a,0x27,0x52,0x68,0x5a,0xa9,0x4a,0x48,0x52,0x48,0x41,0xe6,0x39,0xe6,0x42,0x27,0x52,0x68,0x42,0x07,0x4a,0x27,
    0x5a,0x89,0x52,0x48,0x4a,0x27,0x52,0x68,0x52,0x88,0x5a,0x89,0x4a,0x47,0x42,0x07,0x4a,0x47,0x4a,0x48,0x52,0x68,0x52,0x68,
    0x4a,0x27,0x4a,0x27,0x5a,0x89,0x5a,0xc9,0x6b,0x2b,0x62,0xea,0x5a,0x89,0x52,0x68,0x62,0xca,0x73,0x4b,0x42,0x07,0x62,0xca,
    0x41,0xe6,0x41,0xe6,0x4a,0x07,0x52,0x88,0x41,0xe6,0x52,0x48,0x5a,0x89,0x4a,0x47,0x52,0x68,0x52,0x68,0x52,0x48,0x42,0x27,
    0x4a,0x47,0x42,0x07,0x4a,0x47,0x41,0xe6,0x52,0x68,0x52,0x68,0x4a,0x47,0x4a,0x27,0x4a,0x47,0x4a,0x47,0x42,0x27,0x42,0x07,
    0x4a,0x47,0x42,0x07,0x39,0xc6,0x4a,0x27,0x39,0xc6,0x41,0xe6,0x4a,0x27,0x4a,0x27,0x4a,0x27,0x4a,0x27,0x4a,0x47,0x62,0xc9,
    0x52,0x68,0x4a,0x27,0x4a,0x48,0x62,0xea,0x4a,0x48,0x4a,0x48,0x4a,0x47,0x52,0x68,0x52,0x68,0x4a,0x27,0x4a,0x47,0x4a,0x48,
    0x6b,0x0a,0x5a,0xa9,0x5a,0xa9,0x5a,0xc9,0x4a,0x48,0x5a,0x89,0x52,0x68,0x62,0xca,0x52,0x68,0x52,0x88,0x4a,0x07,0x52,0x89,
    0x52,0x68,0x52,0x68,0x52,0x68,0x4a,0x27,0x52,0x68,0x52,0x88,0x5a,0xa9,0x5a,0xa9,0x52,0x68,0x4a,0x27,0x52,0x48,0x52,0x88,
    0x52,0x89,0x52,0x89,0x52,0x68,0x52,0x68,0x42,0x07,0x5a,0xc9,0x62,0xea,0x52,0x89,0x52,0x88,0x5a,0x88,0x52,0x68,0x4a,0x27,
    0x52,0x88,0x62,0xc9,0x5a,0x88,0x52,0x48,0x52,0x88,0x5a,0x89,0x5a,0xc9,0x5a,0xa8,0x52,0x68,0x4a,0x27,0x52,0x88,0x5a,0xa9,
    0x52,0x68,0x5a,0xc9,0x5a,0x88,0x5a,0xa9,0x52,0x68,0x5a,0x88,0x62,0xc9,0x5a,0x88,0x52,0x88,0x62,0xe9,0x6a,0xe9,0x52,0x47,
    0x62,0xc9,0x6b,0x0a,0x52,0x68,0x52,0x68,0x5a,0xa9,0x52,0x89,0x4a,0x47,0x62,0xc9,0x52,0x68,0x62,0xea,0x52,0x88,0x4a,0x48,
    0x52,0x47,0x5a,0xa9,0x5a,0xa9,0x5a,0xc9,0x52,0x67,0x52,0x88,0x62,0xea,0x62,0xca,0x52,0x68,0x4a,0x48,0x4a,0x27,0x52,0x88,
    0x52,0x68,0x5a,0xa9,0x52,0x68,0x4a,0x48,0x52,0x68,0x52,0x88,0x52,0x68,0x52,0x68,0x5a,0xa9,0x52,0x68,0x52,0x48,0x52,0x88,
    0x52,0x68,0x52,0x88,0x52,0x89,0x5a,0xc9,0x4a,0x48,0x52,0x68,0x52,0x88,0x5a,0xa9,0x52,0x89,0x5a,0xa9,0x52,0x68,0x52,0x88,
    0x52,0x68,0x52,0x68,0x52,0x68,0x5a,0x89,0x4a,0x48,0x4a,0x48,0x4a,0x27,0x52,0x68,0x4a,0x48,0x4a,0x48,0x42,0x07,0x4a,0x48,
    0x5a,0xc9,0x5a,0x89,0x5a,0xc9,0x62,0xca,0x52,0x88,0x52,0x89,0x5a,0xc9,0x52,0x68,0x52,0x68,0x42,0x07,0x42,0x07,0x4a,0x27,
    0x5a,0xa9,0x42,0x07,0x52,0x68,0x4a,0x27,0x52,0x68,0x52,0x89,0x4a,0x48,0x42,0x07,0x52,0x88,0x5a,0xa9,0x52,0x68,0x4a,0x47,
    0x52,0x68,0x52,0x68,0x52,0x89,0x4a,0x48,0x42,0x07,0x4a,0x27,0x52,0x89,0x52,0x68,0x41,0xe6,0x42,0x07,0x4a,0x47,0x4a,0x48,
    0x4a,0x48,0x4a,0x47,0x4a,0x48,0x5a,0x89,0x52,0x68,0x52,0x68,0x52,0x68,0x52,0x48,0x4a,0x27,0x4a,0x27,0x52,0x68,0x52,0x68,
    0x4a,0x27,0x4a,0x47,0x52,0x68,0x52,0x68,0x4a,0x27,0x4a,0x27,0x52,0x48,0x4a,0x27,0x4a,0x27,0x52,0x68,0x5a,0xa9,0x5a,0xa9,
    0x52,0x68,0x5a,0xa9,0x5a,0xa9,0x5a,0x88,0x52,0x68,0x4a,0x48,0x5a,0x89,0x4a,0x48,0x4a,0x47,0x4a,0x27,0x52,0x68,0x52,0x88,
    0x41,0xe6,0x63,0x0a,0x42,0x07,0x4a,0x47,0x52,0x68,0x52,0x68,0x4a,0x48,0x4a,0x27,0x4a,0x48,0x5a,0xa9,0x52,0x68,0x4a,0x27,
    0x4a,0x27,0x42,0x07,0x5a,0xc9,0x52,0x68,0x62,0xea,0x52,0x68,0x42,0x07,0x42,0x07,0x4a,0x48,0x42,0x07,0x4a,0x47,0x4a,0x48,
    0x52,0x89,0x4a,0x48,0x4a,0x48,0x4a,0x48,0x52,0x68,0x52,0x48,0x4a,0x47,0x52,0x68,0x39,0xc6,0x42,0x07,0x42,0x07,0x4a,0x48,
    0x42,0x07,0x42,0x07,0x42,0x07,0x4a,0x47,0x4a,0x48,0x52,0x48,0x52,0x68,0x4a,0x27,0x52,0x88,0x52,0x88,0x52,0x68,0x4a,0x47,
    0x5a,0xa9,0x52,0x88,0x42,0x07,0x52,0x88,0x62,0xea,0x5a,0xa9,0x52,0x88,0x52,0x68,0x62,0xea,0x62,0xea,0x5a,0xa9,0x52,0x88,
    0x4a,0x28,0x5a,0xc9,0x5a,0xa9,0x4a,0x48,0x5a,0xa9,0x52,0x68,0x4a,0x48,0x52,0x68,0x52,0x88,0x5a,0xa9,0x52,0x48,0x52,0x88,
    0x4a,0x48,0x52,0x68,0x52,0x68,0x5a,0xa9,0x5a,0x89,0x52,0x68,0x52,0x68,0x5a,0xa9,0x52,0x68,0x62,0xc9,0x5a,0x89,0x52,0x68,
    0x4a,0x48,0x52,0x88,0x52,0x88,0x52,0x88,0x52,0x88,0x52,0x68,0x5a,0x89,0x5a,0x88,0x52,0x88,0x5a,0x89,0x52,0x88,0x52,0x68,
    0x52,0x68,0x52,0x68,0x52,0x68,0x52,0x68,0x4a,0x48,0x5a,0x89,0x52,0x68,0x4a,0x47,0x52,0x88,0x62,0xc9,0x52,0x68,0x4a,0x47,
    0x5a,0xc9,0x5a,0xa9,0x52,0x48,0x52,0x88,0x52,0x88,0x52,0x68,0x62,0xc9,0x4a,0x47,0x4a,0x27,0x52,0x88,0x52,0x88,0x5a,0x88,
    0x4a,0x27,0x52,0x68,0x5a,0xa9,0x5a,0x88,0x52,0x68,0x5a,0x88,0x52,0x68,0x5a,0x88,0x4a,0x47,0x4a,0x27,0x5a,0xa8,0x5a,0xc9,
    0x52,0x68,0x52,0x68,0x52,0x88,0x62,0xc9,0x5a,0x89,0x52,0x68,0x52,0x88,0x62,0xc9,0x52,0x68,0x52,0x68,0x4a,0x47,0x52,0x68,
    0x52,0x48,0x5a,0xc9,0x6b,0x0a,0x5a,0x88,0x52,0x88,0x5a,0xa9,0x52,0x88,0x52,0x47,0x5a,0x88,0x5a,0x88,0x52,0x88,0x41,0xe6,
    0x4a,0x47,0x52,0x68,0x4a,0x27,0x41,0xe6,0x52,0x68,0x5a,0xa9,0x5a,0xa8,0x52,0x47,0x4a,0x47,0x52,0x68,0x5a,0xa8,0x62,0xe9,
    0x52,0x68,0x4a,0x47,0x5a,0x88,0x4a,0x27,0x4a,0x47,0x52,0x68,0x4a,0x48,0x42,0x07,0x39,0xc6,0x4a,0x27,0x41,0xe6,0x41,0xe7,
    0x5a,0xa9,0x52,0x68,0x52,0x68,0x52,0x68,0x52,0x88,0x5a,0x88,0x62,0xea,0x4a,0x28,0x6b,0x2b,0x62,0xc9,0x52,0x88,0x42,0x07,
    0x52,0x48,0x4a,0x68,0x5a,0xa9,0x62,0xe9,0x52,0x68,0x4a,0x27,0x4a,0x47,0x52,0x68,0x4a,0x48,0x4a,0x27,0x42,0x07,0x4a,0x27,
    0x4a,0x27,0x52,0x88,0x42,0x07,0x4a,0x27,0x6b,0x0a,0x6b,0x09,0x62,0xe9,0x52,0x68,0x52,0x88,0x5a,0x88,0x5a,0xc9,0x52,0x68,
    0x4a,0x47,0x52,0x68,0x52,0x68,0x4a,0x07,0x4a,0x47,0x4a,0x47,0x52,0x48,0x52,0x68,0x4a,0x48,0x4a,0x27,0x42,0x07,0x42,0x07,
    0x52,0x89,0x4a,0x27,0x52,0x68,0x52,0x47,0x4a,0x47,0x52,0x88,0x63,0x0a,0x4a,0x27,0x52,0x88,0x52,0x88,0x52,0x89,0x42,0x27,
    0x42,0x07,0x52,0x68,0x42,0x07,0x4a,0x27,0x52,0x68,0x62,0xc9,0x4a,0x27,0x42,0x06,0x42,0x07,0x4a,0x48,0x52,0x48,0x52,0x68,
    0x4a,0x47,0x42,0x07,0x4a,0x47,0x5a,0x88,0x4a,0x27,0x52,0x88,0x52,0x68,0x4a,0x07,0x42,0x07,0x52,0x68,0x52,0x68,0x4a,0x27,
    0x42,0x07,0x52,0x68,0x5a,0xa9,0x4a,0x48,0x4a,0x27,0x4a,0x48,0x52,0x68,0x52,0x88,0x4a,0x47,0x52,0x68,0x4a,0x48,0x52,0x68,
    0x4a,0x48,0x5a,0xa9,0x5a,0xc9,0x5a,0xa9,0x52,0x68,0x52,0x48,0x5a,0xa9,0x62,0xe9,0x4a,0x27,0x52,0x68,0x7b,0x8c,0x6b,0x0a,
    0x52,0x68,0x73,0x4b,0x52,0x68,0x4a,0x48,0x4a,0x48,0x52,0x88,0x4a,0x48,0x4a,0x27,0x4a,0x27,0x52,0x68,0x42,0x07,0x62,0xea,
    0x4a,0x48,0x4a,0x68,0x42,0x27,0x5a,0xca,0x4a,0x48,0x4a,0x47,0x4a,0x27,0x4a,0x48,0x4a,0x48,0x52,0x68,0x4a,0x07,0x52,0x88,
    0x73,0x4b,0x52,0x68,0x4a,0x27,0x5a,0xa9,0x73,0x6c,0x7b,0xad,0x83,0xcd,0x5a,0xa9,0x52,0x89,0x4a,0x48,0x4a,0x27,0x5a,0xc9,
    0x5a,0xa9,0x4a,0x48,0x4a,0x27,0x52,0x68,0x42,0x07,0x4a,0x27,0x42,0x27,0x4a,0x27,0x42,0x27,0x4a,0x27,0x4a,0x27,0x41,0xe7,
    0x52,0x68,0x62,0xea,0x4a,0x68,0x4a,0x27,0x4a,0x27,0x52,0x48,0x4a,0x27,0x42,0x27,0x4a,0x28,0x4a,0x48,0x4a,0x48,0x42,0x07,
    0x4a,0x48,0x42,0x27,0x42,0x07,0x4a,0x27,0x52,0x88,0x4a,0x27,0x4a,0x47,0x52,0x88,0x4a,0x48,0x4a,0x48,0x4a,0x48,0x5a,0xa9,
    0x42,0x07,0x42,0x07,0x4a,0x68,0x4a,0x48,0x4a,0x27,0x41,0xe6,0x42,0x07,0x4a,0x48,0x5a,0xc9,0x52,0x89,0x4a,0x48,0x4a,0x27,
    0x63,0x0a,0x4a,0x48,0x52,0x68,0x52,0x89,0x5a,0xc9,0x5a,0xc9,0x6b,0x2b,0x62,0xea,0x4a,0x27,0x52,0x89,0x5a,0xc9,0x4a,0x27,
    0x4a,0x27,0x52,0x68,0x4a,0x47,0x41,0xe6,0x4a,0x48,0x5a,0xa9,0x5a,0xa9,0x52,0x68,0x52,0x68,0x52,0x88,0x4a,0x27,0x52,0x88,
    0x4a,0x48,0x42,0x07,0x52,0x88,0x42,0x27,0x52,0x68,0x62,0xea,0x52,0x68,0x52,0x68,0x52,0x68,0x5a,0x89,0x52,0x68,0x52,0x88,
    0x4a,0x48,0x5a,0xc9,0x5a,0xc9,0x42,0x07,0x4a,0x48,0x5a,0xa9,0x5a,0xa9,0x4a,0x48,0x42,0x27,0x4a,0x48,0x52,0x88,0x6b,0x0a,
    0x39,0xc6,0x42,0x07,0x52,0x68,0x62,0xea,0x42,0x07,0x39,0xe6,0x52,0x68,0x5a,0xa9,0x4a,0x48,0x42,0x07,0x5a,0xa9,0x62,0xc9,
    0x5a,0xa9,0x62,0xc9,0x62,0xca,0x5a,0xa9,0x4a,0x48,0x52,0x68,0x5a,0xa9,0x4a,0x48,0x5a,0x88,0x5a,0xa9,0x52,0x68,0x4a,0x48,
    0x62,0xe9,0x62,0xc9,0x4a,0x48,0x42,0x07,0x73,0x6c,0x4a,0x27,0x52,0x89,0x52,0x89,0x5a,0xa9,0x52,0x88,0x62,0xea,0x62,0xea,
    0x4a,0x48,0x62,0xc9,0x52,0x68,0x52,0x68,0x42,0x27,0x52,0x88,0x62,0xea,0x52,0x68,0x5a,0xc9,0x52,0x88,0x5a,0xa9,0x4a,0x48,
    0x4a,0x48,0x5a,0xa9,0x6b,0x2a,0x5a,0xa9,0x4a,0x48,0x52,0x48,0x5a,0x89,0x5a,0xa9,0x5a,0x89,0x5a,0xa9,0x52,0x68,0x52,0x68,
    0x52,0x68,0x62,0xc9,0x5a,0x88,0x52,0x68,0x52,0x47,0x5a,0xa9,0x52,0x88,0x52,0x47,0x52,0x88,0x62,0xe9,0x5a,0x88,0x52,0x68,
    0x4a,0x48,0x52,0x68,0x4a,0x27,0x5a,0x89,0x5a,0xa9,0x52,0x68,0x4a,0x27,0x52,0x47,0x4a,0x47,0x52,0x68,0x52,0x88,0x52,0x68,
    0x52,0x67,0x52,0x88,0x52,0x68,0x62,0xc9,0x52,0x68,0x52,0x67,0x4a,0x47,0x52,0x47,0x4a,0x06,0x52,0x68,0x4a,0x48,0x4a,0x27,
    0x52,0x47,0x4a,0x47,0x52,0x68,0x52,0x88,0x52,0x68,0x52,0x68,0x5a,0x88,0x52,0x68,0x52,0x68,0x52,0x68,0x52,0x47,0x52,0x68,
    0x52,0x88,0x52,0x88,0x52,0x88,0x41,0xe6,0x52,0x88,0x4a,0x47,0x52,0x48,0x4a,0x27,0x5a,0xa9,0x52,0x68,0x52,0x68,0x4a,0x47,
    0x52,0x68,0x52,0x68,0x52,0x68,0x52,0x88,0x4a,0x28,0x4a,0x27,0x42,0x07,0x42,0x07,0x4a,0x27,0x42,0x07,0x4a,0x27,0x52,0x48,
    0x52,0x68,0x52,0x68,0x52,0x68,0x4a,0x47,0x52,0x48,0x5a,0x88,0x4a,0x27,0x4a,0x48,0x4a,0x47,0x52,0x88,0x52,0x68,0x52,0x68,
    0x5a,0x88,0x52,0x68,0x4a,0x47,0x4a,0x27,0x52,0x88,0x52,0x68,0x52,0x88,0x5a,0xa9,0x52,0x68,0x4a,0x47,0x52,0x68,0x5a,0xa9,
    0x62,0xc9,0x52,0x68,0x5a,0xa9,0x52,0x88,0x62,0xc9,0x52,0x88,0x4a,0x48,0x4a,0x47,0x5a,0x89,0x52,0x88,0x52,0x88,0x5a,0x89,
    0x4a,0x48,0x52,0x68,0x52,0x68,0x5a,0xc9,0x52,0x68,0x52,0x68,0x5a,0xa9,0x52,0x68,0x52,0x88,0x52,0x68,0x5a,0x89,0x52,0x68,
    0x52,0x88,0x52,0x88,0x5a,0xa9,0x5a,0xa9,0x52,0x68,0x5a,0xa9,0x5a,0xc9,0x5a,0xc9,0x4a,0x27,0x4a,0x27,0x52,0x68,0x52,0x68,
    0x4a,0x48,0x52,0x68,0x4a,0x27,0x42,0x07,0x4a,0x48,0x5a,0xc9,0x52,0x89,0x4a,0x68,0x5a,0xa9,0x4a,0x48,0x4a,0x48,0x52,0x88,
    0x4a,0x27,0x52,0x68,0x5a,0xa9,0x52,0x89,0x4a,0x47,0x4a,0x48,0x4a,0x48,0x52,0x68,0x52,0x68,0x52,0x88,0x4a,0x48,0x4a,0x27,
    0x52,0x68,0x4a,0x27,0x42,0x07,0x4a,0x47,0x5a,0xa9,0x52,0x68,0x52,0x88,0x5a,0xc9,0x52,0x68,0x52,0x88,0x5a,0x89,0x52,0x88,
    0x52,0x88,0x4a,0x27,0x52,0x88,0x52,0x68,0x62,0xea,0x52,0x88,0x52,0x68,0x52,0x68,0x5a,0xa9,0x52,0x68,0x5a,0x88,0x4a,0x48,
    0x5a,0xc9,0x62,0xc9,0x5a,0xa9,0x52,0x88,0x52,0x88,0x52,0x68,0x52,0x88,0x4a,0x27,0x52,0x68,0x4a,0x47,0x42,0x07,0x39,0xc6,
    0x42,0x07,0x4a,0x47,0x5a,0x88,0x52,0x88,0x4a,0x48,0x52,0x68,0x52,0x88,0x5a,0x88,0x52,0x89,0x52,0x89,0x52,0x68,0x5a,0x88,
    0x42,0x07,0x42,0x07,0x52,0x68,0x5a,0x88,0x42,0x07,0x52,0x68,0x4a,0x47,0x4a,0x27,0x4a,0x27,0x52,0x88,0x52,0x68,0x4a,0x47,
    0x52,0x88,0x4a,0x27,0x4a,0x47,0x4a,0x68,0x4a,0x47,0x42,0x07,0x52,0x48,0x52,0x68,0x4a,0x27,0x4a,0x48,0x5a,0xca,0x52,0x68,
    0x5a,0xa9,0x52,0x68,0x52,0x89,0x5a,0xca,0x52,0x88,0x4a,0x48,0x4a,0x48,0x4a,0x48,0x4a,0x48,0x52,0x68,0x4a,0x27,0x4a,0x48,
    0x42,0x06,0x5a,0xa9,0x5a,0xa9,0x5a,0xa9,0x4a,0x48,0x5a,0xa9,0x5a,0x88,0x5a,0x88,0x52,0x89,0x5a,0xa9,0x52,0x68,0x4a,0x48,
    0x4a,0x27,0x4a,0x48,0x52,0x88,0x4a,0x48,0x62,0xca,0x62,0xca,0x52,0x68,0x42,0x07,0x62,0xca,0x5a,0xa9,0x52,0x68,0x52,0x68,
    0x52,0x68,0x4a,0x27,0x5a,0xa9,0x5a,0xc9,0x4a,0x48,0x52,0x68,0x52,0x48,0x5a,0xa9,0x4a,0x48,0x52,0x68,0x5a,0x89,0x52,0x48,
    0x4a,0x47,0x5a,0xa9,0x52,0x68,0x52,0x68,0x52,0x68,0x5a,0xa9,0x52,0x68,0x52,0x68,0x52,0x89,0x5a,0x89,0x52,0x68,0x4a,0x47,
    0x4a,0x48,0x5a,0xc9,0x52,0x88,0x4a,0x27,0x52,0x68,0x52,0x89,0x52,0x88,0x4a,0x47,0x52,0x68,0x4a,0x48,0x52,0x68,0x62,0xea,
    0x52,0x68,0x52,0x88,0x52,0x68,0x62,0xc9,0x4a,0x27,0x4a,0x07,0x4a,0x27,0x4a,0x48,0x4a,0x47,0x4a,0x27,0x4a,0x47,0x52,0x88,
    0x52,0x68,0x52,0x68,0x52,0x68,0x5a,0x89,0x42,0x27,0x5a,0xa9,0x5a,0xa9,0x52,0x68,0x42,0x07,0x42,0x06,0x4a,0x27,0x5a,0xa9,
    0x52,0x88,0x4a,0x27,0x5a,0x88,0x5a,0xa9,0x5a,0x88,0x52,0x88,0x52,0x68,0x52,0x68,0x4a,0x47,0x52,0x68,0x52,0x88,0x5a,0xc9,
    0x5a,0xc9,0x5a,0xa9,0x4a,0x47,0x52,0x48,0x5a,0xa9,0x52,0x88,0x52,0x68,0x52,0x68,0x52,0x68,0x52,0x88,0x52,0x68,0x52,0x68,
    0x5a,0xa9,0x5a,0xa9,0x4a,0x27,0x4a,0x27,0x52,0x68,0x5a,0xa9,0x62,0xea,0x62,0xc9,0x5a,0x89,0x5a,0xa9,0x5a,0xc9,0x5a,0xa9,
    0x5a,0xa9,0x5a,0xa9,0x52,0x68,0x5a,0x88,0x4a,0x27,0x5a,0xc9,0x52,0x88,0x5a,0xa9,0x52,0x88,0x62,0xc9,0x6b,0x2b,0x52,0x68,
    0x5a,0xa9,0x5a,0x88,0x6b,0x2b,0x6b,0x0a,0x62,0xc9,0x52,0x68,0x5a,0x89,0x6b,0x0b,0x5a,0x88,0x5a,0xa9,0x52,0x88,0x62,0xea,
    0x4a,0x47,0x52,0x68,0x52,0x88,0x52,0x89,0x52,0x68,0x52,0x48,0x52,0x88,0x52,0x88,0x5a,0xa9,0x52,0x68,0x52,0x89,0x5a,0xa9,
    0x6b,0x2b,0x52,0x68,0x5a,0x89,0x52,0x69,0x62,0xea,0x5a,0xa9,0x5a,0xa9,0x52,0x88,0x5a,0x88,0x52,0x68,0x52,0x88,0x52,0x88,
    0x5a,0x88,0x52,0x47,0x52,0x68,0x52,0x47,0x5a,0xa9,0x4a,0x47,0x5a,0xa8,0x4a,0x27,0x52,0x88,0x52,0x68,0x52,0x89,0x5a,0xa9,
    0x52,0x68,0x52,0x68,0x5a,0x89,0x4a,0x47,0x52,0x89,0x52,0x89,0x5a,0xca,0x62,0xca,0x4a,0x28,0x52,0x68,0x52,0x69,0x52,0x68,
    0x52,0x89,0x52,0x88,0x52,0x68,0x52,0x48,0x62,0xea,0x5a,0xa9,0x52,0x88,0x52,0x68,0x52,0x88,0x5a,0xa9,0x5a,0xc9,0x52,0x89,
    0x52,0x68,0x6b,0x0a,0x62,0xea,0x52,0x89,0x52,0x88,0x52,0x89,0x52,0x68,0x52,0x68,0x5a,0xa9,0x52,0x89,0x52,0x68,0x52,0x68,
    0x52,0x88,0x4a,0x68,0x52,0x68,0x52,0x88,0x52,0x89,0x4a,0x27,0x4a,0x48,0x52,0x68,0x52,0x68,0x5a,0xa9,0x4a,0x27,0x42,0x27,
    0x4a,0x48,0x52,0x68,0x4a,0x27,0x4a,0x27,0x52,0x68,0x4a,0x68,0x4a,0x27,0x4a,0x27,0x5a,0xa9,0x52,0x69,0x5a,0xa9,0x5a,0xca,
    0x52,0x89,0x4a,0x47,0x41,0xe7,0x52,0x48,0x5a,0xa9,0x52,0x68,0x62,0xca,0x5a,0xa9,0x52,0x68,0x52,0x68,0x6b,0x0a,0x5a,0x89,
    0x5a,0x89,0x52,0x68,0x4a,0x48,0x4a,0x48,0x4a,0x48,0x52,0x88,0x52,0x68,0x5a,0xa9,0x5a,0xa9,0x52,0x88,0x4a,0x47,0x4a,0x27,
    0x52,0x89,0x52,0x68,0x42,0x07,0x52,0x68,0x52,0x89,0x52,0x48,0x42,0x07,0x52,0x68,0x52,0x68,0x4a,0x48,0x52,0x68,0x52,0x48,
    0x4a,0x47,0x52,0x68,0x4a,0x47,0x52,0x48,0x4a,0x47,0x4a,0x48,0x4a,0x47,0x52,0x88,0x4a,0x48,0x4a,0x27,0x42,0x07,0x52,0x88,
    0x52,0x68,0x52,0x48,0x5a,0xa9,0x52,0x48,0x4a,0x48,0x5a,0xa9,0x52,0x88,0x5a,0xa9,0x52,0x68,0x5a,0xa9,0x5a,0xa9,0x5a,0xa9,
    0x52,0x88,0x62,0xc9,0x4a,0x27,0x4a,0x48,0x4a,0x48,0x41,0xe6,0x52,0x68,0x62,0xca,0x52,0x68,0x4a,0x27,0x42,0x07,0x4a,0x47,
    0x52,0x48,0x4a,0x27,0x42,0x07,0x41,0xe6,0x4a,0x48,0x4a,0x27,0x42,0x07,0x31,0xa5,0x4a,0x47,0x5a,0x88,0x52,0x68,0x42,0x07,
    0x4a,0x27,0x4a,0x48,0x4a,0x27,0x4a,0x07,0x41,0xe7,0x4a,0x28,0x42,0x07,0x4a,0x27,0x39,0xa6,0x4a,0x48,0x4a,0x48,0x39,0xc6,
    0x41,0xe6,0x52,0x68,0x42,0x07,0x4a,0x27,0x41,0xe6,0x4a,0x27,0x4a,0x47,0x52,0x68,0x4a,0x27,0x5a,0x88,0x52,0x68,0x5a,0x89,
    0x39,0xc6,0x4a,0x48,0x4a,0x47,0x52,0x68,0x5a,0xa9,0x52,0x88,0x4a,0x27,0x4a,0x27,0x52,0x68,0x52,0x68,0x52,0x68,0x4a,0x68,
    0x4a,0x48,0x4a,0x27,0x5a,0xca,0x4a,0x48,0x52,0x89,0x42,0x07,0x5a,0xa9,0x52,0x68,0x5a,0xa9,0x5a,0xc9,0x52,0x68,0x4a,0x27,
    0x4a,0x48,0x4a,0x48,0x4a,0x47,0x4a,0x48,0x4a,0x27,0x4a,0x48,0x4a,0x48,0x5a,0xa9,0x52,0x68,0x4a,0x27,0x4a,0x48,0x52,0x68,
    0x4a,0x48,0x5a,0xa9,0x5a,0x88,0x4a,0x48,0x52,0x88,0x5a,0xa9,0x5a,0x88,0x52,0x88,0x62,0xc9,0x5a,0x88,0x5a,0xa9,0x52,0x88,
    0x62,0xe9,0x73,0x4a,0x52,0x88,0x4a,0x48,0x52,0x68,0x5a,0xa8,0x52,0x48,0x4a,0x47,0x52,0x88,0x52,0x68,0x52,0x68,0x52,0x68,
    0x5a,0xa9,0x52,0x88,0x4a,0x47,0x52,0x68,0x52,0x68,0x5a,0xa9,0x5a,0x88,0x4a,0x47,0x4a,0x27,0x42,0x07,0x4a,0x27,0x4a,0x27,
    0x4a,0x27,0x4a,0x27,0x4a,0x27,0x4a,0x27,0x4a,0x47,0x4a,0x27,0x4a,0x27,0x4a,0x47,0x42,0x07,0x4a,0x27,0x4a,0x27,0x4a,0x27,
    0x4a,0x47,0x4a,0x47,0x52,0x68,0x52,0x88,0x42,0x07,0x4a,0x07,0x4a,0x27,0x52,0x88,0x4a,0x27,0x4a,0x27,0x4a,0x27,0x52,0x68,
    0x52,0x68,0x5a,0x88,0x52,0x68,0x52,0x48,0x52,0x88,0x5a,0x88,0x4a,0x48,0x52,0x88,0x52,0x88,0x52,0x68,0x52,0x88,0x52,0x68,
    0x5a,0x88,0x5a,0xa9,0x5a,0x88,0x52,0x48,0x52,0x88,0x5a,0xa9,0x52,0x88,0x52,0x88,0x52,0x88,0x5a,0x88,0x5a,0xa9,0x4a,0x48,
    0x4a,0x47,0x52,0x47,0x52,0x68,0x5a,0xa9,0x52,0x68,0x52,0x88,0x4a,0x48,0x52,0x89,0x52,0x88,0x5a,0x89,0x52,0x68,0x4a,0x27,
    0x5a,0xa9,0x52,0x68,0x52,0x68,0x52,0x68,0x5a,0xa9,0x52,0x88,0x52,0x68,0x4a,0x27,0x4a,0x48,0x52,0x48,0x5a,0xa9,0x52,0x68,
    0x42,0x07,0x5a,0xa9,0x6b,0x0a,0x5a,0xa9,0x4a,0x48,0x4a,0x68,0x4a,0x27,0x5a,0x88,0x4a,0x48,0x4a,0x48,0x52,0x68,0x5a,0xa8,
    0x52,0x88,0x5a,0xa9,0x4a,0x48,0x4a,0x48,0x4a,0x47,0x52,0x68,0x4a,0x48,0x52,0x68,0x5a,0x88,0x42,0x07,0x4a,0x27,0x4a,0x27,
    0x52,0x88,0x4a,0x48,0x4a,0x48,0x4a,0x27,0x4a,0x48,0x4a,0x47,0x52,0x68,0x4a,0x27,0x4a,0x48,0x4a,0x27,0x52,0x68,0x4a,0x27,
    0x39,0xe6,0x4a,0x48,0x5a,0xa9,0x52,0x68,0x42,0x27,0x4a,0x68,0x5a,0xa9,0x52,0x68,0x4a,0x27,0x42,0x07,0x52,0x68,0x52,0x68,
    0x42,0x27,0x4a,0x27,0x52,0x68,0x52,0x68,0x52,0x88,0x52,0x68,0x52,0x88,0x52,0x68,0x52,0x68,0x52,0x68,0x52,0x68,0x52,0x68,
    0x52,0x88,0x52,0x68,0x4a,0x48,0x52,0x89,0x52,0x88,0x52,0x68,0x52,0x68,0x52,0x88,0x5a,0x88,0x52,0x68,0x52,0x88,0x52,0x68,
    0x52,0x68,0x52,0x68,0x52,0x88,0x52,0x88,0x4a,0x48,0x4a,0x27,0x4a,0x48,0x52,0x68,0x4a,0x48,0x52,0x88,0x52,0x47,0x4a,0x27,
    0x42,0x07,0x5a,0x88,0x52,0x88,0x5a,0xa9,0x4a,0x47,0x4a,0x47,0x4a,0x47,0x52,0x68,0x4a,0x27,0x52,0x47,0x52,0x47,0x52,0x68,
    0x52,0x68,0x52,0x68,0x52,0x88,0x52,0x88,0x52,0x68,0x52,0x88,0x5a,0xa9,0x52,0x68,0x52,0x68,0x52,0x68,0x52,0x68,0x52,0x68,
    0x52,0x88,0x52,0x68,0x52,0x88,0x52,0x88,0x52,0x68,0x5a,0x88,0x52,0x88,0x4a,0x47,0x52,0x68,0x52,0x68,0x6b,0x0a,0x52,0x68,
    0x52,0x68,0x52,0x68,0x5a,0xc9,0x4a,0x47,0x52,0x68,0x52,0x48,0x52,0x47,0x5a,0xa9,0x4a,0x48,0x4a,0x27,0x4a,0x27,0x5a,0xa9,
    0x5a,0xa9,0x52,0x68,0x52,0x68,0x5a,0x89,0x52,0x88,0x52,0x89,0x5a,0xa9,0x62,0xea,0x5a,0xc9,0x62,0xea,0x62,0xea,0x52,0x68,
    0x52,0x89,0x52,0x88,0x5a,0xa9,0x4a,0x48,0x5a,0xa9,0x52,0x68,0x52,0x88,0x52,0x68,0x5a,0xa9,0x52,0x88,0x4a,0x48,0x4a,0x27,
    0x52,0x68,0x5a,0xc9,0x52,0x68,0x52,0x68,0x4a,0x27,0x52,0x88,0x5a,0xa9,0x62,0xe9,0x52,0x68,0x4a,0x27,0x42,0x07,0x4a,0x27,
    0x4a,0x48,0x4a,0x27,0x4a,0x48,0x4a,0x27,0x4a,0x27,0x4a,0x27,0x4a,0x48,0x4a,0x27,0x52,0x68,0x42,0x07,0x4a,0x48,0x4a,0x48,
    0x4a,0x27,0x4a,0x47,0x4a,0x48,0x52,0x68,0x4a,0x27,0x52,0x48,0x52,0x68,0x4a,0x27,0x4a,0x47,0x52,0x68,0x52,0x68,0x4a,0x27,
    0x52,0x68,0x52,0x88,0x4a,0x27,0x52,0x68,0x5a,0x89,0x52,0x89,0x52,0x68,0x5a,0x89,0x4a,0x47,0x4a,0x27,0x4a,0x48,0x52,0x88,
    0x52,0x47,0x5a,0x89,0x52,0x68,0x5a,0xa9,0x52,0x68,0x62,0xea,0x52,0x88,0x4a,0x48,0x52,0x89,0x4a,0x48,0x52,0x68,0x4a,0x48,
    0x52,0x68,0x52,0x68,0x52,0x88,0x4a,0x27,0x52,0x68,0x4a,0x48,0x52,0x68,0x52,0x88,0x52,0x88,0x52,0x68,0x52,0x68,0x5a,0xa9,
    0x42,0x07,0x52,0x68,0x5a,0xc9,0x52,0x88,0x42,0x07,0x52,0x68,0x5a,0xa9,0x5a,0xa9,0x52,0x68,0x5a,0xa9,0x52,0x68,0x52,0x68,
    0x52,0x68,0x52,0x88,0x52,0x68,0x4a,0x48,0x5a,0xa9,0x4a,0x47,0x5a,0x88,0x52,0x88,0x5a,0x88,0x52,0x88,0x5a,0x89,0x5a,0xa9,
    0x52,0x68,0x5a,0xa9,0x5a,0xc9,0x5a,0xa9,0x52,0x68,0x4a,0x47,0x52,0x68,0x42,0x07,0x5a,0xc9,0x62,0xc9,0x62,0xc9,0x5a,0xa9,
    0x5a,0xa9,0x5a,0xa9,0x52,0x88,0x5a,0xa9,0x5a,0xa9,0x6b,0x0a,0x5a,0xa9,0x5a,0xa9,0x5a,0x89,0x6b,0x0a,0x4a,0x27,0x62,0xea,
    0x5a,0x89,0x52,0x89,0x5a,0xa9,0x52,0x68,0x5a,0xc9,0x5a,0x89,0x5a,0xc9,0x5a,0xa9,0x5a,0xca,0x5a,0x89,0x5a,0xa9,0x5a,0xc9,
    0x5a,0xca,0x5a,0x89,0x5a,0x89,0x5a,0x89,0x5a,0xa9,0x5a,0xc9,0x4a,0x27,0x52,0x68,0x52,0x88,0x52,0x68,0x4a,0x48,0x52,0x88,
    0x5a,0xa9,0x4a,0x68,0x52,0x68,0x52,0x88,0x52,0x89,0x52,0x88,0x52,0x68,0x52,0x48,0x52,0x68,0x5a,0xa9,0x5a,0xa9,0x5a,0xa9,
    0x42,0x07,0x42,0x07,0x5a,0xa9,0x5a,0xa9,0x4a,0x48,0x39,0xe6,0x52,0x68,0x5a,0xc9,0x4a,0x48,0x52,0x68,0x5a,0xa9,0x52,0x68,
    0x52,0x68,0x52,0x68,0x4a,0x48,0x52,0x68,0x52,0x48,0x4a,0x48,0x52,0x88,0x52,0x88,0x52,0x68,0x4a,0x48,0x62,0xc9,0x5a,0xa9,
    0x52,0x68,0x52,0x68,0x52,0x88,0x62,0xea,0x4a,0x48,0x4a,0x27,0x52,0x68,0x4a,0x47,0x4a,0x48,0x4a,0x27,0x52,0x88,0x5a,0xa9,
    0x52,0x68,0x4a,0x48,0x4a,0x68,0x52,0x68,0x6b,0x4b,0x5a,0xc9,0x4a,0x27,0x4a,0x27,0x39,0xe6,0x4a,0x27,0x4a,0x27,0x52,0x68,
    0x42,0x07,0x42,0x07,0x52,0x48,0x5a,0xa9,0x4a,0x48,0x42,0x07,0x42,0x07,0x4a,0x27,0x52,0x89,0x52,0x68,0x42,0x07,0x52,0x68,
    0x52,0x68,0x4a,0x28,0x4a,0x48,0x52,0x88,0x52,0x88,0x52,0x68,0x52,0x68,0x5a,0xa9,0x4a,0x48,0x4a,0x47,0x4a,0x48,0x62,0xca,
    0x52,0x68,0x4a,0x47,0x52,0x88,0x62,0xca,0x52,0x68,0x52,0x68,0x4a,0x48,0x4a,0x48,0x5a,0x89,0x52,0x88,0x4a,0x27,0x4a,0x27,
    0x52,0x88,0x52,0x68,0x4a,0x27,0x4a,0x47,0x52,0x68,0x52,0x88,0x4a,0x27,0x4a,0x27,0x52,0x88,0x5a,0xa9,0x4a,0x48,0x4a,0x48,
    0x4a,0x27,0x4a,0x27,0x52,0x89,0x4a,0x48,0x4a,0x27,0x52,0x68,0x52,0x68,0x4a,0x48,0x52,0x88,0x5a,0xa9,0x4a,0x27,0x52,0x48,
    0x52,0x48,0x5a,0xc9,0x5a,0x89,0x4a,0x27,0x39,0xc6,0x4a,0x47,0x4a,0x47,0x42,0x06,0x4a,0x27,0x4a,0x27,0x52,0x88,0x4a,0x47,
    0x52,0x88,0x4a,0x47,0x52,0x48,0x52,0x68,0x42,0x07,0x4a,0x27,0x52,0x47,0x4a,0x47,0x4a,0x27,0x42,0x07,0x4a,0x07,0x52,0x68,
    0x42,0x06,0x42,0x07,0x42,0x07,0x4a,0x27,0x52,0x68,0x4a,0x27,0x52,0x48,0x4a,0x47,0x5a,0x88,0x5a,0x88,0x52,0x68,0x4a,0x27,
    0x5a,0x88,0x42,0x07,0x52,0x48,0x5a,0x88,0x52,0x68,0x4a,0x47,0x4a,0x47,0x52,0x88,0x4a,0x27,0x52,0x48,0x52,0x48,0x52,0x68,
    0x52,0x88,0x4a,0x47,0x62,0xc9,0x52,0x88,0x62,0xc9,0x52,0x68,0x4a,0x48,0x52,0x89,0x52,0x68,0x4a,0x48,0x4a,0x48,0x52,0x68,
    0x4a,0x48,0x52,0x88,0x4a,0x47,0x4a,0x48,0x52,0x68,0x52,0x88,0x4a,0x47,0x4a,0x27,0x52,0x88,0x5a,0xa9,0x52,0x68,0x52,0x68,
    0x4a,0x48,0x62,0xc9,0x5a,0xa9,0x5a,0x89,0x52,0x68,0x52,0x68,0x62,0xe9,0x73,0x4b,0x4a,0x47,0x6b,0x2b,0x62,0xc9,0x4a,0x27,
    0x52,0x88,0x5a,0xa9,0x52,0x68,0x52,0x88,0x52,0x68,0x5a,0xa9,0x5a,0xc9,0x52,0x68,0x52,0x88,0x52,0x89,0x5a,0xa9,0x52,0x68,
    0x4a,0x27,0x52,0x48,0x52,0x48,0x52,0x68,0x52,0x88,0x52,0x89,0x52,0x68,0x4a,0x48,0x52,0x68,0x4a,0x48,0x4a,0x47,0x4a,0x47,
    0x4a,0x47,0x4a,0x48,0x4a,0x48,0x4a,0x27,0x52,0x68,0x4a,0x27,0x4a,0x27,0x52,0x48,0x4a,0x47,0x4a,0x47,0x42,0x07,0x4a,0x47,
    0x4a,0x27,0x5a,0x88,0x52,0x68,0x52,0x47,0x4a,0x47,0x52,0x68,0x4a,0x47,0x52,0x89,0x52,0x88,0x4a,0x27,0x52,0x89,0x52,0x68,
    0x52,0x68,0x4a,0x48,0x5a,0xa9,0x4a,0x47,0x5a,0x88,0x52,0x88,0x4a,0x48,0x52,0x48,0x5a,0x88,0x52,0x68,0x4a,0x47,0x52,0x47,
    0x42,0x07,0x52,0x68,0x4a,0x47,0x4a,0x48,0x42,0x07,0x4a,0x47,0x52,0x68,0x4a,0x48,0x52,0x88,0x52,0x48,0x52,0x68,0x52,0x68,
    0x5a,0xa9,0x52,0x48,0x52,0x68,0x52,0x68,0x52,0x88,0x52,0x68,0x52,0x48,0x4a,0x27,0x4a,0x48,0x52,0x68,0x52,0x68,0x52,0x88,
    0x52,0x68,0x52,0x68,0x52,0x68,0x52,0x68,0x52,0x68,0x5a,0xa9,0x52,0x68,0x52,0x48,0x4a,0x27,0x4a,0x27,0x52,0x47,0x52,0x68,
    0x4a,0x48,0x42,0x07,0x4a,0x47,0x5a,0x88,0x4a,0x48,0x4a,0x27,0x52,0x48,0x4a,0x47,0x4a,0x47,0x52,0x68,0x52,0x88,0x42,0x06,
    0x52,0x68,0x52,0x88,0x52,0x88,0x4a,0x47,0x5a,0x88,0x52,0x68,0x52,0x89,0x52,0x68,0x5a,0xa9,0x4a,0x48,0x5a,0xc9,0x52,0x88,
    0x41,0xe6,0x52,0x88,0x52,0x68,0x4a,0x27,0x4a,0x27,0x42,0x27,0x42,0x27,0x52,0x68,0x4a,0x27,0x4a,0x27,0x42,0x27,0x4a,0x27,
    0x4a,0x47,0x52,0x68,0x4a,0x27,0x4a,0x27,0x52,0x68,0x4a,0x48,0x4a,0x47,0x4a,0x47,0x4a,0x47,0x4a,0x27,0x4a,0x48,0x4a,0x47,
    0x4a,0x47,0x4a,0x27,0x4a,0x27,0x4a,0x27,0x42,0x07,0x4a,0x27,0x4a,0x48,0x4a,0x27,0x4a,0x27,0x4a,0x27,0x52,0x68,0x52,0x88,
    0x42,0x07,0x42,0x07,0x4a,0x48,0x52,0x68,0x4a,0x48,0x4a,0x27,0x4a,0x27,0x42,0x07,0x52,0x68,0x4a,0x27,0x4a,0x27,0x4a,0x47,
    0x4a,0x48,0x52,0x68,0x4a,0x48,0x52,0x68,0x52,0x88,0x52,0x68,0x4a,0x48,0x52,0x68,0x4a,0x48,0x4a,0x48,0x4a,0x27,0x4a,0x48,
    0x4a,0x48,0x4a,0x47,0x52,0x68,0x52,0x68,0x4a,0x48,0x52,0x68,0x5a,0xa9,0x52,0x88,0x52,0x89,0x52,0x68,0x4a,0x27,0x4a,0x47,
    0x4a,0x27,0x52,0x68,0x52,0x68,0x4a,0x48,0x42,0x07,0x4a,0x47,0x5a,0xc9,0x4a,0x48,0x4a,0x48,0x5a,0x89,0x5a,0xa9,0x4a,0x48,
    0x4a,0x48,0x52,0x89,0x5a,0xa9,0x52,0x88,0x52,0x68,0x4a,0x27,0x52,0x88,0x5a,0x89,0x52,0x68,0x52,0x89,0x52,0x68,0x52,0x68,
    0x4a,0x27,0x5a,0xa9,0x52,0x88,0x5a,0xa9,0x62,0xea,0x5a,0xa9,0x52,0x88,0x52,0x89,0x4a,0x27,0x4a,0x27,0x5a,0xc9,0x5a,0xc9,
    0x52,0x68,0x4a,0x47,0x52,0x67,0x5a,0x89,0x5a,0xa9,0x62,0xea,0x52,0x88,0x4a,0x27,0x52,0x48,0x4a,0x48,0x4a,0x27,0x52,0x48,
    0x52,0x68,0x5a,0xa9,0x5a,0xa9,0x5a,0xc9,0x5a,0xc9,0x62,0xe9,0x62,0xea,0x62,0xea,0x52,0x68,0x5a,0xa9,0x5a,0xa9,0x62,0xea,
    0x4a,0x27,0x52,0x68,0x5a,0xc9,0x5a,0xca,0x52,0x88,0x52,0x68,0x6b,0x4b,0x62,0xea,0x62,0xe9,0x52,0x88,0x62,0xca,0x4a,0x48,
    0x5a,0xc9,0x52,0x68,0x52,0x68,0x5a,0xca,0x5a,0xc9,0x52,0x68,0x39,0xc6,0x52,0x88,0x62,0xea,0x4a,0x48,0x5a,0xa9,0x52,0x89,
    0x52,0x88,0x52,0x89,0x4a,0x48,0x52,0x88,0x52,0x68,0x52,0x68,0x4a,0x27,0x52,0x68,0x52,0x89,0x52,0x89,0x5a,0xa9,0x52,0x68,
    0x4a,0x48,0x52,0x68,0x5a,0xa9,0x4a,0x27,0x52,0x89,0x52,0x68,0x52,0x89,0x52,0x89,0x6b,0x2b,0x52,0x88,0x52,0x88,0x52,0x68,
    0x52,0x68,0x52,0x88,0x52,0x89,0x52,0x68,0x4a,0x48,0x5a,0xc9,0x52,0xa9,0x52,0x68,0x4a,0x48,0x4a,0x48,0x4a,0x48,0x4a,0x48,
    0x4a,0x48,0x52,0x68,0x4a,0x48,0x4a,0x27,0x4a,0x48,0x52,0x88,0x4a,0x48,0x4a,0x48,0x42,0x07,0x4a,0x27,0x4a,0x27,0x52,0x68,
    0x4a,0x27,0x4a,0x47,0x52,0x68,0x52,0x68,0x42,0x07,0x4a,0x47,0x52,0x48,0x52,0x68,0x52,0x68,0x4a,0x27,0x5a,0xa9,0x73,0x4c,
    0x52,0x88,0x5a,0xa9,0x5a,0xa9,0x5a,0xa9,0x52,0x68,0x5a,0xa9,0x62,0xc9,0x52,0x68,0x52,0x68,0x5a,0x89,0x62,0xea,0x52,0x88,
    0x6b,0x0b,0x52,0x68,0x4a,0x27,0x4a,0x27,0x52,0x68,0x52,0x68,0x4a,0x47,0x52,0x68,0x52,0x88,0x5a,0xc9,0x5a,0x89,0x4a,0x47,
    0x52,0x68,0x5a,0xa9,0x5a,0x89,0x4a,0x27,0x52,0x68,0x52,0x89,0x4a,0x48,0x4a,0x27,0x52,0x68,0x4a,0x48,0x4a,0x48,0x52,0x68,
    0x4a,0x48,0x42,0x07,0x4a,0x48,0x5a,0x89,0x4a,0x27,0x42,0x27,0x4a,0x48,0x4a,0x27,0x52,0x88,0x52,0x88,0x52,0x89,0x52,0x68,
    0x5a,0xa9,0x5a,0x89,0x4a,0x47,0x4a,0x27,0x5a,0xa9,0x52,0x88,0x4a,0x27,0x4a,0x27,0x5a,0x89,0x52,0x88,0x52,0x68,0x4a,0x47,
    0x52,0x88,0x52,0x68,0x52,0x89,0x5a,0x89,0x52,0x68,0x52,0x68,0x52,0x88,0x5a,0xa9,0x4a,0x47,0x52,0x68,0x4a,0x47,0x52,0x88,
    0x4a,0x47,0x4a,0x48,0x4a,0x48,0x52,0x88,0x5a,0x89,0x5a,0xa8,0x4a,0x48,0x4a,0x47,0x5a,0xa9,0x5a,0xa9,0x4a,0x27,0x4a,0x47,
    0x52,0x48,0x4a,0x27,0x4a,0x27,0x4a,0x48,0x4a,0x47,0x42,0x07,0x4a,0x47,0x52,0x68,0x52,0x68,0x52,0x68,0x52,0x48,0x5a,0xa8,
    0x4a,0x47,0x4a,0x48,0x52,0x68,0x52,0x68,0x52,0x68,0x52,0x88,0x52,0x68,0x5a,0x88,0x52,0x68,0x52,0x68,0x52,0x68,0x4a,0x48,
    0x5a,0x88,0x52,0x68,0x52,0x88,0x4a,0x27,0x52,0x89,0x52,0x88,0x52,0x68,0x52,0x68,0x52,0x88,0x52,0x68,0x52,0x68,0x52,0x68,
    0x62,0xc9,0x4a,0x27,0x4a,0x48,0x4a,0x48,0x42,0x07,0x4a,0x27,0x4a,0x48,0x4a,0x68,0x4a,0x27,0x4a,0x48,0x42,0x27,0x52,0x88,
    0x4a,0x48,0x4a,0x48,0x42,0x27,0x4a,0x48,0x4a,0x47,0x4a,0x48,0x4a,0x27,0x4a,0x27,0x4a,0x27,0x52,0x68,0x4a,0x48,0x4a,0x48,
    0x52,0x88,0x4a,0x27,0x4a,0x48,0x4a,0x48,0x52,0x68,0x41,0xe6,0x5a,0xa9,0x52,0x89,0x4a,0x48,0x42,0x07,0x52,0x88,0x52,0x48,
    0x4a,0x48,0x4a,0x27,0x5a,0xa9,0x52,0x89,0x42,0x07,0x4a,0x27,0x4a,0x48,0x4a,0x27,0x42,0x07,0x4a,0x27,0x4a,0x27,0x4a,0x48,
    0x42,0x07,0x42,0x07,0x4a,0x27,0x42,0x27,0x42,0x27,0x52,0x68,0x5a,0xa9,0x52,0x88,0x39,0xe6,0x42,0x07,0x62,0xc9,0x5a,0xc9,
    0x4a,0x27,0x52,0x88,0x52,0x88,0x52,0x88,0x4a,0x27,0x5a,0xa9,0x52,0x68,0x4a,0x27,0x62,0xc9,0x4a,0x48,0x4a,0x27,0x4a,0x27,
    0x5a,0xc9,0x52,0x68,0x52,0x68,0x52,0x68,0x5a,0xa9,0x5a,0xa9,0x62,0xca,0x52,0x88,0x5a,0xa9,0x52,0x88,0x5a,0xa9,0x5a,0x89,
    0x5a,0xa9,0x5a,0xa9,0x52,0x68,0x4a,0x27,0x52,0x68,0x52,0x68,0x4a,0x48,0x4a,0x48,0x52,0x88,0x52,0x68,0x42,0x07,0x52,0x68,
    0x52,0x48,0x52,0x88,0x4a,0x27,0x4a,0x47,0x4a,0x27,0x4a,0x27,0x4a,0x47,0x4a,0x47,0x42,0x27,0x4a,0x48,0x42,0x07,0x4a,0x47,
    0x52,0x68,0x52,0x68,0x4a,0x27,0x4a,0x27,0x52,0x48,0x52,0x88,0x52,0x68,0x52,0x68,0x52,0x48,0x4a,0x47,0x52,0x48,0x52,0x68,
    0x4a,0x47,0x4a,0x47,0x4a,0x27,0x52,0x48,0x52,0x48,0x52,0x68,0x52,0x68,0x4a,0x47,0x52,0x68,0x52,0x68,0x52,0x68,0x52,0x68,
    0x5a,0xa9,0x4a,0x47,0x52,0x68,0x52,0x68,0x52,0x68,0x52,0x68,0x4a,0x47,0x52,0x68,0x52,0x47,0x4a,0x27,0x4a,0x47,0x52,0x68,
    0x52,0x48,0x5a,0xa9,0x4a,0x48,0x52,0x68,0x52,0x68,0x4a,0x48,0x52,0x68,0x4a,0x07,0x52,0x68,0x4a,0x27,0x52,0x68,0x5a,0x89,
    0x52,0x68,0x4a,0x27,0x52,0x68,0x52,0x89,0x5a,0x88,0x5a,0xa9,0x4a,0x48,0x4a,0x48,0x41,0xe6,0x5a,0x89,0x42,0x07,0x4a,0x27,
    0x52,0x67,0x4a,0x47,0x42,0x06,0x52,0x68,0x52,0x68,0x42,0x07,0x4a,0x27,0x4a,0x27,0x52,0x48,0x4a,0x07,0x4a,0x27,0x52,0x88,
    0x4a,0x48,0x4a,0x27,0x42,0x07,0x4a,0x68,0x4a,0x48,0x4a,0x27,0x4a,0x27,0x4a,0x27,0x52,0x68,0x52,0x88,0x4a,0x48,0x4a,0x48,
    0x5a,0xc9,0x5a,0x88,0x5a,0xa9,0x4a,0x27,0x52,0x88,0x4a,0x47,0x52,0x88,0x4a,0x48,0x4a,0x48,0x4a,0x47,0x4a,0x27,0x52,0x68,
    0x41,0xe6,0x42,0x07,0x42,0x27,0x52,0x68,0x42,0x07,0x4a,0x48,0x42,0x07,0x42,0x07,0x52,0x68,0x5a,0xa9,0x4a,0x48,0x52,0x48,
    0x52,0x88,0x52,0x88,0x4a,0x27,0x4a,0x27,0x52,0x68,0x52,0x68,0x4a,0x27,0x4a,0x27,0x4a,0x27,0x52,0x68,0x4a,0x47,0x4a,0x27,
    0x4a,0x27,0x4a,0x48,0x52,0x68,0x4a,0x27,0x4a,0x27,0x52,0x68,0x4a,0x47,0x52,0x68,0x4a,0x27,0x4a,0x48,0x4a,0x27,0x41,0xe6,
    0x4a,0x47,0x4a,0x27,0x4a,0x27,0x4a,0x27,0x5a,0x88,0x5a,0x88,0x5a,0xa9,0x5a,0xa9,0x52,0x89,0x42,0x07,0x5a,0xc9,0x4a,0x48,
    0x4a,0x27,0x52,0x68,0x62,0xca,0x5a,0x89,0x42,0x07,0x5a,0xca,0x52,0x89,0x4a,0x27,0x4a,0x27,0x42,0x07,0x52,0x68,0x52,0x68,
    0x4a,0x27,0x4a,0x48,0x4a,0x48,0x4a,0x48,0x4a,0x27,0x4a,0x48,0x4a,0x27,0x52,0x89,0x4a,0x48,0x4a,0x27,0x4a,0x27,0x52,0x88,
    0x52,0x68,0x62,0xea,0x5a,0xc9,0x52,0x88,0x52,0x68,0x52,0x68,0x52,0x68,0x4a,0x47,0x52,0x89,0x52,0x68,0x52,0x68,0x4a,0x48,
    0x52,0x68,0x52,0x68,0x52,0x68,0x4a,0x27,0x4a,0x47,0x62,0xe9,0x62,0xc9,0x5a,0x88,0x5a,0xa9,0x52,0x88,0x5a,0x88,0x5a,0xc9,
    0x4a,0x27,0x52,0x68,0x5a,0x89,0x5a,0xa9,0x52,0x68,0x5a,0xa9,0x52,0x68,0x52,0x68,0x5a,0xc9,0x52,0x89,0x52,0x68,0x5a,0x89,
    0x52,0x88,0x52,0x68,0x52,0x68,0x4a,0x47,0x52,0x89,0x52,0x68,0x52,0x68,0x52,0x48,0x5a,0xc9,0x5a,0xa9,0x52,0x68,0x52,0x68,
    0x4a,0x48,0x52,0x68,0x52,0x88,0x5a,0xa9,0x42,0x07,0x4a,0x27,0x52,0x48,0x4a,0x27,0x52,0x68,0x4a,0x27,0x4a,0x27,0x4a,0x27,
    0x4a,0x48,0x4a,0x27,0x52,0x48,0x52,0x68,0x6b,0x0b,0x52,0x89,0x52,0x68,0x4a,0x48,0x52,0x89,0x52,0x68,0x4a,0x47,0x5a,0xa9,
    0x4a,0x47,0x52,0x68,0x52,0x68,0x52,0x68,0x52,0x68,0x5a,0x89,0x52,0x88,0x4a,0x48,0x5a,0xa9,0x52,0x68,0x4a,0x27,0x4a,0x48,
    0x5a,0x89,0x4a,0x48,0x4a,0x27,0x4a,0x48,0x52,0x88,0x52,0x88,0x5a,0xa9,0x62,0xea,0x4a,0x47,0x4a,0x48,0x5a,0x89,0x5a,0xa9,
    0x52,0x68,0x52,0x68,0x5a,0x88,0x52,0x88,0x4a,0x48,0x52,0x68,0x5a,0xa9,0x52,0x68,0x4a,0x48,0x4a,0x48,0x4a,0x27,0x52,0x68,
    0x4a,0x47,0x4a,0x48,0x4a,0x27,0x4a,0x47,0x4a,0x48,0x63,0x0a,0x52,0x88,0x4a,0x27,0x52,0x68,0x62,0xea,0x5a,0x89,0x4a,0x47,
    0x52,0x88,0x4a,0x48,0x52,0x88,0x52,0x88,0x4a,0x47,0x4a,0x27,0x4a,0x27,0x52,0x68,0x4a,0x48,0x4a,0x48,0x4a,0x27,0x4a,0x27,
    0x52,0x68,0x4a,0x48,0x42,0x07,0x42,0x27,0x52,0x68,0x52,0x68,0x52,0x48,0x4a,0x47,0x62,0xea,0x52,0x68,0x52,0x68,0x4a,0x27,
    0x52,0x88,0x4a,0x27,0x42,0x07,0x42,0x07,0x42,0x27,0x4a,0x27,0x52,0x88,0x4a,0x27,0x4a,0x48,0x4a,0x27,0x4a,0x27,0x4a,0x48,
    0x4a,0x47,0x42,0x07,0x4a,0x27,0x52,0x88,0x52,0x68,0x52,0x68,0x5a,0x88,0x52,0x88,0x52,0x88,0x52,0x88,0x5a,0x89,0x52,0x88,
    0x52,0x88,0x5a,0x89,0x52,0x88,0x52,0x88,0x5a,0x88,0x5a,0xc9,0x5a,0x88,0x62,0xc9,0x52,0x68,0x42,0x07,0x52,0x88,0x62,0xc9,
    0x52,0x68,0x52,0x68,0x62,0xe9,0x5a,0xa9,0x4a,0x27,0x5a,0xa9,0x62,0xc9,0x5a,0xa9,0x4a,0x48,0x52,0x68,0x5a,0xc9,0x62,0xc9,
    0x4a,0x27,0x42,0x07,0x4a,0x48,0x4a,0x48,0x4a,0x48,0x4a,0x48,0x52,0x89,0x4a,0x48,0x52,0x88,0x52,0x89,0x52,0x89,0x52,0x68,
    0x52,0x89,0x52,0x68,0x4a,0x48,0x4a,0x48,0x4a,0x27,0x4a,0x27,0x42,0x07,0x42,0x07,0x52,0x48,0x41,0xe7,0x39,0xc6,0x42,0x07,
    0x4a,0x47,0x39,0xc6,0x4a,0x27,0x41,0xe6,0x42,0x06,0x42,0x07,0x4a,0x48,0x42,0x07,0x4a,0x47,0x42,0x27,0x4a,0x48,0x52,0x68,
    0x4a,0x27,0x4a,0x27,0x4a,0x27,0x4a,0x27,0x4a,0x27,0x52,0x68,0x4a,0x47,0x42,0x07,0x4a,0x47,0x42,0x27,0x4a,0x27,0x4a,0x27,
    0x42,0x27,0x4a,0x27,0x4a,0x27,0x4a,0x48,0x52,0x68,0x52,0x68,0x4a,0x27,0x52,0x68,0x4a,0x27,0x52,0x68,0x52,0x68,0x5a,0xc9,
    0x4a,0x27,0x4a,0x28,0x42,0x27,0x52,0x68,0x4a,0x48,0x52,0x68,0x5a,0x89,0x52,0x88,0x5a,0x89,0x52,0x88,0x5a,0xa9,0x62,0xc9,
    0x62,0xc9,0x52,0x88,0x52,0x88,0x52,0x88,0x52,0x68,0x5a,0xa9,0x5a,0xa9,0x52,0x88,0x52,0x68,0x4a,0x47,0x4a,0x48,0x42,0x07,
    0x5a,0xc9,0x4a,0x48,0x4a,0x48,0x4a,0x48,0x5a,0xa9,0x52,0x68,0x62,0xea,0x52,0x68,0x5a,0xc9,0x62,0xea,0x52,0x88,0x52,0x88,
    0x41,0xe7,0x4a,0x27,0x4a,0x47,0x52,0x68,0x41,0xe6,0x52,0x68,0x4a,0x47,0x5a,0x89,0x5a,0x89,0x73,0x4b,0x52,0x68,0x5a,0x88,
    0x5a,0xa9,0x52,0x68,0x5a,0xa9,0x62,0xc9,0x62,0xea,0x5a,0xa9,0x52,0x88,0x52,0x68,0x5a,0xa9,0x5a,0x88,0x4a,0x48,0x4a,0x48,
    0x52,0x68,0x52,0x68,0x4a,0x48,0x4a,0x47,0x6b,0x2a,0x4a,0x48,0x52,0x89,0x5a,0xa9,0x4a,0x48,0x52,0x88,0x5a,0xa9,0x52,0x68,
    0x52,0x68,0x5a,0x88,0x5a,0x88,0x5a,0x89,0x5a,0x88,0x52,0x89,0x5a,0x89,0x4a,0x48,0x52,0x68,0x52,0x68,0x52,0x89,0x52,0x68,
    0x4a,0x48,0x52,0x68,0x4a,0x48,0x52,0x68,0x4a,0x48,0x4a,0x27,0x5a,0x88,0x5a,0x89,0x4a,0x47,0x4a,0x48,0x52,0x68,0x4a,0x48,
    0x52,0x68,0x52,0x68,0x52,0x48,0x52,0x48,0x4a,0x47,0x52,0x48,0x52,0x68,0x52,0x89,0x52,0x68,0x52,0x68,0x52,0x68,0x52,0x88,
    0x52,0x68,0x4a,0x48,0x52,0x68,0x5a,0x88,0x52,0x68,0x52,0x68,0x52,0x68,0x4a,0x48,0x52,0x68,0x4a,0x48,0x4a,0x27,0x52,0x89,
    0x4a,0x27,0x4a,0x48,0x4a,0x48,0x4a,0x27,0x52,0x68,0x4a,0x48,0x4a,0x48,0x4a,0x27,0x52,0x68,0x4a,0x47,0x4a,0x48,0x4a,0x48,
    0x62,0xe9,0x62,0xc8,0x52,0x68,0x4a,0x27,0x52,0x88,0x5a,0xa9,0x5a,0xa9,0x52,0x68,0x4a,0x27,0x4a,0x47,0x5a,0xc9,0x52,0x68,
    0x52,0x68,0x52,0x68,0x52,0x68,0x52,0x48,0x4a,0x27,0x4a,0x27,0x4a,0x47,0x52,0x68,0x52,0x68,0x4a,0x27,0x52,0x48,0x52,0x68,
    0x52,0x47,0x52,0x68,0x52,0x68,0x4a,0x27,0x52,0x68,0x52,0x68,0x52,0x68,0x52,0x47,0x6b,0x0a,0x6b,0x0a,0x52,0x68,0x42,0x07,
    0x52,0x47,0x5a,0xa9,0x52,0x68,0x4a,0x48,0x52,0x68,0x52,0x88,0x4a,0x48,0x52,0x68,0x5a,0x88,0x62,0xc9,0x52,0x88,0x52,0x88,
    0x4a,0x27,0x4a,0x27,0x42,0x07,0x42,0x27,0x42,0x07,0x4a,0x27,0x4a,0x27,0x52,0x68,0x52,0x68,0x4a,0x48,0x4a,0x27,0x52,0x68,
    0x62,0xea,0x52,0x48,0x52,0x48,0x4a,0x47,0x4a,0x47,0x4a,0x48,0x4a,0x27,0x4a,0x27,0x4a,0x48,0x42,0x27,0x42,0x07,0x4a,0x48,
    0x52,0x68,0x52,0x68,0x4a,0x48,0x4a,0x47,0x4a,0x47,0x52,0x88,0x52,0x68,0x52,0x48,0x52,0x68,0x4a,0x48,0x52,0x68,0x4a,0x48,
    0x4a,0x48,0x52,0x68,0x52,0x68,0x52,0x68,0x4a,0x27,0x4a,0x27,0x4a,0x48,0x4a,0x48,0x4a,0x27,0x4a,0x27,0x4a,0x27,0x42,0x27,
    0x4a,0x27,0x4a,0x47,0x4a,0x47,0x4a,0x27,0x42,0x27,0x4a,0x47,0x4a,0x27,0x4a,0x27,0x4a,0x47,0x4a,0x48,0x4a,0x48,0x4a,0x47,
    0x52,0x48,0x4a,0x27,0x4a,0x27,0x4a,0x27,0x42,0x07,0x4a,0x27,0x4a,0x47,0x52,0x68,0x4a,0x27,0x4a,0x27,0x42,0x07,0x4a,0x47,
    0x42,0x06,0x4a,0x48,0x4a,0x48,0x4a,0x47,0x42,0x27,0x4a,0x48,0x52,0x88,0x52,0x68,0x5a,0xa9,0x52,0x68,0x4a,0x47,0x42,0x07,
    0x52,0x68,0x4a,0x27,0x4a,0x27,0x4a,0x27,0x52,0x68,0x4a,0x48,0x52,0x88,0x52,0x68,0x52,0x68,0x52,0x68,0x4a,0x47,0x52,0x88,
    0x52,0x88,0x52,0x68,0x4a,0x27,0x4a,0x48,0x5a,0x89,0x4a,0x47,0x4a,0x27,0x4a,0x48,0x52,0x68,0x52,0x68,0x5a,0xa9,0x52,0x89,
    0x4a,0x47,0x5a,0xa9,0x52,0x68,0x52,0x68,0x5a,0xa9,0x5a,0x89,0x52,0x48,0x4a,0x47,0x52,0x68,0x52,0x88,0x5a,0x89,0x52,0x68,
    0x4a,0x27,0x5a,0x89,0x52,0x88,0x52,0x68,0x52,0x68,0x4a,0x48,0x4a,0x47,0x52,0x47,0x52,0x88,0x52,0x68,0x62,0xca,0x52,0x68,
    0x52,0x68,0x52,0x68,0x63,0x0a,0x52,0x68,0x4a,0x47,0x52,0x47,0x5a,0x88,0x52,0x68,0x52,0x68,0x42,0x06,0x4a,0x27,0x52,0x88,
    0x4a,0x47,0x52,0x68,0x52,0x68,0x52,0x68,0x4a,0x47,0x52,0x68,0x4a,0x27,0x4a,0x47,0x4a,0x27,0x52,0x68,0x4a,0x47,0x4a,0x27,
    0x6b,0x0a,0x5a,0xa9,0x39,0xc6,0x4a,0x48,0x4a,0x48,0x4a,0x27,0x52,0x68,0x52,0x68,0x4a,0x47,0x52,0x48,0x52,0x88,0x52,0x89,
    0x4a,0x27,0x52,0x68,0x52,0x88,0x52,0x68,0x5a,0xa9,0x62,0xea,0x4a,0x47,0x52,0x68,0x52,0x68,0x4a,0x48,0x4a,0x47,0x4a,0x48,
    0x4a,0x48,0x4a,0x48,0x4a,0x48,0x4a,0x48,0x4a,0x27,0x52,0x68,0x4a,0x47,0x4a,0x27,0x52,0x68,0x4a,0x27,0x52,0x68,0x5a,0x88,
    0x52,0x48,0x4a,0x47,0x52,0x48,0x5a,0x89,0x52,0x48,0x52,0x48,0x52,0x88,0x4a,0x47,0x4a,0x47,0x5a,0xc9,0x52,0x68,0x39,0xc6,
    0x4a,0x47,0x5a,0xa9,0x4a,0x27,0x42,0x07,0x5a,0xa9,0x4a,0x48,0x52,0x68,0x42,0x07,0x39,0xc6,0x42,0x07,0x52,0x68,0x4a,0x27,
    0x42,0x07,0x4a,0x48,0x52,0x68,0x42,0x06,0x4a,0x48,0x4a,0x27,0x4a,0x47,0x4a,0x48,0x4a,0x27,0x4a,0x48,0x52,0x68,0x52,0x68,
    0x4a,0x27,0x52,0x68,0x4a,0x48,0x52,0x48,0x4a,0x27,0x4a,0x47,0x4a,0x48,0x52,0x88,0x4a,0x27,0x4a,0x27,0x52,0x88,0x52,0x88,
    0x52,0x68,0x52,0x88,0x5a,0xa9,0x6b,0x0a,0x4a,0x27,0x52,0x68,0x6b,0x2a,0x62,0xe9,0x5a,0xa9,0x62,0xea,0x62,0xea,0x5a,0xa9,
    0x52,0x88,0x52,0x88,0x4a,0x27,0x5a,0xa9,0x52,0x68,0x5a,0x89,0x52,0x88,0x5a,0xa9,0x5a,0xa9,0x5a,0xa9,0x52,0x88,0x5a,0xa9,
    0x5a,0xc9,0x5a,0xa9,0x62,0xc9,0x52,0x88,0x63,0x0a,0x5a,0xa9,0x52,0x68,0x5a,0xa9,0x52,0x89,0x5a,0xa9,0x4a,0x48,0x42,0x07,
    0x5a,0xa9,0x52,0x68,0x52,0x88,0x4a,0x48,0x5a,0xa9,0x62,0xc9,0x62,0xe9,0x62,0xc9,0x52,0x88,0x5a,0xa9,0x5a,0xa9,0x5a,0x88,
    0x4a,0x48,0x4a,0x48,0x42,0x07,0x42,0x27,0x4a,0x48,0x4a,0x27,0x42,0x07,0x41,0xe6,0x52,0x88,0x52,0x68,0x52,0x88,0x52,0x47,
    0x4a,0x47,0x4a,0x47,0x62,0xc9,0x5a,0xa9,0x4a,0x27,0x42,0x07,0x4a,0x27,0x4a,0x48,0x4a,0x27,0x4a,0x27,0x42,0x27,0x5a,0x88,
    0x42,0x06,0x4a,0x27,0x4a,0x47,0x52,0x47,0x4a,0x47,0x4a,0x26,0x5a,0xa8,0x52,0x88,0x52,0x68,0x4a,0x27,0x52,0x68,0x62,0xc8,
    0x52,0x89,0x4a,0x47,0x52,0x88,0x52,0x88,0x52,0x68,0x4a,0x48,0x4a,0x48,0x4a,0x47,0x52,0x68,0x52,0x68,0x4a,0x27,0x4a,0x48,
    0x4a,0x47,0x5a,0x89,0x5a,0xa9,0x62,0xc9,0x5a,0xa9,0x5a,0xa9,0x52,0x68,0x52,0x68,0x52,0x89,0x5a,0xa9,0x4a,0x47,0x52,0x88,
    0x4a,0x47,0x4a,0x48,0x5a,0xa9,0x52,0x89,0x5a,0xa9,0x52,0x88,0x52,0x88,0x5a,0xc9,0x52,0x48,0x4a,0x48,0x52,0x88,0x52,0x89,
    0x52,0x68,0x52,0x68,0x63,0x0a,0x52,0x68,0x52,0x88,0x52,0x68,0x52,0x68,0x4a,0x47,0x52,0x68,0x52,0x48,0x52,0x88,0x52,0x88,
    0x52,0x68,0x5a,0xa9,0x4a,0x48,0x4a,0x48,0x52,0x68,0x5a,0x89,0x52,0x68,0x52,0x68,0x4a,0x48,0x52,0x48,0x52,0x68,0x4a,0x48,
    0x62,0xca,0x4a,0x48,0x52,0x68,0x52,0x68,0x4a,0x47,0x4a,0x48,0x5a,0xa9,0x52,0x89,0x52,0x68,0x4a,0x27,0x5a,0xca,0x52,0x68,
    0x52,0x68,0x4a,0x27,0x52,0x68,0x4a,0x48,0x4a,0x48,0x52,0x88,0x4a,0x27,0x52,0x88,0x4a,0x48,0x4a,0x48,0x42,0x07,0x4a,0x27,
    0x42,0x07,0x4a,0x27,0x4a,0x48,0x52,0x68,0x42,0x07,0x42,0x27,0x4a,0x48,0x4a,0x27,0x52,0x68,0x52,0x68,0x5a,0xa9,0x4a,0x48,
    0x4a,0x48,0x52,0x68,0x4a,0x27,0x4a,0x48,0x4a,0x27,0x4a,0x27,0x42,0x07,0x4a,0x47,0x4a,0x48,0x42,0x07,0x4a,0x48,0x4a,0x48,
    0x52,0x68,0x4a,0x48,0x4a,0x27,0x4a,0x27,0x4a,0x48,0x4a,0x27,0x4a,0x48,0x4a,0x48,0x4a,0x48,0x52,0x68,0x52,0x68,0x4a,0x27,
    0x52,0x88,0x52,0x68,0x52,0x68,0x4a,0x27,0x52,0x68,0x4a,0x48,0x4a,0x48,0x52,0x68,0x4a,0x48,0x4a,0x48,0x52,0x68,0x4a,0x48,
    0x52,0x89,0x4a,0x48,0x4a,0x48,0x4a,0x27,0x4a,0x48,0x4a,0x48,0x4a,0x27,0x52,0x88,0x4a,0x48,0x52,0x68,0x4a,0x48,0x4a,0x48,
    0x4a,0x48,0x52,0x68,0x52,0x88,0x5a,0xa9,0x4a,0x48,0x4a,0x48,0x5a,0xa9,0x6b,0x0a,0x5a,0xa9,0x52,0x89,0x52,0x88,0x62,0xea,
    0x5a,0x88,0x5a,0xa9,0x5a,0xa9,0x5a,0xa9,0x62,0xea,0x62,0xea,0x4a,0x27,0x4a,0x48,0x62,0xc9,0x6b,0x0a,0x52,0x68,0x4a,0x47,
    0x5a,0xc9,0x6b,0x2b,0x62,0xea,0x52,0x68,0x5a,0xa9,0x52,0x68,0x52,0x68,0x52,0x68,0x52,0x88,0x4a,0x48,0x5a,0xa9,0x52,0x88,
    0x4a,0x27,0x5a,0xa9,0x52,0x89,0x4a,0x48,0x52,0x88,0x52,0x89,0x52,0x68,0x4a,0x48,0x4a,0x48,0x52,0x48,0x5a,0x88,0x4a,0x47,
    0x52,0x68,0x52,0x48,0x52,0x68,0x52,0x68,0x52,0x88,0x5a,0xa9,0x52,0x68,0x4a,0x47,0x62,0xea,0x62,0xe9,0x5a,0xa9,0x52,0x88,
    0x4a,0x27,0x52,0x68,0x4a,0x27,0x4a,0x48,0x4a,0x27,0x41,0xe6,0x4a,0x27,0x4a,0x47,0x5a,0xa9,0x4a,0x27,0x4a,0x27,0x52,0x68,
    0x52,0x88,0x52,0x88,0x52,0x68,0x52,0x68,0x52,0x68,0x4a,0x48,0x52,0x68,0x42,0x27,0x52,0x68,0x52,0x88,0x52,0x68,0x52,0x48,
    0x52,0x68,0x52,0x48,0x52,0x68,0x62,0xc9,0x42,0x07,0x4a,0x48,0x52,0x88,0x52,0x68,0x4a,0x27,0x4a,0x48,0x42,0x07,0x42,0x07,
    0x4a,0x48,0x4a,0x48,0x4a,0x48,0x4a,0x47,0x4a,0x27,0x39,0xc6,0x42,0x07,0x4a,0x47,0x4a,0x48,0x42,0x07,0x41,0xe6,0x4a,0x27,
    0x4a,0x28,0x42,0x07,0x4a,0x07,0x52,0x68,0x42,0x27,0x52,0x68,0x5a,0xa9,0x52,0x68,0x4a,0x27,0x52,0x88,0x5a,0x88,0x42,0x07,
    0x5a,0x89,0x52,0x48,0x52,0x48,0x4a,0x48,0x42,0x07,0x4a,0x27,0x4a,0x47,0x5a,0xa9,0x52,0x89,0x4a,0x48,0x52,0x48,0x4a,0x27,
    0x4a,0x27,0x52,0x48,0x52,0x68,0x52,0x68,0x42,0x07,0x42,0x27,0x52,0x68,0x52,0x68,0x4a,0x27,0x52,0x68,0x52,0x88,0x52,0x48,
    0x42,0x07,0x4a,0x48,0x52,0x88,0x5a,0xa9,0x4a,0x48,0x52,0x68,0x52,0x68,0x4a,0x48,0x52,0x68,0x52,0x68,0x52,0x68,0x4a,0x47,
    0x5a,0xc9,0x52,0x48,0x42,0x07,0x4a,0x27,0x52,0x88,0x5a,0x89,0x4a,0x27,0x4a,0x47,0x52,0x68,0x52,0x68,0x5a,0x88,0x4a,0x47,
    0x52,0x68,0x52,0x68,0x62,0xea,0x52,0x67,0x52,0x48,0x42,0x07,0x4a,0x47,0x5a,0xa9,0x4a,0x27,0x42,0x06,0x4a,0x27,0x52,0x68,
    0x52,0x48,0x52,0x68,0x4a,0x27,0x4a,0x27,0x52,0x68,0x62,0xc9,0x52,0x68,0x52,0x47,0x5a,0x89,0x5a,0xa9,0x4a,0x27,0x4a,0x27,
    0x52,0x68,0x52,0x47,0x52,0x68,0x52,0x68,0x5a,0x88,0x4a,0x47,0x52,0x68,0x5a,0xa9,0x4a,0x47,0x4a,0x48,0x52,0x68,0x5a,0xa9,
    0x52,0x68,0x62,0xca,0x52,0x48,0x52,0x68,0x4a,0x48,0x4a,0x47,0x52,0x88,0x52,0x89,0x52,0x68,0x52,0x47,0x52,0x68,0x52,0x88,
    0x5a,0xa9,0x52,0x68,0x52,0x48,0x5a,0x89,0x52,0x88,0x4a,0x27,0x52,0x88,0x52,0x68,0x52,0x68,0x52,0x68,0x52,0x68,0x4a,0x48,
    0x52,0x88,0x52,0x89,0x5a,0xa9,0x52,0x88,0x52,0x88,0x52,0x68,0x52,0x68,0x52,0x88,0x4a,0x48,0x52,0x88,0x42,0x07,0x4a,0x27,
    0x4a,0x48,0x52,0x68,0x42,0x07,0x4a,0x27,0x52,0x68,0x4a,0x47,0x41,0xe6,0x42,0x27,0x52,0x68,0x4a,0x48,0x52,0x68,0x4a,0x48,
    0x4a,0x27,0x42,0x07,0x4a,0x48,0x52,0x68,0x4a,0x47,0x4a,0x48,0x4a,0x48,0x52,0x68,0x52,0x68,0x4a,0x48,0x52,0x88,0x5a,0xc9,
    0x4a,0x27,0x52,0x68,0x5a,0xca,0x62,0xea,0x5a,0xa9,0x4a,0x27,0x4a,0x47,0x52,0x88,0x52,0x68,0x52,0x68,0x5a,0xa9,0x5a,0x89,
    0x4a,0x48,0x52,0x68,0x5a,0xc9,0x62,0xea,0x62,0xea,0x62,0xca,0x5a,0xa9,0x52,0x68,0x52,0x47,0x5a,0xa8,0x5a,0xa8,0x5a,0x88,
    0x52,0x68,0x52,0x68,0x52,0x68,0x52,0x68,0x52,0x68,0x52,0x68,0x5a,0x88,0x52,0x68,0x52,0x48,0x52,0x68,0x52,0x68,0x52,0x68,
    0x63,0x0a,0x52,0x68,0x52,0x68,0x5a,0xa9,0x52,0x89,0x52,0x89,0x52,0x89,0x4a,0x27,0x4a,0x48,0x4a,0x68,0x42,0x07,0x4a,0x27,
    0x4a,0x68,0x4a,0x27,0x4a,0x07,0x4a,0x47,0x5a,0xa9,0x5a,0xc9,0x5a,0xa9,0x5a,0xa9,0x52,0x89,0x52,0x88,0x5a,0xa9,0x4a,0x48,
    0x42,0x07,0x42,0x07,0x4a,0x47,0x4a,0x47,0x42,0x07,0x42,0x07,0x42,0x27,0x4a,0x27,0x52,0x68,0x52,0x68,0x52,0x88,0x5a,0xc9,
    0x4a,0x27,0x52,0x68,0x52,0x68,0x5a,0xc9,0x52,0x48,0x4a,0x27,0x4a,0x48,0x5a,0xa9,0x4a,0x47,0x52,0x88,0x5a,0x88,0x52,0x68,
    0x63,0x0a,0x62,0xc9,0x5a,0xa9,0x5a,0xa9,0x5a,0xc9,0x5a,0x89,0x5a,0xa9,0x62,0xea,0x52,0x68,0x52,0x68,0x5a,0xa9,0x52,0x88,
    0x52,0x88,0x52,0x88,0x5a,0x88,0x52,0x88,0x52,0x48,0x4a,0x47,0x52,0x68,0x4a,0x48,0x62,0xca,0x52,0x88,0x52,0x88,0x52,0x68,
    0x5a,0xc9,0x62,0xea,0x52,0x48,0x5a,0x88,0x5a,0x88,0x5a,0xa9,0x5a,0xa9,0x62,0xca,0x4a,0x27,0x5a,0xa9,0x5a,0xa9,0x52,0x68,
    0x52,0x88,0x5a,0x88,0x52,0x88,0x52,0x68,0x5a,0xa9,0x5a,0xa9,0x5a,0x89,0x52,0x88,0x62,0xea,0x73,0x4b,0x62,0xca,0x5a,0xa9,
    0x4a,0x27,0x4a,0x47,0x4a,0x27,0x4a,0x48,0x4a,0x48,0x4a,0x48,0x4a,0x48,0x4a,0x48,0x4a,0x48,0x4a,0x48,0x4a,0x27,0x4a,0x27,
    0x5a,0xa9,0x5a,0x89,0x4a,0x27,0x42,0x07,0x4a,0x27,0x42,0x07,0x4a,0x27,0x4a,0x48,0x42,0x07,0x42,0x07,0x42,0x07,0x42,0x07,
    0x42,0x07,0x4a,0x48,0x4a,0x47,0x41,0xe6,0x42,0x07,0x4a,0x47,0x52,0x48,0x4a,0x27,0x42,0x27,0x4a,0x27,0x52,0x48,0x4a,0x27,
    0x42,0x07,0x42,0x07,0x4a,0x27,0x4a,0x47,0x42,0x07,0x4a,0x27,0x42,0x07,0x4a,0x27,0x4a,0x27,0x52,0x48,0x52,0x48,0x42,0x07,
    0x4a,0x48,0x41,0xe7,0x52,0x68,0x4a,0x27,0x4a,0x48,0x52,0x88,0x52,0x68,0x4a,0x27,0x4a,0x48,0x52,0x89,0x4a,0x48,0x52,0x48,
    0x42,0x07,0x4a,0x47,0x4a,0x48,0x52,0x88,0x4a,0x27,0x4a,0x27,0x52,0x48,0x52,0x68,0x4a,0x27,0x5a,0x89,0x5a,0xa9,0x52,0x88,
    0x52,0x68,0x4a,0x48,0x52,0x68,0x5a,0x89,0x52,0x89,0x52,0x89,0x52,0x68,0x52,0x68,0x52,0x68,0x52,0x68,0x52,0x68,0x4a,0x27,
    0x4a,0x48,0x52,0x68,0x4a,0x48,0x4a,0x48,0x4a,0x27,0x4a,0x48,0x52,0x88,0x52,0x88,0x62,0xca,0x4a,0x48,0x4a,0x27,0x5a,0xa9,
    0x4a,0x27,0x42,0x07,0x52,0x68,0x4a,0x27,0x4a,0x47,0x52,0x68,0x52,0x68,0x42,0x07,0x4a,0x48,0x4a,0x27,0x52,0x68,0x52,0x68,
    0x52,0x88,0x4a,0x48,0x52,0x68,0x52,0x68,0x62,0xea,0x6b,0x2b,0x5a,0xc9,0x5a,0x89,0x5a,0xa9,0x5a,0xa9,0x4a,0x47,0x4a,0x48,
    0x4a,0x27,0x4a,0x48,0x4a,0x27,0x42,0x07,0x4a,0x47,0x52,0x88,0x4a,0x27,0x4a,0x48,0x6b,0x2b,0x5a,0xc9,0x52,0x68,0x52,0x68,
    0x52,0x88,0x5a,0xc9,0x5a,0xa9,0x5a,0xa9,0x52,0x68,0x5a,0xa9,0x5a,0xa9,0x5a,0xa9,0x52,0x68,0x52,0x88,0x5a,0xc9,0x52,0x68,
    0x5a,0x89,0x4a,0x27,0x4a,0x48,0x52,0x89,0x4a,0x27,0x4a,0x48,0x4a,0x27,0x4a,0x48,0x4a,0x27,0x4a,0x47,0x4a,0x27,0x4a,0x27,
    0x52,0x68,0x4a,0x27,0x4a,0x27,0x4a,0x48,0x52,0x68,0x5a,0xa9,0x62,0xca,0x5a,0x89,0x4a,0x27,0x42,0x07,0x5a,0xa9,0x39,0xc6,
    0x52,0x68,0x52,0x68,0x4a,0x27,0x52,0x68,0x4a,0x48,0x52,0x88,0x4a,0x48,0x5a,0x88,0x52,0x48,0x52,0x68,0x52,0x88,0x42,0x07,
    0x4a,0x27,0x5a,0xa9,0x4a,0x48,0x52,0x68,0x4a,0x48,0x52,0x68,0x52,0x68,0x5a,0xa9,0x52,0x68,0x52,0x68,0x52,0x88,0x52,0x89,
    0x4a,0x68,0x4a,0x48,0x52,0x48,0x52,0x68,0x52,0x68,0x52,0x89,0x52,0x89,0x52,0x68,0x52,0x88,0x52,0x68,0x4a,0x68,0x4a,0x48,
    0x52,0x89,0x5a,0xa9,0x52,0x68,0x52,0x68,0x4a,0x68,0x52,0x68,0x52,0x88,0x4a,0x48,0x4a,0x27,0x52,0x89,0x52,0x68,0x4a,0x47,
    0x4a,0x48,0x52,0x68,0x52,0x68,0x4a,0x48,0x52,0x88,0x52,0x88,0x5a,0xa9,0x52,0x88,0x4a,0x48,0x4a,0x47,0x4a,0x27,0x52,0x68,
    0x4a,0x27,0x42,0x07,0x4a,0x27,0x52,0x68,0x42,0x27,0x42,0x27,0x4a,0x48,0x52,0x68,0x42,0x07,0x4a,0x27,0x52,0x68,0x4a,0x48,
    0x4a,0x47,0x4a,0x48,0x4a,0x47,0x4a,0x27,0x4a,0x48,0x42,0x07,0x4a,0x27,0x52,0x68,0x4a,0x48,0x4a,0x27,0x4a,0x48,0x4a,0x48,
    0x4a,0x48,0x4a,0x27,0x4a,0x48,0x4a,0x48,0x5a,0x88,0x52,0x68,0x52,0x88,0x52,0x68,0x52,0x68,0x52,0x68,0x52,0x68,0x52,0x68,
    0x4a,0x48,0x52,0x68,0x52,0x88,0x5a,0x89,0x4a,0x27,0x4a,0x48,0x52,0x88,0x52,0x89,0x52,0x88,0x52,0x89,0x4a,0x68,0x52,0x68,
    0x52,0x68,0x4a,0x27,0x4a,0x48,0x52,0x68,0x62,0xea,0x4a,0x48,0x4a,0x48,0x52,0x88,0x5a,0xa9,0x4a,0x48,0x4a,0x27,0x4a,0x48,
    0x52,0x68,0x5a,0xa9,0x52,0x88,0x52,0x68,0x5a,0x89,0x52,0x68,0x52,0x68,0x4a,0x48,0x5a,0xa9,0x52,0x68,0x4a,0x48,0x52,0x48,
    0x52,0x89,0x5a,0x89,0x4a,0x68,0x4a,0x48,0x42,0x07,0x62,0xc9,0x52,0x88,0x4a,0x27,0x4a,0x47,0x42,0x07,0x42,0x07,0x4a,0x47,
    0x4a,0x47,0x4a,0x48,0x42,0x27,0x4a,0x47,0x4a,0x47,0x4a,0x27,0x52,0x68,0x4a,0x27,0x52,0x48,0x52,0x48,0x52,0x68,0x52,0x68,
    0x52,0x48,0x4a,0x47,0x42,0x07,0x42,0x07,0x4a,0x47,0x52,0x68,0x4a,0x27,0x4a,0x27,0x4a,0x47,0x4a,0x27,0x52,0x88,0x5a,0xa9,
    0x52,0x68,0x52,0x68,0x4a,0x48,0x52,0x68,0x52,0x68,0x4a,0x27,0x52,0x68,0x52,0x68,0x52,0x68,0x4a,0x27,0x52,0x68,0x52,0x68,
    0x52,0x88,0x5a,0xa9,0x52,0x68,0x42,0x07,0x52,0x88,0x4a,0x48,0x52,0x88,0x5a,0xc9,0x52,0x68,0x52,0x68,0x5a,0xa9,0x62,0xe9,
    0x4a,0x47,0x4a,0x27,0x4a,0x48,0x62,0xea,0x42,0x27,0x42,0x07,0x4a,0x48,0x4a,0x68,0x6b,0x0a,0x5a,0xc9,0x5a,0xa9,0x42,0x07,
    0x6b,0x09,0x62,0xea,0x42,0x07,0x52,0x68,0x62,0xc9,0x5a,0xa9,0x52,0x68,0x52,0x68,0x52,0x68,0x52,0x89,0x5a,0xa9,0x5a,0x89,
    0x52,0x68,0x5a,0xc9,0x5a,0xa9,0x52,0x68,0x4a,0x48,0x52,0x88,0x5a,0xa9,0x4a,0x48,0x4a,0x27,0x4a,0x27,0x62,0xea,0x52,0x68,
    0x5a,0xc9,0x5a,0xa9,0x4a,0x68,0x5a,0xc9,0x52,0x68,0x52,0x68,0x52,0x68,0x52,0x47,0x4a,0x47,0x52,0x68,0x52,0x68,0x4a,0x27,
    0x4a,0x47,0x4a,0x27,0x4a,0x48,0x4a,0x47,0x52,0x68,0x52,0x68,0x52,0x68,0x4a,0x48,0x42,0x07,0x4a,0x27,0x4a,0x47,0x4a,0x47,
    0x42,0x07,0x4a,0x27,0x42,0x07,0x4a,0x27,0x4a,0x27,0x4a,0x47,0x4a,0x27,0x4a,0x27,0x4a,0x47,0x4a,0x06,0x4a,0x47,0x42,0x06,
    0x4a,0x48,0x4a,0x27,0x41,0xe6,0x42,0x07,0x4a,0x27,0x42,0x07,0x4a,0x27,0x4a,0x47,0x42,0x07,0x41,0xe6,0x52,0x88,0x4a,0x47,
    0x4a,0x07,0x42,0x07,0x4a,0x47,0x4a,0x27,0x4a,0x47,0x52,0x47,0x5a,0x88,0x52,0x68,0x52,0x68,0x52,0x88,0x52,0x68,0x52,0x68,
    0x4a,0x47,0x52,0x68,0x52,0x68,0x52,0x68,0x52,0x68,0x52,0x68,0x52,0x68,0x4a,0x47,0x5a,0x88,0x52,0x88,0x4a,0x47,0x4a,0x27,
    0x5a,0xa8,0x52,0x88,0x52,0x68,0x4a,0x47,0x5a,0x88,0x52,0x68,0x52,0x88,0x52,0x68,0x52,0x68,0x52,0x68,0x5a,0x88,0x5a,0xa9,
    0x52,0x68,0x52,0x67,0x52,0x88,0x5a,0xc9,0x4a,0x47,0x52,0x67,0x52,0x68,0x5a,0xa9,0x5a,0xa9,0x5a,0xa9,0x52,0x68,0x52,0x68,
    0x5a,0xa9,0x5a,0xc9,0x62,0xc9,0x62,0xc9,0x62,0xea,0x6b,0x0a,0x63,0x0a,0x5a,0xa9,0x5a,0xa9,0x6b,0x2b,0x6b,0x2b,0x5a,0x89,
    0x5a,0xa9,0x62,0xea,0x6b,0x0a,0x4a,0x48,0x5a,0x89,0x5a,0x89,0x5a,0xc9,0x62,0xe9,0x52,0x89,0x5a,0xa9,0x4a,0x48,0x4a,0x48,
    0x52,0x88,0x4a,0x27,0x4a,0x27,0x52,0x68,0x52,0x88,0x52,0x68,0x4a,0x27,0x52,0x88,0x62,0xc9,0x5a,0x88,0x4a,0x47,0x4a,0x27,
    0x4a,0x48,0x42,0x07,0x4a,0x27,0x4a,0x27,0x4a,0x48,0x42,0x27,0x4a,0x27,0x42,0x07,0x4a,0x48,0x42,0x07,0x52,0x68,0x4a,0x68,
    0x42,0x07,0x4a,0x47,0x52,0x68,0x52,0x68,0x4a,0x27,0x4a,0x47,0x4a,0x27,0x4a,0x27,0x52,0x68,0x4a,0x48,0x42,0x07,0x4a,0x27,
    0x5a,0xa9,0x52,0x88,0x4a,0x47,0x4a,0x48,0x52,0x88,0x62,0xc9,0x4a,0x68,0x52,0x88,0x4a,0x27,0x42,0x07,0x4a,0x48,0x5a,0xa9,
    0x4a,0x27,0x4a,0x27,0x4a,0x27,0x52,0x89,0x4a,0x47,0x52,0x68,0x4a,0x27,0x4a,0x47,0x4a,0x48,0x52,0x68,0x52,0x68,0x4a,0x27,
    0x52,0x68,0x62,0xea,0x63,0x0a,0x4a,0x48,0x5a,0xa9,0x5a,0xc9,0x52,0x88,0x52,0x68,0x5a,0xa9,0x5a,0xa9,0x4a,0x48,0x4a,0x27,
    0x52,0x48,0x5a,0xa9,0x52,0x68,0x4a,0x27,0x5a,0xa9,0x4a,0x27,0x4a,0x48,0x52,0x68,0x5a,0xa9,0x4a,0x48,0x52,0x88,0x4a,0x47,
    0x4a,0x48,0x52,0x88,0x62,0xe9,0x52,0x88,0x4a,0x47,0x52,0x68,0x5a,0x88,0x52,0x68,0x4a,0x27,0x52,0x68,0x52,0x88,0x52,0x68,
    0x4a,0x48,0x52,0x68,0x52,0x48,0x52,0x68,0x52,0x68,0x52,0x68,0x4a,0x48,0x52,0x68,0x52,0x88,0x52,0x68,0x4a,0x48,0x52,0x68,
    0x4a,0x47,0x4a,0x48,0x4a,0x47,0x5a,0xa9,0x52,0x48,0x52,0x88,0x52,0x68,0x5a,0xa9,0x5a,0x88,0x52,0x68,0x5a,0x88,0x5a,0x89,
    0x5a,0xa9,0x52,0x88,0x52,0x68,0x52,0x68,0x52,0x88,0x52,0x88,0x52,0x88,0x52,0x68,0x52,0x88,0x4a,0x48,0x42,0x07,0x4a,0x47,
    0x52,0x89,0x52,0x68,0x52,0x68,0x4a,0x47,0x52,0x88,0x52,0x68,0x4a,0x47,0x4a,0x47,0x52,0x68,0x4a,0x27,0x4a,0x47,0x52,0x68,
    0x4a,0x48,0x52,0x88,0x52,0x48,0x4a,0x27,0x4a,0x27,0x52,0x88,0x52,0x88,0x4a,0x47,0x52,0x89,0x4a,0x48,0x4a,0x27,0x41,0xe6,
    0x52,0x68,0x52,0x68,0x4a,0x48,0x5a,0x88,0x4a,0x48,0x52,0x68,0x52,0x68,0x5a,0x88,0x52,0x68,0x5a,0x88,0x52,0x68,0x52,0x68,
    0x52,0x68,0x5a,0xa9,0x5a,0xc9,0x52,0x89,0x52,0x68,0x4a,0x68,0x52,0x89,0x5a,0xa9,0x52,0x68,0x52,0x89,0x52,0x88,0x52,0x68,
    0x52,0x88,0x5a,0xa9,0x4a,0x48,0x52,0x68,0x52,0x68,0x52,0x47,0x5a,0xa9,0x5a,0xa9,0x5a,0xa9,0x5a,0xc9,0x5a,0xa9,0x52,0x89,
    0x52,0x88,0x5a,0x89,0x52,0x89,0x5a,0xa9,0x52,0x68,0x52,0x89,0x52,0x89,0x52,0x68,0x4a,0x68,0x52,0x68,0x52,0x89,0x52,0x68,
    0x5a,0xa9,0x52,0x89,0x52,0x68,0x52,0x68,0x5a,0xa9,0x52,0x89,0x52,0x68,0x4a,0x27,0x5a,0x89,0x52,0x68,0x5a,0x89,0x5a,0xa9,
    0x52,0x68,0x4a,0x27,0x52,0x88,0x62,0xea,0x4a,0x48,0x4a,0x48,0x52,0x68,0x4a,0x48,0x5a,0xa9,0x52,0x89,0x52,0x68,0x52,0x68,
    0x52,0x89,0x52,0x88,0x5a,0x89,0x52,0x88,0x5a,0x89,0x5a,0xa9,0x52,0x89,0x4a,0x48,0x4a,0x27,0x4a,0x27,0x4a,0x27,0x4a,0x27,
    0x4a,0x48,0x42,0x07,0x52,0x68,0x4a,0x48,0x4a,0x48,0x4a,0x48,0x52,0x68,0x4a,0x48,0x4a,0x48,0x4a,0x48,0x4a,0x48,0x4a,0x27,
    0x4a,0x27,0x4a,0x47,0x52,0x68,0x52,0x88,0x4a,0x48,0x52,0x68,0x52,0x68,0x52,0x88,0x4a,0x48,0x4a,0x27,0x42,0x07,0x4a,0x48,
    0x42,0x27,0x42,0x07,0x42,0x27,0x4a,0x68,0x4a,0x48,0x52,0x89,0x4a,0x68,0x4a,0x27,0x4a,0x48,0x52,0x88,0x5a,0xc9,0x4a,0x48,
    0x52,0x89,0x6b,0x0a,0x5a,0xc9,0x5a,0x89,0x42,0x27,0x4a,0x68,0x52,0x68,0x52,0x68,0x4a,0x48,0x52,0x88,0x4a,0x48,0x52,0x88,
    0x4a,0x48,0x52,0x68,0x4a,0x27,0x4a,0x47,0x4a,0x48,0x52,0x88,0x4a,0x27,0x4a,0x48,0x5a,0x89,0x52,0x88,0x4a,0x48,0x4a,0x48,
    0x52,0x88,0x4a,0x48,0x4a,0x27,0x4a,0x48,0x52,0x68,0x52,0x68,0x4a,0x47,0x4a,0x47,0x5a,0xa9,0x52,0x68,0x52,0x68,0x52,0x48,
    0x4a,0x27,0x4a,0x47,0x52,0x88,0x5a,0x88,0x52,0x68,0x4a,0x47,0x52,0x68,0x52,0x68,0x4a,0x27,0x52,0x48,0x62,0xea,0x6b,0x0a,
    0x5a,0x88,0x5a,0xa9,0x5a,0x88,0x62,0xea,0x5a,0xa9,0x6b,0x0a,0x5a,0xa9,0x52,0x88,0x5a,0x89,0x5a,0xa9,0x4a,0x27,0x4a,0x48,
    0x52,0x88,0x62,0xc9,0x5a,0xa9,0x52,0x68,0x5a,0xa8,0x52,0x88,0x52,0x89,0x52,0x68,0x62,0xea,0x5a,0xa9,0x42,0x07,0x4a,0x48,
    0x4a,0x48,0x4a,0x48,0x52,0x68,0x52,0x89,0x41,0xe7,0x4a,0x27,0x52,0x68,0x52,0x68,0x52,0x48,0x52,0x68,0x52,0x68,0x4a,0x27,
    0x4a,0x48,0x4a,0x48,0x52,0x68,0x52,0x88,0x4a,0x27,0x52,0x68,0x52,0x88,0x52,0x68,0x42,0x07,0x4a,0x48,0x52,0x88,0x52,0x88,
    0x4a,0x27,0x4a,0x27,0x5a,0xa9,0x52,0x89,0x4a,0x48,0x4a,0x27,0x5a,0xa9,0x5a,0xa9,0x52,0x68,0x52,0x88,0x52,0x68,0x5a,0xa9,
    0x52,0x88,0x52,0x68,0x52,0x47,0x52,0x47,0x52,0x68,0x5a,0x88,0x4a,0x47,0x4a,0x48,0x52,0x88,0x4a,0x27,0x4a,0x47,0x52,0x68,
    0x52,0x48,0x52,0x68,0x52,0x68,0x52,0x68,0x4a,0x48,0x4a,0x48,0x4a,0x47,0x52,0x68,0x52,0x68,0x4a,0x27,0x52,0x88,0x52,0x88,
    0x52,0x68,0x5a,0xa9,0x5a,0xa9,0x4a,0x48,0x52,0x47,0x42,0x06,0x4a,0x27,0x4a,0x27,0x4a,0x47,0x4a,0x47,0x4a,0x27,0x4a,0x47,
    0x52,0x68,0x5a,0xa9,0x4a,0x68,0x39,0xe6,0x4a,0x27,0x4a,0x27,0x52,0x68,0x4a,0x27,0x52,0x68,0x52,0x68,0x52,0x68,0x52,0x68,
    0x4a,0x27,0x52,0x48,0x52,0x88,0x52,0x88,0x4a,0x48,0x52,0x48,0x52,0x88,0x5a,0x88,0x42,0x07,0x4a,0x48,0x52,0x68,0x4a,0x47,
    0x52,0x68,0x5a,0x88,0x5a,0xa8,0x52,0x68,0x4a,0x48,0x52,0x88,0x5a,0x88,0x52,0x68,0x4a,0x47,0x41,0xe6,0x52,0x68,0x4a,0x47,
    0x5a,0x88,0x52,0x68,0x4a,0x27,0x52,0x47,0x4a,0x27,0x5a,0xa8,0x5a,0xa9,0x52,0x88,0x52,0x88,0x52,0x68,0x52,0x89,0x52,0x68,
    0x52,0x68,0x52,0x68,0x52,0x68,0x5a,0x88,0x52,0x68,0x52,0x68,0x4a,0x27,0x4a,0x47,0x52,0x68,0x52,0x88,0x62,0xc9,0x5a,0xc9,
    0x52,0x68,0x52,0x88,0x52,0x68,0x52,0x88,0x5a,0xa8,0x5a,0xa9,0x5a,0xa9,0x5a,0x88,0x5a,0xc9,0x5a,0x88,0x52,0x88,0x5a,0x88,
    0x5a,0xa9,0x5a,0x89,0x52,0x68,0x5a,0xa9,0x5a,0xa9,0x52,0x48,0x52,0x68,0x4a,0x47,0x5a,0xa9,0x52,0x68,0x4a,0x27,0x4a,0x47,
    0x5a,0x88,0x5a,0xa8,0x52,0x47,0x4a,0x27,0x52,0x68,0x52,0x88,0x5a,0xc9,0x52,0x68,0x42,0x07,0x52,0x68,0x5a,0xc9,0x6b,0x0a,
    0x52,0x68,0x4a,0x48,0x52,0x68,0x62,0xea,0x4a,0x48,0x4a,0x48,0x52,0x88,0x52,0x88,0x5a,0xa9,0x52,0x68,0x4a,0x27,0x42,0x07,
    0x62,0xea,0x52,0x88,0x4a,0x27,0x4a,0x47,0x52,0x88,0x52,0x68,0x52,0x68,0x5a,0x89,0x5a,0xa9,0x52,0x68,0x5a,0xa9,0x62,0xe9,
    0x52,0x88,0x52,0x68,0x4a,0x47,0x52,0x88,0x4a,0x48,0x42,0x07,0x4a,0x27,0x4a,0x48,0x52,0x68,0x52,0x68,0x52,0x88,0x52,0x68,
    0x52,0x88,0x52,0x88,0x4a,0x27,0x4a,0x47,0x5a,0xa9,0x52,0x48,0x52,0x88,0x52,0x68,0x52,0x88,0x5a,0x89,0x5a,0xc9,0x52,0x68,
    0x5a,0xa9,0x52,0x88,0x5a,0xa9,0x52,0x68,0x52,0x88,0x5a,0xa9,0x4a,0x27,0x52,0x48,0x4a,0x27,0x4a,0x47,0x52,0x88,0x52,0x88,
    0x4a,0x48,0x52,0x68,0x4a,0x47,0x5a,0xa8,0x52,0x88,0x5a,0x88,0x52,0x68,0x4a,0x47,0x5a,0xa9,0x5a,0x88,0x4a,0x47,0x52,0x48,
    0x52,0x67,0x4a,0x68,0x4a,0x68,0x4a,0x28,0x52,0x68,0x4a,0x47,0x4a,0x48,0x42,0x07,0x4a,0x27,0x4a,0x48,0x4a,0x48,0x42,0x27,
    0x52,0x68,0x52,0x89,0x4a,0x48,0x52,0x68,0x4a,0x27,0x4a,0x48,0x52,0x68,0x52,0x68,0x4a,0x28,0x52,0x68,0x52,0x88,0x52,0x68,
    0x4a,0x48,0x5a,0x89,0x52,0x68,0x52,0x68,0x52,0x68,0x4a,0x48,0x4a,0x48,0x52,0x89,0x52,0x48,0x52,0x88,0x52,0x88,0x5a,0xa9,
    0x52,0x89,0x6b,0x0a,0x5a,0xa9,0x5a,0x89,0x62,0xea,0x62,0xc9,0x52,0x68,0x4a,0x47,0x5a,0xc9,0x4a,0x48,0x4a,0x27,0x52,0x68,
    0x52,0x68,0x4a,0x48,0x4a,0x27,0x4a,0x27,0x5a,0x89,0x4a,0x48,0x4a,0x27,0x42,0x07,0x5a,0xa9,0x52,0x68,0x4a,0x27,0x42,0x07,
    0x62,0xc9,0x62,0xca,0x4a,0x27,0x4a,0x48,0x4a,0x27,0x4a,0x48,0x4a,0x48,0x4a,0x48,0x4a,0x48,0x4a,0x27,0x52,0x89,0x5a,0xa9,
    0x4a,0x48,0x4a,0x27,0x4a,0x28,0x4a,0x48,0x52,0x68,0x4a,0x48,0x52,0x89,0x4a,0x27,0x52,0x89,0x52,0x68,0x5a,0xa9,0x52,0x88,
    0x4a,0x48,0x52,0x68,0x4a,0x27,0x4a,0x27,0x42,0x27,0x4a,0x27,0x42,0x27,0x4a,0x27,0x41,0xe7,0x4a,0x27,0x4a,0x48,0x4a,0x27,
    0x52,0x88,0x52,0x48,0x62,0xa9,0x5a,0xa8,0x5a,0x88,0x5a,0xa9,0x5a,0xa9,0x5a,0x88,0x52,0x48,0x4a,0x47,0x52,0x68,0x5a,0x88,
    0x41,0xe7,0x4a,0x27,0x52,0x68,0x5a,0xa9,0x4a,0x48,0x52,0x68,0x52,0x68,0x4a,0x27,0x4a,0x48,0x4a,0x27,0x4a,0x48,0x52,0x48,
    0x5a,0x89,0x52,0x68,0x52,0x68,0x4a,0x48,0x5a,0xa9,0x5a,0x89,0x5a,0xa9,0x52,0x68,0x52,0x89,0x52,0x89,0x4a,0x27,0x5a,0x89,
    0x52,0x88,0x5a,0x88,0x42,0x27,0x4a,0x48,0x52,0x68,0x4a,0x27,0x4a,0x27,0x52,0x68,0x52,0x68,0x4a,0x27,0x42,0x27,0x52,0x68,
    0x4a,0x27,0x4a,0x48,0x52,0x68,0x4a,0x27,0x52,0x68,0x52,0x68,0x4a,0x27,0x52,0x68,0x52,0x48,0x52,0x68,0x4a,0x27,0x4a,0x27,
    0x4a,0x48,0x52,0x88,0x42,0x07,0x4a,0x27,0x42,0x27,0x52,0x68,0x52,0x68,0x4a,0x27,0x4a,0x48,0x4a,0x48,0x4a,0x48,0x4a,0x48,
    0x4a,0x48,0x4a,0x48,0x52,0x68,0x4a,0x27,0x52,0x89,0x4a,0x48,0x5a,0xa9,0x52,0x68,0x4a,0x48,0x4a,0x48,0x4a,0x27,0x42,0x27,
    0x4a,0x48,0x52,0x88,0x52,0x68,0x52,0x68,0x5a,0xa9,0x52,0x88,0x52,0x68,0x52,0x89,0x52,0x88,0x5a,0xa9,0x52,0x89,0x62,0xea,
    0x4a,0x27,0x52,0x89,0x5a,0xa9,0x52,0x88,0x52,0x68,0x52,0x88,0x52,0x88,0x4a,0x48,0x52,0x88,0x4a,0x48,0x4a,0x27,0x4a,0x48,
    0x5a,0xa9,0x41,0xe6,0x4a,0x27,0x4a,0x47,0x5a,0x89,0x4a,0x47,0x4a,0x47,0x52,0x68,0x4a,0x27,0x4a,0x48,0x42,0x07,0x4a,0x48,
    0x41,0xe6,0x42,0x27,0x52,0x88,0x4a,0x47,0x41,0xe6,0x4a,0x47,0x5a,0xa9,0x52,0x68,0x4a,0x48,0x4a,0x27,0x52,0x68,0x62,0xea,
    0x4a,0x48,0x4a,0x27,0x4a,0x48,0x5a,0xa9,0x4a,0x47,0x4a,0x47,0x52,0x68,0x4a,0x27,0x52,0x68,0x4a,0x27,0x4a,0x47,0x5a,0x88,
    0x6b,0x0a,0x5a,0xa9,0x5a,0x88,0x5a,0xa9,0x5a,0xc9,0x52,0x68,0x52,0x89,0x5a,0xa9,0x52,0x67,0x52,0x88,0x52,0x89,0x52,0x68,
    0x62,0xc9,0x4a,0x48,0x4a,0x27,0x4a,0x48,0x5a,0xc9,0x52,0x89,0x4a,0x47,0x4a,0x47,0x52,0x89,0x52,0x68,0x4a,0x27,0x4a,0x27,
    0x5a,0xc9,0x4a,0x48,0x4a,0x48,0x4a,0x27,0x4a,0x48,0x42,0x27,0x4a,0x48,0x52,0x68,0x4a,0x27,0x5a,0x88,0x52,0x68,0x5a,0x89,
    0x4a,0x48,0x5a,0x88,0x52,0x68,0x52,0x68,0x4a,0x27,0x4a,0x48,0x42,0x06,0x4a,0x48,0x4a,0x27,0x4a,0x27,0x42,0x27,0x4a,0x47,
    0x52,0x88,0x5a,0xa9,0x5a,0xc9,0x5a,0xc9,0x52,0x89,0x5a,0xa9,0x52,0x88,0x5a,0xa9,0x5a,0xca,0x4a,0x48,0x52,0x88,0x52,0x88,
    0x52,0x68,0x52,0x68,0x52,0x88,0x5a,0x89,0x5a,0xa9,0x5a,0xa9,0x5a,0x88,0x52,0x48,0x5a,0xa9,0x5a,0xc9,0x5a,0xa9,0x52,0x48,
    0x62,0xc9,0x5a,0xa9,0x5a,0x89,0x5a,0xa9,0x52,0x68,0x5a,0xc9,0x5a,0xc9,0x52,0x68,0x52,0x89,0x52,0x88,0x52,0x88,0x4a,0x48,
    0x42,0x07,0x4a,0x27,0x52,0x88,0x4a,0x27,0x5a,0x89,0x4a,0x48,0x52,0x48,0x4a,0x27,0x62,0xea,0x52,0x89,0x4a,0x27,0x4a,0x27,
    0x52,0x68,0x4a,0x27,0x4a,0x48,0x4a,0x48,0x4a,0x48,0x52,0x88,0x52,0x68,0x4a,0x27,0x4a,0x48,0x52,0x68,0x4a,0x48,0x4a,0x27,
    0x4a,0x27,0x4a,0x27,0x42,0x07,0x42,0x07,0x4a,0x27,0x4a,0x48,0x5a,0xa9,0x4a,0x48,0x4a,0x68,0x4a,0x68,0x4a,0x48,0x4a,0x48,
    0x4a,0x48,0x52,0x48,0x4a,0x48,0x4a,0x47,0x4a,0x47,0x4a,0x48,0x4a,0x48,0x52,0x88,0x4a,0x47,0x52,0x68,0x52,0x67,0x52,0x47,
    0x4a,0x48,0x52,0x88,0x52,0x47,0x4a,0x27,0x52,0x68,0x5a,0x89,0x42,0x06,0x42,0x07,0x52,0x68,0x4a,0x27,0x42,0x07,0x42,0x07,
    0x52,0x67,0x4a,0x27,0x52,0x68,0x5a,0xa9,0x4a,0x27,0x41,0xe6,0x52,0x68,0x5a,0xa9,0x41,0xe7,0x42,0x07,0x42,0x07,0x42,0x07,
    0x4a,0x27,0x4a,0x27,0x42,0x07,0x41,0xe7,0x52,0x89,0x52,0x88,0x52,0x88,0x52,0x68,0x4a,0x47,0x4a,0x68,0x5a,0xca,0x52,0x89,
    0x52,0x68,0x52,0x88,0x5a,0xa9,0x4a,0x47,0x52,0x68,0x52,0x47,0x4a,0x47,0x52,0x68,0x52,0x68,0x52,0x68,0x5a,0x88,0x52,0x47,
    0x52,0x68,0x52,0x88,0x52,0x68,0x52,0x47,0x52,0x47,0x52,0x67,0x4a,0x47,0x4a,0x47,0x4a,0x47,0x42,0x07,0x4a,0x47,0x52,0x48,
    0x52,0x88,0x4a,0x48,0x4a,0x27,0x52,0x88,0x52,0x68,0x52,0x68,0x4a,0x48,0x4a,0x48,0x52,0x47,0x52,0x68,0x52,0x68,0x4a,0x48,
    0x42,0x07,0x4a,0x27,0x52,0x68,0x4a,0x27,0x5a,0xc9,0x5a,0x88,0x5a,0xa8,0x52,0x88,0x5a,0xa9,0x5a,0xc9,0x52,0x68,0x62,0xea,
    0x5a,0xa9,0x4a,0x47,0x42,0x07,0x42,0x27,0x5a,0xc9,0x52,0x48,0x4a,0x27,0x4a,0x48,0x5a,0xa9,0x52,0x68,0x5a,0xa9,0x5a,0x88,
    0x52,0x68,0x4a,0x27,0x5a,0xa9,0x52,0x48,0x4a,0x27,0x4a,0x48,0x5a,0xca,0x52,0x68,0x42,0x07,0x52,0x88,0x52,0x68,0x52,0x68,
    0x5a,0x88,0x5a,0xa8,0x52,0x88,0x52,0x68,0x5a,0x88,0x62,0xea,0x52,0x67,0x52,0x47,0x4a,0x47,0x52,0x47,0x52,0x68,0x52,0x88,
    0x4a,0x48,0x4a,0x27,0x52,0x88,0x63,0x0a,0x52,0x68,0x5a,0xc9,0x52,0x88,0x52,0x68,0x52,0x47,0x52,0x68,0x5a,0x88,0x52,0x48,
    0x5a,0xc9,0x5a,0xa9,0x52,0x68,0x62,0xea,0x5a,0xa9,0x52,0x88,0x5a,0x89,0x5a,0xca,0x52,0x88,0x4a,0x48,0x4a,0x48,0x52,0x68,
    0x52,0x89,0x5a,0x89,0x4a,0x48,0x52,0x68,0x62,0xea,0x62,0xe9,0x5a,0x88,0x4a,0x27,0x62,0xca,0x5a,0xc9,0x62,0xea,0x52,0x68,
    0x52,0x68,0x4a,0x48,0x4a,0x27,0x4a,0x48,0x4a,0x27,0x4a,0x47,0x4a,0x48,0x4a,0x48,0x4a,0x27,0x4a,0x48,0x52,0x48,0x52,0x48,
    0x4a,0x27,0x4a,0x27,0x52,0x68,0x5a,0xa9,0x52,0x68,0x52,0x88,0x4a,0x47,0x4a,0x68,0x4a,0x47,0x52,0x68,0x52,0x68,0x4a,0x27,
    0x4a,0x48,0x42,0x07,0x42,0x07,0x4a,0x48,0x4a,0x27,0x39,0xc6,0x39,0xe6,0x52,0x48,0x4a,0x48,0x4a,0x47,0x52,0x68,0x52,0x88,
    0x4a,0x27,0x42,0x07,0x4a,0x27,0x52,0x68,0x42,0x07,0x4a,0x27,0x4a,0x48,0x52,0x68,0x4a,0x27,0x4a,0x47,0x4a,0x27,0x52,0x68,
    0x52,0x68,0x52,0x68,0x52,0x68,0x4a,0x27,0x5a,0xa9,0x52,0x89,0x5a,0xa9,0x52,0x68,0x5a,0xa9,0x52,0x89,0x52,0x88,0x52,0x88,
    0x52,0x88,0x5a,0xa9,0x4a,0x48,0x52,0x68,0x42,0x07,0x42,0x07,0x4a,0x27,0x4a,0x48,0x41,0xe6,0x52,0x68,0x4a,0x27,0x4a,0x27,
    0x4a,0x48,0x52,0x68,0x52,0x68,0x41,0xe6,0x52,0x89,0x4a,0x27,0x4a,0x27,0x52,0x68,0x41,0xe6,0x41,0xe6,0x52,0x68,0x4a,0x27,
    0x42,0x07,0x41,0xe6,0x4a,0x27,0x42,0x07,0x42,0x07,0x42,0x07,0x42,0x07,0x42,0x07,0x4a,0x47,0x52,0x68,0x52,0x68,0x4a,0x27,
    0x52,0x48,0x62,0xa8,0x6b,0x0a,0x5a,0x89,0x42,0x06,0x52,0x47,0x52,0x67,0x6b,0x0a,0x4a,0x27,0x52,0x68,0x42,0x07,0x52,0x47,
    0x42,0x07,0x4a,0x47,0x52,0x68,0x4a,0x47,0x52,0x68,0x4a,0x27,0x4a,0x27,0x4a,0x48,0x52,0x68,0x4a,0x27,0x52,0x68,0x52,0x68,
    0x5a,0x88,0x52,0x89,0x52,0x89,0x4a,0x68,0x52,0x47,0x52,0x68,0x52,0x68,0x41,0xe6,0x5a,0xa9,0x5a,0xa9,0x42,0x07,0x5a,0xa9,
    0x52,0x68,0x52,0x68,0x52,0x68,0x52,0x68,0x4a,0x48,0x52,0x68,0x52,0x68,0x4a,0x48,0x4a,0x27,0x42,0x07,0x4a,0x48,0x4a,0x48,
    0x52,0x48,0x4a,0x27,0x4a,0x68,0x4a,0x48,0x42,0x27,0x42,0x07,0x4a,0x48,0x52,0x48,0x52,0x68,0x4a,0x27,0x52,0x68,0x42,0x07,
    0x52,0x68,0x4a,0x48,0x4a,0x27,0x4a,0x27,0x4a,0x47,0x52,0x68,0x52,0x68,0x5a,0xa9,0x4a,0x48,0x52,0x68,0x4a,0x27,0x4a,0x07,
    0x52,0x68,0x52,0x68,0x42,0x06,0x42,0x06,0x4a,0x27,0x4a,0x47,0x4a,0x27,0x42,0x07,0x52,0x89,0x42,0x07,0x4a,0x27,0x4a,0x48,
    0x4a,0x07,0x42,0x07,0x42,0x07,0x4a,0x27,0x41,0xe6,0x42,0x06,0x42,0x07,0x41,0xe6,0x4a,0x27,0x4a,0x27,0x41,0xe6,0x39,0xc6,
    0x42,0x07,0x4a,0x47,0x52,0x68,0x52,0x88,0x4a,0x48,0x41,0xe6,0x4a,0x27,0x52,0x68,0x4a,0x48,0x5a,0x89,0x4a,0x48,0x5a,0x88,
    0x4a,0x27,0x4a,0x48,0x4a,0x47,0x5a,0xa8,0x52,0x88,0x5a,0x88,0x52,0x68,0x6a,0xe9,0x5a,0xa9,0x62,0xea,0x62,0xc9,0x5a,0xa9,
    0x62,0xc9,0x5a,0xc9,0x5a,0xa9,0x62,0xc9,0x5a,0x88,0x5a,0xa9,0x6b,0x2a,0x62,0xc9,0x62,0xea,0x4a,0x27,0x4a,0x27,0x42,0x07,
    0x5a,0xc9,0x4a,0x27,0x4a,0x27,0x4a,0x48,0x4a,0x47,0x4a,0x27,0x52,0x88,0x52,0x68,0x42,0x27,0x4a,0x27,0x4a,0x48,0x52,0x68,
    0x42,0x07,0x4a,0x27,0x52,0x88,0x52,0x88,0x42,0x27,0x5a,0xa9,0x5a,0xa9,0x5a,0xa9,0x4a,0x47,0x5a,0xc9,0x5a,0xa9,0x52,0x88,
    0x52,0x88,0x52,0x48,0x5a,0x89,0x52,0x68,0x52,0x68,0x4a,0x48,0x42,0x07,0x4a,0x27,0x5a,0xa9,0x52,0x68,0x4a,0x27,0x4a,0x27,
    0x52,0x68,0x52,0x88,0x4a,0x27,0x4a,0x27,0x52,0x88,0x5a,0x89,0x4a,0x27,0x4a,0x27,0x4a,0x27,0x52,0x88,0x5a,0xa9,0x52,0x48,
    0x4a,0x27,0x52,0x68,0x5a,0xa8,0x52,0x48,0x4a,0x27,0x4a,0x27,0x52,0x68,0x4a,0x48,0x4a,0x47,0x4a,0x27,0x4a,0x27,0x52,0x48,
    0x52,0x48,0x52,0x68,0x52,0x68,0x62,0xca,0x52,0x48,0x4a,0x27,0x4a,0x27,0x52,0x68,0x52,0x88,0x4a,0x27,0x52,0x68,0x52,0x88,
    0x52,0x48,0x52,0x88,0x52,0x89,0x4a,0x47,0x4a,0x47,0x5a,0xa9,0x42,0x27,0x52,0x68,0x52,0x68,0x4a,0x47,0x4a,0x27,0x52,0x68,
    0x5a,0x89,0x52,0x68,0x4a,0x27,0x4a,0x47,0x5a,0xa9,0x5a,0xc9,0x5a,0xa9,0x52,0x88,0x52,0x89,0x41,0xe7,0x4a,0x48,0x52,0x89,
    0x52,0x68,0x52,0x68,0x5a,0xc9,0x5a,0xa9,0x4a,0x27,0x5a,0x89,0x62,0xea,0x52,0x68,0x4a,0x27,0x52,0x68,0x52,0x88,0x4a,0x48,
    0x52,0x68,0x52,0x68,0x4a,0x27,0x52,0x68,0x4a,0x27,0x52,0x89,0x5a,0xa9,0x5a,0xa9,0x42,0x27,0x4a,0x48,0x5a,0xa9,0x52,0x68,
    0x4a,0x47,0x4a,0x48,0x41,0xe6,0x4a,0x27,0x4a,0x48,0x4a,0x27,0x52,0x68,0x52,0x68,0x4a,0x48,0x4a,0x27,0x52,0x68,0x52,0x68,
    0x52,0x88,0x4a,0x47,0x42,0x07,0x52,0x68,0x52,0x68,0x4a,0x27,0x4a,0x27,0x4a,0x47,0x52,0x88,0x42,0x07,0x42,0x07,0x4a,0x27,
    0x4a,0x48,0x4a,0x47,0x4a,0x48,0x4a,0x27,0x4a,0x48,0x4a,0x48,0x5a,0x89,0x52,0x68,0x4a,0x48,0x52,0x68,0x52,0x88,0x5a,0xa9,
    0x4a,0x27,0x4a,0x47,0x4a,0x47,0x52,0x48,0x4a,0x47,0x52,0x88,0x4a,0x47,0x52,0x47,0x52,0x48,0x52,0x68,0x4a,0x27,0x4a,0x47,
    0x52,0x48,0x42,0x27,0x52,0x68,0x52,0x68,0x52,0x68,0x4a,0x27,0x4a,0x07,0x4a,0x27,0x52,0x68,0x4a,0x48,0x4a,0x27,0x52,0x68,
    0x52,0x68,0x52,0x88,0x4a,0x47,0x5a,0x88,0x52,0x68,0x52,0x88,0x52,0x89,0x52,0x89,0x42,0x07,0x4a,0x27,0x4a,0x07,0x4a,0x27,
    0x4a,0x27,0x42,0x07,0x4a,0x27,0x4a,0x27,0x5a,0x88,0x52,0x88,0x5a,0xc9,0x4a,0x48,0x5a,0xa9,0x52,0x68,0x52,0x88,0x4a,0x48,
    0x4a,0x48,0x4a,0x48,0x52,0x68,0x4a,0x27,0x52,0x68,0x52,0x68,0x42,0x07,0x42,0x07,0x4a,0x27,0x42,0x07,0x42,0x07,0x4a,0x48,
    0x4a,0x27,0x42,0x07,0x4a,0x07,0x4a,0x27,0x42,0x07,0x41,0xe6,0x4a,0x27,0x52,0x48,0x41,0xe7,0x42,0x07,0x4a,0x27,0x4a,0x47,
    0x42,0x27,0x4a,0x27,0x4a,0x27,0x4a,0x48,0x42,0x07,0x4a,0x27,0x4a,0x27,0x52,0x48,0x4a,0x27,0x4a,0x27,0x4a,0x48,0x5a,0xa9,
    0x4a,0x27,0x4a,0x47,0x42,0x27,0x4a,0x48,0x52,0x68,0x4a,0x47,0x4a,0x27,0x52,0x89,0x5a,0xa9,0x4a,0x27,0x4a,0x47,0x4a,0x48,
    0x52,0x88,0x52,0x88,0x62,0xca,0x52,0x68,0x52,0x68,0x5a,0xa9,0x52,0x89,0x4a,0x48,0x52,0x68,0x4a,0x27,0x4a,0x27,0x4a,0x48,
    0x4a,0x48,0x52,0x68,0x4a,0x48,0x52,0x68,0x4a,0x27,0x52,0x89,0x52,0x68,0x52,0x88,0x4a,0x48,0x52,0x88,0x52,0x88,0x5a,0x89,
    0x52,0x68,0x52,0x68,0x4a,0x47,0x52,0x68,0x42,0x07,0x42,0x07,0x4a,0x47,0x52,0x68,0x62,0xea,0x5a,0xc9,0x52,0x89,0x5a,0xa9,
    0x5a,0xa9,0x52,0x88,0x52,0x68,0x52,0x68,0x52,0x89,0x52,0x89,0x5a,0xa9,0x5a,0xc9,0x52,0x68,0x4a,0x48,0x52,0x89,0x5a,0xa9,
    0x52,0x68,0x4a,0x48,0x52,0x48,0x4a,0x27,0x52,0x88,0x52,0x68,0x52,0x68,0x4a,0x48,0x5a,0xa9,0x52,0x68,0x52,0x89,0x4a,0x48,
    0x52,0x68,0x4a,0x48,0x52,0x68,0x52,0x68,0x4a,0x48,0x52,0x89,0x4a,0x48,0x5a,0xa9,0x62,0xea,0x5a,0xc9,0x52,0x68,0x4a,0x48,
    0x4a,0x48,0x4a,0x48,0x4a,0x27,0x4a,0x48,0x42,0x07,0x4a,0x27,0x4a,0x48,0x4a,0x27,0x63,0x0a,0x5a,0xa9,0x52,0x89,0x52,0x89,
    0x5a,0xa9,0x5a,0xa9,0x52,0x68,0x52,0x89,0x4a,0x48,0x5a,0xc9,0x5a,0x89,0x52,0x68,0x52,0x89,0x62,0xea,0x52,0x89,0x4a,0x48,
    0x5a,0xc9,0x52,0x68,0x52,0x48,0x5a,0xa9,0x52,0x89,0x4a,0x48,0x52,0x48,0x52,0x68,0x4a,0x47,0x52,0x68,0x52,0x68,0x4a,0x47,
    0x4a,0x47,0x5a,0x88,0x52,0x68,0x52,0x68,0x5a,0xa9,0x5a,0x88,0x5a,0xc9,0x5a,0xa9,0x5a,0xa9,0x52,0x88,0x5a,0xa9,0x62,0xc9,
    0x52,0x68,0x5a,0x89,0x52,0x68,0x52,0x47,0x52,0x68,0x52,0x68,0x4a,0x47,0x4a,0x27,0x4a,0x47,0x4a,0x48,0x4a,0x27,0x5a,0x89,
    0x52,0x47,0x52,0x67,0x42,0x07,0x52,0x68,0x4a,0x27,0x4a,0x47,0x52,0x68,0x4a,0x27,0x4a,0x27,0x4a,0x27,0x52,0x67,0x52,0x68,
    0x5a,0xa9,0x41,0xe6,0x4a,0x27,0x52,0x47,0x52,0x68,0x4a,0x48,0x4a,0x48,0x4a,0x27,0x4a,0x27,0x52,0x68,0x4a,0x48,0x42,0x07,
    0x4a,0x48,0x4a,0x47,0x4a,0x27,0x4a,0x48,0x52,0x68,0x52,0x68,0x4a,0x48,0x4a,0x48,0x52,0x88,0x52,0x68,0x4a,0x27,0x52,0x68,
    0x4a,0x47,0x4a,0x27,0x4a,0x27,0x4a,0x48,0x4a,0x48,0x42,0x07,0x4a,0x27,0x4a,0x27,0x52,0x68,0x4a,0x47,0x4a,0x48,0x52,0x68,
    0x52,0x68,0x4a,0x47,0x5a,0xa9,0x52,0x88,0x52,0x68,0x4a,0x27,0x52,0x68,0x52,0x88,0x52,0x47,0x4a,0x27,0x52,0x68,0x4a,0x47,
    0x52,0x68,0x42,0x07,0x52,0x68,0x4a,0x27,0x52,0x89,0x52,0x88,0x62,0xc9,0x52,0x68,0x52,0x68,0x52,0x68,0x52,0x68,0x4a,0x48,
    0x4a,0x48,0x4a,0x47,0x5a,0xa9,0x52,0x68,0x41,0xe6,0x4a,0x27,0x4a,0x27,0x4a,0x48,0x42,0x07,0x4a,0x27,0x42,0x27,0x4a,0x27,
    0x52,0x88,0x52,0x88,0x4a,0x47,0x4a,0x48,0x4a,0x47,0x4a,0x27,0x4a,0x48,0x52,0x48,0x52,0x68,0x4a,0x48,0x52,0x88,0x6b,0x0a,
    0x4a,0x48,0x4a,0x48,0x5a,0xa9,0x62,0xea,0x4a,0x27,0x52,0x89,0x63,0x0a,0x52,0x88,0x5a,0xa9,0x6b,0x2a,0x5a,0xa8,0x52,0x68,
    0x62,0xea,0x62,0xea,0x62,0xc9,0x4a,0x27,0x5a,0xa9,0x52,0x68,0x5a,0x88,0x52,0x68,0x5a,0xa9,0x52,0x68,0x52,0x68,0x5a,0xa9,
    0x5a,0xa9,0x5a,0xa9,0x52,0x68,0x52,0x68,0x4a,0x48,0x52,0x88,0x42,0x27,0x4a,0x68,0x52,0x68,0x4a,0x47,0x42,0x07,0x4a,0x48,
    0x52,0x88,0x4a,0x47,0x4a,0x47,0x4a,0x48,0x52,0x68,0x5a,0xa9,0x52,0x68,0x52,0x68,0x52,0x48,0x4a,0x27,0x52,0x88,0x4a,0x27,
    0x52,0x88,0x52,0x68,0x4a,0x47,0x4a,0x27,0x4a,0x48,0x52,0x89,0x4a,0x27,0x4a,0x27,0x52,0x88,0x52,0x68,0x4a,0x27,0x4a,0x47,
    0x52,0x88,0x52,0x48,0x52,0x48,0x52,0x68,0x52,0x68,0x52,0x68,0x4a,0x27,0x52,0x68,0x4a,0x27,0x52,0x68,0x4a,0x27,0x4a,0x48,
    0x4a,0x48,0x4a,0x47,0x4a,0x48,0x52,0x68,0x4a,0x48,0x4a,0x47,0x52,0x68,0x4a,0x27,0x4a,0x48,0x52,0x89,0x52,0x68,0x4a,0x47,
    0x52,0x68,0x5a,0xa9,0x4a,0x48,0x52,0x68,0x5a,0xa9,0x52,0x89,0x4a,0x27,0x42,0x07,0x4a,0x27,0x52,0x88,0x5a,0x89,0x4a,0x47,
    0x52,0x68,0x62,0xca,0x5a,0xa9,0x52,0x68,0x52,0x68,0x5a,0x89,0x4a,0x47,0x4a,0x48,0x42,0x07,0x52,0x68,0x4a,0x47,0x4a,0x27,
    0x5a,0xa9,0x5a,0xc9,0x5a,0xa9,0x5a,0x89,0x5a,0xa9,0x5a,0x89,0x52,0x88,0x62,0xc9,0x52,0x89,0x5a,0xa9,0x5a,0xa9,0x62,0xc9,
    0x52,0x68,0x52,0x68,0x5a,0xa9,0x52,0x88,0x4a,0x27,0x4a,0x27,0x63,0x0a,0x73,0x4c,0x52,0x68,0x5a,0x89,0x6b,0x2b,0x5a,0xc9,
    0x52,0x68,0x5a,0xa9,0x52,0x88,0x42,0x06,0x4a,0x27,0x52,0x68,0x4a,0x27,0x4a,0x47,0x52,0x68,0x42,0x07,0x4a,0x27,0x52,0x68,
    0x52,0x68,0x52,0x68,0x5a,0xa9,0x5a,0xa9,0x4a,0x47,0x62,0xc9,0x5a,0xa9,0x52,0x88,0x42,0x07,0x52,0x68,0x5a,0xa9,0x52,0x88,
    0x42,0x07,0x52,0x68,0x52,0x68,0x4a,0x48,0x4a,0x47,0x4a,0x27,0x5a,0x89,0x52,0x88,0x52,0x68,0x52,0x68,0x52,0x88,0x52,0x68,
    0x4a,0x27,0x52,0x68,0x5a,0xa9,0x5a,0xa9,0x4a,0x47,0x52,0x68,0x52,0x89,0x52,0x88,0x4a,0x48,0x52,0x48,0x52,0x68,0x52,0x68,
    0x52,0x68,0x52,0x88,0x52,0x48,0x52,0x68,0x5a,0x89,0x52,0x88,0x52,0x68,0x4a,0x48,0x4a,0x48,0x4a,0x47,0x52,0x67,0x52,0x47,
    0x52,0x68,0x4a,0x48,0x52,0x47,0x52,0x68,0x5a,0xa9,0x5a,0xa9,0x4a,0x48,0x52,0x68,0x5a,0xa9,0x5a,0xca,0x52,0x68,0x52,0x88,
    0x52,0x68,0x5a,0xa9,0x5a,0xc9,0x52,0x89,0x52,0x88,0x62,0xca,0x62,0xea,0x52,0x88,0x4a,0x47,0x52,0x68,0x5a,0x88,0x52,0x68,
    0x52,0x68,0x52,0x47,0x4a,0x47,0x4a,0x47,0x4a,0x48,0x42,0x07,0x41,0xe7,0x52,0x68,0x4a,0x48,0x42,0x07,0x39,0xc6,0x52,0x68,
    0x5a,0x88,0x52,0x88,0x52,0x48,0x4a,0x48,0x5a,0x88,0x5a,0xa9,0x52,0x88,0x4a,0x47,0x52,0x68,0x42,0x07,0x42,0x07,0x4a,0x27,
    0x5a,0x88,0x52,0x48,0x42,0x07,0x42,0x07,0x4a,0x27,0x4a,0x27,0x4a,0x27,0x42,0x07,0x42,0x07,0x42,0x07,0x4a,0x27,0x4a,0x48,
    0x4a,0x48,0x4a,0x48,0x42,0x07,0x4a,0x47,0x52,0x68,0x42,0x27,0x39,0xc6,0x5a,0xc9,0x42,0x07,0x42,0x07,0x41,0xe6,0x4a,0x47,
    0x4a,0x27,0x4a,0x48,0x4a,0x47,0x4a,0x27,0x4a,0x47,0x4a,0x47,0x42,0x07,0x42,0x07,0x52,0x68,0x4a,0x27,0x42,0x07,0x4a,0x27,
    0x52,0x68,0x52,0x48,0x42,0x07,0x4a,0x27,0x41,0xe6,0x52,0x47,0x4a,0x47,0x4a,0x47,0x4a,0x48,0x52,0x68,0x52,0x88,0x4a,0x48,
    0x4a,0x27,0x4a,0x48,0x52,0x89,0x52,0x48,0x5a,0x88,0x4a,0x27,0x5a,0xa8,0x5a,0xa9,0x4a,0x27,0x52,0x68,0x5a,0x88,0x4a,0x48,
    0x42,0x27,0x4a,0x48,0x52,0x68,0x5a,0xa9,0x4a,0x48,0x41,0xe6,0x4a,0x48,0x5a,0xa9,0x52,0x68,0x52,0x68,0x4a,0x27,0x52,0x68,
    0x42,0x07,0x52,0x68,0x4a,0x47,0x52,0x68,0x52,0x88,0x4a,0x48,0x4a,0x48,0x52,0x68,0x52,0x68,0x52,0x48,0x52,0x89,0x52,0x89,
    0x52,0x68,0x52,0x68,0x4a,0x27,0x4a,0x48,0x52,0x88,0x52,0x88,0x4a,0x48,0x4a,0x48,0x52,0x68,0x4a,0x48,0x4a,0x48,0x52,0x48,
    0x4a,0x48,0x5a,0xc9,0x52,0x68,0x4a,0x27,0x52,0x68,0x52,0x68,0x52,0x68,0x4a,0x27,0x4a,0x48,0x4a,0x27,0x4a,0x48,0x4a,0x27,
    0x4a,0x27,0x4a,0x27,0x52,0x68,0x42,0x07,0x42,0x07,0x4a,0x47,0x42,0x07,0x42,0x07,0x4a,0x48,0x4a,0x27,0x42,0x07,0x4a,0x27,
    0x42,0x07,0x4a,0x27,0x4a,0x28,0x42,0x07,0x52,0x68,0x5a,0x89,0x5a,0x89,0x52,0x68,0x4a,0x27,0x4a,0x27,0x52,0x68,0x52,0x68,
    0x4a,0x27,0x4a,0x48,0x4a,0x48,0x52,0x68,0x52,0x88,0x52,0x88,0x52,0x68,0x52,0x88,0x52,0x48,0x4a,0x47,0x4a,0x27,0x5a,0x88,
    0x52,0x68,0x5a,0x88,0x41,0xe6,0x5a,0x88,0x5a,0xa9,0x5a,0xa9,0x5a,0xa9,0x5a,0x88,0x52,0x68,0x52,0x68,0x52,0x88,0x52,0x68,
    0x62,0xc9,0x52,0x68,0x52,0x88,0x52,0x68,0x62,0xc9,0x52,0x88,0x5a,0xa9,0x52,0x88,0x5a,0x88,0x5a,0xa9,0x5a,0xa8,0x52,0x88,
    0x52,0x47,0x52,0x68,0x5a,0x88,0x52,0x68,0x5a,0x88,0x4a,0x47,0x52,0x68,0x4a,0x47,0x5a,0xa9,0x52,0x68,0x5a,0xa9,0x4a,0x48,
    0x52,0x68,0x4a,0x48,0x4a,0x48,0x52,0x48,0x52,0x68,0x52,0x68,0x4a,0x48,0x4a,0x27,0x4a,0x27,0x4a,0x27,0x4a,0x27,0x4a,0x48,
    0x52,0x68,0x4a,0x27,0x4a,0x07,0x4a,0x27,0x4a,0x27,0x52,0x88,0x52,0x68,0x4a,0x47,0x4a,0x48,0x5a,0xa9,0x52,0x68,0x4a,0x47,
    0x52,0x68,0x4a,0x27,0x4a,0x27,0x4a,0x48,0x4a,0x27,0x4a,0x27,0x4a,0x48,0x52,0x68,0x4a,0x27,0x42,0x07,0x4a,0x48,0x52,0x68,
    0x4a,0x47,0x42,0x07,0x4a,0x27,0x4a,0x48,0x4a,0x48,0x52,0x68,0x4a,0x48,0x52,0x88,0x42,0x07,0x4a,0x48,0x4a,0x48,0x52,0x68,
    0x4a,0x48,0x52,0x68,0x4a,0x27,0x4a,0x68,0x5a,0x89,0x52,0x88,0x4a,0x48,0x42,0x27,0x4a,0x48,0x52,0x68,0x62,0xc9,0x52,0x68,
    0x4a,0x47,0x4a,0x47,0x5a,0x89,0x52,0x88,0x52,0x68,0x52,0x88,0x4a,0x27,0x52,0x68,0x4a,0x48,0x52,0x68,0x52,0x48,0x52,0x68,
    0x4a,0x47,0x52,0x88,0x52,0x88,0x5a,0xa9,0x63,0x0a,0x6b,0x0a,0x62,0xc9,0x4a,0x47,0x52,0x48,0x62,0xc9,0x5a,0xa9,0x4a,0x48,
    0x52,0x68,0x5a,0xa9,0x52,0x68,0x4a,0x27,0x62,0xc9,0x52,0x89,0x52,0x68,0x5a,0xa9,0x52,0x68,0x4a,0x48,0x4a,0x47,0x5a,0x88,
    0x5a,0xa9,0x5a,0x88,0x52,0x68,0x4a,0x27,0x62,0xc9,0x62,0xea,0x5a,0x88,0x4a,0x27,0x62,0xc9,0x5a,0x88,0x5a,0x88,0x52,0x68,
    0x62,0xc9,0x62,0xc9,0x52,0x68,0x5a,0xa9,0x5a,0x88,0x62,0xc9,0x5a,0xa9,0x6b,0x0a,0x4a,0x47,0x52,0x68,0x5a,0xc9,0x5a,0x89,
    0x52,0x68,0x5a,0xa9,0x4a,0x47,0x4a,0x47,0x52,0x89,0x5a,0xa9,0x5a,0xc9,0x42,0x07,0x5a,0xca,0x52,0x88,0x63,0x0b,0x5a,0xa9,
    0x62,0xea,0x4a,0x48,0x4a,0x27,0x5a,0xa9,0x4a,0x27,0x52,0x88,0x52,0x68,0x42,0x27,0x4a,0x27,0x52,0x68,0x4a,0x48,0x5a,0xa9,
    0x52,0x89,0x5a,0x88,0x4a,0x48,0x4a,0x48,0x5a,0xa9,0x6b,0x0a,0x62,0xea,0x4a,0x48,0x4a,0x27,0x4a,0x47,0x4a,0x48,0x52,0x88,
    0x52,0x89,0x4a,0x27,0x5a,0xa9,0x42,0x07,0x52,0x68,0x4a,0x27,0x52,0x68,0x52,0x68,0x4a,0x27,0x4a,0x48,0x52,0x48,0x52,0x89,
    0x4a,0x27,0x52,0x68,0x4a,0x27,0x41,0xe7,0x42,0x27,0x52,0x68,0x4a,0x27,0x4a,0x27,0x4a,0x48,0x4a,0x48,0x4a,0x27,0x4a,0x27,
    0x52,0x68,0x42,0x07,0x42,0x07,0x4a,0x48,0x42,0x27,0x4a,0x48,0x5a,0xa9,0x52,0x48,0x42,0x07,0x4a,0x27,0x4a,0x48,0x42,0x07,
    0x42,0x07,0x4a,0x47,0x52,0x47,0x5a,0xa9,0x4a,0x48,0x4a,0x27,0x52,0x68,0x5a,0xa9,0x4a,0x48,0x4a,0x27,0x4a,0x27,0x4a,0x27,
    0x4a,0x27,0x4a,0x47,0x4a,0x27,0x41,0xe6,0x42,0x07,0x4a,0x27,0x4a,0x27,0x4a,0x27,0x42,0x07,0x42,0x07,0x52,0x68,0x4a,0x48,
    0x4a,0x47,0x52,0x48,0x52,0x68,0x4a,0x47,0x52,0x88,0x52,0x68,0x52,0x68,0x4a,0x48,0x4a,0x48,0x42,0x07,0x4a,0x27,0x5a,0xa9,
    0x42,0x07,0x4a,0x27,0x4a,0x48,0x5a,0xa9,0x42,0x07,0x42,0x27,0x52,0x68,0x52,0x68,0x4a,0x48,0x4a,0x27,0x4a,0x27,0x42,0x07,
    0x52,0x88,0x52,0x68,0x52,0x68,0x4a,0x48,0x52,0x68,0x4a,0x48,0x52,0x68,0x52,0x68,0x52,0x88,0x52,0x89,0x52,0x89,0x5a,0xc9,
    0x5a,0xa9,0x5a,0xa9,0x5a,0xc9,0x5a,0xa9,0x52,0x68,0x52,0x88,0x52,0x88,0x5a,0xa9,0x4a,0x27,0x52,0x68,0x4a,0x48,0x5a,0x89,
    0x5a,0xc9,0x52,0x68,0x52,0x68,0x52,0x89,0x52,0x88,0x52,0x89,0x5a,0x89,0x52,0x89,0x5a,0xa9,0x52,0x68,0x5a,0xa9,0x52,0x68,
    0x5a,0x89,0x5a,0xa9,0x5a,0xa9,0x52,0x88,0x52,0x68,0x52,0x68,0x52,0x88,0x52,0x68,0x52,0x68,0x4a,0x27,0x4a,0x47,0x4a,0x27,
    0x5a,0x88,0x52,0x68,0x4a,0x27,0x52,0x68,0x52,0x68,0x52,0x88,0x5a,0x88,0x52,0x88,0x52,0x88,0x52,0x88,0x4a,0x27,0x4a,0x27,
    0x5a,0x89,0x5a,0xa9,0x4a,0x27,0x42,0x07,0x52,0x68,0x4a,0x47,0x52,0x68,0x52,0x47,0x5a,0x88,0x52,0x68,0x52,0x68,0x52,0x88,
    0x4a,0x47,0x4a,0x47,0x52,0x47,0x42,0x07,0x4a,0x27,0x5a,0x88,0x4a,0x47,0x42,0x07,0x52,0x48,0x52,0x88,0x52,0x68,0x42,0x07,
    0x52,0x68,0x4a,0x48,0x52,0x68,0x52,0x68,0x4a,0x27,0x4a,0x27,0x4a,0x27,0x4a,0x48,0x42,0x07,0x4a,0x27,0x4a,0x47,0x4a,0x47,
    0x4a,0x27,0x4a,0x27,0x4a,0x27,0x4a,0x48,0x4a,0x47,0x4a,0x27,0x42,0x27,0x42,0x07,0x4a,0x47,0x52,0x68,0x52,0x68,0x4a,0x47,
    0x52,0x68,0x5a,0xa9,0x52,0x88,0x4a,0x27,0x4a,0x48,0x52,0x68,0x4a,0x47,0x52,0x68,0x4a,0x47,0x4a,0x47,0x52,0x47,0x52,0x88,
    0x4a,0x27,0x4a,0x27,0x52,0x68,0x4a,0x48,0x5a,0xa9,0x52,0x47,0x52,0x47,0x52,0x68,0x52,0x68,0x52,0x68,0x5a,0xc9,0x4a,0x47,
    0x4a,0x27,0x52,0x68,0x5a,0xa9,0x4a,0x27,0x39,0xa6,0x62,0xc9,0x5a,0x89,0x42,0x07,0x4a,0x27,0x4a,0x06,0x52,0x47,0x4a,0x47,
    0x52,0x88,0x4a,0x47,0x4a,0x47,0x4a,0x27,0x52,0x68,0x52,0x47,0x52,0x47,0x4a,0x27,0x4a,0x27,0x42,0x06,0x4a,0x27,0x52,0x68,
    0x4a,0x07,0x4a,0x27,0x4a,0x27,0x52,0x47,0x41,0xe6,0x4a,0x27,0x42,0x07,0x4a,0x47,0x4a,0x27,0x4a,0x47,0x4a,0x47,0x4a,0x27,
    0x5a,0x88,0x52,0x68,0x52,0x68,0x5a,0x89,0x5a,0xc9,0x52,0x48,0x52,0x68,0x52,0x68,0x52,0x68,0x4a,0x48,0x52,0x68,0x52,0x88,
    0x4a,0x27,0x52,0x68,0x5a,0xa9,0x5a,0xa9,0x4a,0x47,0x4a,0x27,0x52,0x68,0x4a,0x48,0x5a,0xa9,0x4a,0x48,0x4a,0x27,0x4a,0x48,
    0x52,0x88,0x4a,0x27,0x4a,0x48,0x52,0x68,0x4a,0x48,0x52,0x68,0x4a,0x48,0x4a,0x28,0x4a,0x48,0x4a,0x47,0x42,0x27,0x52,0x89,
    0x52,0x68,0x4a,0x47,0x4a,0x48,0x52,0x88,0x4a,0x48,0x52,0x68,0x52,0x68,0x4a,0x47,0x52,0x68,0x4a,0x48,0x4a,0x27,0x4a,0x48,
    0x52,0x88,0x5a,0xa9,0x52,0x88,0x52,0x68,0x4a,0x27,0x52,0x68,0x52,0x68,0x52,0x47,0x5a,0xa9,0x4a,0x27,0x4a,0x27,0x52,0x68,
    0x5a,0x89,0x52,0x68,0x4a,0x48,0x52,0x48,0x52,0x47,0x52,0x68,0x4a,0x48,0x4a,0x47,0x52,0x68,0x52,0x48,0x52,0x48,0x52,0x88,
    0x52,0x68,0x52,0x68,0x52,0x48,0x4a,0x47,0x52,0x48,0x52,0x68,0x4a,0x27,0x52,0x88,0x5a,0xa9,0x5a,0x88,0x52,0x68,0x5a,0x88,
    0x5a,0x88,0x5a,0x88,0x62,0xe9,0x5a,0x88,0x4a,0x27,0x5a,0xa8,0x52,0x68,0x4a,0x47,0x52,0x68,0x4a,0x47,0x52,0x67,0x52,0x68,
    0x4a,0x47,0x4a,0x27,0x4a,0x27,0x4a,0x27,0x4a,0x47,0x42,0x07,0x4a,0x47,0x42,0x07,0x52,0x48,0x4a,0x48,0x4a,0x27,0x4a,0x48,
    0x52,0x88,0x52,0x68,0x52,0x68,0x4a,0x27,0x52,0x68,0x4a,0x27,0x4a,0x48,0x52,0x68,0x42,0x07,0x42,0x07,0x4a,0x27,0x5a,0xc9,
    0x4a,0x27,0x52,0x68,0x52,0x68,0x42,0x07,0x4a,0x48,0x52,0x68,0x4a,0x48,0x41,0xe6,0x4a,0x48,0x4a,0x27,0x4a,0x47,0x4a,0x48,
    0x5a,0xa9,0x52,0x48,0x4a,0x47,0x52,0x48,0x4a,0x27,0x52,0x48,0x42,0x07,0x52,0x68,0x4a,0x27,0x4a,0x48,0x4a,0x47,0x4a,0x48,
    0x52,0x88,0x52,0x89,0x42,0x27,0x4a,0x27,0x4a,0x48,0x52,0x68,0x42,0x27,0x52,0x68,0x52,0x68,0x4a,0x47,0x52,0x68,0x4a,0x68,
    0x4a,0x48,0x4a,0x48,0x4a,0x48,0x52,0x68,0x4a,0x48,0x4a,0x27,0x4a,0x27,0x4a,0x48,0x4a,0x48,0x4a,0x27,0x42,0x07,0x4a,0x48,
    0x52,0x68,0x4a,0x27,0x4a,0x27,0x4a,0x48,0x52,0x68,0x5a,0xa9,0x4a,0x27,0x4a,0x27,0x62,0xc9,0x52,0x68,0x52,0x68,0x4a,0x48,
    0x52,0x68,0x4a,0x27,0x52,0x68,0x52,0x89,0x4a,0x27,0x4a,0x48,0x52,0x89,0x4a,0x47,0x4a,0x27,0x4a,0x48,0x42,0x07,0x4a,0x27,
    0x5a,0x88,0x5a,0xa8,0x5a,0x88,0x52,0x68,0x52,0x48,0x52,0x68,0x5a,0xa9,0x4a,0x47,0x4a,0x27,0x52,0x88,0x52,0x88,0x4a,0x27,
    0x41,0xe6,0x4a,0x48,0x52,0x88,0x4a,0x47,0x52,0x88,0x52,0x68,0x5a,0xa9,0x5a,0xa9,0x4a,0x47,0x52,0x68,0x52,0x68,0x4a,0x47,
    0x42,0x07,0x52,0x68,0x39,0xe6,0x42,0x07,0x4a,0x48,0x4a,0x47,0x4a,0x27,0x4a,0x48,0x4a,0x27,0x4a,0x47,0x4a,0x47,0x5a,0xa9,
    0x42,0x07,0x42,0x07,0x4a,0x27,0x4a,0x48,0x52,0x68,0x4a,0x27,0x4a,0x27,0x4a,0x48,0x4a,0x47,0x52,0x48,0x4a,0x48,0x4a,0x27,
    0x4a,0x47,0x52,0x88,0x52,0x88,0x52,0x89,0x52,0x88,0x4a,0x47,0x5a,0xc9,0x5a,0xc9,0x4a,0x48,0x52,0x68,0x62,0xc9,0x5a,0xc9,
    0x52,0x48,0x52,0x88,0x52,0x68,0x52,0x67,0x52,0x68,0x52,0x68,0x52,0x89,0x4a,0x48,0x52,0x68,0x52,0x68,0x4a,0x48,0x4a,0x48,
    0x63,0x0a,0x6b,0x0b,0x5a,0x89,0x4a,0x47,0x62,0xc9,0x62,0xc9,0x62,0xc9,0x62,0xea,0x4a,0x27,0x4a,0x27,0x4a,0x48,0x52,0x88,
    0x4a,0x27,0x4a,0x27,0x52,0x68,0x5a,0xa9,0x4a,0x48,0x4a,0x47,0x4a,0x68,0x62,0xc9,0x62,0xea,0x4a,0x47,0x52,0x48,0x5a,0xa9,
    0x4a,0x48,0x41,0xe7,0x42,0x07,0x4a,0x27,0x4a,0x48,0x52,0x68,0x52,0x47,0x42,0x07,0x52,0x89,0x52,0x88,0x4a,0x47,0x41,0xe7,
    0x5a,0xc9,0x5a,0xa9,0x52,0x68,0x41,0xe7,0x4a,0x27,0x4a,0x48,0x52,0x89,0x4a,0x48,0x4a,0x48,0x52,0x89,0x4a,0x47,0x4a,0x48,
    0x52,0x68,0x4a,0x48,0x52,0x89,0x52,0x89,0x5a,0xa9,0x52,0x68,0x52,0x88,0x52,0x68,0x42,0x07,0x52,0x88,0x52,0x68,0x4a,0x27,
    0x4a,0x47,0x5a,0x88,0x4a,0x48,0x4a,0x48,0x52,0x68,0x4a,0x27,0x4a,0x27,0x52,0x88,0x4a,0x48,0x4a,0x47,0x4a,0x48,0x52,0x68,
    0x52,0x68,0x52,0x68,0x4a,0x27,0x4a,0x48,0x4a,0x27,0x52,0x68,0x4a,0x48,0x4a,0x48,0x52,0x68,0x4a,0x27,0x52,0x68,0x4a,0x47,
    0x52,0x88,0x52,0x68,0x4a,0x48,0x4a,0x48,0x4a,0x48,0x52,0x68,0x52,0x68,0x52,0x68,0x52,0x68,0x4a,0x27,0x4a,0x47,0x52,0x88,
    0x52,0x68,0x4a,0x48,0x52,0x68,0x52,0x68,0x5a,0xa9,0x5a,0x89,0x62,0xea,0x4a,0x68,0x5a,0xa9,0x52,0x68,0x42,0x07,0x52,0x88,
    0x5a,0xa9,0x52,0x68,0x42,0x27,0x4a,0x48,0x52,0x68,0x5a,0xa9,0x4a,0x48,0x52,0x68,0x62,0xea,0x5a,0xa9,0x5a,0xa9,0x52,0x89,
    0x5a,0xc9,0x4a,0x48,0x52,0x68,0x52,0x68,0x52,0x88,0x52,0x68,0x4a,0x48,0x4a,0x47,0x4a,0x27,0x52,0x48,0x52,0x68,0x4a,0x48,
    0x4a,0x48,0x52,0x89,0x4a,0x48,0x4a,0x47,0x42,0x07,0x52,0x68,0x5a,0xa9,0x52,0x68,0x4a,0x47,0x4a,0x47,0x52,0x88,0x52,0x88,
    0x52,0x88,0x4a,0x47,0x4a,0x47,0x4a,0x27,0x52,0x68,0x52,0x68,0x4a,0x27,0x4a,0x48,0x52,0x48,0x52,0x68,0x52,0x68,0x52,0x88,
    0x4a,0x47,0x52,0x68,0x52,0x68,0x4a,0x47,0x4a,0x27,0x4a,0x47,0x4a,0x27,0x4a,0x47,0x41,0xe7,0x42,0x07,0x42,0x07,0x4a,0x47,
    0x52,0x48,0x42,0x07,0x4a,0x27,0x4a,0x27,0x52,0x68,0x4a,0x47,0x42,0x07,0x4a,0x27,0x52,0x88,0x52,0x68,0x4a,0x27,0x4a,0x48,
    0x52,0x68,0x52,0x68,0x4a,0x27,0x52,0x68,0x4a,0x47,0x4a,0x48,0x52,0x68,0x52,0x68,0x4a,0x47,0x4a,0x48,0x52,0x68,0x5a,0x89,
    0x52,0x68,0x52,0x68,0x4a,0x48,0x52,0x68,0x4a,0x47,0x4a,0x48,0x4a,0x48,0x52,0x48,0x5a,0x88,0x52,0x88,0x52,0x68,0x5a,0xc9,
    0x52,0x88,0x52,0x88,0x62,0xc9,0x62,0xc9,0x52,0x68,0x52,0x68,0x62,0xea,0x52,0x68,0x4a,0x47,0x52,0x48,0x52,0x88,0x4a,0x27,
    0x52,0x68,0x4a,0x07,0x52,0x47,0x52,0x68,0x5a,0xa9,0x4a,0x48,0x52,0x47,0x52,0x88,0x62,0xc9,0x52,0x88,0x4a,0x47,0x5a,0x88,
    0x5a,0xa9,0x52,0x68,0x52,0x68,0x5a,0xa9,0x4a,0x47,0x52,0x47,0x4a,0x27,0x4a,0x47,0x4a,0x27,0x52,0x47,0x4a,0x27,0x4a,0x68,
    0x4a,0x47,0x4a,0x47,0x4a,0x47,0x4a,0x47,0x52,0x48,0x4a,0x27,0x4a,0x27,0x4a,0x27,0x5a,0x88,0x5a,0x88,0x52,0x89,0x52,0x68,
    0x52,0x68,0x52,0x68,0x52,0x68,0x4a,0x48,0x4a,0x48,0x42,0x27,0x4a,0x28,0x4a,0x48,0x52,0x68,0x4a,0x27,0x4a,0x48,0x42,0x07,
    0x5a,0xa9,0x5a,0xa8,0x4a,0x27,0x4a,0x27,0x52,0x68,0x62,0xa8,0x52,0x68,0x4a,0x48,0x4a,0x27,0x4a,0x48,0x52,0x68,0x52,0x68,
    0x4a,0x48,0x52,0x89,0x52,0x68,0x4a,0x48,0x52,0x88,0x52,0x68,0x52,0x88,0x52,0x68,0x52,0x88,0x52,0x68,0x52,0x89,0x52,0x68,
    0x52,0x88,0x52,0x68,0x52,0x89,0x52,0x68,0x5a,0xa9,0x52,0x68,0x52,0x89,0x4a,0x47,0x4a,0x47,0x5a,0xc9,0x5a,0xa9,0x4a,0x27,
    0x52,0x68,0x52,0x68,0x4a,0x48,0x52,0x68,0x4a,0x48,0x4a,0x48,0x42,0x07,0x52,0x68,0x4a,0x27,0x4a,0x47,0x4a,0x27,0x4a,0x27,
    0x42,0x07,0x52,0x68,0x52,0x68,0x52,0x68,0x4a,0x47,0x4a,0x48,0x4a,0x48,0x4a,0x27,0x4a,0x48,0x4a,0x48,0x4a,0x27,0x39,0xe6,
    0x4a,0x27,0x4a,0x27,0x4a,0x47,0x42,0x06,0x52,0x68,0x5a,0x88,0x52,0x67,0x5a,0x89,0x5a,0x88,0x5a,0xa8,0x52,0x68,0x52,0x68,
    0x4a,0x27,0x4a,0x47,0x4a,0x27,0x5a,0x89,0x4a,0x27,0x4a,0x27,0x42,0x27,0x52,0x88,0x4a,0x47,0x4a,0x48,0x4a,0x48,0x4a,0x27,
    0x4a,0x27,0x4a,0x27,0x52,0x68,0x4a,0x48,0x4a,0x27,0x4a,0x27,0x52,0x88,0x52,0x88,0x4a,0x48,0x4a,0x28,0x42,0x07,0x52,0x88,
    0x4a,0x48,0x4a,0x47,0x42,0x07,0x52,0x68,0x39,0xc6,0x52,0x68,0x5a,0xa9,0x52,0x68,0x4a,0x48,0x5a,0xa9,0x5a,0xa9,0x5a,0x89,
    0x52,0x88,0x52,0x68,0x4a,0x27,0x4a,0x48,0x52,0x68,0x4a,0x27,0x52,0x89,0x52,0x68,0x4a,0x48,0x5a,0xa9,0x4a,0x48,0x4a,0x28,
    0x5a,0xa9,0x52,0x89,0x52,0x68,0x52,0x68,0x4a,0x68,0x39,0xe6,0x4a,0x47,0x52,0x68,0x4a,0x27,0x4a,0x27,0x4a,0x48,0x63,0x0a,
    0x4a,0x27,0x52,0x68,0x52,0x68,0x5a,0xa9,0x4a,0x48,0x52,0x68,0x4a,0x48,0x4a,0x48,0x4a,0x48,0x52,0x68,0x42,0x07,0x42,0x07,
    0x5a,0xa9,0x52,0x88,0x4a,0x27,0x42,0x07,0x52,0x68,0x4a,0x47,0x4a,0x48,0x4a,0x68,0x52,0x68,0x4a,0x48,0x4a,0x48,0x4a,0x47,
    0x4a,0x68,0x4a,0x48,0x52,0x68,0x4a,0x27,0x52,0x68,0x52,0x89,0x4a,0x47,0x42,0x27,0x5a,0x89,0x52,0x68,0x4a,0x48,0x4a,0x27,
    0x4a,0x48,0x52,0x68,0x4a,0x47,0x42,0x07,0x42,0x06,0x42,0x07,0x4a,0x27,0x4a,0x68,0x4a,0x27,0x4a,0x27,0x5a,0xa9,0x5a,0x88,
    0x4a,0x47,0x42,0x07,0x52,0x88,0x52,0x68,0x4a,0x48,0x4a,0x48,0x52,0x68,0x52,0x88,0x4a,0x47,0x52,0x48,0x52,0x89,0x5a,0xa9,
    0x4a,0x47,0x52,0x68,0x52,0x68,0x5a,0x88,0x4a,0x27,0x5a,0x88,0x4a,0x06,0x52,0x47,0x4a,0x07,0x52,0x47,0x4a,0x27,0x5a,0xa9,
    0x63,0x0a,0x5a,0xca,0x62,0xea,0x52,0x68,0x52,0x68,0x4a,0x48,0x4a,0x48,0x4a,0x48,0x5a,0x89,0x4a,0x27,0x52,0x68,0x52,0x68,
    0x5a,0x89,0x4a,0x48,0x52,0x88,0x52,0x48,0x52,0x68,0x4a,0x48,0x52,0x68,0x52,0x68,0x52,0x89,0x52,0x88,0x52,0x89,0x52,0x68,
    0x52,0x68,0x52,0x89,0x5a,0xc9,0x4a,0x48,0x52,0x48,0x4a,0x48,0x62,0xc9,0x4a,0x47,0x52,0x48,0x52,0x68,0x4a,0x27,0x42,0x27,
    0x4a,0x27,0x4a,0x06,0x4a,0x27,0x5a,0xa9,0x4a,0x47,0x4a,0x27,0x42,0x07,0x41,0xe6,0x4a,0x27,0x4a,0x27,0x4a,0x27,0x4a,0x27,
    0x42,0x07,0x4a,0x27,0x4a,0x27,0x4a,0x48,0x62,0xca,0x41,0xe6,0x52,0x89,0x5a,0xa9,0x42,0x06,0x4a,0x27,0x52,0x68,0x5a,0xc9,
    0x4a,0x47,0x52,0x48,0x4a,0x27,0x4a,0x47,0x4a,0x27,0x4a,0x47,0x4a,0x47,0x4a,0x47,0x5a,0xa9,0x5a,0xa9,0x52,0x88,0x42,0x07,
    0x52,0x88,0x4a,0x47,0x5a,0x89,0x52,0x68,0x4a,0x48,0x52,0x89,0x5a,0xa9,0x52,0x88,0x52,0x68,0x5a,0xa9,0x5a,0xa9,0x5a,0xa9,
    0x5a,0xa9,0x52,0x88,0x52,0x68,0x52,0x68,0x5a,0xa9,0x52,0x48,0x52,0x48,0x52,0x88,0x52,0x67,0x62,0xc9,0x4a,0x47,0x52,0x68,
    0x4a,0x48,0x52,0x89,0x4a,0x47,0x4a,0x27,0x5a,0x89,0x4a,0x47,0x52,0x88,0x52,0x68,0x52,0x68,0x4a,0x27,0x4a,0x47,0x52,0x68,
    0x4a,0x27,0x42,0x07,0x4a,0x48,0x4a,0x47,0x4a,0x47,0x4a,0x27,0x4a,0x27,0x52,0x48,0x52,0x68,0x52,0x48,0x52,0x68,0x52,0x68,
    0x52,0x68,0x52,0x88,0x5a,0xa9,0x5a,0xa9,0x52,0x68,0x5a,0x89,0x62,0xca,0x5a,0xa9,0x52,0x68,0x5a,0xa9,0x5a,0xa9,0x52,0x89,
    0x62,0xc9,0x5a,0x89,0x62,0xca,0x52,0x88,0x62,0xca,0x5a,0xa9,0x52,0x89,0x5a,0xa9,0x5a,0xa9,0x5a,0x89,0x52,0x68,0x5a,0xa9,
    0x5a,0xa9,0x52,0x89,0x52,0x68,0x52,0x68,0x52,0x68,0x5a,0xc9,0x62,0xea,0x5a,0xa9,0x5a,0xa9,0x52,0x89,0x52,0x68,0x5a,0xa9,
    0x52,0x88,0x52,0x68,0x52,0x68,0x62,0xea,0x52,0x68,0x5a,0xa9,0x52,0x89,0x62,0xea,0x4a,0x47,0x4a,0x48,0x4a,0x27,0x52,0x68,
    0x5a,0xa9,0x4a,0x48,0x52,0x68,0x52,0x48,0x52,0x68,0x4a,0x27,0x5a,0xc9,0x4a,0x07,0x63,0x0a,0x4a,0x48,0x52,0x88,0x4a,0x27,
    0x4a,0x27,0x4a,0x27,0x42,0x07,0x4a,0x27,0x4a,0x48,0x42,0x07,0x41,0xe7,0x41,0xe6,0x42,0x07,0x4a,0x27,0x42,0x07,0x42,0x07,
    0x41,0xe6,0x52,0x68,0x39,0xe6,0x4a,0x27,0x41,0xe6,0x4a,0x27,0x4a,0x27,0x52,0x68,0x42,0x07,0x52,0x68,0x4a,0x27,0x4a,0x47,
    0x52,0x68,0x5a,0x89,0x4a,0x47,0x52,0x68,0x4a,0x48,0x52,0x88,0x52,0x68,0x52,0x68,0x5a,0x88,0x5a,0x88,0x42,0x07,0x42,0x27,
    0x4a,0x48,0x52,0x68,0x52,0x68,0x4a,0x27,0x52,0x89,0x52,0x68,0x4a,0x48,0x4a,0x27,0x52,0x68,0x42,0x07,0x4a,0x28,0x4a,0x48,
    0x4a,0x27,0x52,0x68,0x5a,0x89,0x52,0x68,0x4a,0x47,0x4a,0x48,0x4a,0x48,0x4a,0x48,0x4a,0x27,0x4a,0x48,0x4a,0x27,0x52,0x68,
    0x42,0x07,0x4a,0x48,0x4a,0x47,0x42,0x07,0x4a,0x27,0x52,0x68,0x4a,0x48,0x52,0x88,0x4a,0x48,0x4a,0x48,0x4a,0x48,0x62,0xea,
    0x4a,0x27,0x42,0x07,0x52,0x48,0x4a,0x27,0x42,0x07,0x52,0x68,0x4a,0x27,0x52,0x68,0x5a,0xa9,0x52,0x68,0x4a,0x26,0x52,0x47,
    0x52,0x88,0x5a,0xa9,0x52,0x68,0x4a,0x47,0x5a,0xa9,0x5a,0xa9,0x52,0x88,0x4a,0x27,0x5a,0xc9,0x62,0xea,0x52,0x68,0x4a,0x06,
    0x4a,0x07,0x4a,0x47,0x52,0x48,0x4a,0x48,0x52,0x88,0x52,0x68,0x4a,0x47,0x4a,0x27,0x52,0x68,0x52,0x68,0x52,0x68,0x52,0x88,
    0x4a,0x27,0x52,0x68,0x52,0x68,0x52,0x68,0x52,0x68,0x42,0x07,0x4a,0x27,0x4a,0x48,0x4a,0x47,0x42,0x07,0x4a,0x48,0x52,0x89,
    0x52,0x88,0x52,0x68,0x5a,0xa8,0x62,0xea,0x52,0x88,0x5a,0xa9,0x62,0xea,0x63,0x0a,0x5a,0xa9,0x5a,0x89,0x52,0x88,0x52,0x89,
    0x5a,0xa9,0x5a,0xa9,0x63,0x0a,0x5a,0xa9,0x52,0x89,0x5a,0x89,0x62,0xea,0x52,0x68,0x5a,0xa9,0x5a,0xa9,0x52,0x88,0x4a,0x68,
    0x52,0x89,0x52,0x88,0x5a,0xc9,0x52,0x48,0x52,0x89,0x4a,0x48,0x52,0x68,0x4a,0x27,0x4a,0x47,0x52,0x68,0x4a,0x48,0x4a,0x48,
    0x4a,0x27,0x52,0x88,0x4a,0x27,0x4a,0x48,0x4a,0x27,0x4a,0x47,0x4a,0x48,0x52,0x88,0x4a,0x48,0x5a,0x89,0x5a,0xa9,0x52,0x68,
    0x4a,0x68,0x5a,0xc9,0x52,0x88,0x4a,0x47,0x52,0x89,0x52,0x89,0x4a,0x48,0x52,0x68,0x4a,0x27,0x42,0x07,0x4a,0x27,0x41,0xe6,
    0x4a,0x47,0x52,0x68,0x52,0x48,0x4a,0x27,0x52,0x68,0x4a,0x47,0x4a,0x47,0x4a,0x47,0x52,0x68,0x4a,0x27,0x4a,0x07,0x52,0x47,
    0x4a,0x47,0x4a,0x47,0x4a,0x47,0x52,0x48,0x52,0x47,0x52,0x68,0x5a,0xa9,0x5a,0xa9,0x52,0x68,0x52,0x48,0x52,0x48,0x5a,0xa9,
    0x4a,0x47,0x52,0x88,0x52,0x68,0x52,0x68,0x52,0x88,0x5a,0xa9,0x52,0x68,0x5a,0xa9,0x52,0x88,0x62,0xca,0x5a,0xa9,0x52,0x89,
    0x52,0x89,0x5a,0xc9,0x62,0xea,0x5a,0xa9,0x52,0x88,0x52,0x68,0x5a,0xc9,0x5a,0xa9,0x5a,0xa9,0x63,0x0a,0x52,0x68,0x4a,0x48,
    0x52,0x89,0x4a,0x48,0x52,0x68,0x52,0x68,0x52,0x68,0x4a,0x48,0x52,0x68,0x5a,0xa9,0x52,0x68,0x5a,0xa9,0x5a,0x89,0x52,0x88,
    0x42,0x07,0x42,0x07,0x4a,0x27,0x4a,0x48,0x4a,0x68,0x4a,0x48,0x4a,0x27,0x52,0x68,0x4a,0x48,0x4a,0x48,0x4a,0x48,0x4a,0x48,
    0x52,0x68,0x52,0x68,0x4a,0x27,0x4a,0x68,0x4a,0x48,0x52,0x68,0x4a,0x47,0x42,0x07,0x52,0x68,0x5a,0xc9,0x52,0x88,0x4a,0x27,
    0x4a,0x48,0x52,0x68,0x4a,0x48,0x4a,0x48,0x52,0x88,0x4a,0x27,0x5a,0xa9,0x52,0x68,0x42,0x07,0x4a,0x27,0x4a,0x27,0x4a,0x27,
    0x42,0x07,0x4a,0x27,0x42,0x07,0x4a,0x27,0x52,0x68,0x52,0x88,0x4a,0x47,0x42,0x07,0x4a,0x27,0x52,0x89,0x52,0x89,0x42,0x07,
    0x4a,0x48,0x4a,0x27,0x4a,0x48,0x5a,0xa9,0x4a,0x48,0x41,0xe6,0x52,0x68,0x5a,0xc9,0x4a,0x27,0x42,0x07,0x42,0x07,0x42,0x07,
    0x52,0x68,0x5a,0x89,0x52,0x68,0x4a,0x48,0x52,0x68,0x52,0x68,0x5a,0xa9,0x5a,0xa9,0x52,0x68,0x5a,0x89,0x5a,0x89,0x52,0x68,
    0x52,0x68,0x62,0xca,0x5a,0xc9,0x52,0x89,0x52,0x68,0x4a,0x27,0x52,0x68,0x5a,0xa9,0x63,0x0a,0x5a,0xa9,0x62,0xea,0x52,0x68,
    0x52,0x68,0x5a,0xa9,0x52,0x89,0x5a,0xc9,0x4a,0x47,0x4a,0x27,0x42,0x07,0x42,0x07,0x52,0x68,0x4a,0x47,0x42,0x07,0x42,0x07,
    0x52,0x68,0x5a,0x89,0x52,0x68,0x4a,0x27,0x5a,0xc9,0x5a,0xa9,0x4a,0x27,0x4a,0x27,0x4a,0x48,0x52,0x68,0x52,0x89,0x52,0x89,
    0x4a,0x48,0x42,0x07,0x52,0x68,0x52,0x68,0x4a,0x27,0x4a,0x47,0x4a,0x47,0x4a,0x48,0x4a,0x27,0x4a,0x27,0x52,0x68,0x52,0x88,
    0x5a,0xa9,0x52,0x68,0x4a,0x48,0x4a,0x48,0x52,0x88,0x52,0x88,0x4a,0x48,0x4a,0x48,0x4a,0x27,0x4a,0x27,0x4a,0x47,0x4a,0x27,
    0x4a,0x48,0x4a,0x48,0x42,0x07,0x4a,0x27,0x52,0x68,0x52,0x88,0x52,0x68,0x4a,0x48,0x4a,0x27,0x4a,0x48,0x52,0x88,0x52,0x68,
    0x4a,0x47,0x5a,0x89,0x52,0x89,0x52,0x68,0x52,0x68,0x5a,0xc9,0x6b,0x0a,0x52,0x88,0x4a,0x48,0x4a,0x47,0x4a,0x48,0x5a,0xa9,
    0x52,0x88,0x52,0x88,0x52,0x68,0x52,0x68,0x4a,0x27,0x5a,0xa9,0x52,0x68,0x5a,0xa9,0x52,0x47,0x52,0x47,0x4a,0x27,0x4a,0x47,
    0x52,0x68,0x52,0x88,0x5a,0xa9,0x4a,0x47,0x52,0x88,0x52,0x68,0x4a,0x48,0x52,0x68,0x4a,0x27,0x4a,0x27,0x52,0x68,0x52,0x68,
    0x42,0x27,0x4a,0x27,0x4a,0x47,0x52,0x68,0x5a,0xc9,0x4a,0x47,0x42,0x07,0x4a,0x27,0x6b,0x0a,0x62,0xea,0x4a,0x27,0x52,0x68,
    0x52,0x68,0x4a,0x27,0x42,0x06,0x52,0x68,0x52,0x68,0x52,0x68,0x5a,0xa9,0x5a,0x89,0x4a,0x47,0x5a,0xc9,0x6b,0x2b,0x52,0x68,
    0x52,0x68,0x5a,0x89,0x52,0x88,0x52,0x68,0x52,0x88,0x62,0xc9,0x5a,0xa9,0x52,0x88,0x52,0x89,0x52,0x68,0x4a,0x27,0x62,0xca,
    0x52,0x68,0x5a,0xa9,0x4a,0x47,0x5a,0xa9,0x4a,0x47,0x5a,0x88,0x5a,0x89,0x5a,0x89,0x5a,0xa9,0x5a,0xa9,0x52,0x68,0x52,0x68,
    0x5a,0xa9,0x52,0x89,0x52,0x68,0x4a,0x48,0x5a,0x89,0x52,0x68,0x52,0x89,0x52,0x68,0x52,0x68,0x5a,0x89,0x52,0x89,0x4a,0x48,
    0x4a,0x48,0x62,0xea,0x6b,0x2b,0x52,0x68,0x4a,0x68,0x5a,0xa9,0x5a,0x89,0x5a,0x89,0x52,0x68,0x52,0x68,0x4a,0x48,0x4a,0x48,
    0x52,0x68,0x4a,0x48,0x52,0x68,0x52,0x68,0x5a,0xc9,0x5a,0xa9,0x62,0xca,0x4a,0x48,0x52,0x68,0x5a,0xa9,0x5a,0xa9,0x52,0x88,
    0x52,0x68,0x4a,0x27,0x4a,0x27,0x4a,0x27,0x4a,0x48,0x4a,0x27,0x52,0x68,0x4a,0x27,0x42,0x07,0x62,0xea,0x5a,0xa9,0x52,0x68,
    0x5a,0xc9,0x5a,0x89,0x5a,0x89,0x5a,0xa9,0x52,0x68,0x52,0x68,0x4a,0x27,0x5a,0xa8,0x4a,0x48,0x52,0x68,0x52,0x88,0x5a,0x88,
    0x42,0x07,0x52,0x68,0x4a,0x48,0x4a,0x27,0x5a,0xa9,0x4a,0x48,0x4a,0x48,0x52,0x68,0x62,0xc9,0x62,0xc9,0x5a,0xa9,0x4a,0x68,
    0x62,0xc9,0x62,0xca,0x62,0xc9,0x52,0x68,0x52,0x88,0x5a,0xa9,0x42,0x07,0x4a,0x27,0x52,0x68,0x52,0x48,0x42,0x07,0x4a,0x27,
    0x4a,0x48,0x4a,0x48,0x4a,0x48,0x52,0x89,0x4a,0x48,0x52,0x88,0x52,0x88,0x52,0x68,0x4a,0x47,0x42,0x07,0x4a,0x27,0x4a,0x48,
    0x42,0x07,0x42,0x07,0x4a,0x48,0x4a,0x48,0x4a,0x27,0x42,0x07,0x4a,0x48,0x4a,0x27,0x5a,0xa9,0x42,0x07,0x42,0x07,0x52,0x88,
    0x4a,0x27,0x4a,0x48,0x42,0x07,0x5a,0xc9,0x4a,0x27,0x4a,0x27,0x52,0x88,0x4a,0x48,0x42,0x27,0x52,0x68,0x52,0x88,0x4a,0x48,
    0x52,0x88,0x52,0x88,0x4a,0x48,0x4a,0x48,0x52,0x68,0x5a,0xc9,0x5a,0xa9,0x5a,0x89,0x52,0x88,0x52,0x68,0x52,0x68,0x5a,0xc9,
    0x42,0x07,0x4a,0x27,0x52,0x68,0x5a,0x88,0x4a,0x48,0x4a,0x27,0x4a,0x48,0x52,0x68,0x5a,0xca,0x5a,0xc9,0x52,0x68,0x52,0x68,
    0x62,0xea,0x5a,0xca,0x52,0x89,0x5a,0xa9,0x52,0x89,0x5a,0xa9,0x5a,0xca,0x5a,0xc9,0x5a,0xa9,0x62,0xea,0x63,0x0a,0x5a,0xc9,
    0x52,0x48,0x52,0x48,0x52,0x88,0x62,0xea,0x52,0x88,0x5a,0x88,0x5a,0x88,0x52,0x88,0x52,0x88,0x5a,0xa9,0x5a,0xa9,0x52,0x48,
    0x5a,0xa9,0x5a,0x89,0x5a,0xa8,0x5a,0x89,0x52,0x88,0x52,0x68,0x52,0x88,0x52,0x89,0x4a,0x48,0x52,0x68,0x52,0x68,0x4a,0x27,
    0x5a,0xa9,0x5a,0xc9,0x4a,0x48,0x4a,0x27,0x52,0x88,0x52,0x68,0x52,0x68,0x52,0x68,0x52,0x68,0x52,0x68,0x4a,0x48,0x52,0x68,
    0x4a,0x48,0x52,0x68,0x4a,0x27,0x52,0x68,0x4a,0x27,0x52,0x68,0x4a,0x48,0x42,0x27,0x4a,0x48,0x4a,0x48,0x4a,0x48,0x41,0xe7,
    0x4a,0x48,0x4a,0x48,0x4a,0x48,0x4a,0x48,0x52,0x68,0x42,0x27,0x4a,0x48,0x4a,0x27,0x4a,0x48,0x4a,0x48,0x4a,0x27,0x42,0x07,
    0x4a,0x48,0x4a,0x48,0x4a,0x27,0x4a,0x27,0x42,0x07,0x4a,0x27,0x52,0x47,0x52,0x68,0x4a,0x27,0x4a,0x27,0x4a,0x27,0x4a,0x27,
    0x52,0x48,0x4a,0x27,0x4a,0x27,0x42,0x07,0x4a,0x47,0x4a,0x27,0x52,0x47,0x4a,0x07,0x4a,0x47,0x4a,0x47,0x52,0x48,0x52,0x68,
    0x4a,0x47,0x52,0x68,0x52,0x68,0x52,0x88,0x41,0xe6,0x52,0x47,0x5a,0xa9,0x52,0x68,0x52,0x68,0x5a,0xc9,0x52,0x68,0x4a,0x48,
    0x62,0xca,0x52,0x68,0x52,0x88,0x5a,0xa9,0x52,0x89,0x52,0x68,0x5a,0xa9,0x52,0x89,0x4a,0x48,0x5a,0x89,0x5a,0xa9,0x4a,0x47,
    0x5a,0x89,0x52,0x68,0x4a,0x48,0x4a,0x48,0x5a,0xca,0x52,0x68,0x52,0x88,0x52,0x48,0x52,0x68,0x52,0x68,0x42,0x27,0x52,0x48,
    0x5a,0xa9,0x4a,0x48,0x4a,0x48,0x52,0x68,0x42,0x27,0x52,0x68,0x5a,0xca,0x52,0x89,0x5a,0xa9,0x5a,0xa9,0x52,0x88,0x52,0x88,
    0x52,0x89,0x52,0x68,0x5a,0x89,0x52,0x88,0x52,0x89,0x52,0x88,0x52,0x68,0x52,0x88,0x4a,0x48,0x52,0x68,0x52,0x68,0x52,0x68,
    0x4a,0x48,0x52,0x68,0x52,0x89,0x52,0x88,0x52,0x68,0x52,0x68,0x52,0x88,0x52,0x68,0x52,0x89,0x52,0x88,0x52,0x68,0x52,0x48,
    0x52,0x48,0x52,0x68,0x52,0x68,0x4a,0x48,0x52,0x88,0x52,0x68,0x4a,0x48,0x4a,0x48,0x52,0x68,0x4a,0x47,0x52,0x48,0x4a,0x48,
    0x4a,0x27,0x4a,0x27,0x4a,0x48,0x42,0x07,0x4a,0x27,0x4a,0x27,0x4a,0x27,0x4a,0x27,0x52,0x68,0x5a,0x89,0x52,0x68,0x4a,0x47,
    0x52,0x88,0x42,0x07,0x42,0x07,0x4a,0x27,0x4a,0x27,0x4a,0x27,0x52,0x68,0x52,0x47,0x42,0x07,0x4a,0x48,0x52,0x68,0x4a,0x47,
    0x4a,0x27,0x4a,0x27,0x4a,0x27,0x4a,0x27,0x4a,0x47,0x52,0x68,0x52,0x68,0x52,0x47,0x52,0x68,0x52,0x48,0x52,0x88,0x52,0x68,
    0x4a,0x47,0x4a,0x27,0x4a,0x27,0x4a,0x27,0x4a,0x27,0x42,0x07,0x41,0xe6,0x52,0x68,0x4a,0x47,0x42,0x07,0x42,0x07,0x4a,0x27,
    0x4a,0x27,0x42,0x07,0x4a,0x47,0x4a,0x47,0x4a,0x27,0x4a,0x47,0x42,0x07,0x41,0xe7,0x4a,0x48,0x42,0x07,0x4a,0x27,0x52,0x68,
    0x42,0x07,0x4a,0x48,0x4a,0x27,0x42,0x07,0x41,0xe6,0x4a,0x27,0x4a,0x48,0x4a,0x27,0x4a,0x27,0x4a,0x48,0x4a,0x48,0x4a,0x27,
    0x52,0x68,0x4a,0x48,0x4a,0x48,0x52,0x68,0x4a,0x47,0x52,0x68,0x52,0x88,0x4a,0x48,0x4a,0x27,0x4a,0x48,0x4a,0x27,0x4a,0x27,
    0x4a,0x48,0x4a,0x48,0x4a,0x27,0x4a,0x48,0x4a,0x27,0x42,0x07,0x4a,0x48,0x52,0x89,0x52,0x68,0x5a,0x89,0x52,0x68,0x52,0x68,
    0x4a,0x47,0x52,0x68,0x4a,0x48,0x4a,0x48,0x4a,0x48,0x52,0x48,0x52,0x88,0x52,0x68,0x5a,0x88,0x5a,0x89,0x52,0x88,0x52,0x88,
    0x52,0x88,0x52,0x47,0x4a,0x27,0x5a,0xa9,0x52,0x88,0x4a,0x48,0x4a,0x47,0x4a,0x47,0x4a,0x27,0x52,0x68,0x4a,0x27,0x4a,0x27,
    0x5a,0xc9,0x4a,0x48,0x4a,0x27,0x4a,0x27,0x5a,0xa9,0x4a,0x27,0x52,0x68,0x4a,0x47,0x52,0x48,0x4a,0x07,0x52,0x48,0x52,0x68,
    0x52,0x68,0x5a,0x89,0x4a,0x48,0x52,0x88,0x52,0x89,0x52,0x88,0x5a,0x89,0x5a,0x89,0x52,0x88,0x4a,0x48,0x52,0x68,0x5a,0xa9,
    0x52,0x89,0x52,0x88,0x4a,0x47,0x52,0x68,0x4a,0x47,0x5a,0xa9,0x52,0x68,0x52,0x68,0x52,0x89,0x4a,0x48,0x4a,0x68,0x52,0x88,
    0x5a,0xa9,0x52,0x89,0x5a,0xa9,0x52,0x88,0x5a,0xa9,0x52,0x89,0x52,0x68,0x52,0x68,0x52,0x89,0x5a,0xc9,0x52,0x68,0x4a,0x48,
    0x52,0x47,0x52,0x68,0x52,0x88,0x5a,0x89,0x4a,0x48,0x5a,0xa9,0x5a,0xa8,0x5a,0x88,0x4a,0x48,0x52,0x68,0x5a,0xa8,0x62,0xc9,
    0x4a,0x48,0x4a,0x48,0x52,0x88,0x52,0x89,0x5a,0xa9,0x52,0x88,0x52,0x68,0x4a,0x27,0x63,0x0a,0x62,0xc9,0x4a,0x48,0x4a,0x47,
    0x62,0xe9,0x52,0x89,0x42,0x07,0x5a,0x88,0x52,0x88,0x52,0x68,0x52,0x68,0x5a,0xa9,0x52,0x48,0x52,0x89,0x52,0x68,0x5a,0xa9,
    0x52,0x48,0x52,0x68,0x4a,0x48,0x4a,0x48,0x52,0x88,0x52,0x68,0x4a,0x27,0x4a,0x27,0x5a,0xa9,0x52,0x68,0x4a,0x48,0x4a,0x27,
    0x52,0x68,0x4a,0x27,0x4a,0x48,0x42,0x07,0x5a,0x89,0x52,0x68,0x4a,0x47,0x4a,0x47,0x63,0x0a,0x52,0x68,0x4a,0x47,0x52,0x68,
    0x5a,0xa9,0x5a,0xa9,0x52,0x68,0x4a,0x48,0x42,0x07,0x41,0xe6,0x4a,0x47,0x52,0x88,0x42,0x07,0x4a,0x27,0x4a,0x27,0x4a,0x27,
    0x4a,0x27,0x4a,0x47,0x4a,0x27,0x4a,0x27,0x4a,0x48,0x52,0x68,0x52,0x68,0x4a,0x27,0x5a,0xa9,0x5a,0x88,0x5a,0x88,0x52,0x48,
    0x4a,0x47,0x52,0x47,0x4a,0x27,0x52,0x47,0x4a,0x27,0x39,0xc6,0x52,0x48,0x4a,0x47,0x42,0x06,0x42,0x06,0x4a,0x47,0x42,0x06,
    0x52,0x88,0x4a,0x48,0x52,0x68,0x52,0x89,0x62,0xc9,0x52,0x68,0x52,0x68,0x52,0x68,0x5a,0x89,0x5a,0x89,0x4a,0x47,0x4a,0x47,
    0x4a,0x07,0x52,0x48,0x5a,0x88,0x52,0x68,0x62,0xc9,0x52,0x68,0x4a,0x27,0x5a,0x88,0x52,0x68,0x52,0x88,0x5a,0x89,0x52,0x88,
    0x52,0x68,0x4a,0x48,0x52,0x88,0x52,0x68,0x4a,0x27,0x4a,0x48,0x52,0x88,0x4a,0x68,0x52,0x68,0x4a,0x27,0x4a,0x27,0x52,0x88,
    0x4a,0x47,0x4a,0x48,0x52,0x89,0x52,0x88,0x52,0x68,0x52,0x48,0x52,0x68,0x52,0x68,0x5a,0xa9,0x52,0x88,0x4a,0x48,0x4a,0x68,
    0x52,0x88,0x52,0x68,0x4a,0x47,0x4a,0x47,0x5a,0x89,0x52,0x88,0x52,0x68,0x52,0x68,0x52,0x47,0x5a,0x88,0x5a,0xc9,0x5a,0xa9,
    0x52,0x68,0x52,0x88,0x5a,0xa9,0x5a,0xc9,0x52,0x88,0x52,0x89,0x52,0x68,0x52,0x89,0x5a,0xa9,0x4a,0x48,0x4a,0x07,0x52,0x68,
    0x52,0x88,0x52,0x68,0x5a,0xa9,0x4a,0x48,0x52,0x68,0x4a,0x27,0x4a,0x68,0x4a,0x48,0x62,0xca,0x62,0xea,0x5a,0xc9,0x52,0x88,
    0x62,0xea,0x6b,0x0b,0x5a,0xca,0x52,0x88,0x52,0x88,0x5a,0xa9,0x62,0xca,0x4a,0x27,0x5a,0xa9,0x5a,0xca,0x5a,0xa9,0x4a,0x27,
    0x4a,0x48,0x4a,0x27,0x5a,0x89,0x5a,0xc9,0x5a,0x89,0x5a,0xc9,0x52,0x68,0x52,0x68,0x4a,0x47,0x5a,0xa9,0x52,0x88,0x5a,0x88,
    0x4a,0x48,0x5a,0x89,0x5a,0xa8,0x5a,0xc9,0x52,0x88,0x4a,0x47,0x4a,0x27,0x4a,0x27,0x52,0x68,0x4a,0x27,0x52,0x68,0x42,0x07,
    0x4a,0x48,0x4a,0x48,0x52,0x68,0x4a,0x48,0x52,0x68,0x52,0x68,0x52,0x68,0x52,0x68,0x42,0x07,0x4a,0x47,0x4a,0x27,0x4a,0x48,
    0x4a,0x48,0x4a,0x27,0x42,0x07,0x52,0x48,0x52,0x67,0x52,0x47,0x4a,0x47,0x52,0x47,0x52,0x68,0x52,0x88,0x52,0x68,0x4a,0x27,
    0x52,0x68,0x4a,0x27,0x4a,0x47,0x4a,0x47,0x52,0x68,0x4a,0x47,0x4a,0x07,0x52,0x47,0x52,0x68,0x52,0x68,0x4a,0x27,0x52,0x67,
    0x4a,0x47,0x52,0x68,0x52,0x68,0x5a,0x88,0x5a,0xc9,0x62,0xc9,0x4a,0x48,0x52,0x68,0x5a,0xa8,0x5a,0x88,0x4a,0x27,0x5a,0xa9,
    0x52,0x88,0x52,0x88,0x52,0x89,0x4a,0x48,0x5a,0x88,0x52,0x68,0x5a,0x89,0x5a,0x89,0x5a,0xa9,0x52,0x68,0x52,0x68,0x5a,0xa9,
    0x52,0x68,0x4a,0x48,0x4a,0x47,0x5a,0xa9,0x4a,0x27,0x4a,0x48,0x4a,0x27,0x5a,0xc9,0x52,0x89,0x4a,0x48,0x5a,0xa9,0x5a,0xa9,
    0x52,0x48,0x5a,0xa9,0x62,0xea,0x52,0x88,0x5a,0xa9,0x52,0x68,0x52,0x88,0x52,0x89,0x52,0x68,0x5a,0x89,0x52,0x68,0x52,0x68,
    0x52,0x68,0x4a,0x47,0x52,0x89,0x52,0x68,0x52,0x88,0x4a,0x27,0x4a,0x47,0x52,0x68,0x5a,0x89,0x52,0x68,0x52,0x89,0x4a,0x48,
    0x62,0xc9,0x5a,0xa9,0x4a,0x48,0x4a,0x48,0x52,0x68,0x52,0x88,0x4a,0x48,0x4a,0x48,0x42,0x07,0x52,0x68,0x5a,0xc9,0x52,0x88,
    0x41,0xe6,0x4a,0x48,0x5a,0xc9,0x4a,0x47,0x4a,0x27,0x52,0x68,0x52,0x88,0x42,0x07,0x4a,0x48,0x4a,0x48,0x52,0x68,0x4a,0x27,
    0x52,0x68,0x52,0x68,0x4a,0x27,0x4a,0x27,0x52,0x68,0x4a,0x27,0x4a,0x47,0x52,0x68,0x4a,0x48,0x4a,0x27,0x4a,0x47,0x4a,0x47,
    0x4a,0x27,0x4a,0x48,0x52,0x68,0x4a,0x27,0x52,0x68,0x52,0x68,0x4a,0x47,0x42,0x07,0x4a,0x47,0x62,0xc9,0x52,0x47,0x4a,0x27,
    0x52,0x68,0x5a,0x88,0x52,0x68,0x4a,0x27,0x4a,0x27,0x52,0x68,0x52,0x68,0x5a,0xa9,0x52,0x68,0x4a,0x47,0x4a,0x27,0x4a,0x27,
    0x52,0x68,0x5a,0xa9,0x5a,0x89,0x4a,0x48,0x4a,0x48,0x52,0x68,0x52,0x48,0x4a,0x48,0x5a,0xa9,0x4a,0x27,0x4a,0x48,0x4a,0x27,
    0x4a,0x27,0x52,0x68,0x4a,0x27,0x41,0xe6,0x52,0x88,0x4a,0x27,0x42,0x07,0x52,0x68,0x52,0x68,0x4a,0x48,0x42,0x07,0x52,0x88,
    0x4a,0x47,0x4a,0x48,0x4a,0x48,0x52,0x68,0x4a,0x47,0x4a,0x48,0x52,0x68,0x4a,0x27,0x4a,0x27,0x52,0x48,0x52,0x88,0x4a,0x27,
    0x4a,0x27,0x4a,0x27,0x4a,0x27,0x42,0x07,0x4a,0x48,0x4a,0x48,0x4a,0x27,0x42,0x07,0x42,0x07,0x4a,0x47,0x52,0x68,0x52,0x68,
    0x4a,0x27,0x4a,0x28,0x5a,0xa9,0x4a,0x48,0x52,0x89,0x52,0x89,0x4a,0x48,0x4a,0x27,0x42,0x27,0x52,0x68,0x4a,0x48,0x42,0x27,
    0x42,0x07,0x42,0x27,0x52,0x68,0x52,0x68,0x4a,0x48,0x52,0x68,0x52,0x88,0x52,0x88,0x4a,0x27,0x4a,0x27,0x4a,0x47,0x52,0x68,
    0x4a,0x27,0x4a,0x27,0x52,0x68,0x4a,0x48,0x52,0x68,0x52,0x47,0x42,0x07,0x52,0x68,0x52,0x68,0x5a,0x88,0x52,0x88,0x5a,0xa9,
    0x52,0x88,0x52,0x68,0x52,0x48,0x5a,0xa9,0x4a,0x48,0x4a,0x27,0x4a,0x27,0x5a,0x89,0x5a,0xa9,0x5a,0xc9,0x5a,0x88,0x52,0x68,
    0x5a,0xa8,0x5a,0xa9,0x5a,0xa8,0x5a,0xa9,0x62,0xe9,0x62,0xc9,0x5a,0xa9,0x5a,0x88,0x62,0xc9,0x62,0xea,0x62,0xe9,0x4a,0x48,
    0x4a,0x48,0x52,0x68,0x52,0x68,0x52,0x88,0x52,0x88,0x52,0x48,0x52,0x68,0x52,0x88,0x4a,0x27,0x52,0x68,0x4a,0x48,0x4a,0x27,
    0x52,0x48,0x52,0x68,0x4a,0x47,0x42,0x07,0x52,0x88,0x5a,0xa9,0x52,0x89,0x52,0x68,0x52,0x68,0x4a,0x27,0x4a,0x48,0x52,0x88,
    0x4a,0x48,0x5a,0xa9,0x52,0x48,0x52,0x88,0x52,0x47,0x5a,0xa9,0x52,0x88,0x5a,0x88,0x52,0x88,0x4a,0x48,0x5a,0x89,0x52,0x88,
    0x5a,0x88,0x52,0x68,0x5a,0xc9,0x52,0x68,0x4a,0x48,0x5a,0x89,0x5a,0x89,0x52,0x68,0x5a,0xa9,0x52,0x88,0x5a,0xa9,0x5a,0x88,
    0x4a,0x48,0x52,0x88,0x62,0xc9,0x4a,0x48,0x52,0x68,0x52,0x68,0x5a,0xa9,0x5a,0xa9,0x52,0x48,0x52,0x68,0x4a,0x47,0x52,0x88,
    0x4a,0x47,0x52,0x68,0x4a,0x47,0x4a,0x27,0x52,0x88,0x52,0x68,0x4a,0x48,0x5a,0xa9,0x52,0x88,0x52,0x88,0x4a,0x27,0x4a,0x27,
    0x5a,0xa9,0x52,0x68,0x42,0x07,0x4a,0x27,0x4a,0x48,0x4a,0x47,0x4a,0x68,0x52,0x68,0x4a,0x27,0x5a,0xa9,0x5a,0xa9,0x52,0x68,
    0x52,0x68,0x4a,0x47,0x52,0x68,0x52,0x88,0x4a,0x48,0x52,0x68,0x5a,0xa9,0x52,0x88,0x42,0x07,0x4a,0x48,0x62,0xc9,0x5a,0xa9,
    0x52,0x48,0x4a,0x47,0x4a,0x27,0x4a,0x47,0x52,0x88,0x52,0x88,0x52,0x48,0x4a,0x47,0x52,0x68,0x63,0x0a,0x5a,0x88,0x52,0x47,
    0x4a,0x47,0x5a,0x88,0x5a,0xa9,0x52,0x68,0x4a,0x47,0x4a,0x47,0x4a,0x27,0x4a,0x27,0x5a,0x88,0x52,0x68,0x52,0x68,0x52,0x68,
    0x62,0xc9,0x52,0x68,0x5a,0x88,0x63,0x0a,0x52,0x68,0x52,0x88,0x5a,0xc9,0x62,0xea,0x5a,0x88,0x5a,0x88,0x52,0x68,0x52,0x68,
    0x52,0x88,0x52,0x47,0x4a,0x27,0x4a,0x27,0x52,0x68,0x42,0x06,0x52,0x88,0x4a,0x27,0x52,0x68,0x4a,0x27,0x4a,0x27,0x4a,0x27,
    0x4a,0x27,0x52,0x68,0x52,0x88,0x52,0x88,0x4a,0x48,0x52,0x68,0x52,0x88,0x52,0x88,0x52,0x68,0x5a,0x89,0x52,0x68,0x5a,0xa9,
    0x62,0xca,0x5a,0xa9,0x52,0x68,0x5a,0xa9,0x52,0x68,0x52,0x88,0x4a,0x47,0x52,0x68,0x52,0x88,0x52,0x68,0x52,0x48,0x5a,0xa9,
    0x5a,0xa9,0x5a,0x88,0x52,0x68,0x5a,0xa9,0x5a,0x88,0x52,0x68,0x52,0x88,0x5a,0xc9,0x52,0x89,0x52,0x89,0x52,0x68,0x5a,0xa9,
    0x52,0x68,0x52,0x88,0x52,0x89,0x52,0x88,0x52,0x89,0x52,0x89,0x52,0x89,0x4a,0x48,0x5a,0xa9,0x5a,0xa9,0x52,0x88,0x52,0x68,
    0x4a,0x48,0x52,0x68,0x5a,0x89,0x52,0x68,0x52,0x88,0x4a,0x48,0x52,0x68,0x52,0x68,0x52,0x88,0x52,0x68,0x42,0x07,0x4a,0x27,
    0x52,0x88,0x5a,0x89,0x52,0x68,0x4a,0x47,0x52,0x68,0x62,0xca,0x52,0x68,0x4a,0x47,0x4a,0x27,0x52,0x68,0x52,0x68,0x4a,0x48,
    0x4a,0x47,0x4a,0x48,0x4a,0x47,0x4a,0x48,0x4a,0x47,0x42,0x07,0x4a,0x27,0x52,0x88,0x42,0x07,0x4a,0x48,0x52,0x68,0x5a,0xc9,
    0x4a,0x27,0x4a,0x47,0x4a,0x27,0x5a,0xa9,0x52,0x68,0x4a,0x47,0x4a,0x47,0x52,0x68,0x52,0x88,0x52,0x68,0x4a,0x68,0x52,0x68,
    0x63,0x0b,0x4a,0x47,0x4a,0x48,0x5a,0xa8,0x6b,0x2b,0x52,0x68,0x52,0x89,0x52,0x88,0x52,0x48,0x4a,0x27,0x62,0xea,0x62,0xea,
    0x4a,0x27,0x52,0x68,0x52,0x68,0x52,0x47,0x5a,0xa9,0x52,0x68,0x4a,0x47,0x4a,0x27,0x52,0x47,0x52,0x88,0x4a,0x27,0x52,0x68,
    0x52,0x68,0x5a,0xa8,0x52,0x68,0x4a,0x48,0x52,0x48,0x52,0x68,0x52,0x68,0x4a,0x27,0x52,0x68,0x52,0x47,0x52,0x68,0x52,0x88,
    0x5a,0xa9,0x4a,0x47,0x4a,0x48,0x5a,0x89,0x52,0x88,0x4a,0x48,0x4a,0x47,0x52,0x68,0x4a,0x27,0x4a,0x48,0x52,0x68,0x52,0x68,
    0x5a,0x89,0x5a,0xc9,0x52,0x68,0x52,0x88,0x5a,0xa9,0x5a,0x89,0x52,0x88,0x52,0x89,0x52,0x68,0x4a,0x48,0x52,0x88,0x4a,0x48,
    0x4a,0x27,0x4a,0x28,0x4a,0x27,0x4a,0x48,0x52,0x68,0x4a,0x27,0x52,0x88,0x52,0x68,0x4a,0x48,0x4a,0x48,0x4a,0x27,0x5a,0xa9,
    0x5a,0xa9,0x5a,0xa9,0x52,0x88,0x52,0x68,0x5a,0xa9,0x52,0x88,0x52,0x88,0x52,0x68,0x52,0x68,0x4a,0x48,0x4a,0x68,0x4a,0x68,
    0x5a,0xa9,0x52,0x68,0x42,0x07,0x4a,0x27,0x52,0x68,0x52,0x68,0x4a,0x48,0x52,0x68,0x4a,0x48,0x52,0x68,0x5a,0xa9,0x52,0x89,
    0x4a,0x27,0x52,0x88,0x52,0x68,0x4a,0x27,0x4a,0x48,0x52,0x68,0x52,0x68,0x52,0x88,0x52,0x88,0x4a,0x27,0x4a,0x27,0x5a,0xa8,
    0x52,0x68,0x52,0x88,0x52,0x88,0x5a,0x88,0x52,0x88,0x52,0x68,0x52,0x48,0x52,0x68,0x6b,0x2a,0x62,0xc9,0x5a,0x89,0x42,0x07,
    0x5a,0xc9,0x5a,0xc9,0x5a,0x89,0x4a,0x47,0x52,0x88,0x52,0x68,0x52,0x68,0x4a,0x47,0x4a,0x27,0x4a,0x48,0x4a,0x48,0x42,0x27,
    0x4a,0x48,0x4a,0x48,0x52,0x68,0x5a,0xa9,0x42,0x07,0x4a,0x47,0x52,0x88,0x52,0x88,0x4a,0x47,0x52,0x88,0x52,0x68,0x52,0x68,
    0x4a,0x27,0x52,0x89,0x4a,0x27,0x52,0x68,0x52,0x48,0x52,0x48,0x52,0x68,0x4a,0x47,0x52,0x88,0x52,0x68,0x4a,0x27,0x4a,0x47,
    0x52,0x68,0x5a,0xa9,0x4a,0x27,0x4a,0x47,0x5a,0xa9,0x52,0x68,0x52,0x68,0x4a,0x27,0x52,0x48,0x52,0x88,0x52,0x68,0x52,0x68,
    0x5a,0xa9,0x52,0x88,0x52,0x89,0x52,0x89,0x52,0x68,0x52,0x68,0x52,0x68,0x52,0x48,0x42,0x07,0x4a,0x27,0x4a,0x47,0x4a,0x48,
    0x4a,0x27,0x42,0x07,0x4a,0x27,0x52,0x68,0x4a,0x27,0x42,0x07,0x52,0x68,0x4a,0x47,0x52,0x68,0x52,0x68,0x4a,0x27,0x52,0x48,
    0x4a,0x47,0x4a,0x48,0x4a,0x27,0x4a,0x27,0x4a,0x48,0x4a,0x27,0x4a,0x27,0x52,0x68,0x4a,0x48,0x4a,0x47,0x52,0x68,0x52,0x88,
    0x52,0x68,0x52,0x88,0x52,0x88,0x62,0xc9,0x42,0x07,0x39,0xc6,0x42,0x07,0x4a,0x27,0x4a,0x27,0x39,0xc6,0x41,0xe6,0x4a,0x27,
    0x52,0x47,0x4a,0x27,0x4a,0x47,0x52,0x88,0x52,0x68,0x52,0x47,0x52,0x68,0x52,0x88,0x52,0x88,0x4a,0x27,0x4a,0x48,0x52,0x68,
    0x4a,0x48,0x4a,0x48,0x52,0x68,0x52,0x88,0x52,0x68,0x52,0x88,0x52,0x68,0x5a,0xa9,0x52,0x88,0x52,0x68,0x52,0x88,0x52,0x68,
    0x52,0x89,0x52,0x68,0x5a,0xa9,0x5a,0xa9,0x52,0x88,0x5a,0x88,0x62,0xe9,0x62,0xea,0x4a,0x48,0x5a,0xa9,0x62,0xea,0x5a,0xa9,
    0x52,0x68,0x5a,0xc9,0x52,0x89,0x5a,0xc9,0x5a,0xc9,0x5a,0xc9,0x5a,0xa9,0x4a,0x48,0x5a,0xa9,0x62,0xea,0x52,0x68,0x4a,0x48,
    0x5a,0xc9,0x6b,0x0a,0x52,0x68,0x52,0x68,0x5a,0xa9,0x4a,0x48,0x5a,0xa9,0x4a,0x48,0x4a,0x48,0x52,0x68,0x4a,0x47,0x42,0x06,
    0x52,0x88,0x5a,0xa8,0x52,0x68,0x52,0x47,0x52,0x88,0x52,0x88,0x52,0x68,0x52,0x68,0x4a,0x27,0x5a,0x88,0x52,0x88,0x52,0x68,
    0x62,0xc9,0x52,0x88,0x5a,0xa9,0x52,0x68,0x6b,0x09,0x52,0x68,0x52,0x88,0x52,0x47,0x4a,0x47,0x41,0xe6,0x52,0x68,0x5a,0xa9,
    0x52,0x68,0x4a,0x47,0x52,0x48,0x52,0x88,0x5a,0xa9,0x52,0x88,0x52,0x89,0x4a,0x47,0x52,0x88,0x62,0xea,0x52,0x68,0x4a,0x47,
    0x5a,0x89,0x5a,0xa9,0x4a,0x47,0x5a,0x89,0x4a,0x47,0x4a,0x47,0x52,0x68,0x52,0x68,0x4a,0x48,0x52,0x68,0x52,0x68,0x4a,0x48,
    0x52,0x68,0x52,0x68,0x5a,0x88,0x52,0x68,0x5a,0x89,0x52,0x88,0x52,0x89,0x42,0x07,0x52,0x88,0x5a,0xa9,0x4a,0x48,0x4a,0x27,
    0x42,0x07,0x4a,0x27,0x5a,0xc9,0x5a,0xa9,0x42,0x07,0x4a,0x27,0x5a,0xa9,0x63,0x0a,0x4a,0x48,0x4a,0x27,0x4a,0x27,0x4a,0x48,
    0x4a,0x27,0x52,0x68,0x4a,0x47,0x52,0x88,0x4a,0x68,0x52,0x88,0x52,0x68,0x4a,0x48,0x5a,0xc9,0x52,0x89,0x4a,0x48,0x42,0x27,
    0x5a,0xa9,0x52,0x89,0x4a,0x47,0x4a,0x48,0x5a,0xa9,0x4a,0x48,0x52,0x89,0x4a,0x48,0x42,0x07,0x4a,0x47,0x52,0x68,0x42,0x07,
    0x4a,0x48,0x4a,0x27,0x4a,0x27,0x4a,0x27,0x4a,0x48,0x4a,0x27,0x42,0x07,0x4a,0x27,0x4a,0x27,0x4a,0x27,0x4a,0x27,0x4a,0x47,
    0x4a,0x47,0x4a,0x27,0x52,0x47,0x5a,0x88,0x52,0x47,0x4a,0x27,0x4a,0x27,0x4a,0x27,0x52,0x68,0x52,0x88,0x4a,0x27,0x4a,0x27,
    0x4a,0x27,0x52,0x48,0x73,0x6c,0x62,0xea,0x4a,0x07,0x39,0xc6,0x4a,0x07,0x4a,0x27,0x42,0x06,0x41,0xe6,0x39,0xc6,0x41,0xe6,
    0x4a,0x07,0x42,0x07,0x41,0xe6,0x39,0xc6,0x4a,0x27,0x42,0x06,0x42,0x07,0x52,0x68,0x52,0x68,0x5a,0x89,0x52,0x68,0x52,0x68,
    0x4a,0x47,0x42,0x06,0x62,0xe9,0x5a,0xc9,0x4a,0x07,0x52,0x48,0x52,0x88,0x5a,0xa9,0x4a,0x47,0x42,0x07,0x4a,0x27,0x5a,0x88,
    0x52,0x47,0x52,0x89,0x63,0x0a,0x5a,0xc9,0x52,0x47,0x52,0x68,0x62,0xc9,0x52,0x68,0x52,0x68,0x62,0xc9,0x5a,0x88,0x5a,0x88,
    0x6b,0x0a,0x62,0xc9,0x5a,0x88,0x5a,0x68,0x5a,0xa9,0x52,0x88,0x52,0x89,0x52,0x89,0x52,0x68,0x52,0x89,0x52,0x89,0x5a,0xa9,
    0x52,0x89,0x5a,0x89,0x5a,0xa9,0x5a,0xa9,0x6b,0x0a,0x62,0xc9,0x5a,0xa9,0x52,0x88,0x52,0x68,0x4a,0x48,0x5a,0xa9,0x52,0x48,
    0x52,0x48,0x4a,0x47,0x5a,0xa9,0x5a,0xa9,0x52,0x68,0x5a,0xc9,0x5a,0xa9,0x62,0xc9,0x4a,0x27,0x5a,0xa9,0x5a,0xa9,0x52,0x68,
    0x52,0x88,0x52,0x88,0x4a,0x47,0x5a,0xa9,0x5a,0xa9,0x4a,0x27,0x4a,0x48,0x52,0x89,0x5a,0x89,0x52,0x48,0x5a,0xc9,0x5a,0xa9,
    0x52,0x68,0x4a,0x48,0x52,0x68,0x52,0x68,0x52,0x88,0x5a,0xc9,0x52,0x68,0x52,0x48,0x5a,0xa9,0x5a,0xa9,0x52,0x48,0x52,0x89,
    0x52,0x89,0x52,0x68,0x52,0x88,0x5a,0xa9,0x4a,0x47,0x4a,0x48,0x5a,0x89,0x4a,0x27,0x4a,0x47,0x4a,0x48,0x4a,0x27,0x42,0x07,
    0x5a,0x89,0x52,0x68,0x52,0x48,0x4a,0x47,0x52,0x68,0x52,0x88,0x52,0x88,0x4a,0x47,0x4a,0x27,0x52,0x68,0x5a,0xa9,0x4a,0x27,
    0x4a,0x48,0x4a,0x48,0x4a,0x48,0x4a,0x27,0x4a,0x48,0x4a,0x27,0x4a,0x27,0x4a,0x48,0x4a,0x48,0x4a,0x27,0x42,0x27,0x4a,0x27,
    0x4a,0x48,0x52,0x68,0x42,0x07,0x42,0x07,0x4a,0x27,0x42,0x07,0x4a,0x48,0x52,0x68,0x4a,0x48,0x42,0x07,0x4a,0x48,0x52,0x68,
    0x4a,0x27,0x4a,0x27,0x52,0x68,0x4a,0x48,0x42,0x06,0x52,0x68,0x4a,0x48,0x4a,0x48,0x4a,0x48,0x52,0x68,0x4a,0x48,0x52,0x68,
    0x5a,0xa9,0x5a,0xa9,0x52,0x68,0x5a,0xa9,0x5a,0xa9,0x5a,0xa9,0x52,0x68,0x5a,0xa9,0x4a,0x48,0x4a,0x27,0x4a,0x48,0x4a,0x27,
    0x52,0x68,0x52,0x89,0x5a,0xa9,0x5a,0x89,0x52,0x89,0x5a,0xa9,0x5a,0xa9,0x5a,0xa9,0x5a,0x89,0x52,0x89,0x52,0x88,0x5a,0xa9,
    0x52,0x68,0x52,0x68,0x52,0x88,0x52,0x88,0x52,0x68,0x52,0x68,0x5a,0x89,0x5a,0xa9,0x5a,0xa9,0x4a,0x48,0x52,0x68,0x52,0x88,
    0x5a,0xa9,0x52,0x68,0x4a,0x27,0x52,0x68,0x5a,0xa9,0x4a,0x47,0x52,0x68,0x52,0x68,0x5a,0xa9,0x5a,0xc9,0x62,0xc9,0x62,0xc9,
    0x62,0xc9,0x63,0x0a,0x5a,0x88,0x52,0x68,0x4a,0x47,0x52,0x68,0x4a,0x27,0x42,0x07,0x52,0x47,0x52,0x67,0x4a,0x27,0x4a,0x27,
    0x4a,0x48,0x4a,0x27,0x4a,0x27,0x4a,0x48,0x4a,0x27,0x4a,0x48,0x4a,0x48,0x4a,0x27,0x52,0x48,0x4a,0x48,0x4a,0x27,0x4a,0x27,
    0x4a,0x27,0x52,0x68,0x4a,0x27,0x42,0x07,0x52,0x68,0x5a,0x89,0x52,0x68,0x52,0x68,0x42,0x07,0x52,0x68,0x52,0x68,0x4a,0x47,
    0x42,0x07,0x4a,0x27,0x4a,0x27,0x4a,0x27,0x4a,0x48,0x52,0x48,0x42,0x07,0x42,0x07,0x5a,0xa9,0x4a,0x47,0x42,0x07,0x52,0x48,
    0x4a,0x47,0x4a,0x47,0x42,0x07,0x52,0x68,0x4a,0x47,0x4a,0x47,0x52,0x68,0x52,0x68,0x52,0x68,0x52,0x88,0x52,0x68,0x52,0x68,
    0x5a,0xa9,0x52,0x68,0x4a,0x48,0x52,0x48,0x4a,0x48,0x4a,0x48,0x52,0x68,0x52,0x68,0x4a,0x27,0x4a,0x48,0x4a,0x68,0x4a,0x48,
    0x4a,0x48,0x52,0x68,0x4a,0x48,0x52,0x68,0x5a,0xa9,0x52,0x68,0x4a,0x47,0x52,0x88,0x52,0x88,0x4a,0x48,0x5a,0xc9,0x52,0x88,
    0x52,0x68,0x52,0x68,0x52,0x68,0x5a,0xa9,0x52,0x68,0x52,0x68,0x4a,0x47,0x52,0x88,0x5a,0xa9,0x5a,0xa9,0x52,0x88,0x52,0x68,
    0x5a,0xa9,0x5a,0xa9,0x52,0x88,0x4a,0x47,0x52,0x88,0x52,0x88,0x5a,0x89,0x5a,0x89,0x5a,0xa9,0x5a,0xa9,0x5a,0x89,0x52,0x88,
    0x4a,0x47,0x52,0x68,0x52,0x88,0x52,0x68,0x52,0x67,0x52,0x68,0x52,0x68,0x4a,0x47,0x52,0x68,0x52,0x47,0x4a,0x47,0x52,0x47,
    0x52,0x48,0x5a,0xa9,0x5a,0x88,0x4a,0x47,0x52,0x68,0x52,0x88,0x5a,0xc9,0x52,0x88,0x52,0x47,0x52,0x88,0x52,0x68,0x52,0x68,
    0x52,0x68,0x62,0xc9,0x52,0x88,0x52,0x68,0x5a,0x88,0x5a,0x88,0x52,0x68,0x52,0x47,0x52,0x68,0x4a,0x48,0x5a,0xa9,0x6b,0x0a,
    0x4a,0x48,0x4a,0x27,0x5a,0xa9,0x5a,0xa9,0x52,0x68,0x52,0x68,0x52,0x88,0x4a,0x47,0x52,0x68,0x52,0x88,0x4a,0x48,0x52,0x68,
    0x52,0x68,0x52,0x68,0x52,0x68,0x4a,0x27,0x52,0x88,0x5a,0xa9,0x52,0x88,0x5a,0xa9,0x52,0x68,0x52,0x68,0x62,0xea,0x62,0xc9,
    0x5a,0x89,0x52,0x68,0x52,0x68,0x52,0x88,0x4a,0x27,0x52,0x47,0x52,0x47,0x5a,0xa9,0x5a,0x88,0x4a,0x27,0x52,0x68,0x5a,0xa9,
    0x62,0xc9,0x52,0x68,0x42,0x07,0x4a,0x27,0x5a,0xa9,0x52,0x68,0x52,0x68,0x4a,0x48,0x52,0x88,0x52,0x68,0x52,0x68,0x52,0x68,
    0x52,0x48,0x52,0x68,0x5a,0xa9,0x5a,0xa9,0x4a,0x48,0x4a,0x48,0x52,0x88,0x4a,0x47,0x4a,0x48,0x4a,0x47,0x4a,0x47,0x52,0x68,
    0x4a,0x27,0x4a,0x48,0x5a,0x89,0x52,0x68,0x4a,0x27,0x4a,0x48,0x52,0x68,0x52,0x88,0x5a,0x89,0x52,0x89,0x52,0x88,0x52,0x68,
    0x52,0x68,0x4a,0x48,0x42,0x07,0x4a,0x27,0x4a,0x48,0x52,0x68,0x4a,0x27,0x4a,0x47,0x4a,0x48,0x4a,0x27,0x52,0x68,0x52,0x68,
    0x4a,0x48,0x4a,0x27,0x5a,0x89,0x52,0x68,0x5a,0x88,0x52,0x88,0x4a,0x48,0x52,0x48,0x52,0x68,0x52,0x68,0x52,0x88,0x52,0x89,
    0x52,0x68,0x4a,0x27,0x52,0x68,0x52,0x88,0x4a,0x48,0x52,0x88,0x5a,0xa9,0x5a,0xa9,0x4a,0x48,0x5a,0xc9,0x62,0xca,0x5a,0xa9,
    0x52,0x88,0x52,0x89,0x52,0x68,0x4a,0x48,0x52,0x68,0x52,0x68,0x4a,0x48,0x52,0x68,0x4a,0x27,0x4a,0x48,0x52,0x89,0x5a,0xa9,
    0x4a,0x48,0x52,0x68,0x52,0x68,0x52,0x88,0x4a,0x27,0x41,0xe7,0x42,0x07,0x41,0xe6,0x42,0x07,0x41,0xe6,0x39,0xe6,0x41,0xe6,
    0x4a,0x27,0x41,0xe6,0x39,0xc6,0x42,0x07,0x52,0x89,0x4a,0x48,0x41,0xe6,0x52,0x88,0x42,0x27,0x4a,0x48,0x7b,0xad,0x5a,0xa9,
    0x42,0x07,0x4a,0x27,0x52,0x68,0x52,0x68,0x42,0x07,0x42,0x07,0x52,0x68,0x52,0x68,0x42,0x07,0x4a,0x48,0x4a,0x27,0x4a,0x47,
    0x41,0xe6,0x4a,0x27,0x52,0x68,0x4a,0x27,0x4a,0x27,0x42,0x06,0x4a,0x47,0x52,0x68,0x52,0x88,0x4a,0x27,0x42,0x27,0x52,0x88,
    0x42,0x07,0x42,0x07,0x4a,0x47,0x52,0x68,0x52,0x88,0x4a,0x47,0x52,0x68,0x5a,0xa9,0x52,0x68,0x4a,0x27,0x4a,0x48,0x4a,0x27,
    0x4a,0x27,0x42,0x07,0x4a,0x47,0x4a,0x47,0x52,0x68,0x4a,0x48,0x52,0x68,0x52,0x68,0x6b,0x2a,0x5a,0xc9,0x62,0xe9,0x5a,0xa9,
    0x62,0xea,0x4a,0x48,0x5a,0x89,0x5a,0xca,0x52,0x88,0x52,0x68,0x52,0x68,0x4a,0x27,0x52,0x68,0x52,0x88,0x52,0x68,0x4a,0x27,
    0x52,0x68,0x63,0x0a,0x5a,0xa9,0x52,0x68,0x52,0x48,0x52,0x88,0x52,0x68,0x52,0x88,0x52,0x68,0x4a,0x47,0x52,0x89,0x4a,0x48,
    0x52,0x88,0x52,0x68,0x52,0x68,0x4a,0x47,0x52,0x68,0x52,0x68,0x52,0x68,0x52,0x68,0x4a,0x68,0x52,0x68,0x52,0x48,0x52,0x68,
    0x52,0x89,0x4a,0x48,0x42,0x07,0x42,0x07,0x52,0x68,0x4a,0x48,0x4a,0x48,0x4a,0x27,0x52,0x68,0x52,0x88,0x4a,0x48,0x42,0x07,
    0x52,0x68,0x4a,0x48,0x52,0x68,0x52,0x88,0x4a,0x47,0x52,0x68,0x4a,0x27,0x4a,0x47,0x42,0x07,0x4a,0x27,0x4a,0x27,0x4a,0x07,
    0x52,0x68,0x4a,0x48,0x4a,0x27,0x4a,0x27,0x52,0x88,0x4a,0x48,0x42,0x07,0x41,0xe7,0x52,0x68,0x4a,0x07,0x41,0xe7,0x42,0x07,
    0x4a,0x27,0x4a,0x47,0x4a,0x27,0x4a,0x27,0x4a,0x48,0x52,0x48,0x4a,0x48,0x5a,0x88,0x4a,0x27,0x4a,0x27,0x4a,0x47,0x4a,0x47,
    0x4a,0x27,0x4a,0x47,0x4a,0x48,0x52,0x68,0x4a,0x47,0x4a,0x27,0x4a,0x27,0x4a,0x47,0x52,0x88,0x4a,0x48,0x42,0x07,0x4a,0x27,
    0x52,0x68,0x4a,0x27,0x52,0x68,0x52,0x68,0x52,0x68,0x4a,0x27,0x4a,0x48,0x4a,0x48,0x4a,0x27,0x4a,0x48,0x4a,0x48,0x5a,0xa9,
    0x4a,0x27,0x5a,0x89,0x52,0x68,0x5a,0xc9,0x52,0x68,0x52,0x88,0x52,0x68,0x5a,0xc9,0x4a,0x27,0x4a,0x27,0x52,0x68,0x52,0x68,
    0x52,0x68,0x4a,0x48,0x52,0x68,0x52,0x68,0x5a,0xc9,0x42,0x27,0x4a,0x48,0x4a,0x48,0x52,0x68,0x4a,0x48,0x52,0x68,0x52,0x68,
    0x4a,0x48,0x52,0x88,0x52,0x68,0x4a,0x27,0x52,0x68,0x52,0x89,0x4a,0x27,0x4a,0x27,0x52,0x48,0x52,0x68,0x52,0x68,0x52,0x68,
    0x4a,0x48,0x52,0x68,0x5a,0x89,0x5a,0xa9,0x4a,0x27,0x52,0x68,0x52,0x68,0x5a,0xa9,0x4a,0x27,0x4a,0x48,0x4a,0x68,0x5a,0xa9,
    0x52,0x48,0x52,0x48,0x5a,0x88,0x4a,0x27,0x52,0x68,0x52,0x68,0x52,0x67,0x6a,0xe9,0x5a,0x88,0x5a,0xa9,0x4a,0x48,0x5a,0x89,
    0x5a,0xc9,0x4a,0x48,0x52,0x89,0x4a,0x47,0x5a,0x88,0x4a,0x48,0x42,0x27,0x4a,0x48,0x52,0x88,0x4a,0x27,0x52,0x88,0x52,0x68,
    0x4a,0x48,0x52,0x68,0x52,0x89,0x4a,0x27,0x52,0x88,0x5a,0x89,0x4a,0x48,0x4a,0x27,0x5a,0x89,0x5a,0x89,0x4a,0x48,0x4a,0x27,
    0x52,0x88,0x62,0xca,0x52,0x68,0x52,0x68,0x52,0x68,0x5a,0xa9,0x4a,0x48,0x4a,0x48,0x4a,0x27,0x42,0x27,0x4a,0x27,0x4a,0x47,
    0x52,0x68,0x52,0x68,0x52,0x68,0x52,0x68,0x52,0x68,0x5a,0xa9,0x52,0x48,0x5a,0x88,0x52,0x68,0x52,0x68,0x52,0x68,0x5a,0x88,
    0x52,0x68,0x52,0x68,0x52,0x88,0x52,0x88,0x52,0x68,0x4a,0x27,0x4a,0x48,0x52,0x68,0x52,0x48,0x4a,0x48,0x4a,0x48,0x4a,0x48,
    0x4a,0x27,0x42,0x27,0x4a,0x48,0x52,0x68,0x4a,0x48,0x4a,0x27,0x52,0x68,0x52,0x68,0x52,0x88,0x4a,0x48,0x4a,0x27,0x4a,0x48,
    0x4a,0x47,0x52,0x68,0x52,0x68,0x52,0x68,0x4a,0x47,0x52,0x68,0x52,0x89,0x42,0x07,0x52,0x48,0x52,0x68,0x52,0x68,0x4a,0x27,
    0x4a,0x48,0x4a,0x48,0x4a,0x48,0x52,0x88,0x52,0x68,0x4a,0x48,0x4a,0x27,0x5a,0xa9,0x4a,0x48,0x4a,0x27,0x5a,0xa9,0x52,0x68,
    0x52,0x68,0x4a,0x48,0x52,0x88,0x5a,0xa9,0x5a,0xa9,0x52,0x88,0x52,0x88,0x5a,0x88,0x4a,0x47,0x52,0x68,0x5a,0x89,0x62,0xea,
    0x52,0x88,0x5a,0x89,0x52,0x68,0x63,0x0a,0x4a,0x48,0x5a,0x89,0x5a,0x88,0x52,0x68,0x5a,0xa9,0x5a,0xa9,0x52,0x88,0x62,0xc9,
    0x6b,0x0a,0x52,0x68,0x52,0x88,0x62,0xa8,0x62,0xca,0x52,0x68,0x5a,0xc9,0x62,0xea,0x5a,0xa9,0x5a,0x88,0x62,0xc9,0x52,0x68,
    0x62,0xc9,0x5a,0x87,0x5a,0x88,0x62,0xc9,0x6b,0x0a,0x73,0x4b,0x62,0xc8,0x62,0xe9,0x62,0xa8,0x5a,0xa8,0x62,0xc9,0x62,0xa8,
    0x5a,0xa9,0x52,0x68,0x52,0x68,0x52,0x68,0x52,0x88,0x52,0x68,0x4a,0x27,0x4a,0x27,0x5a,0x88,0x4a,0x27,0x42,0x07,0x4a,0x27,
    0x52,0x88,0x52,0x48,0x4a,0x27,0x4a,0x48,0x4a,0x27,0x52,0x68,0x62,0xea,0x52,0x68,0x5a,0xa9,0x52,0x68,0x52,0x68,0x52,0x88,
    0x52,0x88,0x52,0x89,0x52,0x68,0x52,0x88,0x52,0x68,0x4a,0x47,0x5a,0x89,0x52,0x68,0x4a,0x48,0x52,0x68,0x52,0x68,0x4a,0x47,
    0x52,0x68,0x52,0x88,0x52,0x68,0x5a,0xa9,0x52,0x89,0x4a,0x47,0x4a,0x48,0x5a,0xa9,0x52,0x68,0x52,0x68,0x52,0x68,0x52,0x68,
    0x4a,0x47,0x4a,0x47,0x4a,0x48,0x4a,0x48,0x5a,0xa9,0x4a,0x47,0x4a,0x48,0x52,0x68,0x52,0x88,0x52,0x89,0x62,0xca,0x5a,0xa9,
    0x52,0x68,0x52,0x68,0x4a,0x48,0x4a,0x48,0x52,0x68,0x4a,0x47,0x4a,0x27,0x42,0x27,0x4a,0x27,0x4a,0x27,0x42,0x07,0x4a,0x27,
    0x4a,0x27,0x4a,0x27,0x4a,0x27,0x52,0x68,0x4a,0x27,0x52,0x68,0x52,0x68,0x52,0x68,0x4a,0x27,0x52,0x88,0x4a,0x27,0x52,0x68,
    0x4a,0x47,0x52,0x68,0x4a,0x27,0x5a,0x89,0x4a,0x48,0x4a,0x27,0x4a,0x27,0x52,0x88,0x52,0x88,0x4a,0x27,0x4a,0x27,0x5a,0xa9,
    0x5a,0xa9,0x4a,0x27,0x4a,0x27,0x5a,0x89,0x52,0x68,0x52,0x68,0x52,0x68,0x6b,0x0a,0x5a,0xa9,0x5a,0xa9,0x5a,0xa9,0x5a,0xa9,
    0x5a,0xc9,0x5a,0xa9,0x52,0x68,0x4a,0x27,0x5a,0xa9,0x5a,0xa9,0x52,0x68,0x4a,0x47,0x6b,0x0a,0x52,0x68,0x52,0x68,0x52,0x68,
    0x6b,0x0a,0x52,0x68,0x5a,0x89,0x4a,0x47,0x52,0x68,0x52,0x88,0x52,0x88,0x5a,0xa9,0x4a,0x27,0x52,0x88,0x52,0x68,0x52,0x88,
    0x4a,0x47,0x42,0x07,0x4a,0x27,0x5a,0x88,0x42,0x27,0x4a,0x27,0x4a,0x47,0x4a,0x47,0x5a,0xa9,0x52,0x68,0x52,0x68,0x42,0x07,
    0x52,0x68,0x52,0x88,0x4a,0x48,0x41,0xe6,0x4a,0x47,0x52,0x68,0x4a,0x48,0x4a,0x47,0x52,0x68,0x52,0x88,0x5a,0xa9,0x52,0x68,
    0x42,0x06,0x42,0x07,0x4a,0x47,0x42,0x07,0x42,0x27,0x4a,0x27,0x41,0xe6,0x42,0x07,0x4a,0x27,0x52,0x48,0x52,0x68,0x52,0x68,
    0x4a,0x27,0x52,0x68,0x4a,0x27,0x4a,0x27,0x4a,0x27,0x4a,0x27,0x4a,0x47,0x52,0x48,0x4a,0x27,0x4a,0x27,0x52,0x88,0x52,0x68,
    0x62,0xe9,0x52,0x88,0x5a,0xa9,0x52,0x68,0x4a,0x27,0x4a,0x27,0x52,0x68,0x4a,0x48,0x4a,0x47,0x4a,0x27,0x4a,0x48,0x4a,0x48,
    0x4a,0x27,0x4a,0x27,0x4a,0x48,0x4a,0x27,0x5a,0xc9,0x52,0x68,0x4a,0x48,0x4a,0x27,0x5a,0xa9,0x5a,0xa9,0x52,0x88,0x52,0x89,
    0x4a,0x27,0x52,0x68,0x52,0x68,0x52,0x48,0x4a,0x48,0x4a,0x47,0x62,0xea,0x62,0xea,0x5a,0x89,0x52,0x88,0x52,0x88,0x52,0x68,
    0x4a,0x27,0x52,0x68,0x62,0xc9,0x5a,0xa9,0x4a,0x27,0x42,0x06,0x4a,0x47,0x42,0x07,0x42,0x06,0x4a,0x27,0x42,0x07,0x4a,0x47,
    0x52,0x88,0x4a,0x47,0x4a,0x47,0x4a,0x27,0x5a,0xa9,0x52,0x88,0x52,0x68,0x52,0x48,0x4a,0x47,0x5a,0x88,0x52,0x47,0x5a,0x88,
    0x42,0x07,0x4a,0x07,0x5a,0x88,0x5a,0xa9,0x41,0xe6,0x4a,0x27,0x42,0x07,0x42,0x07,0x4a,0x27,0x42,0x06,0x4a,0x47,0x4a,0x27,
    0x52,0x68,0x52,0x48,0x5a,0x89,0x52,0x68,0x52,0x68,0x52,0x68,0x52,0x68,0x52,0x88,0x4a,0x27,0x4a,0x27,0x4a,0x27,0x52,0x68,
    0x4a,0x47,0x4a,0x27,0x42,0x07,0x52,0x68,0x52,0x48,0x52,0x68,0x42,0x07,0x4a,0x48,0x52,0x88,0x5a,0xa9,0x52,0x88,0x4a,0x47,
    0x52,0x68,0x42,0x07,0x41,0xe6,0x4a,0x48,0x52,0x68,0x42,0x07,0x42,0x07,0x4a,0x27,0x4a,0x48,0x4a,0x48,0x52,0x68,0x4a,0x27,
    0x4a,0x47,0x4a,0x48,0x52,0x68,0x52,0x68,0x4a,0x27,0x4a,0x27,0x4a,0x48,0x52,0x88,0x42,0x07,0x42,0x07,0x52,0x68,0x52,0x89,
    0x42,0x07,0x42,0x07,0x52,0x68,0x52,0x68,0x42,0x07,0x4a,0x27,0x4a,0x68,0x52,0x68,0x52,0x89,0x5a,0xa9,0x52,0x88,0x4a,0x48,
    0x52,0x68,0x52,0x68,0x52,0x48,0x52,0x68,0x4a,0x68,0x4a,0x48,0x4a,0x48,0x52,0x88,0x52,0x68,0x4a,0x27,0x4a,0x48,0x5a,0x89,
    0x4a,0x48,0x4a,0x48,0x4a,0x48,0x42,0x27,0x52,0x68,0x52,0x48,0x39,0xe6,0x41,0xe7,0x52,0x68,0x52,0x88,0x42,0x07,0x42,0x07,
    0x4a,0x48,0x4a,0x27,0x42,0x07,0x42,0x07,0x4a,0x48,0x52,0x88,0x52,0x88,0x52,0x88,0x4a,0x47,0x52,0x88,0x5a,0xa9,0x52,0x48,
    0x42,0x07,0x42,0x07,0x4a,0x27,0x4a,0x47,0x4a,0x27,0x41,0xe6,0x42,0x27,0x52,0x68,0x6b,0x2b,0x4a,0x27,0x4a,0x27,0x4a,0x27,
    0x62,0xea,0x5a,0xa9,0x52,0x68,0x4a,0x27,0x5a,0xa9,0x6b,0x2b,0x5a,0x89,0x52,0x68,0x4a,0x48,0x52,0x88,0x5a,0xa9,0x5a,0xa9,
    0x52,0x68,0x52,0x68,0x52,0x68,0x52,0x68,0x4a,0x27,0x5a,0x88,0x5a,0xa9,0x5a,0xa9,0x52,0x89,0x62,0xea,0x52,0x68,0x52,0x88,
    0x5a,0x89,0x5a,0x88,0x4a,0x27,0x4a,0x48,0x52,0x48,0x52,0x68,0x52,0x68,0x4a,0x27,0x52,0x68,0x52,0x68,0x52,0x88,0x4a,0x27,
    0x4a,0x27,0x52,0x68,0x52,0x68,0x4a,0x27,0x4a,0x48,0x42,0x06,0x4a,0x47,0x5a,0xa9,0x4a,0x48,0x4a,0x47,0x4a,0x47,0x4a,0x47,
    0x52,0x88,0x52,0x88,0x42,0x07,0x4a,0x27,0x4a,0x48,0x5a,0x88,0x4a,0x48,0x4a,0x27,0x4a,0x27,0x52,0x68,0x52,0x68,0x42,0x07,
    0x52,0x68,0x4a,0x27,0x4a,0x48,0x52,0x48,0x52,0x68,0x52,0x48,0x4a,0x27,0x52,0x68,0x4a,0x27,0x52,0x68,0x52,0x48,0x4a,0x48,
    0x4a,0x47,0x52,0x88,0x52,0x68,0x4a,0x27,0x52,0x68,0x52,0x68,0x52,0x68,0x52,0x68,0x52,0x68,0x52,0x67,0x5a,0xa9,0x4a,0x47,
    0x4a,0x48,0x52,0x68,0x52,0x47,0x52,0x68,0x4a,0x27,0x52,0x47,0x42,0x07,0x52,0x47,0x4a,0x47,0x4a,0x47,0x39,0xc6,0x52,0x68,
    0x52,0x68,0x52,0x68,0x4a,0x27,0x5a,0xa9,0x5a,0x89,0x4a,0x48,0x52,0x68,0x52,0x89,0x52,0x88,0x4a,0x47,0x52,0x68,0x42,0x07,
    0x4a,0x47,0x52,0x88,0x52,0x68,0x4a,0x27,0x4a,0x48,0x4a,0x68,0x4a,0x27,0x41,0xe7,0x4a,0x48,0x4a,0x48,0x4a,0x48,0x4a,0x27,
    0x4a,0x48,0x42,0x07,0x4a,0x48,0x52,0x88,0x52,0x68,0x5a,0x88,0x4a,0x48,0x42,0x07,0x4a,0x28,0x4a,0x27,0x4a,0x48,0x42,0x07,
    0x4a,0x27,0x4a,0x27,0x4a,0x48,0x4a,0x27,0x4a,0x48,0x42,0x07,0x4a,0x48,0x52,0x88,0x42,0x07,0x42,0x07,0x4a,0x48,0x52,0x68,
    0x42,0x07,0x4a,0x27,0x52,0x88,0x52,0x68,0x4a,0x47,0x52,0x48,0x4a,0x48,0x4a,0x47,0x42,0x07,0x4a,0x48,0x52,0x68,0x4a,0x47,
    0x4a,0x47,0x41,0xe6,0x4a,0x48,0x52,0x88,0x4a,0x48,0x42,0x27,0x4a,0x27,0x4a,0x48,0x4a,0x27,0x42,0x27,0x52,0x89,0x4a,0x27,
    0x4a,0x27,0x4a,0x27,0x52,0x68,0x4a,0x48,0x52,0x68,0x5a,0xa9,0x52,0x88,0x52,0x68,0x52,0x68,0x4a,0x27,0x4a,0x48,0x52,0x88,
    0x42,0x07,0x4a,0x28,0x5a,0x89,0x5a,0xa9,0x4a,0x27,0x4a,0x47,0x52,0x88,0x52,0x89,0x5a,0xc9,0x52,0x68,0x4a,0x27,0x4a,0x48,
    0x6b,0x2b,0x5a,0xa9,0x4a,0x48,0x52,0x68,0x4a,0x27,0x4a,0x27,0x4a,0x47,0x4a,0x48,0x52,0x88,0x4a,0x27,0x4a,0x47,0x52,0x68,
    0x4a,0x27,0x4a,0x27,0x52,0x48,0x4a,0x48,0x4a,0x47,0x52,0x68,0x52,0x68,0x4a,0x48,0x4a,0x47,0x5a,0x89,0x5a,0xa9,0x4a,0x48,
    0x4a,0x48,0x52,0x68,0x52,0x88,0x52,0x88,0x4a,0x27,0x52,0x68,0x4a,0x27,0x52,0x88,0x4a,0x48,0x4a,0x27,0x4a,0x48,0x5a,0xa9,
    0x52,0x68,0x4a,0x48,0x4a,0x48,0x52,0x88,0x52,0x68,0x62,0xc9,0x52,0x68,0x4a,0x48,0x62,0xc9,0x52,0x68,0x52,0x68,0x5a,0xc9,
    0x5a,0x89,0x62,0xea,0x62,0xea,0x5a,0xc9,0x52,0x88,0x5a,0xa9,0x52,0x88,0x5a,0xa9,0x5a,0xa9,0x5a,0xa9,0x52,0x68,0x52,0x48,
    0x4a,0x48,0x52,0x68,0x4a,0x48,0x4a,0x48,0x4a,0x48,0x4a,0x27,0x4a,0x48,0x4a,0x48,0x4a,0x47,0x52,0x48,0x52,0x68,0x4a,0x48,
    0x52,0x68,0x4a,0x48,0x4a,0x48,0x52,0x68,0x52,0x68,0x52,0x68,0x52,0x68,0x52,0x68,0x4a,0x48,0x4a,0x48,0x52,0x89,0x4a,0x68,
    0x4a,0x27,0x4a,0x48,0x4a,0x27,0x52,0x68,0x4a,0x48,0x52,0x68,0x42,0x07,0x4a,0x48,0x52,0x68,0x52,0x88,0x52,0x88,0x52,0x88,
    0x52,0x68,0x52,0x68,0x52,0x88,0x52,0x68,0x4a,0x27,0x4a,0x27,0x52,0x68,0x4a,0x48,0x52,0x89,0x52,0x68,0x4a,0x48,0x4a,0x27,
    0x4a,0x27,0x4a,0x27,0x4a,0x48,0x4a,0x27,0x42,0x27,0x4a,0x27,0x4a,0x48,0x42,0x27,0x52,0x68,0x52,0x89,0x4a,0x27,0x42,0x07,
    0x52,0x48,0x52,0x88,0x5a,0xa9,0x52,0x88,0x42,0x07,0x42,0x27,0x42,0x27,0x4a,0x27,0x4a,0x27,0x52,0x68,0x42,0x27,0x4a,0x27,
    0x42,0x27,0x4a,0x27,0x4a,0x47,0x52,0x68,0x52,0x68,0x4a,0x47,0x42,0x07,0x52,0x68,0x4a,0x27,0x41,0xe6,0x42,0x07,0x4a,0x27,
    0x4a,0x27,0x41,0xe6,0x4a,0x27,0x4a,0x48,0x42,0x07,0x4a,0x27,0x4a,0x47,0x4a,0x48,0x42,0x07,0x4a,0x27,0x4a,0x47,0x42,0x07,
    0x52,0x68,0x52,0x68,0x62,0xea,0x62,0xea,0x42,0x07,0x52,0x88,0x5a,0xa9,0x62,0xea,0x4a,0x27,0x4a,0x27,0x4a,0x48,0x5a,0xa9,
    0x4a,0x48,0x4a,0x48,0x4a,0x47,0x52,0x89,0x4a,0x47,0x4a,0x48,0x42,0x06,0x4a,0x27,0x5a,0x88,0x4a,0x48,0x42,0x07,0x42,0x07,
    0x62,0xea,0x52,0x48,0x42,0x07,0x4a,0x27,0x5a,0xa9,0x5a,0x89,0x4a,0x48,0x4a,0x27,0x41,0xe6,0x52,0x68,0x5a,0xa9,0x4a,0x47,
    0x42,0x07,0x52,0x68,0x52,0x68,0x42,0x07,0x4a,0x48,0x4a,0x27,0x62,0xc9,0x52,0x88,0x4a,0x27,0x4a,0x27,0x4a,0x27,0x4a,0x27,
    0x52,0x68,0x52,0x68,0x52,0x68,0x52,0x68,0x4a,0x47,0x5a,0xc9,0x52,0x89,0x4a,0x27,0x52,0x68,0x52,0x68,0x4a,0x48,0x4a,0x47,
    0x52,0x68,0x4a,0x48,0x52,0x68,0x52,0x68,0x52,0x68,0x4a,0x27,0x4a,0x27,0x52,0x48,0x4a,0x48,0x42,0x27,0x41,0xe6,0x4a,0x27,
    0x4a,0x27,0x52,0x68,0x4a,0x48,0x4a,0x48,0x4a,0x48,0x52,0x68,0x4a,0x68,0x52,0x48,0x52,0x68,0x52,0x48,0x42,0x07,0x4a,0x47,
    0x4a,0x47,0x4a,0x27,0x52,0x89,0x52,0x68,0x52,0x68,0x52,0x68,0x52,0x89,0x52,0x89,0x52,0x68,0x52,0x68,0x52,0x88,0x4a,0x48,
    0x4a,0x27,0x52,0x68,0x52,0x68,0x52,0x68,0x52,0x68,0x5a,0xa9,0x4a,0x27,0x52,0x68,0x4a,0x48,0x52,0x68,0x52,0x48,0x4a,0x27,
    0x4a,0x27,0x52,0x68,0x42,0x07,0x4a,0x27,0x52,0x48,0x42,0x07,0x41,0xe6,0x4a,0x27,0x4a,0x48,0x42,0x07,0x41,0xe6,0x42,0x07,
    0x4a,0x47,0x4a,0x27,0x4a,0x27,0x4a,0x48,0x52,0x88,0x52,0x68,0x4a,0x27,0x4a,0x27,0x52,0x68,0x42,0x07,0x39,0xc6,0x42,0x07,
    0x42,0x06,0x4a,0x27,0x42,0x07,0x41,0xe6,0x41,0xe6,0x4a,0x27,0x4a,0x47,0x4a,0x07,0x52,0x68,0x4a,0x48,0x4a,0x47,0x4a,0x48,
    0x4a,0x27,0x42,0x07,0x4a,0x47,0x5a,0xa9,0x42,0x07,0x4a,0x27,0x52,0x88,0x4a,0x48,0x42,0x07,0x42,0x06,0x4a,0x48,0x4a,0x27,
    0x4a,0x27,0x4a,0x48,0x4a,0x27,0x42,0x07,0x52,0x68,0x4a,0x27,0x6b,0x0b,0x62,0xc9,0x4a,0x48,0x5a,0xc9,0x52,0x89,0x5a,0xca,
    0x52,0x68,0x62,0xc9,0x52,0x68,0x62,0xc9,0x5a,0xa9,0x52,0x88,0x62,0xca,0x5a,0xa9,0x4a,0x27,0x52,0x47,0x52,0x68,0x4a,0x47,
    0x5a,0xa9,0x52,0x47,0x52,0x68,0x4a,0x27,0x62,0xc9,0x5a,0xa8,0x4a,0x27,0x52,0x68,0x5a,0xa9,0x5a,0xa8,0x4a,0x27,0x52,0x68,
    0x4a,0x27,0x41,0xe6,0x52,0x68,0x52,0x68,0x42,0x07,0x4a,0x27,0x4a,0x27,0x4a,0x48,0x52,0x68,0x4a,0x27,0x52,0x68,0x5a,0xa9,
    0x5a,0x88,0x4a,0x27,0x4a,0x27,0x52,0x89,0x52,0x68,0x5a,0xa9,0x52,0x88,0x4a,0x27,0x5a,0x89,0x52,0x68,0x52,0x68,0x52,0x68,
    0x5a,0xa9,0x52,0x68,0x4a,0x47,0x4a,0x48,0x5a,0x89,0x52,0x68,0x4a,0x48,0x4a,0x48,0x4a,0x48,0x4a,0x47,0x4a,0x27,0x4a,0x27,
    0x4a,0x27,0x52,0x48,0x42,0x07,0x4a,0x27,0x4a,0x27,0x42,0x07,0x4a,0x47,0x4a,0x27,0x42,0x07,0x42,0x07,0x4a,0x27,0x52,0x68,
    0x4a,0x48,0x4a,0x47,0x42,0x07,0x52,0x68,0x4a,0x47,0x4a,0x27,0x4a,0x47,0x5a,0x88,0x4a,0x47,0x52,0x68,0x52,0x68,0x52,0x48,
    0x4a,0x27,0x4a,0x48,0x52,0x68,0x4a,0x48,0x52,0x88,0x42,0x27,0x42,0x07,0x52,0x68,0x4a,0x27,0x52,0x68,0x4a,0x27,0x4a,0x48,
    0x42,0x07,0x4a,0x07,0x4a,0x27,0x42,0x07,0x52,0x68,0x42,0x07,0x42,0x07,0x4a,0x48,0x4a,0x47,0x5a,0x89,0x62,0xea,0x52,0x68,
    0x52,0x68,0x62,0xc9,0x62,0xea,0x52,0x68,0x52,0x68,0x62,0xc9,0x4a,0x27,0x52,0x88,0x4a,0x48,0x4a,0x48,0x4a,0x48,0x5a,0xa9,
    0x4a,0x48,0x42,0x07,0x42,0x07,0x42,0x07,0x4a,0x48,0x42,0x07,0x41,0xe6,0x4a,0x27,0x52,0x68,0x41,0xe6,0x4a,0x27,0x42,0x07,
    0x62,0xca,0x4a,0x47,0x42,0x06,0x41,0xe6,0x41,0xe6,0x42,0x07,0x4a,0x27,0x4a,0x68,0x42,0x07,0x39,0xe6,0x4a,0x27,0x4a,0x48,
    0x4a,0x27,0x4a,0x48,0x4a,0x27,0x4a,0x27,0x4a,0x07,0x4a,0x27,0x4a,0x27,0x42,0x07,0x5a,0xa9,0x4a,0x27,0x52,0x48,0x52,0x68,
    0x4a,0x48,0x4a,0x47,0x5a,0xa9,0x5a,0xa9,0x41,0xe6,0x5a,0xc9,0x5a,0xc9,0x5a,0xa9,0x4a,0x27,0x52,0x48,0x4a,0x27,0x4a,0x27,
    0x5a,0xa9,0x52,0x88,0x4a,0x48,0x4a,0x48,0x6b,0x0a,0x5a,0xa9,0x42,0x27,0x42,0x07,0x5a,0xa9,0x52,0x68,0x4a,0x27,0x4a,0x07,
    0x4a,0x48,0x4a,0x27,0x4a,0x68,0x4a,0x27,0x52,0x68,0x4a,0x48,0x4a,0x47,0x4a,0x48,0x5a,0xc9,0x52,0x68,0x4a,0x27,0x52,0x68,
    0x52,0x89,0x52,0x68,0x4a,0x27,0x4a,0x48,0x4a,0x48,0x4a,0x48,0x4a,0x48,0x4a,0x48,0x52,0x68,0x4a,0x27,0x4a,0x47,0x5a,0xa9,
    0x52,0x88,0x52,0x68,0x6b,0x0a,0x5a,0x89,0x4a,0x27,0x52,0x48,0x5a,0xa9,0x52,0x68,0x4a,0x27,0x4a,0x27,0x42,0x27,0x4a,0x48,
    0x52,0x68,0x5a,0xa9,0x5a,0xa9,0x52,0x68,0x52,0x88,0x5a,0xa9,0x52,0x68,0x5a,0xc9,0x5a,0xa9,0x62,0xc9,0x52,0x89,0x52,0x88,
    0x52,0x68,0x5a,0xc9,0x5a,0x89,0x52,0x68,0x52,0x68,0x5a,0xa9,0x52,0x68,0x52,0x68,0x4a,0x48,0x4a,0x48,0x4a,0x48,0x52,0x68,
    0x4a,0x27,0x4a,0x47,0x4a,0x47,0x5a,0x89,0x42,0x07,0x42,0x07,0x4a,0x27,0x42,0x07,0x52,0x68,0x4a,0x48,0x4a,0x48,0x4a,0x48,
    0x52,0x68,0x4a,0x48,0x52,0x88,0x52,0x68,0x62,0xc9,0x42,0x07,0x52,0x88,0x5a,0xa9,0x52,0x88,0x5a,0x89,0x4a,0x47,0x52,0x68,
    0x52,0x68,0x4a,0x48,0x52,0x68,0x52,0x68,0x4a,0x48,0x4a,0x48,0x52,0x68,0x52,0x68,0x52,0x88,0x5a,0xa9,0x52,0x89,0x52,0x88,
    0x52,0x68,0x5a,0x88,0x5a,0xa9,0x5a,0x88,0x52,0x68,0x4a,0x48,0x4a,0x48,0x52,0x88,0x52,0x68,0x52,0x88,0x5a,0xa9,0x5a,0xa9,
    0x4a,0x27,0x4a,0x27,0x52,0x68,0x5a,0xc9,0x52,0x88,0x5a,0xc9,0x52,0x68,0x52,0x68,0x52,0x68,0x5a,0x88,0x52,0x68,0x5a,0xa9,
    0x5a,0xa9,0x52,0x88,0x52,0x88,0x52,0x88,0x52,0x88,0x5a,0xa9,0x5a,0xa9,0x5a,0xa9,0x52,0x88,0x4a,0x48,0x52,0x68,0x42,0x27,
    0x52,0x88,0x42,0x07,0x42,0x07,0x4a,0x48,0x52,0x48,0x42,0x27,0x4a,0x48,0x4a,0x48,0x4a,0x27,0x4a,0x27,0x4a,0x27,0x52,0x68,
    0x42,0x07,0x4a,0x48,0x52,0x88,0x52,0x68,0x42,0x07,0x4a,0x07,0x4a,0x47,0x4a,0x48,0x4a,0x27,0x41,0xe6,0x42,0x07,0x5a,0x88,
    0x52,0x68,0x4a,0x47,0x4a,0x27,0x52,0x47,0x52,0x68,0x5a,0x89,0x4a,0x27,0x4a,0x27,0x4a,0x47,0x4a,0x27,0x4a,0x27,0x5a,0xa9,
    0x4a,0x47,0x4a,0x27,0x52,0x68,0x52,0x47,0x4a,0x27,0x42,0x07,0x42,0x07,0x52,0x68,0x4a,0x27,0x4a,0x27,0x4a,0x27,0x4a,0x47,
    0x52,0x68,0x5a,0xa9,0x5a,0xa9,0x52,0x88,0x52,0x68,0x62,0xea,0x52,0x89,0x4a,0x48,0x4a,0x48,0x5a,0xc9,0x4a,0x47,0x4a,0x48,
    0x52,0x89,0x5a,0xa9,0x4a,0x27,0x4a,0x27,0x42,0x07,0x4a,0x48,0x4a,0x27,0x4a,0x27,0x52,0x88,0x4a,0x27,0x4a,0x48,0x52,0x48,
    0x5a,0xa9,0x52,0x48,0x4a,0x27,0x4a,0x48,0x4a,0x27,0x52,0x88,0x52,0x48,0x52,0x68,0x4a,0x48,0x52,0x68,0x62,0xca,0x5a,0xa9,
    0x52,0x68,0x4a,0x48,0x52,0x68,0x5a,0xa9,0x4a,0x48,0x52,0x68,0x52,0x68,0x52,0x68,0x52,0x68,0x5a,0xa9,0x5a,0xa9,0x5a,0xa9,
    0x52,0x88,0x52,0x89,0x4a,0x47,0x52,0x89,0x5a,0xa9,0x52,0x89,0x5a,0xa9,0x52,0x68,0x52,0x88,0x5a,0x89,0x6b,0x2b,0x52,0x68,
    0x52,0x68,0x52,0x68,0x52,0x68,0x52,0x89,0x4a,0x48,0x5a,0x89,0x52,0x88,0x52,0x68,0x52,0x68,0x62,0xea,0x4a,0x27,0x52,0x68,
    0x52,0x88,0x52,0x89,0x5a,0xa9,0x52,0x68,0x52,0x68,0x52,0x48,0x5a,0x88,0x5a,0xa9,0x4a,0x27,0x4a,0x27,0x42,0x07,0x4a,0x47,
    0x52,0x68,0x42,0x07,0x52,0x68,0x5a,0x89,0x4a,0x48,0x52,0x68,0x52,0x48,0x52,0x88,0x5a,0xa9,0x5a,0xa9,0x4a,0x48,0x4a,0x47,
    0x52,0x68,0x52,0x88,0x4a,0x27,0x4a,0x27,0x4a,0x48,0x42,0x27,0x52,0x68,0x52,0x68,0x52,0x48,0x4a,0x47,0x4a,0x48,0x4a,0x48,
    0x52,0x88,0x5a,0xc9,0x52,0x68,0x52,0x68,0x4a,0x27,0x4a,0x27,0x4a,0x27,0x4a,0x48,0x4a,0x27,0x4a,0x27,0x4a,0x48,0x4a,0x47,
    0x52,0x68,0x52,0x68,0x52,0x68,0x52,0x68,0x4a,0x47,0x4a,0x47,0x4a,0x47,0x52,0x88,0x52,0x88,0x4a,0x48,0x4a,0x27,0x4a,0x48,
    0x52,0x68,0x4a,0x48,0x52,0x68,0x52,0x48,0x4a,0x48,0x4a,0x48,0x62,0xea,0x5a,0xa9,0x5a,0x89,0x52,0x88,0x5a,0xa9,0x52,0x89,
    0x5a,0xa9,0x5a,0xa9,0x5a,0xc9,0x5a,0xa9,0x62,0xea,0x5a,0xc9,0x62,0xea,0x62,0xea,0x5a,0xa9,0x62,0xca,0x5a,0xc9,0x5a,0xa9,
    0x4a,0x47,0x5a,0xa9,0x4a,0x27,0x4a,0x27,0x4a,0x27,0x42,0x06,0x52,0x68,0x41,0xe6,0x41,0xe6,0x5a,0x88,0x5a,0xa9,0x4a,0x27,
    0x5a,0xa9,0x52,0x68,0x4a,0x47,0x52,0x88,0x52,0x88,0x4a,0x47,0x4a,0x47,0x5a,0x88,0x4a,0x27,0x52,0x88,0x4a,0x48,0x5a,0xa9,
    0x4a,0x68,0x52,0x89,0x5a,0xa9,0x52,0x89,0x52,0x88,0x5a,0x89,0x62,0xea,0x52,0x89,0x52,0x88,0x52,0x68,0x5a,0xc9,0x52,0x89,
    0x5a,0xa9,0x52,0x89,0x52,0x88,0x52,0x89,0x5a,0xc9,0x5a,0xa9,0x52,0x68,0x4a,0x48,0x5a,0xa9,0x5a,0xc9,0x4a,0x48,0x4a,0x48,
    0x52,0x68,0x4a,0x48,0x52,0x48,0x4a,0x48,0x52,0x68,0x4a,0x27,0x42,0x07,0x42,0x27,0x4a,0x47,0x4a,0x48,0x52,0x68,0x4a,0x47,
    0x4a,0x27,0x42,0x07,0x4a,0x27,0x42,0x07,0x4a,0x48,0x42,0x07,0x41,0xe7,0x42,0x07,0x42,0x07,0x4a,0x27,0x52,0x68,0x52,0x68,
    0x4a,0x27,0x4a,0x47,0x52,0x68,0x5a,0x89,0x4a,0x48,0x52,0x88,0x52,0x88,0x52,0x88,0x4a,0x47,0x5a,0xa9,0x52,0x68,0x4a,0x48,
    0x52,0x88,0x5a,0xa9,0x4a,0x27,0x4a,0x48,0x52,0x68,0x52,0x68,0x52,0x68,0x42,0x07,0x5a,0x88,0x52,0x68,0x4a,0x47,0x4a,0x27,
    0x5a,0xa9,0x4a,0x48,0x42,0x07,0x4a,0x27,0x4a,0x48,0x4a,0x27,0x5a,0xa9,0x6b,0x0a,0x4a,0x48,0x52,0x68,0x4a,0x47,0x52,0x68,
    0x52,0x68,0x52,0x68,0x42,0x07,0x42,0x27,0x4a,0x27,0x4a,0x48,0x52,0x68,0x52,0x89,0x52,0x68,0x52,0x88,0x42,0x07,0x42,0x07,
    0x4a,0x47,0x5a,0xc9,0x52,0x47,0x4a,0x27,0x52,0x88,0x62,0xea,0x6b,0x2b,0x4a,0x47,0x4a,0x48,0x52,0x68,0x52,0x89,0x52,0x68,
    0x4a,0x27,0x41,0xe6,0x4a,0x48,0x4a,0x47,0x4a,0x27,0x42,0x07,0x39,0xc6,0x52,0x48,0x52,0x68,0x4a,0x47,0x41,0xe6,0x42,0x07,
    0x52,0x68,0x5a,0x88,0x4a,0x27,0x42,0x07,0x52,0x68,0x42,0x07,0x42,0x07,0x42,0x07,0x4a,0x27,0x42,0x07,0x4a,0x27,0x4a,0x27,
    0x42,0x27,0x42,0x07,0x52,0x68,0x52,0x88,0x4a,0x27,0x5a,0x88,0x52,0x68,0x42,0x07,0x4a,0x27,0x42,0x07,0x52,0x68,0x4a,0x47,
    0x4a,0x47,0x4a,0x48,0x52,0x68,0x4a,0x48,0x52,0x88,0x52,0x68,0x52,0x68,0x4a,0x48,0x4a,0x47,0x4a,0x27,0x4a,0x27,0x52,0x68,
    0x4a,0x48,0x4a,0x48,0x4a,0x48,0x4a,0x48,0x4a,0x27,0x4a,0x47,0x4a,0x48,0x42,0x07,0x4a,0x48,0x4a,0x27,0x4a,0x27,0x4a,0x27,
    0x52,0x89,0x52,0x68,0x4a,0x47,0x4a,0x27,0x4a,0x27,0x42,0x07,0x52,0x68,0x4a,0x27,0x42,0x27,0x4a,0x48,0x4a,0x48,0x4a,0x27,
    0x4a,0x27,0x42,0x07,0x4a,0x27,0x42,0x27,0x4a,0x27,0x4a,0x47,0x4a,0x27,0x42,0x27,0x42,0x07,0x4a,0x47,0x52,0x67,0x4a,0x47,
    0x42,0x07,0x42,0x27,0x62,0xc9,0x52,0x68,0x4a,0x27,0x4a,0x27,0x5a,0x89,0x5a,0x88,0x4a,0x48,0x52,0x48,0x42,0x07,0x4a,0x27,
    0x4a,0x27,0x42,0x07,0x52,0x48,0x4a,0x27,0x4a,0x27,0x4a,0x27,0x4a,0x27,0x52,0x68,0x52,0x47,0x52,0x47,0x4a,0x27,0x4a,0x27,
    0x52,0x68,0x52,0x68,0x4a,0x47,0x52,0x68,0x52,0x68,0x62,0xc9,0x52,0x88,0x52,0x68,0x52,0x88,0x5a,0x88,0x5a,0x89,0x5a,0x89,
    0x52,0x68,0x52,0x88,0x52,0x68,0x62,0xc9,0x4a,0x47,0x52,0x48,0x52,0x68,0x52,0x68,0x4a,0x47,0x5a,0x89,0x52,0x68,0x52,0x88,
    0x52,0x88,0x5a,0xa9,0x4a,0x47,0x4a,0x27,0x5a,0xc9,0x5a,0xa9,0x52,0x89,0x52,0x68,0x52,0x48,0x5a,0xa8,0x62,0xc9,0x62,0xea,
    0x62,0xea,0x5a,0xc9,0x52,0x68,0x52,0x68,0x5a,0xa9,0x5a,0x88,0x52,0x68,0x52,0x68,0x5a,0xa9,0x5a,0xa9,0x52,0x88,0x4a,0x47,
    0x6b,0x0a,0x62,0xea,0x4a,0x27,0x4a,0x47,0x5a,0x89,0x52,0x68,0x4a,0x27,0x4a,0x27,0x5a,0xa9,0x4a,0x47,0x4a,0x27,0x42,0x27,
    0x4a,0x27,0x4a,0x27,0x4a,0x48,0x5a,0xa9,0x4a,0x27,0x4a,0x27,0x52,0x68,0x5a,0xa9,0x4a,0x27,0x52,0x68,0x5a,0x89,0x52,0x88,
    0x52,0x88,0x52,0x89,0x4a,0x48,0x52,0x68,0x5a,0xa9,0x4a,0x48,0x52,0x68,0x5a,0xa9,0x52,0x89,0x52,0x68,0x52,0x68,0x4a,0x48,
    0x4a,0x48,0x4a,0x48,0x4a,0x48,0x4a,0x47,0x4a,0x27,0x4a,0x48,0x4a,0x48,0x4a,0x27,0x4a,0x48,0x4a,0x27,0x4a,0x27,0x4a,0x47,
    0x52,0x68,0x5a,0x88,0x52,0x68,0x52,0x68,0x4a,0x07,0x4a,0x47,0x52,0x47,0x4a,0x47,0x4a,0x27,0x52,0x67,0x52,0x67,0x52,0x68,
    0x4a,0x47,0x52,0x47,0x52,0x68,0x4a,0x47,0x4a,0x48,0x42,0x06,0x4a,0x27,0x52,0x68,0x4a,0x47,0x52,0x68,0x5a,0xa9,0x5a,0xa9,
    0x4a,0x47,0x4a,0x27,0x52,0x48,0x5a,0xa9,0x52,0x48,0x52,0x68,0x4a,0x27,0x42,0x06,0x4a,0x48,0x52,0x48,0x41,0xe6,0x4a,0x27,
    0x52,0x68,0x52,0x68,0x52,0x68,0x52,0x68,0x52,0x89,0x4a,0x47,0x4a,0x48,0x52,0x68,0x62,0xea,0x52,0x68,0x4a,0x48,0x5a,0xa9,
    0x52,0x68,0x52,0x88,0x52,0x48,0x4a,0x48,0x52,0x68,0x62,0xea,0x5a,0xc9,0x52,0x68,0x4a,0x47,0x4a,0x27,0x5a,0xa9,0x52,0x48,
    0x62,0xea,0x4a,0x48,0x52,0x89,0x52,0x68,0x6b,0x0a,0x52,0x89,0x52,0x68,0x62,0xea,0x52,0x88,0x4a,0x47,0x4a,0x27,0x52,0x89,
    0x52,0x68,0x52,0x88,0x4a,0x47,0x42,0x27,0x52,0x48,0x5a,0xa9,0x52,0x68,0x4a,0x48,0x52,0x68,0x42,0x07,0x52,0x88,0x52,0x89,
    0x5a,0xa9,0x52,0x68,0x52,0x88,0x52,0x88,0x52,0x88,0x52,0x68,0x5a,0xa9,0x4a,0x48,0x52,0x88,0x52,0x88,0x52,0x68,0x52,0x88,
    0x52,0x88,0x5a,0xa9,0x5a,0x89,0x52,0x88,0x5a,0x88,0x5a,0xa9,0x4a,0x47,0x4a,0x27,0x5a,0xa9,0x5a,0xa9,0x52,0x88,0x62,0xc9,
    0x52,0x68,0x5a,0xa9,0x5a,0xa9,0x62,0xea,0x52,0x48,0x52,0x68,0x52,0x68,0x52,0x88,0x52,0x88,0x52,0x68,0x52,0x68,0x4a,0x48,
    0x5a,0x89,0x4a,0x47,0x52,0x68,0x52,0x68,0x62,0xc9,0x42,0x07,0x52,0x68,0x62,0xea,0x52,0x68,0x52,0x68,0x5a,0x89,0x5a,0xc9,
    0x4a,0x48,0x4a,0x48,0x52,0x89,0x5a,0x89,0x5a,0x89,0x4a,0x48,0x4a,0x47,0x5a,0x89,0x62,0xca,0x5a,0xa9,0x5a,0x89,0x52,0x88,
    0x52,0x88,0x62,0xea,0x5a,0xa9,0x52,0x68,0x52,0x88,0x4a,0x48,0x4a,0x27,0x62,0xca,0x5a,0xc9,0x52,0x68,0x5a,0xc9,0x5a,0xa9,
    0x5a,0xc9,0x5a,0xc9,0x63,0x0a,0x52,0x68,0x4a,0x48,0x4a,0x27,0x42,0x07,0x52,0x68,0x52,0x68,0x42,0x07,0x39,0xc6,0x4a,0x47,
    0x52,0x68,0x4a,0x48,0x4a,0x27,0x52,0x89,0x4a,0x27,0x42,0x07,0x52,0xa9,0x5a,0xc9,0x5a,0xc9,0x52,0x88,0x5a,0xa9,0x52,0x88,
    0x52,0x89,0x4a,0x27,0x52,0x68,0x52,0x68,0x5a,0xc9,0x4a,0x27,0x52,0x68,0x52,0x89,0x4a,0x48,0x52,0x88,0x52,0x68,0x4a,0x48,
    0x4a,0x48,0x52,0x89,0x52,0x68,0x4a,0x48,0x52,0x88,0x4a,0x27,0x52,0x48,0x4a,0x27,0x52,0x88,0x4a,0x48,0x4a,0x47,0x4a,0x48,
    0x52,0x68,0x5a,0xa9,0x4a,0x27,0x42,0x07,0x4a,0x48,0x5a,0xa9,0x4a,0x48,0x42,0x07,0x42,0x07,0x52,0x68,0x52,0x48,0x52,0x48,
    0x4a,0x27,0x4a,0x48,0x4a,0x48,0x4a,0x27,0x4a,0x27,0x52,0x68,0x52,0x68,0x52,0x68,0x52,0x68,0x52,0x88,0x52,0x88,0x5a,0xa9,
    0x4a,0x48,0x42,0x07,0x42,0x07,0x4a,0x27,0x52,0x68,0x4a,0x27,0x52,0x88,0x5a,0xa9,0x52,0x89,0x52,0x68,0x5a,0x89,0x52,0x89,
    0x52,0x88,0x52,0x48,0x52,0x68,0x5a,0x89,0x42,0x07,0x5a,0xa9,0x62,0xca,0x5a,0xc9,0x42,0x07,0x4a,0x48,0x4a,0x27,0x6b,0x4b,
    0x4a,0x27,0x52,0x68,0x4a,0x27,0x52,0x89,0x4a,0x48,0x52,0x89,0x42,0x07,0x4a,0x48,0x63,0x0b,0x5a,0xa9,0x4a,0x47,0x42,0x07,
    0x83,0xee,0x63,0x0a,0x4a,0x27,0x4a,0x27,0x62,0xca,0x52,0x68,0x52,0x68,0x4a,0x48,0x4a,0x48,0x52,0x68,0x5a,0xa9,0x52,0x68,
    0x42,0x07,0x5a,0x88,0x5a,0xa8,0x52,0x88,0x42,0x27,0x5a,0xa9,0x5a,0xa9,0x5a,0x88,0x4a,0x48,0x4a,0x48,0x52,0x68,0x5a,0xa9,
    0x52,0x88,0x4a,0x48,0x4a,0x48,0x52,0x68,0x42,0x07,0x4a,0x48,0x52,0x68,0x52,0x68,0x4a,0x47,0x4a,0x27,0x52,0x68,0x5a,0xa9,
    0x52,0x68,0x52,0x68,0x4a,0x48,0x52,0x68,0x52,0x68,0x52,0x88,0x52,0x88,0x5a,0xa9,0x5a,0xa9,0x62,0xc9,0x52,0x68,0x41,0xe6,
    0x5a,0xa9,0x62,0xea,0x4a,0x48,0x4a,0x47,0x52,0x68,0x4a,0x07,0x41,0xe6,0x4a,0x27,0x52,0x68,0x42,0x07,0x4a,0x27,0x42,0x07,
    0x42,0x07,0x5a,0xa9,0x52,0x48,0x42,0x07,0x52,0x68,0x4a,0x27,0x52,0x68,0x4a,0x47,0x62,0xc9,0x52,0x68,0x4a,0x27,0x52,0x68,
    0x4a,0x48,0x5a,0xa9,0x4a,0x27,0x52,0x47,0x4a,0x27,0x4a,0x27,0x4a,0x47,0x52,0x68,0x52,0x48,0x4a,0x27,0x4a,0x48,0x52,0x68,
    0x52,0x68,0x4a,0x47,0x4a,0x27,0x4a,0x47,0x52,0x68,0x5a,0xa9,0x52,0x68,0x4a,0x47,0x52,0x68,0x52,0x88,0x4a,0x48,0x4a,0x27,
    0x4a,0x48,0x52,0x68,0x52,0x89,0x52,0x68,0x4a,0x48,0x52,0x68,0x52,0x88,0x52,0x68,0x52,0x88,0x4a,0x27,0x4a,0x27,0x52,0x68,
    0x4a,0x27,0x4a,0x27,0x52,0x68,0x4a,0x27,0x52,0x68,0x4a,0x48,0x4a,0x27,0x4a,0x47,0x4a,0x48,0x4a,0x27,0x52,0x68,0x52,0x68,
    0x52,0x68,0x4a,0x48,0x4a,0x48,0x52,0x68,0x52,0x68,0x62,0xea,0x4a,0x27,0x4a,0x27,0x4a,0x48,0x4a,0x68,0x4a,0x27,0x4a,0x48,
    0x52,0x68,0x4a,0x47,0x4a,0x27,0x52,0x88,0x4a,0x48,0x5a,0x89,0x52,0x88,0x4a,0x27,0x4a,0x27,0x4a,0x48,0x5a,0x88,0x5a,0xa8,
    0x4a,0x27,0x5a,0x88,0x62,0xc8,0x6b,0x0a,0x4a,0x48,0x5a,0xa9,0x73,0x4a,0x73,0x2a,0x4a,0x48,0x52,0x68,0x62,0xea,0x62,0xca,
    0x52,0x88,0x52,0x68,0x4a,0x27,0x4a,0x27,0x5a,0xc9,0x5a,0xa9,0x52,0x68,0x4a,0x27,0x5a,0xa9,0x52,0x68,0x62,0xe9,0x52,0x68,
    0x5a,0xa9,0x5a,0xc9,0x5a,0xa9,0x5a,0xa8,0x41,0xe6,0x5a,0xa9,0x62,0xc9,0x62,0xc9,0x4a,0x47,0x5a,0x88,0x52,0x67,0x5a,0x88,
    0x52,0x68,0x52,0x88,0x5a,0x88,0x5a,0xa8,0x52,0x47,0x5a,0xc9,0x6b,0x4b,0x62,0xea,0x5a,0xa9,0x5a,0xc9,0x4a,0x27,0x4a,0x48,
    0x63,0x0a,0x52,0x88,0x52,0x68,0x52,0x68,0x52,0x88,0x62,0xca,0x62,0xea,0x62,0xea,0x52,0x88,0x52,0x68,0x52,0x68,0x4a,0x48,
    0x52,0x48,0x4a,0x47,0x52,0x68,0x5a,0xa9,0x4a,0x48,0x52,0x48,0x52,0x68,0x52,0x89,0x52,0x88,0x52,0x88,0x5a,0xa9,0x4a,0x27,
    0x52,0x88,0x62,0xea,0x52,0x89,0x4a,0x48,0x5a,0xc9,0x5a,0xa9,0x4a,0x27,0x4a,0x27,0x52,0x68,0x52,0x68,0x4a,0x48,0x4a,0x48,
    0x4a,0x48,0x52,0x68,0x52,0x68,0x4a,0x68,0x4a,0x47,0x52,0x68,0x52,0x68,0x52,0x68,0x42,0x27,0x52,0x68,0x4a,0x27,0x52,0x68,
    0x52,0x68,0x42,0x07,0x5a,0x89,0x5a,0x88,0x52,0x68,0x52,0x88,0x5a,0xa9,0x5a,0xa9,0x4a,0x48,0x4a,0x47,0x5a,0xc9,0x62,0xea,
    0x5a,0x89,0x4a,0x48,0x4a,0x47,0x4a,0x47,0x5a,0x89,0x5a,0xa9,0x5a,0x88,0x4a,0x47,0x52,0x68,0x5a,0x89,0x52,0x68,0x42,0x07,
    0x62,0xc9,0x52,0x68,0x52,0x68,0x52,0x68,0x42,0x07,0x4a,0x27,0x52,0x48,0x52,0x48,0x4a,0x27,0x42,0x07,0x5a,0xa9,0x52,0x68,
    0x52,0x68,0x5a,0xc9,0x4a,0x27,0x4a,0x48,0x52,0x68,0x52,0x68,0x4a,0x48,0x4a,0x48,0x4a,0x27,0x52,0x68,0x52,0x48,0x4a,0x48,
    0x4a,0x48,0x52,0x68,0x4a,0x27,0x4a,0x27,0x52,0x68,0x5a,0x88,0x5a,0x88,0x52,0x68,0x4a,0x48,0x52,0x88,0x52,0x68,0x52,0x68,
    0x52,0x88,0x52,0x68,0x52,0x88,0x6b,0x2a,0x52,0x68,0x52,0x88,0x5a,0x89,0x52,0x88,0x52,0x68,0x62,0xc9,0x5a,0xa9,0x52,0x68,
    0x52,0x68,0x52,0x88,0x5a,0x88,0x5a,0xa8,0x6b,0x2a,0x39,0xe6,0x5a,0xa9,0x5a,0xa9,0x5a,0x88,0x62,0xca,0x73,0x4b,0x62,0xc9,
    0x5a,0xc9,0x62,0xca,0x62,0xea,0x5a,0xa9,0x5a,0xc9,0x5a,0xa9,0x5a,0xa9,0x52,0x68,0x52,0x88,0x52,0x88,0x52,0x68,0x4a,0x47,
    0x52,0x88,0x4a,0x48,0x52,0x68,0x5a,0xa9,0x52,0x48,0x62,0xc9,0x5a,0xc9,0x52,0x68,0x5a,0xa9,0x52,0x88,0x52,0x68,0x4a,0x48,
    0x52,0x88,0x5a,0xa9,0x52,0x68,0x5a,0xa9,0x5a,0x89,0x52,0x68,0x5a,0xa9,0x52,0x88,0x5a,0xa9,0x4a,0x48,0x52,0x68,0x4a,0x27,
    0x4a,0x48,0x4a,0x27,0x4a,0x27,0x4a,0x27,0x52,0x68,0x5a,0x89,0x52,0x89,0x52,0x88,0x4a,0x47,0x5a,0xa9,0x5a,0xa9,0x52,0x48,
    0x4a,0x47,0x4a,0x48,0x62,0xca,0x5a,0xa9,0x52,0x68,0x52,0x68,0x52,0x88,0x5a,0x88,0x52,0x68,0x62,0xca,0x62,0xca,0x5a,0x89,
    0x4a,0x27,0x52,0x68,0x5a,0xc9,0x5a,0xa9,0x4a,0x27,0x4a,0x48,0x62,0xea,0x4a,0x48,0x5a,0xa9,0x52,0x88,0x5a,0xa9,0x52,0x48,
    0x4a,0x68,0x52,0x68,0x4a,0x48,0x4a,0x48,0x52,0x89,0x52,0x89,0x42,0x27,0x52,0x68,0x4a,0x48,0x52,0x48,0x42,0x07,0x41,0xe7,
    0x42,0x07,0x4a,0x27,0x52,0x88,0x4a,0x27,0x5a,0xa9,0x62,0xc9,0x52,0x68,0x52,0x68,0x52,0x68,0x52,0x68,0x5a,0xa9,0x52,0x89,
    0x5a,0xa9,0x5a,0xa9,0x52,0x68,0x52,0x89,0x4a,0x27,0x62,0xea,0x52,0x68,0x4a,0x27,0x5a,0xa9,0x52,0x68,0x4a,0x48,0x4a,0x48,
    0x5a,0xa9,0x52,0x68,0x52,0x88,0x52,0x68,0x4a,0x48,0x52,0x89,0x5a,0x89,0x52,0x68,0x4a,0x48,0x52,0x68,0x4a,0x48,0x52,0x68,
    0x4a,0x48,0x52,0x68,0x4a,0x27,0x4a,0x27,0x52,0x68,0x4a,0x48,0x52,0x48,0x4a,0x48,0x52,0x68,0x52,0x68,0x52,0x68,0x4a,0x27,
    0x52,0x68,0x52,0x68,0x52,0x48,0x52,0x68,0x52,0x88,0x52,0x68,0x5a,0xa9,0x5a,0xa9,0x4a,0x48,0x52,0x68,0x5a,0xa9,0x62,0xc9,
    0x52,0x68,0x4a,0x48,0x52,0x89,0x52,0x88,0x52,0x68,0x42,0x27,0x4a,0x48,0x52,0x48,0x52,0x48,0x52,0x68,0x5a,0xc9,0x52,0x48,
    0x52,0x88,0x52,0x88,0x5a,0xc9,0x52,0x48,0x52,0x68,0x62,0xe9,0x52,0x88,0x52,0x88,0x52,0x68,0x52,0x88,0x5a,0xa9,0x5a,0x89,
    0x4a,0x48,0x42,0x07,0x4a,0x48,0x62,0xea,0x52,0x68,0x52,0x68,0x4a,0x48,0x52,0x68,0x5a,0x89,0x4a,0x48,0x52,0x68,0x4a,0x27,
    0x5a,0xa9,0x62,0xca,0x52,0x68,0x52,0x68,0x52,0x89,0x52,0x88,0x4a,0x27,0x4a,0x48,0x52,0x68,0x52,0x88,0x4a,0x47,0x52,0x68,
    0x52,0x68,0x4a,0x47,0x52,0x68,0x52,0x68,0x4a,0x47,0x4a,0x48,0x52,0x89,0x4a,0x47,0x5a,0x88,0x52,0x88,0x4a,0x27,0x4a,0x47,
    0x4a,0x27,0x4a,0x27,0x52,0x68,0x52,0x68,0x41,0xe6,0x41,0xe6,0x52,0x88,0x52,0x68,0x42,0x07,0x4a,0x47,0x4a,0x27,0x4a,0x47,
    0x52,0x68,0x52,0x88,0x5a,0xa8,0x4a,0x47,0x4a,0x27,0x52,0x88,0x5a,0xc9,0x4a,0x27,0x52,0x88,0x4a,0x48,0x42,0x07,0x4a,0x27,
    0x52,0x48,0x42,0x27,0x4a,0x48,0x4a,0x27,0x4a,0x27,0x4a,0x27,0x4a,0x27,0x4a,0x27,0x4a,0x48,0x4a,0x27,0x4a,0x27,0x4a,0x48,
    0x4a,0x27,0x42,0x07,0x4a,0x27,0x52,0x48,0x42,0x07,0x4a,0x27,0x4a,0x27,0x4a,0x27,0x4a,0x47,0x52,0x88,0x52,0x68,0x4a,0x47,
    0x4a,0x47,0x52,0x48,0x52,0x68,0x4a,0x47,0x4a,0x27,0x4a,0x48,0x52,0x68,0x52,0x88,0x4a,0x47,0x52,0x68,0x52,0x68,0x52,0x68,
    0x62,0xc9,0x5a,0x88,0x52,0x68,0x52,0x47,0x52,0x68,0x52,0x68,0x52,0x68,0x5a,0x89,0x4a,0x47,0x52,0x47,0x4a,0x27,0x4a,0x47,
    0x52,0x48,0x52,0x88,0x52,0x88,0x5a,0xa9,0x62,0xc9,0x52,0x88,0x52,0x68,0x52,0x48,0x5a,0xa9,0x62,0xc9,0x5a,0xa9,0x52,0x68,
    0x5a,0xc9,0x62,0xea,0x52,0x89,0x52,0x68,0x5a,0xa9,0x52,0x89,0x52,0x68,0x5a,0xa9,0x52,0x89,0x52,0x89,0x52,0x68,0x4a,0x27,
    0x5a,0x89,0x4a,0x48,0x42,0x07,0x52,0x88,0x52,0x88,0x4a,0x48,0x4a,0x48,0x4a,0x28,0x4a,0x48,0x4a,0x27,0x52,0x68,0x52,0x68,
    0x4a,0x48,0x4a,0x27,0x5a,0xa9,0x5a,0xa9,0x4a,0x48,0x42,0x07,0x52,0x68,0x62,0xea,0x52,0x68,0x52,0x48,0x62,0xca,0x5a,0xc9,
    0x52,0x68,0x5a,0xa9,0x52,0x88,0x4a,0x48,0x42,0x07,0x4a,0x48,0x42,0x07,0x4a,0x27,0x52,0x88,0x52,0x68,0x52,0x68,0x4a,0x27,
    0x52,0x89,0x52,0x68,0x52,0x68,0x52,0x68,0x4a,0x48,0x5a,0xa9,0x52,0x89,0x5a,0xa9,0x5a,0x89,0x6b,0x0b,0x62,0xea,0x5a,0xa9,
    0x52,0x89,0x5a,0xa9,0x5a,0xc9,0x5a,0x89,0x63,0x0a,0x62,0xea,0x52,0x68,0x62,0xc9,0x52,0x68,0x62,0xca,0x62,0xea,0x5a,0x89,
    0x5a,0xa9,0x52,0x88,0x52,0x68,0x52,0x68,0x52,0x68,0x52,0x68,0x4a,0x47,0x52,0x88,0x5a,0xa9,0x52,0x68,0x4a,0x47,0x4a,0x27,
    0x52,0x68,0x52,0x68,0x42,0x06,0x4a,0x27,0x5a,0xa9,0x4a,0x47,0x4a,0x48,0x4a,0x27,0x52,0x88,0x52,0x68,0x4a,0x48,0x4a,0x47,
    0x4a,0x27,0x4a,0x07,0x42,0x07,0x42,0x07,0x4a,0x47,0x4a,0x27,0x42,0x07,0x4a,0x27,0x41,0xe6,0x4a,0x27,0x4a,0x27,0x52,0x68,
    0x42,0x07,0x4a,0x27,0x41,0xe6,0x52,0x68,0x4a,0x47,0x52,0x68,0x42,0x07,0x4a,0x27,0x42,0x27,0x4a,0x27,0x42,0x07,0x4a,0x07,
    0x52,0x48,0x42,0x07,0x42,0x07,0x4a,0x07,0x4a,0x27,0x42,0x07,0x42,0x07,0x41,0xe6,0x4a,0x27,0x42,0x07,0x4a,0x27,0x4a,0x27,
    0x41,0xe6,0x41,0xe6,0x42,0x27,0x42,0x07,0x4a,0x27,0x4a,0x07,0x4a,0x27,0x4a,0x48,0x4a,0x27,0x4a,0x27,0x4a,0x27,0x4a,0x47,
    0x4a,0x48,0x4a,0x47,0x4a,0x27,0x4a,0x48,0x4a,0x27,0x4a,0x48,0x4a,0x48,0x4a,0x48,0x5a,0xa9,0x52,0x68,0x52,0x68,0x5a,0x89,
    0x4a,0x27,0x4a,0x47,0x52,0x47,0x52,0x68,0x52,0x48,0x5a,0x88,0x52,0x88,0x4a,0x27,0x52,0x68,0x52,0x68,0x52,0x68,0x52,0x48,
    0x52,0x68,0x4a,0x47,0x4a,0x48,0x52,0x68,0x52,0x48,0x52,0x48,0x52,0x88,0x52,0x68,0x4a,0x47,0x52,0x88,0x5a,0xa9,0x52,0x68,
    0x4a,0x47,0x4a,0x27,0x4a,0x27,0x52,0x68,0x52,0x88,0x52,0x68,0x52,0x68,0x4a,0x47,0x52,0x68,0x52,0x68,0x5a,0xc9,0x52,0x88,
    0x52,0x48,0x52,0x68,0x52,0x68,0x5a,0xa9,0x4a,0x47,0x52,0x88,0x52,0x68,0x52,0x48,0x4a,0x47,0x5a,0x88,0x5a,0xc9,0x5a,0xc9,
    0x62,0xc9,0x5a,0xc9,0x5a,0x88,0x5a,0xa9,0x62,0xea,0x5a,0xa8,0x52,0x88,0x5a,0xa9,0x52,0x68,0x52,0x68,0x5a,0xa9,0x52,0x68,
    0x5a,0x89,0x52,0x68,0x5a,0xa9,0x52,0x68,0x5a,0xa9,0x52,0x68,0x5a,0x89,0x52,0x89,0x5a,0x89,0x52,0x88,0x5a,0xc9,0x52,0x68,
    0x52,0x88,0x5a,0xa9,0x52,0x89,0x52,0x88,0x5a,0xc9,0x5a,0x89,0x62,0xc9,0x52,0x68,0x52,0x68,0x5a,0xc9,0x5a,0x89,0x5a,0x88,
    0x4a,0x48,0x52,0x88,0x52,0x68,0x52,0x68,0x52,0x88,0x52,0x89,0x5a,0x88,0x5a,0xa9,0x41,0xe6,0x4a,0x27,0x4a,0x07,0x52,0x48,
    0x52,0x88,0x4a,0x27,0x4a,0x47,0x5a,0x88,0x52,0x68,0x42,0x07,0x52,0x88,0x4a,0x48,0x4a,0x27,0x4a,0x27,0x52,0x68,0x4a,0x27,
    0x5a,0xc9,0x52,0x88,0x4a,0x47,0x4a,0x48,0x5a,0xa9,0x52,0x48,0x4a,0x48,0x4a,0x27,0x52,0x68,0x4a,0x48,0x52,0x68,0x4a,0x27,
    0x42,0x07,0x5a,0xa9,0x4a,0x27,0x42,0x07,0x5a,0xa9,0x52,0x68,0x52,0x68,0x5a,0xc9,0x52,0x68,0x4a,0x47,0x52,0x68,0x5a,0xa9,
    0x52,0x68,0x5a,0xa9,0x52,0x68,0x52,0x68,0x5a,0xc9,0x62,0xea,0x52,0x48,0x4a,0x48,0x4a,0x48,0x4a,0x27,0x5a,0xa9,0x52,0x89,
    0x52,0x68,0x42,0x07,0x52,0x68,0x5a,0x89,0x52,0x68,0x5a,0xa9,0x4a,0x48,0x4a,0x48,0x4a,0x48,0x5a,0xa9,0x5a,0xa9,0x4a,0x47,
    0x4a,0x27,0x4a,0x27,0x4a,0x47,0x52,0x88,0x4a,0x27,0x41,0xe7,0x4a,0x48,0x52,0x68,0x42,0x07,0x42,0x07,0x52,0x68,0x4a,0x48,
    0x4a,0x47,0x4a,0x27,0x42,0x07,0x42,0x07,0x52,0x68,0x4a,0x48,0x4a,0x48,0x4a,0x48,0x4a,0x48,0x4a,0x27,0x4a,0x48,0x4a,0x48,
    0x4a,0x27,0x52,0x68,0x52,0x68,0x52,0x89,0x52,0x68,0x5a,0xa9,0x5a,0xa9,0x5a,0x89,0x4a,0x48,0x52,0x68,0x4a,0x48,0x52,0x68,
    0x4a,0x27,0x4a,0x48,0x52,0x48,0x5a,0x88,0x4a,0x68,0x4a,0x47,0x4a,0x27,0x52,0x47,0x4a,0x48,0x4a,0x27,0x4a,0x27,0x42,0x07,
    0x4a,0x48,0x4a,0x27,0x4a,0x27,0x4a,0x47,0x5a,0x88,0x4a,0x27,0x52,0x48,0x5a,0xc9,0x52,0x47,0x5a,0xa9,0x52,0x68,0x5a,0xa9,
    0x52,0x47,0x5a,0xa9,0x52,0x88,0x4a,0x27,0x4a,0x68,0x52,0x68,0x4a,0x48,0x5a,0xa9,0x52,0x68,0x52,0x89,0x4a,0x27,0x4a,0x48,
    0x52,0x68,0x52,0x68,0x4a,0x47,0x4a,0x27,0x4a,0x47,0x5a,0xa9,0x52,0x88,0x41,0xe6,0x4a,0x48,0x5a,0xc9,0x5a,0xa9,0x52,0x89,
    0x4a,0x27,0x42,0x07,0x52,0x88,0x52,0x88,0x4a,0x27,0x4a,0x48,0x52,0x88,0x52,0x88,0x42,0x06,0x52,0x68,0x4a,0x27,0x62,0xc9,
    0x52,0x68,0x4a,0x27,0x4a,0x48,0x4a,0x48,0x5a,0x89,0x4a,0x27,0x4a,0x27,0x52,0x48,0x5a,0xa9,0x4a,0x27,0x4a,0x27,0x4a,0x48,
    0x5a,0xa9,0x4a,0x27,0x4a,0x48,0x52,0x68,0x4a,0x48,0x4a,0x27,0x4a,0x27,0x4a,0x27,0x4a,0x48,0x4a,0x48,0x52,0x68,0x52,0x68,
    0x4a,0x27,0x4a,0x27,0x4a,0x48,0x52,0x88,0x52,0x48,0x52,0x68,0x4a,0x48,0x4a,0x48,0x42,0x27,0x4a,0x27,0x52,0x68,0x52,0x68,
    0x52,0x88,0x42,0x07,0x42,0x27,0x4a,0x27,0x4a,0x27,0x42,0x27,0x42,0x07,0x42,0x27,0x41,0xe6,0x4a,0x27,0x4a,0x27,0x4a,0x27,
    0x52,0x68,0x4a,0x47,0x42,0x07,0x4a,0x47,0x52,0x88,0x52,0x68,0x52,0x68,0x4a,0x47,0x42,0x07,0x42,0x07,0x4a,0x48,0x5a,0x89,
    0x42,0x27,0x42,0x07,0x52,0x68,0x52,0x89,0x52,0x88,0x5a,0xa9,0x62,0xea,0x5a,0x88,0x4a,0x27,0x52,0x88,0x5a,0x89,0x62,0xea,
    0x5a,0xa9,0x4a,0x48,0x4a,0x27,0x4a,0x48,0x52,0x88,0x52,0x88,0x52,0x89,0x4a,0x48,0x4a,0x27,0x6b,0x0a,0x62,0xe9,0x62,0xc9,
    0x62,0xc9,0x62,0xe9,0x5a,0xa9,0x5a,0xa9,0x52,0x68,0x5a,0x89,0x5a,0xa9,0x52,0x68,0x5a,0x89,0x52,0x88,0x5a,0xa9,0x5a,0xc9,
    0x5a,0xc9,0x42,0x07,0x5a,0xa9,0x62,0xc9,0x62,0xea,0x5a,0xa9,0x52,0x48,0x63,0x0a,0x6b,0x0a,0x52,0x88,0x52,0x48,0x5a,0xa9,
    0x5a,0xa9,0x52,0x68,0x52,0x88,0x52,0x68,0x5a,0xa9,0x4a,0x27,0x52,0x68,0x5a,0x89,0x4a,0x47,0x4a,0x48,0x52,0x68,0x52,0x88,
    0x42,0x27,0x4a,0x48,0x5a,0xc9,0x4a,0x27,0x4a,0x27,0x4a,0x48,0x52,0x89,0x4a,0x48,0x5a,0xa9,0x52,0x88,0x42,0x07,0x4a,0x27,
    0x5a,0xa9,0x52,0x68,0x52,0x88,0x42,0x07,0x52,0x88,0x52,0x68,0x4a,0x27,0x42,0x07,0x52,0x68,0x5a,0xa9,0x52,0x68,0x4a,0x27,
    0x62,0xea,0x6b,0x2b,0x5a,0xa9,0x4a,0x27,0x4a,0x27,0x42,0x07,0x52,0x89,0x4a,0x48,0x42,0x07,0x4a,0x27,0x4a,0x48,0x4a,0x48,
    0x42,0x07,0x4a,0x48,0x4a,0x48,0x42,0x07,0x52,0x88,0x52,0x88,0x52,0x68,0x52,0x88,0x52,0x89,0x62,0xea,0x52,0x68,0x52,0x88,
    0x42,0x07,0x52,0x89,0x5a,0xa9,0x52,0x88,0x52,0x89,0x4a,0x27,0x52,0x68,0x4a,0x47,0x52,0x89,0x52,0x68,0x52,0x68,0x4a,0x27,
    0x62,0xea,0x5a,0xa9,0x5a,0xc9,0x52,0x47,0x6b,0x0a,0x5a,0x89,0x62,0xea,0x52,0x68,0x5a,0xa9,0x6b,0x2b,0x62,0xea,0x4a,0x47,
    0x4a,0x27,0x42,0x07,0x4a,0x27,0x4a,0x47,0x4a,0x07,0x39,0xc6,0x41,0xc6,0x41,0xe6,0x4a,0x27,0x4a,0x27,0x42,0x06,0x39,0xc6,
    0x42,0x06,0x4a,0x27,0x4a,0x47,0x39,0xe6,0x4a,0x48,0x42,0x07,0x4a,0x27,0x41,0xe6,0x4a,0x47,0x42,0x07,0x42,0x27,0x4a,0x27,
    0x4a,0x27,0x4a,0x47,0x4a,0x48,0x4a,0x27,0x42,0x07,0x4a,0x47,0x4a,0x27,0x4a,0x27,0x4a,0x27,0x4a,0x47,0x42,0x07,0x4a,0x27,
    0x52,0x68,0x4a,0x48,0x4a,0x48,0x42,0x07,0x42,0x07,0x41,0xe6,0x4a,0x47,0x4a,0x27,0x4a,0x27,0x42,0x07,0x4a,0x27,0x42,0x07,
    0x52,0x89,0x4a,0x48,0x52,0x68,0x52,0x68,0x52,0x68,0x52,0x88,0x5a,0xa9,0x52,0x68,0x4a,0x48,0x52,0x68,0x52,0x88,0x52,0x68,
    0x42,0x07,0x4a,0x27,0x52,0x68,0x52,0x88,0x4a,0x27,0x4a,0x47,0x52,0x47,0x52,0x68,0x4a,0x47,0x52,0x68,0x5a,0xa8,0x5a,0xa9,
    0x52,0x88,0x5a,0x88,0x5a,0x88,0x4a,0x47,0x5a,0xa8,0x5a,0x88,0x5a,0xa8,0x52,0x67,0x52,0x68,0x4a,0x27,0x42,0x07,0x4a,0x27,
    0x4a,0x47,0x4a,0x27,0x52,0x48,0x4a,0x47,0x4a,0x47,0x4a,0x47,0x52,0x68,0x52,0x68,0x5a,0xa8,0x52,0x88,0x4a,0x47,0x4a,0x27,
    0x4a,0x47,0x62,0xc9,0x52,0x68,0x5a,0x88,0x4a,0x27,0x4a,0x47,0x41,0xe6,0x5a,0xa9,0x4a,0x47,0x4a,0x48,0x52,0x68,0x52,0x88,
    0x4a,0x27,0x52,0x68,0x5a,0x89,0x5a,0xa8,0x5a,0xa8,0x4a,0x47,0x4a,0x47,0x52,0x68,0x5a,0xc9,0x52,0x68,0x4a,0x47,0x52,0x68,
    0x52,0x88,0x52,0x68,0x4a,0x48,0x4a,0x68,0x5a,0x88,0x52,0x68,0x4a,0x27,0x4a,0x48,0x5a,0xa9,0x52,0x88,0x52,0x89,0x5a,0x89,
    0x5a,0x89,0x5a,0xa9,0x5a,0xa9,0x5a,0xa9,0x52,0x68,0x5a,0xa9,0x5a,0x89,0x5a,0xa9,0x52,0x68,0x5a,0xc9,0x62,0xea,0x5a,0xa9,
    0x52,0x88,0x62,0xca,0x5a,0x88,0x5a,0xa8,0x52,0x88,0x52,0x68,0x52,0x48,0x52,0x68,0x4a,0x47,0x4a,0x47,0x4a,0x47,0x4a,0x47,
    0x52,0x48,0x4a,0x27,0x4a,0x27,0x52,0x88,0x52,0x88,0x52,0x68,0x52,0x68,0x4a,0x48,0x52,0x47,0x4a,0x48,0x52,0x68,0x52,0x68,
    0x4a,0x47,0x52,0x68,0x4a,0x48,0x52,0x88,0x5a,0x88,0x52,0x88,0x52,0x68,0x5a,0x89,0x52,0x48,0x52,0x88,0x4a,0x48,0x4a,0x48,
    0x5a,0xa9,0x52,0x68,0x52,0x89,0x52,0x89,0x52,0x89,0x52,0x68,0x52,0x88,0x52,0x88,0x52,0x68,0x5a,0x89,0x5a,0x89,0x52,0x68,
    0x52,0x68,0x5a,0x89,0x5a,0xa9,0x52,0x88,0x52,0x68,0x62,0xc9,0x52,0x88,0x52,0x68,0x52,0x68,0x62,0xc9,0x5a,0xa9,0x52,0x88,
    0x52,0x89,0x52,0x68,0x52,0x68,0x5a,0x89,0x4a,0x27,0x52,0x68,0x52,0x88,0x5a,0xa9,0x4a,0x47,0x4a,0x48,0x52,0x68,0x52,0x68,
    0x52,0x68,0x4a,0x27,0x4a,0x27,0x52,0x68,0x5a,0xa9,0x5a,0xa9,0x52,0x88,0x4a,0x27,0x52,0x68,0x4a,0x27,0x42,0x06,0x42,0x07,
    0x52,0x68,0x4a,0x27,0x42,0x07,0x4a,0x27,0x4a,0x27,0x4a,0x27,0x42,0x07,0x4a,0x48,0x42,0x07,0x4a,0x27,0x52,0x68,0x52,0x68,
    0x5a,0x88,0x5a,0xa9,0x52,0x88,0x5a,0x88,0x4a,0x48,0x52,0x88,0x62,0xea,0x52,0x68,0x4a,0x48,0x4a,0x47,0x52,0x68,0x4a,0x47,
    0x42,0x27,0x4a,0x27,0x4a,0x48,0x52,0x68,0x4a,0x47,0x52,0x68,0x4a,0x47,0x4a,0x48,0x4a,0x48,0x4a,0x48,0x4a,0x27,0x4a,0x48,
    0x4a,0x48,0x4a,0x48,0x4a,0x48,0x4a,0x48,0x4a,0x27,0x4a,0x48,0x4a,0x48,0x4a,0x48,0x52,0x68,0x52,0x88,0x4a,0x48,0x4a,0x47,
    0x52,0x68,0x52,0x68,0x4a,0x27,0x4a,0x47,0x4a,0x48,0x52,0x68,0x62,0xea,0x4a,0x27,0x4a,0x27,0x4a,0x48,0x63,0x0a,0x52,0x68,
    0x5a,0x88,0x62,0xe9,0x52,0x68,0x4a,0x27,0x4a,0x48,0x52,0x68,0x5a,0x89,0x4a,0x48,0x4a,0x48,0x4a,0x48,0x52,0x68,0x4a,0x47,
    0x52,0x68,0x4a,0x48,0x52,0x48,0x4a,0x28,0x5a,0xa9,0x5a,0xc9,0x5a,0xa9,0x52,0x48,0x5a,0xa9,0x63,0x0a,0x6b,0x4b,0x5a,0x88,
    0x52,0x68,0x52,0x89,0x5a,0xc9,0x52,0x88,0x4a,0x27,0x4a,0x48,0x4a,0x48,0x4a,0x48,0x52,0x68,0x52,0x88,0x52,0x88,0x52,0x48,
    0x4a,0x27,0x4a,0x47,0x4a,0x27,0x4a,0x47,0x52,0x48,0x4a,0x27,0x42,0x07,0x4a,0x48,0x52,0x48,0x4a,0x27,0x52,0x68,0x52,0x68,
    0x5a,0xa9,0x52,0x68,0x4a,0x27,0x42,0x07,0x4a,0x48,0x4a,0x48,0x4a,0x27,0x42,0x27,0x4a,0x27,0x41,0xe6,0x4a,0x48,0x4a,0x48,
    0x4a,0x47,0x4a,0x27,0x4a,0x48,0x42,0x07,0x4a,0x27,0x52,0x68,0x4a,0x27,0x4a,0x27,0x5a,0x88,0x5a,0xca,0x52,0x89,0x4a,0x27,
    0x52,0x68,0x52,0x88,0x5a,0xa9,0x52,0x89,0x52,0x68,0x52,0x88,0x52,0x68,0x52,0x48,0x4a,0x27,0x4a,0x48,0x52,0x89,0x52,0x68,
    0x52,0x48,0x52,0x68,0x52,0x68,0x52,0x68,0x52,0x68,0x52,0x48,0x4a,0x27,0x52,0x68,0x52,0x68,0x4a,0x48,0x52,0x68,0x4a,0x47,
    0x52,0x48,0x4a,0x27,0x4a,0x27,0x52,0x88,0x52,0x68,0x42,0x07,0x42,0x07,0x5a,0xa9,0x52,0x68,0x4a,0x27,0x4a,0x27,0x52,0x68,
    0x52,0x47,0x4a,0x47,0x4a,0x47,0x4a,0x48,0x5a,0x88,0x52,0x88,0x62,0xea,0x6b,0x2b,0x5a,0xa9,0x42,0x07,0x4a,0x27,0x4a,0x47,
    0x52,0x68,0x4a,0x48,0x52,0x88,0x5a,0xa9,0x4a,0x47,0x52,0x68,0x52,0x88,0x4a,0x48,0x52,0x48,0x4a,0x48,0x52,0x88,0x52,0x68,
    0x4a,0x68,0x4a,0x47,0x52,0x48,0x52,0x68,0x52,0x68,0x4a,0x48,0x4a,0x27,0x4a,0x48,0x4a,0x27,0x52,0x68,0x4a,0x27,0x42,0x07,
    0x42,0x07,0x4a,0x27,0x4a,0x27,0x52,0x68,0x4a,0x27,0x4a,0x27,0x4a,0x48,0x52,0x89,0x52,0x68,0x52,0x68,0x4a,0x27,0x52,0x68,
    0x52,0x68,0x52,0x68,0x4a,0x47,0x5a,0xa9,0x52,0x89,0x52,0x88,0x4a,0x48,0x4a,0x27,0x52,0x68,0x52,0x88,0x4a,0x27,0x4a,0x48,
    0x52,0x88,0x52,0x88,0x52,0x68,0x4a,0x27,0x52,0x68,0x4a,0x48,0x52,0x88,0x4a,0x48,0x4a,0x28,0x42,0x27,0x4a,0x27,0x52,0x68,
    0x42,0x07,0x41,0xe6,0x4a,0x27,0x4a,0x47,0x4a,0x27,0x4a,0x27,0x4a,0x27,0x4a,0x47,0x52,0x48,0x52,0x88,0x4a,0x27,0x42,0x07,
    0x4a,0x27,0x42,0x07,0x4a,0x48,0x6b,0x0a,0x4a,0x48,0x41,0xe6,0x42,0x07,0x52,0x88,0x4a,0x48,0x52,0x68,0x52,0x88,0x52,0x68,
    0x41,0xe6,0x4a,0x27,0x52,0x88,0x4a,0x27,0x5a,0x88,0x62,0xea,0x62,0xea,0x52,0x68,0x4a,0x47,0x4a,0x47,0x5a,0xa9,0x5a,0xa9,
    0x4a,0x27,0x42,0x07,0x4a,0x48,0x5a,0xc9,0x42,0x07,0x4a,0x47,0x4a,0x27,0x5a,0xa9,0x4a,0x27,0x4a,0x47,0x4a,0x27,0x39,0xc6,
    0x41,0xe6,0x4a,0x27,0x52,0x88,0x4a,0x27,0x4a,0x27,0x4a,0x47,0x5a,0x89,0x52,0x88,0x52,0x89,0x4a,0x27,0x4a,0x48,0x4a,0x48,
    0x41,0xe6,0x4a,0x27,0x42,0x07,0x42,0x07,0x4a,0x27,0x41,0xe6,0x41,0xe6,0x4a,0x47,0x42,0x07,0x42,0x07,0x42,0x07,0x4a,0x27,
    0x4a,0x48,0x4a,0x48,0x4a,0x47,0x42,0x07,0x4a,0x27,0x41,0xe6,0x42,0x07,0x52,0x48,0x4a,0x48,0x41,0xe6,0x41,0xe6,0x4a,0x27,
    0x4a,0x27,0x4a,0x27,0x42,0x07,0x4a,0x27,0x42,0x07,0x52,0x68,0x4a,0x47,0x4a,0x27,0x52,0x68,0x4a,0x27,0x4a,0x47,0x52,0x68,
    0x5a,0x89,0x52,0x47,0x52,0x68,0x62,0xc8,0x4a,0x27,0x52,0x68,0x5a,0xa8,0x5a,0xa9,0x42,0x07,0x52,0x68,0x5a,0x88,0x52,0x68,
    0x62,0xe9,0x5a,0xa8,0x5a,0xa8,0x5a,0x88,0x5a,0xa8,0x5a,0xa8,0x52,0x68,0x5a,0xa8,0x5a,0x88,0x5a,0xa9,0x5a,0xa9,0x4a,0x47,
    0x52,0x68,0x4a,0x47,0x4a,0x27,0x4a,0x27,0x5a,0xa9,0x52,0x88,0x4a,0x47,0x4a,0x27,0x62,0xe9,0x52,0x88,0x5a,0x89,0x52,0x68,
    0x5a,0xa8,0x52,0x88,0x5a,0xa9,0x5a,0xa9,0x4a,0x27,0x4a,0x27,0x5a,0xa9,0x52,0x89,0x52,0x68,0x5a,0xa9,0x4a,0x27,0x52,0x68,
    0x52,0x68,0x52,0x68,0x4a,0x47,0x52,0x68,0x52,0x68,0x5a,0xa9,0x52,0x68,0x52,0x68,0x52,0x88,0x52,0x48,0x52,0x88,0x5a,0xa9,
    0x52,0x68,0x52,0x68,0x42,0x07,0x4a,0x48,0x52,0x88,0x52,0x68,0x42,0x07,0x4a,0x47,0x5a,0x89,0x52,0x68,0x52,0x68,0x4a,0x27,
    0x5a,0xa9,0x4a,0x47,0x52,0x68,0x52,0x68,0x52,0x68,0x4a,0x48,0x5a,0xa9,0x5a,0x89,0x52,0x68,0x4a,0x48,0x52,0x88,0x5a,0xa9,
    0x42,0x07,0x52,0x68,0x5a,0xa9,0x52,0x68,0x52,0x68,0x52,0x68,0x5a,0xa9,0x42,0x27,0x42,0x27,0x4a,0x47,0x52,0x48,0x4a,0x47,
    0x52,0x68,0x4a,0x47,0x52,0x68,0x4a,0x27,0x52,0x88,0x42,0x07,0x42,0x06,0x4a,0x27,0x42,0x07,0x52,0x68,0x4a,0x47,0x52,0x68,
    0x52,0x68,0x5a,0xc9,0x52,0x68,0x4a,0x47,0x52,0x48,0x5a,0xc9,0x5a,0x89,0x5a,0x89,0x5a,0xa9,0x52,0x68,0x5a,0x89,0x5a,0xc9,
    0x52,0x68,0x5a,0xc9,0x5a,0xa9,0x5a,0x88,0x4a,0x47,0x5a,0x89,0x5a,0xa9,0x52,0x88,0x52,0x88,0x5a,0x88,0x52,0x88,0x5a,0xa9,
    0x5a,0x89,0x52,0x88,0x62,0xea,0x5a,0x89,0x5a,0xa9,0x52,0x68,0x5a,0x89,0x5a,0xa9,0x52,0x68,0x52,0x68,0x52,0x68,0x52,0x88,
    0x5a,0xa9,0x52,0x89,0x52,0x68,0x52,0x68,0x5a,0xa9,0x52,0x89,0x52,0x68,0x52,0x68,0x5a,0x88,0x5a,0xa9,0x5a,0xa9,0x52,0x88,
    0x52,0x88,0x62,0xea,0x4a,0x27,0x4a,0x27,0x4a,0x47,0x52,0x68,0x52,0x68,0x4a,0x48,0x4a,0x47,0x52,0x88,0x52,0x68,0x52,0x68,
    0x52,0x88,0x52,0x68,0x4a,0x48,0x52,0x89,0x4a,0x27,0x41,0xe7,0x4a,0x48,0x52,0x68,0x4a,0x48,0x4a,0x27,0x4a,0x27,0x4a,0x27,
    0x52,0x88,0x52,0x68,0x4a,0x27,0x4a,0x27,0x4a,0x48,0x4a,0x27,0x4a,0x48,0x52,0x68,0x4a,0x48,0x4a,0x27,0x42,0x27,0x42,0x07,
    0x4a,0x48,0x42,0x07,0x41,0xe6,0x42,0x07,0x42,0x27,0x4a,0x48,0x42,0x07,0x52,0x68,0x4a,0x48,0x4a,0x68,0x4a,0x48,0x52,0x68,
    0x4a,0x27,0x4a,0x48,0x4a,0x27,0x4a,0x27,0x42,0x07,0x4a,0x27,0x52,0x68,0x52,0x68,0x4a,0x27,0x4a,0x28,0x5a,0xa9,0x52,0x68,
    0x41,0xe6,0x4a,0x27,0x52,0x68,0x52,0x68,0x4a,0x48,0x52,0x48,0x52,0x88,0x5a,0xa9,0x4a,0x48,0x4a,0x28,0x52,0x68,0x5a,0xa9,
    0x52,0x68,0x52,0x48,0x4a,0x27,0x52,0x89,0x52,0x88,0x52,0x68,0x4a,0x48,0x4a,0x48,0x4a,0x48,0x4a,0x48,0x4a,0x48,0x4a,0x48,
    0x4a,0x68,0x4a,0x48,0x52,0x68,0x42,0x07,0x4a,0x27,0x4a,0x27,0x4a,0x48,0x52,0x68,0x52,0x89,0x52,0x88,0x4a,0x27,0x4a,0x48,
    0x4a,0x27,0x4a,0x48,0x52,0x89,0x4a,0x48,0x42,0x07,0x4a,0x48,0x4a,0x48,0x4a,0x48,0x4a,0x48,0x52,0x68,0x4a,0x48,0x52,0x48,
    0x4a,0x48,0x4a,0x48,0x42,0x07,0x4a,0x27,0x4a,0x47,0x52,0x68,0x52,0x88,0x5a,0xa9,0x4a,0x48,0x52,0x48,0x4a,0x27,0x52,0x88,
    0x52,0x68,0x4a,0x27,0x4a,0x27,0x52,0x68,0x4a,0x27,0x4a,0x48,0x5a,0xa9,0x4a,0x48,0x5a,0xc9,0x5a,0xa9,0x4a,0x27,0x4a,0x48,
    0x52,0x88,0x5a,0xa9,0x5a,0x89,0x52,0x68,0x52,0x88,0x52,0x88,0x52,0x68,0x4a,0x27,0x52,0x68,0x52,0x89,0x4a,0x27,0x4a,0x27,
    0x5a,0xa9,0x5a,0xc9,0x52,0x68,0x4a,0x48,0x52,0x68,0x5a,0x88,0x4a,0x47,0x42,0x27,0x4a,0x27,0x52,0x48,0x52,0x48,0x42,0x07,
    0x4a,0x48,0x42,0x07,0x4a,0x48,0x4a,0x47,0x4a,0x48,0x52,0x68,0x52,0x68,0x52,0x68,0x52,0x88,0x52,0x68,0x52,0x68,0x5a,0xa8,
    0x5a,0x88,0x5a,0xa9,0x52,0x88,0x52,0x88,0x4a,0x48,0x52,0x68,0x52,0x88,0x4a,0x48,0x52,0x88,0x52,0x68,0x52,0x68,0x52,0x68,
    0x52,0x68,0x4a,0x47,0x52,0x68,0x62,0xc9,0x4a,0x47,0x4a,0x27,0x4a,0x27,0x5a,0xa9,0x4a,0x27,0x4a,0x48,0x4a,0x48,0x4a,0x48,
    0x4a,0x27,0x5a,0x89,0x52,0x68,0x4a,0x27,0x52,0x68,0x5a,0xa9,0x5a,0xa9,0x4a,0x27,0x5a,0xa9,0x5a,0xa9,0x5a,0xa9,0x4a,0x27,
    0x5a,0xa9,0x62,0xc9,0x62,0xca,0x4a,0x68,0x4a,0x48,0x42,0x07,0x4a,0x27,0x4a,0x07,0x4a,0x27,0x42,0x27,0x4a,0x48,0x52,0x68,
    0x42,0x07,0x42,0x27,0x4a,0x47,0x52,0x68,0x4a,0x47,0x42,0x27,0x52,0x68,0x5a,0xa9,0x42,0x07,0x52,0x88,0x5a,0x88,0x52,0x68,
    0x52,0x48,0x52,0x68,0x52,0x68,0x52,0x68,0x52,0x88,0x52,0x68,0x52,0x89,0x5a,0xa9,0x5a,0x89,0x4a,0x27,0x4a,0x47,0x52,0x68,
    0x52,0x68,0x4a,0x47,0x4a,0x48,0x4a,0x48,0x4a,0x47,0x4a,0x27,0x52,0x68,0x4a,0x48,0x4a,0x47,0x4a,0x48,0x4a,0x48,0x52,0x68,
    0x52,0x88,0x5a,0xa9,0x4a,0x27,0x42,0x07,0x52,0x68,0x52,0x68,0x4a,0x27,0x4a,0x27,0x52,0x68,0x4a,0x27,0x4a,0x48,0x4a,0x48,
    0x52,0x68,0x52,0x68,0x52,0x88,0x4a,0x48,0x4a,0x47,0x52,0x48,0x4a,0x48,0x52,0x68,0x4a,0x27,0x4a,0x48,0x52,0x48,0x4a,0x27,
    0x4a,0x48,0x4a,0x27,0x4a,0x27,0x4a,0x27,0x4a,0x27,0x4a,0x48,0x42,0x07,0x52,0x68,0x4a,0x48,0x4a,0x48,0x52,0x88,0x5a,0x88,
    0x41,0xe6,0x52,0x68,0x42,0x06,0x52,0x88,0x4a,0x27,0x4a,0x47,0x52,0x68,0x52,0x68,0x52,0x88,0x52,0x68,0x52,0x68,0x4a,0x48,
    0x52,0x88,0x52,0x68,0x41,0xe6,0x4a,0x27,0x52,0x89,0x4a,0x48,0x52,0x88,0x52,0x68,0x52,0x68,0x4a,0x27,0x5a,0xa9,0x5a,0xa9,
    0x4a,0x47,0x52,0x68,0x5a,0xa9,0x5a,0xa9,0x4a,0x47,0x52,0x68,0x5a,0x89,0x4a,0x48,0x52,0x68,0x52,0x68,0x4a,0x27,0x4a,0x48,
    0x52,0x68,0x52,0x89,0x52,0x68,0x52,0x68,0x52,0x68,0x52,0x89,0x52,0x88,0x52,0x89,0x52,0x68,0x52,0x68,0x4a,0x27,0x4a,0x48,
    0x4a,0x27,0x5a,0x88,0x52,0x68,0x41,0xe6,0x42,0x07,0x4a,0x27,0x4a,0x47,0x4a,0x48,0x42,0x07,0x41,0xe6,0x52,0x88,0x52,0x88,
    0x4a,0x27,0x4a,0x27,0x4a,0x47,0x5a,0xa9,0x39,0xa6,0x52,0x48,0x5a,0xa9,0x39,0xc6,0x4a,0x27,0x4a,0x27,0x4a,0x48,0x4a,0x48,
    0x5a,0xa9,0x52,0x68,0x42,0x07,0x52,0x68,0x5a,0xa9,0x52,0x68,0x4a,0x48,0x4a,0x27,0x4a,0x27,0x39,0xc6,0x42,0x07,0x52,0x88,
    0x4a,0x48,0x42,0x07,0x4a,0x27,0x52,0x68,0x4a,0x27,0x4a,0x48,0x4a,0x48,0x4a,0x48,0x52,0x68,0x4a,0x27,0x52,0x48,0x52,0x68,
    0x52,0x88,0x5a,0xc9,0x5a,0xa9,0x4a,0x48,0x5a,0xc9,0x52,0x89,0x4a,0x47,0x52,0x68,0x52,0x68,0x4a,0x48,0x4a,0x48,0x52,0x68,
    0x4a,0x27,0x4a,0x48,0x52,0x68,0x4a,0x27,0x52,0x68,0x4a,0x48,0x4a,0x48,0x4a,0x27,0x4a,0x48,0x52,0x48,0x4a,0x48,0x4a,0x27,
    0x4a,0x48,0x52,0x68,0x4a,0x47,0x4a,0x27,0x52,0x68,0x4a,0x48,0x4a,0x48,0x42,0x07,0x4a,0x27,0x4a,0x47,0x4a,0x48,0x4a,0x27,
    0x42,0x07,0x4a,0x27,0x5a,0xa9,0x52,0x68,0x4a,0x28,0x4a,0x48,0x52,0x88,0x52,0x68,0x52,0x68,0x52,0x89,0x4a,0x28,0x52,0x68,
    0x52,0x68,0x5a,0x89,0x5a,0xa9,0x52,0x88,0x41,0xe6,0x52,0x88,0x5a,0x88,0x4a,0x47,0x52,0x68,0x52,0x68,0x52,0x47,0x52,0x88,
    0x52,0x89,0x4a,0x27,0x4a,0x27,0x5a,0xa8,0x52,0x48,0x4a,0x47,0x4a,0x48,0x52,0x88,0x4a,0x48,0x52,0x68,0x4a,0x48,0x4a,0x27,
    0x4a,0x48,0x4a,0x27,0x4a,0x47,0x52,0x68,0x5a,0x89,0x4a,0x68,0x52,0x68,0x4a,0x27,0x52,0x68,0x52,0x68,0x5a,0x89,0x5a,0xa9,
    0x5a,0x89,0x4a,0x47,0x4a,0x47,0x52,0x88,0x4a,0x47,0x52,0x68,0x4a,0x47,0x4a,0x48,0x4a,0x48,0x52,0x68,0x52,0x68,0x4a,0x48,
    0x62,0xea,0x5a,0x89,0x52,0x88,0x5a,0xc9,0x4a,0x48,0x52,0x88,0x52,0x88,0x5a,0x89,0x52,0x88,0x62,0xea,0x5a,0xa9,0x4a,0x27,
    0x52,0x68,0x5a,0xa8,0x5a,0xa9,0x52,0x68,0x5a,0xc9,0x52,0x89,0x5a,0x89,0x5a,0xa9,0x5a,0xc9,0x5a,0xc9,0x5a,0xa9,0x5a,0xa9,
    0x62,0xea,0x5a,0xa9,0x5a,0xc9,0x5a,0xa8,0x4a,0x27,0x5a,0x89,0x5a,0x88,0x5a,0xa8,0x6b,0x0a,0x52,0x68,0x4a,0x48,0x4a,0x48,
    0x62,0xca,0x52,0x68,0x4a,0x48,0x52,0x68,0x52,0x88,0x42,0x07,0x52,0x89,0x4a,0x27,0x52,0x88,0x4a,0x27,0x52,0x68,0x5a,0xa9,
    0x41,0xe6,0x4a,0x48,0x52,0x68,0x4a,0x27,0x4a,0x27,0x4a,0x27,0x52,0x68,0x4a,0x48,0x52,0x68,0x52,0x68,0x42,0x07,0x42,0x07,
    0x52,0x68,0x52,0x68,0x4a,0x27,0x42,0x07,0x41,0xe6,0x4a,0x48,0x4a,0x27,0x4a,0x27,0x42,0x07,0x41,0xe7,0x4a,0x48,0x4a,0x48,
    0x42,0x07,0x41,0xe6,0x4a,0x48,0x52,0x68,0x4a,0x27,0x42,0x27,0x42,0x07,0x4a,0x27,0x4a,0x48,0x4a,0x48,0x52,0x88,0x52,0x68,
    0x52,0x89,0x52,0x89,0x4a,0x47,0x4a,0x47,0x52,0x68,0x4a,0x48,0x4a,0x48,0x5a,0xa9,0x4a,0x27,0x52,0x48,0x5a,0x89,0x4a,0x27,
    0x52,0x68,0x4a,0x27,0x52,0x68,0x4a,0x48,0x42,0x27,0x4a,0x47,0x52,0x68,0x4a,0x27,0x4a,0x48,0x4a,0x47,0x4a,0x48,0x4a,0x48,
    0x52,0x48,0x4a,0x27,0x4a,0x48,0x52,0x68,0x52,0x68,0x52,0x68,0x4a,0x48,0x52,0x68,0x4a,0x27,0x4a,0x47,0x4a,0x27,0x52,0x68,
    0x4a,0x27,0x52,0x48,0x5a,0xa9,0x52,0x68,0x4a,0x27,0x4a,0x48,0x5a,0xc9,0x52,0x68,0x4a,0x47,0x4a,0x27,0x4a,0x27,0x4a,0x47,
    0x52,0x48,0x4a,0x27,0x4a,0x07,0x4a,0x27,0x52,0x68,0x52,0x48,0x4a,0x47,0x4a,0x47,0x4a,0x48,0x4a,0x27,0x52,0x68,0x52,0x48,
    0x52,0x68,0x52,0x68,0x4a,0x48,0x52,0x68,0x52,0x88,0x52,0x68,0x4a,0x47,0x52,0x68,0x4a,0x47,0x5a,0xa9,0x52,0xa9,0x52,0x68,
    0x52,0x47,0x5a,0xc9,0x52,0x88,0x5a,0x89,0x52,0x48,0x52,0x68,0x4a,0x48,0x52,0x68,0x52,0x68,0x4a,0x27,0x52,0x68,0x52,0x68,
    0x52,0x68,0x52,0x89,0x52,0x68,0x4a,0x27,0x5a,0xa9,0x52,0x89,0x4a,0x27,0x5a,0x89,0x42,0x07,0x42,0x07,0x52,0x68,0x4a,0x47,
    0x4a,0x27,0x4a,0x27,0x52,0x68,0x4a,0x47,0x4a,0x48,0x4a,0x48,0x4a,0x48,0x4a,0x47,0x4a,0x48,0x4a,0x48,0x4a,0x48,0x4a,0x27,
    0x4a,0x48,0x52,0x48,0x4a,0x27,0x52,0x68,0x4a,0x48,0x52,0x88,0x4a,0x47,0x4a,0x27,0x52,0x68,0x52,0x88,0x4a,0x27,0x4a,0x27,
    0x4a,0x27,0x52,0x68,0x5a,0x89,0x4a,0x27,0x4a,0x48,0x4a,0x48,0x52,0x88,0x52,0x89,0x4a,0x27,0x52,0x68,0x5a,0xa9,0x5a,0xa9,
    0x52,0x88,0x5a,0xa9,0x62,0xc9,0x52,0x68,0x5a,0x88,0x5a,0xc8,0x5a,0xa8,0x4a,0x48,0x5a,0x89,0x52,0x67,0x6b,0x2a,0x62,0xea,
    0x5a,0xa9,0x5a,0xa8,0x52,0x47,0x52,0x68,0x52,0x68,0x52,0x88,0x52,0x47,0x4a,0x47,0x42,0x07,0x52,0x68,0x52,0x88,0x52,0x68,
    0x62,0xc9,0x52,0x88,0x5a,0xa9,0x52,0x68,0x73,0x6b,0x5a,0x89,0x52,0x88,0x4a,0x27,0x52,0x68,0x52,0x68,0x52,0x88,0x52,0x68,
    0x4a,0x27,0x4a,0x27,0x52,0x68,0x5a,0xa9,0x5a,0xa9,0x52,0x89,0x4a,0x48,0x42,0x07,0x52,0x68,0x52,0x88,0x4a,0x27,0x42,0x07,
    0x52,0x68,0x42,0x27,0x4a,0x47,0x42,0x07,0x52,0x68,0x4a,0x27,0x4a,0x27,0x42,0x07,0x4a,0x27,0x4a,0x27,0x4a,0x48,0x52,0x68,
    0x4a,0x27,0x4a,0x47,0x5a,0xa9,0x52,0x88,0x52,0x88,0x52,0x68,0x4a,0x27,0x42,0x07,0x4a,0x48,0x4a,0x47,0x52,0x68,0x52,0x48,
    0x4a,0x48,0x52,0x68,0x4a,0x48,0x4a,0x48,0x4a,0x27,0x52,0x68,0x4a,0x27,0x4a,0x48,0x4a,0x27,0x52,0x48,0x4a,0x27,0x52,0x68,
    0x4a,0x27,0x52,0x68,0x52,0x88,0x5a,0x89,0x52,0x68,0x52,0x68,0x4a,0x47,0x52,0x48,0x4a,0x48,0x4a,0x47,0x52,0x68,0x52,0x88,
    0x4a,0x47,0x4a,0x47,0x52,0x68,0x52,0x68,0x52,0x48,0x52,0x88,0x52,0x88,0x4a,0x47,0x52,0x68,0x4a,0x47,0x42,0x07,0x42,0x07,
    0x52,0x68,0x42,0x07,0x4a,0x47,0x42,0x07,0x4a,0x27,0x4a,0x27,0x4a,0x27,0x4a,0x27,0x4a,0x47,0x52,0x48,0x42,0x07,0x52,0x68,
    0x4a,0x48,0x4a,0x27,0x4a,0x48,0x52,0x88,0x4a,0x27,0x52,0x68,0x4a,0x47,0x63,0x0a,0x52,0x68,0x52,0x68,0x52,0x68,0x5a,0xc9,
    0x5a,0x88,0x4a,0x47,0x4a,0x48,0x4a,0x48,0x4a,0x48,0x52,0x68,0x52,0x68,0x4a,0x48,0x52,0x88,0x4a,0x47,0x52,0x88,0x5a,0xa9,
    0x52,0x68,0x4a,0x27,0x4a,0x47,0x5a,0xa9,0x52,0x88,0x4a,0x48,0x4a,0x48,0x4a,0x48,0x52,0x88,0x4a,0x27,0x52,0x68,0x6b,0x2a,
    0x5a,0x88,0x52,0x68,0x52,0x88,0x62,0xc9,0x52,0x68,0x52,0x88,0x52,0x68,0x5a,0x89,0x52,0x68,0x5a,0xa9,0x52,0x68,0x52,0x68,
    0x5a,0xa9,0x5a,0xa9,0x5a,0xc9,0x5a,0x89,0x62,0xe9,0x62,0xea,0x5a,0xc9,0x5a,0xa9,0x4a,0x47,0x42,0x07,0x52,0x68,0x5a,0xa9,
    0x52,0x68,0x52,0x48,0x4a,0x48,0x52,0x88,0x52,0x68,0x52,0x68,0x4a,0x48,0x4a,0x27,0x52,0x88,0x52,0x68,0x4a,0x47,0x4a,0x48,
    0x5a,0xa9,0x52,0x68,0x52,0x68,0x4a,0x48,0x52,0x68,0x52,0x68,0x5a,0xa9,0x52,0x88,0x4a,0x28,0x42,0x27,0x4a,0x48,0x52,0x48,
    0x4a,0x27,0x4a,0x27,0x52,0x68,0x4a,0x68,0x4a,0x48,0x52,0x68,0x52,0x68,0x4a,0x48,0x4a,0x47,0x4a,0x27,0x4a,0x27,0x4a,0x48,
    0x52,0x88,0x4a,0x27,0x4a,0x47,0x52,0x68,0x5a,0x89,0x52,0x88,0x4a,0x27,0x41,0xe7,0x4a,0x48,0x52,0x68,0x52,0x68,0x41,0xe6,
    0x52,0x88,0x52,0x88,0x52,0x89,0x52,0x68,0x52,0x68,0x4a,0x48,0x52,0x88,0x52,0x89,0x4a,0x27,0x5a,0xa9,0x52,0x88,0x52,0x68,
    0x5a,0xa9,0x5a,0xa9,0x4a,0x48,0x52,0x68,0x5a,0xa9,0x52,0x89,0x5a,0x89,0x5a,0xa9,0x52,0x88,0x62,0xea,0x62,0xea,0x62,0xe9,
    0x5a,0xa9,0x73,0x6b,0x6b,0x0a,0x62,0xea,0x5a,0x89,0x52,0x89,0x52,0x68,0x62,0xea,0x52,0x88,0x4a,0x48,0x4a,0x27,0x52,0x88,
    0x52,0x47,0x52,0x88,0x5a,0x89,0x4a,0x27,0x5a,0x88,0x52,0x68,0x52,0x68,0x52,0x68,0x62,0xca,0x62,0xea,0x4a,0x27,0x52,0x68,
    0x52,0x48,0x5a,0x88,0x5a,0xa8,0x4a,0x27,0x4a,0x48,0x4a,0x27,0x4a,0x47,0x5a,0x88,0x52,0x68,0x4a,0x27,0x52,0x68,0x5a,0xa9,
    0x4a,0x48,0x4a,0x47,0x62,0xca,0x5a,0xca,0x52,0x68,0x52,0x68,0x52,0x68,0x5a,0xa9,0x52,0x68,0x4a,0x47,0x52,0x68,0x4a,0x27,
    0x52,0x68,0x42,0x07,0x52,0x48,0x4a,0x48,0x4a,0x48,0x4a,0x27,0x4a,0x48,0x4a,0x48,0x5a,0xa9,0x52,0x88,0x4a,0x47,0x42,0x07,
    0x41,0xe7,0x52,0x68,0x5a,0x88,0x52,0x88,0x4a,0x48,0x52,0x88,0x52,0x68,0x52,0x68,0x4a,0x47,0x52,0x68,0x52,0x68,0x52,0x68,
    0x42,0x07,0x52,0x68,0x5a,0xa9,0x52,0x88,0x62,0xc9,0x52,0x68,0x52,0x68,0x5a,0xa9,0x52,0x68,0x52,0x68,0x5a,0xa9,0x5a,0x88,
    0x52,0x47,0x52,0x47,0x52,0x68,0x5a,0xa9,0x52,0x88,0x52,0x88,0x52,0x68,0x52,0x68,0x4a,0x27,0x4a,0x47,0x4a,0x47,0x4a,0x48,
    0x4a,0x27,0x52,0x68,0x42,0x06,0x52,0x48,0x52,0x68,0x5a,0x88,0x52,0x48,0x4a,0x27,0x52,0x88,0x52,0x68,0x4a,0x47,0x4a,0x27,
    0x4a,0x48,0x4a,0x48,0x4a,0x27,0x4a,0x48,0x4a,0x27,0x42,0x07,0x52,0x68,0x52,0x68,0x52,0x68,0x52,0x48,0x52,0x48,0x42,0x07,
    0x62,0xc9,0x52,0x47,0x5a,0xa9,0x4a,0x48,0x52,0x89,0x52,0x89,0x52,0x89,0x4a,0x48,0x4a,0x27,0x52,0x68,0x52,0x48,0x4a,0x48,
    0x42,0x07,0x4a,0x27,0x52,0x88,0x52,0x68,0x42,0x07,0x42,0x07,0x4a,0x48,0x52,0x68,0x52,0x68,0x52,0x48,0x52,0x89,0x52,0x68,
    0x4a,0x48,0x52,0x68,0x52,0x68,0x52,0x89,0x5a,0x89,0x52,0x89,0x4a,0x27,0x52,0x88,0x5a,0x89,0x5a,0xa9,0x52,0x88,0x52,0x68,
    0x4a,0x27,0x4a,0x27,0x42,0x27,0x4a,0x48,0x4a,0x48,0x4a,0x27,0x42,0x27,0x42,0x07,0x52,0x68,0x4a,0x47,0x4a,0x48,0x42,0x27,
    0x52,0x68,0x52,0x48,0x4a,0x48,0x52,0x48,0x52,0x68,0x42,0x07,0x4a,0x48,0x4a,0x27,0x4a,0x27,0x4a,0x47,0x52,0x68,0x4a,0x27,
    0x4a,0x27,0x42,0x27,0x4a,0x48,0x4a,0x27,0x5a,0xa9,0x52,0x68,0x52,0x68,0x52,0x89,0x4a,0x47,0x52,0x88,0x5a,0xa9,0x52,0x89,
    0x42,0x07,0x52,0x88,0x52,0x89,0x4a,0x27,0x42,0x07,0x52,0x68,0x62,0xca,0x52,0x68,0x4a,0x48,0x52,0x68,0x5a,0xa9,0x52,0x68,
    0x4a,0x48,0x42,0x07,0x4a,0x48,0x4a,0x48,0x52,0x68,0x52,0x68,0x62,0xea,0x5a,0xa9,0x52,0x89,0x52,0x89,0x5a,0xc9,0x52,0x68,
    0x5a,0xa9,0x4a,0x27,0x5a,0xa9,0x63,0x0a,0x4a,0x27,0x4a,0x27,0x4a,0x48,0x4a,0x47,0x4a,0x47,0x52,0x88,0x52,0x89,0x52,0x68,
    0x52,0x68,0x52,0x89,0x62,0xc9,0x52,0x47,0x52,0x68,0x42,0x07,0x4a,0x27,0x52,0x68,0x52,0x68,0x52,0x88,0x52,0x48,0x52,0x68,
    0x52,0x88,0x5a,0x88,0x52,0x67,0x4a,0x47,0x4a,0x27,0x5a,0xa8,0x52,0x68,0x4a,0x48,0x52,0x48,0x5a,0xc9,0x52,0x88,0x5a,0xa9,
    0x63,0x0a,0x5a,0x88,0x5a,0xa9,0x5a,0x89,0x52,0x88,0x52,0x88,0x5a,0xa9,0x52,0x68,0x52,0x89,0x52,0x68,0x52,0x68,0x52,0x68,
    0x52,0x89,0x52,0x88,0x4a,0x27,0x4a,0x47,0x4a,0x27,0x4a,0x47,0x52,0x68,0x4a,0x47,0x52,0x88,0x4a,0x27,0x4a,0x47,0x52,0x68,
    0x52,0x88,0x4a,0x48,0x52,0x48,0x52,0x88,0x52,0x48,0x52,0x48,0x52,0x68,0x4a,0x48,0x4a,0x27,0x42,0x27,0x42,0x07,0x52,0x88,
    0x52,0x68,0x4a,0x47,0x5a,0xa9,0x52,0x68,0x52,0x48,0x5a,0x89,0x52,0x68,0x42,0x07,0x42,0x07,0x4a,0x48,0x52,0x88,0x52,0x88,
    0x52,0x88,0x4a,0x27,0x42,0x07,0x41,0xe6,0x4a,0x27,0x52,0x68,0x4a,0x07,0x39,0xe6,0x52,0x48,0x4a,0x27,0x4a,0x27,0x4a,0x48,
    0x6b,0x2b,0x5a,0xa9,0x4a,0x27,0x52,0x88,0x52,0x68,0x52,0x68,0x4a,0x47,0x52,0x68,0x4a,0x48,0x4a,0x47,0x4a,0x48,0x52,0x68,
    0x4a,0x48,0x52,0x68,0x52,0x68,0x5a,0xa9,0x5a,0xa9,0x5a,0x89,0x5a,0x89,0x5a,0xa9,0x4a,0x47,0x4a,0x27,0x5a,0xa9,0x52,0x88,
    0x4a,0x48,0x41,0xe6,0x52,0x68,0x5a,0xa9,0x52,0x88,0x4a,0x48,0x62,0xea,0x5a,0xc9,0x52,0x68,0x52,0x68,0x52,0x88,0x5a,0x88,
    0x4a,0x07,0x52,0x88,0x62,0xc9,0x52,0x68,0x52,0x48,0x52,0x88,0x62,0xea,0x5a,0x88,0x5a,0xa9,0x52,0x48,0x52,0x88,0x5a,0xa9,
    0x5a,0xc9,0x52,0x68,0x52,0x48,0x4a,0x47,0x52,0x68,0x4a,0x27,0x4a,0x48,0x5a,0xa9,0x52,0x88,0x52,0x68,0x5a,0xc9,0x62,0xea,
    0x52,0x68,0x4a,0x47,0x63,0x0a,0x52,0x89,0x52,0x68,0x4a,0x27,0x52,0x88,0x52,0x68,0x52,0x68,0x4a,0x27,0x39,0xe6,0x52,0x68,
    0x52,0x68,0x52,0x68,0x42,0x07,0x52,0x68,0x41,0xe6,0x4a,0x48,0x4a,0x48,0x4a,0x27,0x4a,0x07,0x4a,0x48,0x4a,0x48,0x4a,0x27,
    0x5a,0xa9,0x52,0x68,0x4a,0x27,0x4a,0x27,0x4a,0x27,0x4a,0x27,0x4a,0x27,0x52,0x68,0x42,0x07,0x4a,0x27,0x4a,0x47,0x4a,0x27,
    0x4a,0x27,0x42,0x07,0x42,0x07,0x4a,0x27,0x52,0x88,0x5a,0xa9,0x52,0x88,0x4a,0x48,0x52,0x48,0x52,0x88,0x5a,0xa9,0x52,0x68,
    0x4a,0x47,0x4a,0x47,0x52,0x68,0x52,0x68,0x4a,0x47,0x4a,0x27,0x4a,0x27,0x5a,0x89,0x4a,0x47,0x4a,0x48,0x52,0x68,0x5a,0xc9,
    0x52,0x68,0x52,0x88,0x52,0x48,0x52,0x68,0x52,0x88,0x52,0x88,0x5a,0x89,0x52,0x68,0x5a,0xa9,0x52,0x68,0x52,0x88,0x5a,0x89,
    0x5a,0xa9,0x52,0x88,0x52,0x47,0x62,0xc9,0x52,0x88,0x62,0xea,0x52,0x88,0x5a,0xc9,0x52,0x68,0x4a,0x47,0x5a,0xa9,0x5a,0x88,
    0x4a,0x27,0x4a,0x47,0x4a,0x27,0x41,0xe6,0x52,0x68,0x42,0x07,0x4a,0x27,0x52,0x88,0x5a,0xa9,0x42,0x07,0x4a,0x27,0x52,0x88,
    0x52,0x47,0x52,0x68,0x5a,0xa9,0x5a,0xa9,0x5a,0xa8,0x6b,0x2a,0x52,0x88,0x5a,0xc9,0x5a,0x89,0x52,0x68,0x5a,0x88,0x4a,0x48,
    0x52,0x88,0x4a,0x27,0x5a,0xa9,0x5a,0xa9,0x4a,0x27,0x4a,0x27,0x52,0x68,0x5a,0xa9,0x52,0x88,0x5a,0xa9,0x5a,0xc9,0x5a,0xa9,
    0x4a,0x27,0x52,0x48,0x52,0x88,0x5a,0x89,0x4a,0x47,0x4a,0x47,0x42,0x07,0x42,0x06,0x5a,0xa9,0x4a,0x27,0x4a,0x27,0x4a,0x47,
    0x52,0x68,0x4a,0x47,0x4a,0x47,0x4a,0x48,0x4a,0x48,0x52,0x68,0x4a,0x27,0x42,0x06,0x4a,0x47,0x4a,0x48,0x4a,0x48,0x4a,0x48,
    0x4a,0x47,0x4a,0x47,0x42,0x07,0x4a,0x48,0x52,0x68,0x52,0x68,0x4a,0x48,0x4a,0x47,0x41,0xe6,0x4a,0x26,0x41,0xe6,0x4a,0x47,
    0x4a,0x27,0x4a,0x27,0x42,0x07,0x4a,0x27,0x4a,0x27,0x4a,0x27,0x4a,0x47,0x4a,0x47,0x4a,0x27,0x42,0x07,0x4a,0x27,0x42,0x07,
    0x52,0x68,0x4a,0x27,0x52,0x47,0x5a,0xa9,0x42,0x07,0x42,0x07,0x52,0x68,0x5a,0xa9,0x42,0x06,0x41,0xe6,0x52,0x48,0x5a,0xa9,
    0x41,0xe7,0x42,0x07,0x42,0x07,0x52,0x68,0x52,0x68,0x52,0x88,0x4a,0x47,0x4a,0x47,0x52,0x68,0x52,0x68,0x4a,0x27,0x52,0x68,
    0x52,0x68,0x52,0x68,0x4a,0x48,0x62,0xca,0x4a,0x48,0x4a,0x27,0x4a,0x47,0x62,0xca,0x52,0x48,0x5a,0x88,0x52,0x88,0x52,0x88,
    0x52,0x68,0x5a,0xc9,0x5a,0xc9,0x52,0x68,0x52,0x68,0x52,0x89,0x52,0x88,0x52,0x88,0x52,0x68,0x4a,0x27,0x4a,0x07,0x4a,0x48,
    0x5a,0x88,0x52,0x88,0x52,0x68,0x52,0x68,0x52,0x68,0x5a,0xa9,0x5a,0xa9,0x52,0x88,0x5a,0xa9,0x4a,0x48,0x52,0x88,0x52,0x68,
    0x42,0x07,0x4a,0x47,0x4a,0x27,0x52,0x68,0x52,0x68,0x4a,0x27,0x52,0x48,0x52,0x47,0x52,0x68,0x4a,0x27,0x52,0x48,0x5a,0xa9,
    0x52,0x68,0x4a,0x27,0x52,0x88,0x52,0x68,0x4a,0x68,0x4a,0x48,0x52,0x68,0x5a,0xa9,0x41,0xe6,0x52,0x47,0x52,0x47,0x42,0x07,
    0x52,0x68,0x5a,0x88,0x5a,0x88,0x52,0x88,0x6b,0x2a,0x62,0xea,0x5a,0xa9,0x62,0xea,0x52,0x68,0x52,0x68,0x4a,0x48,0x4a,0x48,
    0x4a,0x27,0x42,0x07,0x42,0x07,0x4a,0x48,0x4a,0x27,0x52,0x48,0x4a,0x47,0x52,0x68,0x62,0xe9,0x52,0x88,0x4a,0x27,0x52,0x68,
    0x5a,0xa9,0x5a,0xa9,0x52,0x68,0x52,0x68,0x4a,0x47,0x52,0x68,0x52,0x89,0x52,0x68,0x52,0x48,0x52,0x88,0x52,0x88,0x4a,0x48,
    0x62,0xea,0x52,0x68,0x4a,0x48,0x52,0x68,0x52,0x88,0x5a,0x89,0x52,0x68,0x5a,0x88,0x4a,0x27,0x52,0x68,0x4a,0x47,0x5a,0xa9,
    0x4a,0x27,0x4a,0x48,0x4a,0x06,0x4a,0x47,0x4a,0x47,0x52,0x68,0x52,0x68,0x4a,0x48,0x52,0x88,0x42,0x06,0x5a,0xa9,0x5a,0xa9,
    0x62,0xc9,0x52,0x88,0x52,0x89,0x52,0x89,0x52,0x89,0x4a,0x47,0x4a,0x47,0x4a,0x48,0x4a,0x48,0x52,0x68,0x4a,0x48,0x52,0x68,
    0x52,0x89,0x5a,0xa9,0x52,0x68,0x52,0x68,0x5a,0xa9,0x52,0x88,0x52,0x68,0x5a,0xa8,0x5a,0xa9,0x5a,0x88,0x5a,0x88,0x5a,0x88,
    0x52,0x68,0x4a,0x47,0x62,0xc9,0x5a,0xa8,0x52,0x68,0x52,0x88,0x52,0x68,0x5a,0x88,0x52,0x68,0x52,0x47,0x52,0x88,0x52,0x88,
    0x62,0xc8,0x62,0xc9,0x4a,0x47,0x52,0x68,0x62,0xc9,0x62,0xe9,0x4a,0x47,0x52,0x47,0x52,0x88,0x52,0x68,0x52,0x68,0x4a,0x27,
    0x52,0x68,0x4a,0x27,0x42,0x27,0x5a,0xa9,0x52,0x68,0x4a,0x07,0x5a,0xa9,0x5a,0xa9,0x4a,0x27,0x42,0x07,0x52,0x68,0x5a,0xa9,
    0x4a,0x27,0x4a,0x27,0x4a,0x27,0x52,0x68,0x62,0xea,0x63,0x0a,0x5a,0xa9,0x52,0x68,0x5a,0xa9,0x52,0x68,0x5a,0xa9,0x52,0x88,
    0x52,0x88,0x4a,0x27,0x5a,0xa9,0x6b,0x4b,0x4a,0x27,0x4a,0x47,0x52,0x88,0x62,0xea,0x52,0x88,0x52,0x88,0x52,0x68,0x4a,0x48,
    0x52,0x88,0x5a,0x88,0x52,0x68,0x52,0x68,0x5a,0xa9,0x5a,0xa9,0x52,0x68,0x52,0x68,0x5a,0xa9,0x52,0x68,0x52,0x68,0x4a,0x48,
    0x4a,0x48,0x52,0x48,0x5a,0x88,0x4a,0x48,0x52,0x88,0x52,0x68,0x4a,0x48,0x52,0x88,0x4a,0x27,0x4a,0x27,0x42,0x07,0x42,0x07,
    0x4a,0x27,0x4a,0x27,0x4a,0x27,0x4a,0x27,0x4a,0x48,0x4a,0x48,0x4a,0x48,0x5a,0x89,0x4a,0x28,0x4a,0x47,0x4a,0x48,0x5a,0x89,
    0x4a,0x48,0x52,0x68,0x5a,0xa9,0x5a,0xc9,0x52,0x68,0x5a,0xa9,0x62,0xea,0x5a,0xc9,0x5a,0xa9,0x5a,0xc9,0x4a,0x27,0x4a,0x48,
    0x5a,0xa9,0x4a,0x48,0x4a,0x48,0x52,0x68,0x5a,0xa9,0x52,0x88,0x52,0x88,0x5a,0xa9,0x5a,0xc9,0x52,0x68,0x52,0x68,0x52,0x68,
    0x52,0x88,0x4a,0x47,0x5a,0xa9,0x5a,0xa9,0x52,0x68,0x52,0x88,0x52,0x68,0x52,0x68,0x5a,0xa9,0x5a,0x89,0x42,0x27,0x4a,0x47,
    0x5a,0xc9,0x52,0x68,0x5a,0xc9,0x52,0x48,0x4a,0x47,0x5a,0x89,0x5a,0x89,0x52,0x88,0x4a,0x27,0x52,0x89,0x52,0x88,0x5a,0x89,
    0x4a,0x48,0x52,0x68,0x4a,0x47,0x52,0x68,0x4a,0x47,0x4a,0x47,0x42,0x07,0x52,0x88,0x62,0xea,0x52,0x68,0x4a,0x27,0x52,0x68,
    0x52,0x88,0x52,0x68,0x52,0x48,0x5a,0xa9,0x4a,0x27,0x5a,0xc9,0x5a,0xa9,0x52,0x68,0x52,0x47,0x62,0xea,0x52,0x68,0x4a,0x27,
    0x5a,0x88,0x62,0xc9,0x52,0x88,0x4a,0x27,0x6b,0x2a,0x73,0x4b,0x52,0x68,0x41,0xe6,0x6b,0x2b,0x5a,0xa9,0x4a,0x27,0x4a,0x27,
    0x52,0x88,0x52,0x88,0x4a,0x47,0x4a,0x48,0x4a,0x07,0x4a,0x27,0x4a,0x48,0x4a,0x47,0x4a,0x47,0x4a,0x27,0x4a,0x48,0x52,0x68,
    0x52,0x68,0x4a,0x48,0x4a,0x47,0x52,0x88,0x4a,0x48,0x4a,0x27,0x4a,0x27,0x52,0x68,0x4a,0x48,0x42,0x07,0x42,0x07,0x4a,0x48,
    0x4a,0x47,0x4a,0x47,0x4a,0x27,0x4a,0x27,0x52,0x68,0x52,0x68,0x42,0x07,0x4a,0x27,0x52,0x48,0x5a,0x88,0x52,0x68,0x4a,0x27,
    0x4a,0x48,0x4a,0x27,0x4a,0x27,0x52,0x68,0x4a,0x48,0x4a,0x27,0x52,0x89,0x52,0x68,0x4a,0x47,0x42,0x07,0x4a,0x48,0x5a,0x89,
    0x52,0x68,0x52,0x68,0x52,0x89,0x4a,0x27,0x42,0x07,0x5a,0xa9,0x5a,0xa9,0x52,0x68,0x52,0x68,0x52,0x88,0x4a,0x47,0x52,0x68,
    0x5a,0xc9,0x4a,0x27,0x42,0x07,0x52,0x88,0x5a,0xa9,0x52,0x68,0x4a,0x48,0x4a,0x47,0x42,0x07,0x52,0x68,0x4a,0x47,0x52,0x88,
    0x52,0x68,0x52,0x89,0x4a,0x48,0x5a,0xa9,0x62,0xea,0x5a,0xa9,0x5a,0xa9,0x5a,0xc9,0x5a,0x88,0x62,0xea,0x5a,0xa9,0x5a,0xa9,
    0x52,0x68,0x52,0x68,0x6b,0x0a,0x52,0x88,0x52,0x88,0x42,0x07,0x4a,0x27,0x52,0x88,0x5a,0xa9,0x42,0x07,0x42,0x07,0x4a,0x27,
    0x5a,0xa9,0x4a,0x07,0x41,0xe7,0x42,0x07,0x5a,0xa9,0x5a,0xa9,0x5a,0xa9,0x5a,0xa9,0x52,0x68,0x5a,0xa9,0x5a,0xa9,0x5a,0x89,
    0x5a,0x89,0x52,0x68,0x4a,0x48,0x4a,0x47,0x52,0x68,0x4a,0x48,0x42,0x07,0x52,0x88,0x5a,0xa9,0x5a,0x89,0x52,0x88,0x52,0x68,
    0x5a,0xc9,0x5a,0x89,0x52,0x68,0x52,0x68,0x52,0x48,0x52,0x68,0x4a,0x47,0x4a,0x48,0x4a,0x48,0x4a,0x47,0x5a,0x88,0x5a,0x89,
    0x4a,0x48,0x4a,0x48,0x52,0x68,0x4a,0x47,0x5a,0xa9,0x5a,0x89,0x4a,0x27,0x52,0x48,0x52,0x88,0x52,0x68,0x52,0x88,0x52,0x68,
    0x4a,0x48,0x4a,0x48,0x52,0x48,0x4a,0x48,0x4a,0x48,0x4a,0x27,0x4a,0x48,0x4a,0x48,0x52,0x68,0x4a,0x48,0x4a,0x48,0x52,0x68,
    0x52,0x68,0x4a,0x48,0x4a,0x48,0x4a,0x48,0x4a,0x27,0x4a,0x48,0x52,0x48,0x4a,0x48,0x52,0x48,0x52,0x68,0x4a,0x47,0x4a,0x27,
    0x52,0x68,0x52,0x88,0x52,0x88,0x4a,0x27,0x4a,0x48,0x4a,0x48,0x4a,0x27,0x4a,0x27,0x4a,0x48,0x4a,0x48,0x4a,0x27,0x4a,0x48,
    0x5a,0x89,0x52,0x88,0x5a,0x89,0x52,0x88,0x52,0x68,0x6b,0x2b,0x62,0xca,0x5a,0xa9,0x4a,0x48,0x52,0x68,0x52,0x68,0x52,0x68,
    0x4a,0x48,0x4a,0x47,0x52,0x89,0x5a,0x88,0x41,0xe6,0x4a,0x27,0x4a,0x48,0x4a,0x48,0x4a,0x27,0x4a,0x48,0x42,0x07,0x42,0x07,
    0x52,0x68,0x4a,0x48,0x4a,0x27,0x4a,0x48,0x52,0x68,0x4a,0x48,0x4a,0x48,0x4a,0x48,0x42,0x07,0x4a,0x27,0x4a,0x27,0x4a,0x47,
    0x42,0x07,0x42,0x07,0x4a,0x48,0x52,0x68,0x4a,0x48,0x42,0x27,0x42,0x07,0x4a,0x48,0x52,0x89,0x52,0x68,0x41,0xe7,0x4a,0x27,
    0x4a,0x48,0x4a,0x28,0x4a,0x27,0x5a,0xa9,0x4a,0x48,0x4a,0x27,0x4a,0x48,0x4a,0x48,0x4a,0x27,0x4a,0x27,0x4a,0x48,0x52,0x89,
    0x4a,0x27,0x5a,0x88,0x52,0x68,0x4a,0x48,0x62,0xca,0x52,0x68,0x52,0x88,0x4a,0x27,0x52,0x89,0x4a,0x48,0x4a,0x27,0x4a,0x27,
    0x42,0x27,0x52,0x68,0x4a,0x48,0x42,0x27,0x42,0x07,0x52,0x68,0x52,0x68,0x4a,0x27,0x4a,0x27,0x62,0xc9,0x5a,0xa9,0x52,0x89,
    0x4a,0x27,0x4a,0x47,0x4a,0x47,0x52,0x88,0x42,0x07,0x39,0xe6,0x4a,0x27,0x52,0x68,0x42,0x07,0x41,0xe6,0x4a,0x27,0x52,0x68,
    0x62,0xca,0x4a,0x27,0x52,0x48,0x4a,0x27,0x5a,0xa8,0x52,0x68,0x52,0x88,0x52,0x68,0x63,0x0a,0x5a,0xa9,0x52,0x68,0x5a,0xc9,
    0x4a,0x27,0x4a,0x47,0x4a,0x47,0x4a,0x27,0x52,0x67,0x5a,0x89,0x52,0x68,0x52,0x68,0x52,0x68,0x62,0xea,0x62,0xea,0x52,0x68,
    0x52,0x68,0x52,0x68,0x5a,0xa9,0x5a,0xa9,0x42,0x07,0x52,0x48,0x62,0xea,0x5a,0xa9,0x52,0x68,0x52,0x89,0x52,0x68,0x52,0x68,
    0x4a,0x47,0x52,0x68,0x52,0x88,0x5a,0x89,0x5a,0xa9,0x52,0x68,0x5a,0xa9,0x5a,0xc9,0x5a,0xa9,0x52,0x68,0x52,0x48,0x52,0x68,
    0x52,0x88,0x5a,0xa9,0x5a,0x88,0x5a,0xa9,0x5a,0xa9,0x5a,0x89,0x5a,0xa9,0x52,0x68,0x52,0x88,0x52,0x68,0x52,0x68,0x52,0x68,
    0x52,0x48,0x52,0x68,0x4a,0x48,0x52,0x88,0x52,0x88,0x52,0x88,0x4a,0x27,0x4a,0x47,0x5a,0x88,0x52,0x68,0x42,0x07,0x4a,0x27,
    0x5a,0x89,0x5a,0xa9,0x4a,0x47,0x4a,0x07,0x5a,0x88,0x52,0x89,0x52,0x68,0x4a,0x48,0x62,0xc9,0x5a,0xa9,0x52,0x68,0x4a,0x27,
    0x4a,0x48,0x52,0x48,0x52,0x68,0x4a,0x48,0x4a,0x27,0x52,0x88,0x5a,0x88,0x52,0x68,0x4a,0x48,0x52,0x88,0x52,0x68,0x4a,0x27,
    0x5a,0xa9,0x52,0x89,0x42,0x27,0x52,0x88,0x52,0x68,0x52,0x68,0x52,0x68,0x4a,0x27,0x4a,0x47,0x42,0x07,0x4a,0x48,0x4a,0x48,
    0x4a,0x27,0x42,0x07,0x52,0x48,0x4a,0x48,0x52,0x68,0x52,0x68,0x5a,0xa9,0x5a,0x89,0x4a,0x47,0x4a,0x27,0x52,0x88,0x5a,0xa9,
    0x52,0x68,0x4a,0x27,0x4a,0x48,0x52,0x68,0x52,0x48,0x52,0x88,0x5a,0xa9,0x5a,0x89,0x4a,0x47,0x42,0x07,0x52,0x68,0x52,0x88,
    0x42,0x07,0x39,0xc6,0x42,0x27,0x4a,0x48,0x42,0x07,0x42,0x07,0x4a,0x27,0x42,0x07,0x52,0x68,0x42,0x07,0x42,0x07,0x42,0x07,
    0x52,0x89,0x5a,0xa9,0x5a,0xa9,0x5a,0x89,0x52,0x88,0x52,0x68,0x52,0x68,0x52,0x68,0x5a,0xa9,0x52,0x68,0x52,0x88,0x52,0x68,
    0x5a,0xc9,0x5a,0x89,0x52,0x68,0x52,0x88,0x52,0x88,0x52,0x68,0x52,0x68,0x4a,0x27,0x52,0x88,0x5a,0xa9,0x52,0x68,0x4a,0x27,
    0x5a,0x88,0x52,0x88,0x52,0x68,0x52,0x48,0x52,0x88,0x52,0x88,0x5a,0xa9,0x52,0x68,0x52,0x68,0x5a,0xa9,0x5a,0xc9,0x4a,0x48,
    0x52,0x68,0x62,0xea,0x4a,0x47,0x52,0x88,0x52,0x68,0x5a,0x88,0x52,0x47,0x5a,0xa9,0x52,0x68,0x5a,0x88,0x52,0x68,0x52,0x88,
    0x5a,0x88,0x4a,0x47,0x4a,0x47,0x52,0x68,0x52,0x88,0x62,0xc9,0x5a,0xa9,0x4a,0x47,0x5a,0xa8,0x5a,0xa9,0x52,0x68,0x5a,0x88,
    0x52,0x88,0x4a,0x27,0x4a,0x47,0x52,0x68,0x52,0x68,0x4a,0x27,0x4a,0x48,0x5a,0x88,0x41,0xe6,0x4a,0x47,0x52,0x89,0x5a,0xa9,
    0x4a,0x27,0x4a,0x48,0x4a,0x48,0x52,0x88,0x62,0xc9,0x52,0x68,0x4a,0x27,0x4a,0x27,0x52,0x68,0x52,0x88,0x42,0x07,0x4a,0x48,
    0x52,0x68,0x5a,0xa8,0x4a,0x47,0x41,0xe7,0x62,0xc9,0x5a,0xa9,0x4a,0x48,0x4a,0x27,0x4a,0x48,0x4a,0x47,0x52,0x88,0x52,0x88,
    0x52,0x48,0x4a,0x27,0x42,0x07,0x4a,0x27,0x4a,0x27,0x4a,0x27,0x4a,0x07,0x4a,0x07,0x52,0x48,0x4a,0x27,0x4a,0x48,0x4a,0x48,
    0x4a,0x27,0x52,0x68,0x4a,0x48,0x52,0x68,0x4a,0x27,0x52,0x48,0x52,0x88,0x52,0x68,0x4a,0x47,0x52,0x48,0x52,0x68,0x52,0x68,
    0x52,0x48,0x52,0x88,0x5a,0xa9,0x52,0x68,0x52,0x68,0x62,0xea,0x4a,0x47,0x52,0x88,0x52,0x68,0x4a,0x27,0x4a,0x48,0x52,0x68,
    0x52,0x68,0x4a,0x48,0x52,0x68,0x52,0x88,0x4a,0x27,0x4a,0x48,0x52,0x68,0x4a,0x48,0x6b,0x2b,0x5a,0xc9,0x4a,0x27,0x42,0x27,
    0x52,0x89,0x4a,0x48,0x4a,0x48,0x4a,0x48,0x5a,0xa9,0x52,0x68,0x4a,0x48,0x52,0x68,0x52,0x68,0x4a,0x48,0x4a,0x27,0x52,0x68,
    0x4a,0x27,0x42,0x27,0x42,0x07,0x4a,0x48,0x5a,0x88,0x62,0xea,0x5a,0x89,0x52,0x68,0x5a,0xa9,0x52,0x88,0x4a,0x48,0x4a,0x07,
    0x5a,0xc9,0x4a,0x48,0x52,0x68,0x52,0x48,0x5a,0xa9,0x5a,0xc9,0x52,0x68,0x4a,0x68,0x5a,0xa9,0x52,0x68,0x4a,0x27,0x52,0x68,
    0x52,0x88,0x52,0x89,0x52,0x68,0x52,0x89,0x52,0x88,0x52,0x68,0x42,0x07,0x5a,0xa9,0x52,0x89,0x52,0x88,0x42,0x07,0x5a,0xa9,
    0x4a,0x48,0x52,0x68,0x42,0x07,0x5a,0xa9,0x52,0x88,0x52,0x88,0x5a,0xa9,0x52,0x68,0x5a,0xa9,0x5a,0xa9,0x5a,0xc9,0x5a,0x89,
    0x5a,0xa9,0x4a,0x47,0x52,0x68,0x5a,0xa9,0x52,0x68,0x52,0x68,0x52,0x68,0x62,0xc9,0x5a,0xa9,0x52,0x89,0x52,0x68,0x5a,0xa9,
    0x5a,0xa9,0x5a,0xa9,0x52,0x88,0x52,0x88,0x52,0x68,0x52,0x89,0x52,0x88,0x52,0x88,0x52,0x68,0x52,0x68,0x5a,0xa9,0x4a,0x47,
    0x52,0x48,0x52,0x47,0x4a,0x48,0x4a,0x47,0x52,0x68,0x52,0x47,0x52,0x47,0x52,0x68,0x52,0x67,0x52,0x68,0x52,0x68,0x52,0x68,
    0x4a,0x47,0x4a,0x27,0x4a,0x48,0x4a,0x48,0x4a,0x47,0x4a,0x47,0x4a,0x47,0x4a,0x48,0x52,0x88,0x4a,0x47,0x42,0x27,0x4a,0x27,
    0x52,0x68,0x52,0x68,0x52,0x68,0x4a,0x48,0x4a,0x48,0x4a,0x47,0x52,0x68,0x52,0x89,0x52,0x48,0x4a,0x47,0x52,0x68,0x52,0x68,
    0x52,0x68,0x52,0x68,0x5a,0xa9,0x52,0x68,0x52,0x68,0x52,0x88,0x52,0x88,0x52,0x88,0x52,0x68,0x4a,0x48,0x5a,0xa9,0x62,0xea,
    0x4a,0x48,0x52,0x68,0x42,0x27,0x52,0x48,0x52,0x88,0x52,0x88,0x4a,0x48,0x4a,0x48,0x52,0x89,0x5a,0xa9,0x52,0x88,0x52,0x68,
    0x52,0x68,0x4a,0x27,0x52,0x68,0x52,0x68,0x4a,0x48,0x4a,0x48,0x52,0x88,0x5a,0xa9,0x4a,0x48,0x52,0x68,0x52,0x88,0x5a,0x89,
    0x4a,0x68,0x4a,0x47,0x52,0x88,0x52,0x68,0x52,0x88,0x52,0x68,0x4a,0x48,0x4a,0x27,0x5a,0xa9,0x52,0x68,0x52,0x68,0x4a,0x27,
    0x5a,0xa9,0x52,0x68,0x52,0x48,0x52,0x88,0x52,0x68,0x4a,0x27,0x4a,0x48,0x52,0x88,0x4a,0x48,0x52,0x68,0x4a,0x27,0x4a,0x48,
    0x4a,0x48,0x4a,0x48,0x4a,0x48,0x52,0x68,0x4a,0x48,0x4a,0x47,0x52,0x68,0x52,0x89,0x4a,0x47,0x4a,0x48,0x52,0x68,0x4a,0x48,
    0x4a,0x48,0x52,0x48,0x52,0x68,0x52,0x88,0x4a,0x27,0x52,0x68,0x52,0x68,0x52,0x68,0x52,0x68,0x5a,0xa9,0x5a,0xa9,0x52,0x48,
    0x52,0x68,0x52,0x68,0x4a,0x48,0x52,0x89,0x4a,0x47,0x42,0x07,0x4a,0x48,0x52,0x88,0x52,0x68,0x4a,0x47,0x62,0xea,0x52,0x88,
    0x52,0x68,0x52,0x68,0x52,0x89,0x52,0x68,0x5a,0x89,0x52,0x68,0x4a,0x68,0x5a,0x89,0x4a,0x07,0x52,0x68,0x52,0x68,0x4a,0x27,
    0x52,0x48,0x4a,0x27,0x41,0xe6,0x42,0x07,0x4a,0x27,0x4a,0x47,0x4a,0x27,0x52,0x68,0x52,0x68,0x52,0x88,0x52,0x68,0x52,0x88,
    0x4a,0x27,0x52,0x88,0x5a,0xc9,0x5a,0xa9,0x4a,0x68,0x4a,0x48,0x52,0x68,0x52,0x48,0x5a,0xa9,0x52,0x48,0x5a,0xa9,0x5a,0xa9,
    0x5a,0x89,0x4a,0x48,0x5a,0x88,0x5a,0xa9,0x52,0x68,0x52,0x88,0x5a,0xa9,0x52,0x68,0x52,0x88,0x52,0x89,0x52,0x68,0x5a,0xa8,
    0x5a,0xa9,0x62,0xea,0x4a,0x48,0x52,0x88,0x5a,0x88,0x62,0xca,0x5a,0xa9,0x52,0x89,0x52,0x88,0x5a,0xa8,0x5a,0x88,0x52,0x88,
    0x62,0xe9,0x5a,0x88,0x52,0x68,0x5a,0xc9,0x5a,0xa9,0x52,0x88,0x52,0x68,0x5a,0x89,0x52,0x68,0x52,0x47,0x52,0x68,0x52,0x89,
    0x52,0x68,0x52,0x68,0x52,0x68,0x5a,0xa9,0x52,0x68,0x52,0x68,0x52,0x88,0x52,0x88,0x5a,0xa9,0x52,0x68,0x52,0x88,0x52,0x68,
    0x5a,0xa9,0x5a,0xa9,0x52,0x68,0x52,0x68,0x4a,0x48,0x4a,0x48,0x4a,0x48,0x4a,0x27,0x5a,0xa9,0x5a,0xa9,0x52,0x88,0x4a,0x27,
    0x52,0x68,0x4a,0x27,0x52,0x68,0x52,0x88,0x52,0x88,0x52,0x68,0x52,0x89,0x5a,0xa9,0x4a,0x48,0x52,0x68,0x4a,0x48,0x52,0x68,
    0x42,0x07,0x52,0x68,0x4a,0x27,0x52,0x48,0x52,0x68,0x52,0x68,0x52,0x68,0x4a,0x48,0x52,0x68,0x4a,0x27,0x4a,0x47,0x52,0x48,
    0x52,0x68,0x5a,0x88,0x52,0x68,0x52,0x68,0x52,0x48,0x52,0x68,0x4a,0x48,0x52,0x68,0x52,0x68,0x5a,0x89,0x4a,0x27,0x4a,0x48,
    0x5a,0xa9,0x52,0x68,0x4a,0x48,0x39,0xe6,0x52,0x68,0x42,0x07,0x42,0x07,0x4a,0x27,0x52,0x48,0x4a,0x48,0x52,0x68,0x4a,0x48,
    0x52,0x68,0x4a,0x27,0x4a,0x27,0x4a,0x48,0x42,0x07,0x42,0x27,0x4a,0x27,0x52,0x68,0x52,0x88,0x4a,0x48,0x52,0x68,0x4a,0x48,
    0x4a,0x48,0x52,0x68,0x4a,0x27,0x52,0x68,0x4a,0x48,0x52,0x68,0x52,0x88,0x4a,0x27,0x4a,0x48,0x5a,0xa9,0x52,0x88,0x4a,0x27,
    0x52,0x88,0x52,0x88,0x52,0x88,0x52,0x68,0x62,0xe9,0x52,0x88,0x5a,0x88,0x52,0x68,0x52,0x68,0x4a,0x48,0x4a,0x48,0x4a,0x48,
    0x52,0x68,0x52,0x68,0x4a,0x47,0x52,0x68,0x4a,0x27,0x4a,0x27,0x4a,0x27,0x52,0x68,0x4a,0x27,0x4a,0x27,0x52,0x47,0x52,0x48,
    0x42,0x07,0x4a,0x47,0x52,0x88,0x52,0x68,0x4a,0x27,0x4a,0x27,0x4a,0x47,0x52,0x68,0x52,0x88,0x52,0x68,0x52,0x68,0x52,0x88,
    0x5a,0x88,0x52,0x88,0x52,0x68,0x4a,0x48,0x52,0x88,0x52,0x88,0x5a,0x89,0x4a,0x48,0x52,0x68,0x4a,0x48,0x52,0x88,0x62,0xc9,
    0x52,0x88,0x4a,0x48,0x4a,0x48,0x52,0x68,0x52,0x68,0x5a,0xa9,0x52,0x68,0x52,0x68,0x5a,0x89,0x5a,0x89,0x52,0x68,0x52,0x68,
    0x5a,0x89,0x52,0x88,0x4a,0x68,0x4a,0x27,0x52,0x68,0x4a,0x27,0x4a,0x27,0x52,0x88,0x4a,0x48,0x4a,0x48,0x4a,0x27,0x52,0x68,
    0x4a,0x47,0x4a,0x47,0x52,0x68,0x52,0x68,0x52,0x68,0x52,0x68,0x52,0x68,0x52,0x48,0x52,0x68,0x52,0x68,0x52,0x68,0x52,0x68,
    0x52,0x68,0x52,0x68,0x52,0x68,0x4a,0x47,0x4a,0x27,0x52,0x48,0x52,0x68,0x52,0x68,0x52,0x68,0x52,0x68,0x52,0x88,0x52,0x68,
    0x4a,0x47,0x52,0x68,0x52,0x68,0x52,0x88,0x52,0x47,0x52,0x68,0x52,0x68,0x52,0x68,0x4a,0x27,0x52,0x67,0x5a,0x88,0x52,0x68,
    0x4a,0x48,0x4a,0x47,0x52,0x68,0x52,0x68,0x52,0x88,0x5a,0xa9,0x52,0x88,0x5a,0xa9,0x4a,0x47,0x52,0x68,0x5a,0xa9,0x52,0x89,
    0x4a,0x27,0x4a,0x27,0x4a,0x47,0x4a,0x27,0x4a,0x48,0x4a,0x27,0x4a,0x27,0x4a,0x48,0x5a,0x89,0x4a,0x48,0x4a,0x27,0x4a,0x27,
    0x52,0x68,0x5a,0x88,0x4a,0x48,0x4a,0x48,0x4a,0x27,0x4a,0x48,0x52,0x68,0x4a,0x48,0x52,0x68,0x4a,0x48,0x4a,0x48,0x52,0x68,
    0x4a,0x47,0x52,0x48,0x52,0x68,0x52,0x68,0x52,0x68,0x4a,0x47,0x52,0x88,0x52,0x88,0x52,0x68,0x4a,0x47,0x52,0x68,0x52,0x89,
    0x52,0x68,0x52,0x88,0x52,0x68,0x52,0x88,0x52,0x68,0x4a,0x48,0x4a,0x47,0x5a,0xa9,0x52,0x68,0x52,0x68,0x52,0x68,0x52,0x48,
    0x52,0x68,0x5a,0xa9,0x52,0x88,0x52,0x88,0x52,0x88,0x52,0x68,0x5a,0xa9,0x62,0xea,0x52,0x88,0x5a,0xa9,0x5a,0xc9,0x5a,0xc9,
    0x52,0x68,0x52,0x88,0x5a,0xa9,0x5a,0xa9,0x52,0x68,0x62,0xca,0x52,0x89,0x4a,0x48,0x5a,0xa9,0x5a,0xa9,0x52,0x68,0x52,0x68,
    0x5a,0xa9,0x5a,0xa9,0x52,0x89,0x52,0x68,0x5a,0xa9,0x5a,0xa9,0x52,0x89,0x52,0x68,0x52,0x89,0x52,0x68,0x52,0x68,0x52,0x88,
    0x5a,0xa9,0x52,0x68,0x4a,0x68,0x4a,0x48,0x4a,0x48,0x5a,0xa9,0x52,0x68,0x52,0x68,0x4a,0x48,0x52,0x88,0x52,0x68,0x5a,0xc9,
    0x4a,0x48,0x4a,0x48,0x52,0x68,0x62,0xea,0x4a,0x27,0x52,0x68,0x5a,0xa9,0x5a,0x89,0x4a,0x47,0x52,0x68,0x42,0x07,0x4a,0x48,
    0x5a,0xa9,0x4a,0x48,0x4a,0x48,0x4a,0x27,0x5a,0xa9,0x4a,0x27,0x52,0x68,0x4a,0x48,0x52,0x88,0x52,0x68,0x4a,0x27,0x4a,0x48,
    0x52,0x89,0x52,0x68,0x52,0x68,0x52,0x88,0x52,0x88,0x4a,0x47,0x4a,0x47,0x52,0x68,0x52,0x68,0x52,0x88,0x52,0x48,0x5a,0xa9,
    0x5a,0x89,0x5a,0x89,0x52,0x88,0x5a,0xc9,0x5a,0xa9,0x4a,0x47,0x52,0x68,0x52,0x88,0x4a,0x47,0x4a,0x47,0x52,0x68,0x52,0x68,
    0x4a,0x48,0x52,0x68,0x4a,0x27,0x42,0x06,0x52,0x89,0x52,0x68,0x42,0x07,0x42,0x07,0x52,0x88,0x52,0x48,0x4a,0x27,0x4a,0x48,
    0x52,0x68,0x4a,0x48,0x4a,0x48,0x4a,0x27,0x4a,0x27,0x4a,0x47,0x4a,0x48,0x4a,0x48,0x4a,0x27,0x4a,0x27,0x4a,0x27,0x52,0x88,
    0x4a,0x48,0x4a,0x48,0x4a,0x27,0x52,0x68,0x4a,0x47,0x52,0x68,0x4a,0x27,0x42,0x27,0x52,0x68,0x5a,0xa9,0x52,0x68,0x4a,0x27,
    0x5a,0xa9,0x5a,0xa9,0x5a,0xa9,0x5a,0x88,0x4a,0x27,0x5a,0xa9,0x52,0x89,0x4a,0x48,0x4a,0x48,0x52,0x88,0x5a,0xa9,0x5a,0xa9,
    0x4a,0x27,0x52,0x68,0x5a,0xa9,0x4a,0x48,0x5a,0xa9,0x5a,0xa9,0x5a,0x88,0x52,0x68,0x52,0x88,0x4a,0x48,0x4a,0x27,0x4a,0x27,
    0x52,0x68,0x4a,0x48,0x52,0x68,0x4a,0x47,0x52,0x68,0x52,0x88,0x4a,0x48,0x52,0x68,0x52,0x88,0x52,0x88,0x52,0x48,0x52,0x68,
    0x4a,0x48,0x52,0x48,0x52,0x68,0x52,0x68,0x52,0x68,0x52,0x68,0x52,0x47,0x52,0x68,0x52,0x68,0x52,0x68,0x4a,0x48,0x4a,0x48,
    0x52,0x68,0x52,0x68,0x4a,0x48,0x4a,0x47,0x4a,0x48,0x52,0x48,0x4a,0x47,0x4a,0x27,0x52,0x88,0x52,0x68,0x4a,0x27,0x4a,0x47,
    0x5a,0xa9,0x52,0x68,0x4a,0x27,0x52,0x48,0x4a,0x48,0x52,0x68,0x52,0x68,0x52,0x68,0x4a,0x27,0x4a,0x27,0x4a,0x48,0x52,0x68,
    0x5a,0xa9,0x52,0x48,0x42,0x07,0x4a,0x27,0x5a,0xc9,0x52,0x68,0x42,0x27,0x4a,0x27,0x52,0x68,0x52,0x88,0x52,0x68,0x4a,0x47,
    0x52,0x88,0x4a,0x48,0x4a,0x48,0x4a,0x48,0x4a,0x48,0x4a,0x27,0x4a,0x47,0x4a,0x27,0x4a,0x47,0x4a,0x27,0x4a,0x48,0x52,0x68,
    0x52,0x68,0x4a,0x48,0x4a,0x47,0x4a,0x48,0x52,0x68,0x52,0x88,0x4a,0x27,0x52,0x48,0x4a,0x48,0x52,0x88,0x4a,0x27,0x52,0x68,
    0x4a,0x47,0x4a,0x27,0x4a,0x27,0x4a,0x47,0x4a,0x48,0x4a,0x27,0x4a,0x27,0x4a,0x48,0x5a,0xa9,0x52,0x68,0x52,0x88,0x5a,0xa9,
    0x52,0x88,0x4a,0x48,0x52,0x68,0x52,0x88,0x52,0x68,0x4a,0x47,0x52,0x68,0x4a,0x47,0x4a,0x48,0x52,0x68,0x52,0x68,0x52,0x88,
    0x52,0x88,0x52,0x68,0x4a,0x27,0x52,0x68,0x5a,0x89,0x52,0x48,0x4a,0x47,0x4a,0x27,0x52,0x89,0x52,0x68,0x52,0x88,0x5a,0xa9,
    0x52,0x68,0x52,0x68,0x4a,0x47,0x52,0x68,0x5a,0x89,0x52,0x68,0x52,0x88,0x4a,0x48,0x52,0x68,0x52,0x68,0x52,0x68,0x5a,0xa9,
    0x4a,0x48,0x52,0x48,0x4a,0x47,0x52,0x68,0x52,0x88,0x4a,0x27,0x52,0x89,0x52,0x68,0x52,0x68,0x52,0x68,0x5a,0xa9,0x52,0x88,
    0x4a,0x48,0x4a,0x48,0x4a,0x48,0x52,0x68,0x4a,0x48,0x4a,0x47,0x4a,0x48,0x52,0x68,0x4a,0x48,0x52,0x48,0x52,0x88,0x4a,0x27,
    0x4a,0x47,0x4a,0x27,0x4a,0x47,0x4a,0x27,0x52,0x88,0x4a,0x47,0x4a,0x27,0x4a,0x48,0x4a,0x48,0x4a,0x27,0x4a,0x27,0x52,0x68,
    0x42,0x07,0x4a,0x47,0x4a,0x27,0x52,0x68,0x52,0x88,0x62,0xea,0x5a,0x89,0x5a,0xa9,0x5a,0x89,0x5a,0xa9,0x62,0xc9,0x5a,0x89,
    0x52,0x68,0x5a,0x88,0x5a,0xa9,0x52,0x68,0x52,0x68,0x52,0x68,0x4a,0x48,0x4a,0x27,0x5a,0x89,0x4a,0x48,0x4a,0x27,0x42,0x07,
    0x5a,0xa9,0x5a,0xc9,0x52,0x68,0x52,0x88,0x5a,0xa9,0x52,0x88,0x4a,0x47,0x5a,0xa9,0x42,0x27,0x4a,0x27,0x4a,0x47,0x52,0x68,
    0x42,0x07,0x4a,0x47,0x52,0x68,0x52,0x68,0x4a,0x47,0x52,0x68,0x52,0x68,0x4a,0x48,0x5a,0xc9,0x5a,0xa9,0x52,0x89,0x52,0x48,
    0x52,0x88,0x52,0x88,0x5a,0xa9,0x5a,0xa9,0x5a,0x89,0x5a,0xa9,0x52,0x88,0x5a,0x89,0x52,0x68,0x52,0x88,0x52,0x68,0x52,0x88,
    0x52,0x68,0x52,0x88,0x4a,0x47,0x4a,0x48,0x62,0xe9,0x5a,0xa9,0x52,0x68,0x4a,0x27,0x52,0x68,0x52,0x68,0x52,0x68,0x52,0x89,
    0x52,0x68,0x52,0x68,0x4a,0x48,0x52,0x68,0x4a,0x27,0x4a,0x27,0x4a,0x27,0x4a,0x27,0x4a,0x27,0x4a,0x27,0x4a,0x27,0x4a,0x27,
    0x4a,0x48,0x4a,0x48,0x52,0x68,0x52,0x48,0x42,0x27,0x4a,0x48,0x4a,0x27,0x4a,0x27,0x4a,0x48,0x4a,0x47,0x4a,0x47,0x52,0x68,
    0x4a,0x47,0x52,0x68,0x52,0x68,0x52,0x88,0x4a,0x48,0x4a,0x48,0x4a,0x48,0x4a,0x48,0x52,0x68,0x4a,0x48,0x4a,0x48,0x4a,0x48,
    0x52,0x68,0x4a,0x48,0x4a,0x27,0x4a,0x48,0x52,0x68,0x52,0x68,0x52,0x68,0x52,0x68,0x4a,0x48,0x52,0x68,0x5a,0xa9,0x52,0x68,
    0x52,0x88,0x62,0xc9,0x6b,0x0a,0x52,0x68,0x5a,0xc9,0x52,0x88,0x5a,0xc9,0x5a,0x89,0x4a,0x48,0x4a,0x27,0x52,0x88,0x5a,0xa9,
    0x52,0x88,0x52,0x68,0x52,0x68,0x52,0x68,0x52,0x68,0x52,0x68,0x5a,0xa9,0x5a,0x88,0x4a,0x48,0x4a,0x48,0x52,0x68,0x52,0x68,
    0x4a,0x27,0x4a,0x27,0x4a,0x48,0x52,0x48,0x4a,0x27,0x4a,0x48,0x52,0x68,0x4a,0x48,0x52,0x68,0x4a,0x48,0x4a,0x48,0x52,0x88,
    0x52,0x68,0x52,0x68,0x4a,0x68,0x52,0x68,0x52,0x68,0x52,0x89,0x52,0x89,0x52,0x68,0x4a,0x27,0x4a,0x27,0x4a,0x27,0x52,0x68,
    0x42,0x27,0x42,0x07,0x52,0x68,0x52,0x48,0x52,0x48,0x52,0x48,0x4a,0x27,0x4a,0x47,0x52,0x68,0x52,0x68,0x42,0x07,0x52,0x68,
    0x4a,0x48,0x4a,0x48,0x4a,0x48,0x52,0x88,0x4a,0x27,0x52,0x68,0x52,0x68,0x52,0x68,0x4a,0x27,0x4a,0x47,0x52,0x88,0x52,0x68,
    0x4a,0x48,0x4a,0x47,0x4a,0x48,0x5a,0x89,0x52,0x68,0x4a,0x27,0x4a,0x27,0x4a,0x47,0x52,0x88,0x52,0x88,0x52,0x68,0x4a,0x47,
    0x52,0x68,0x52,0x68,0x5a,0x89,0x52,0x68,0x52,0x88,0x4a,0x48,0x52,0x88,0x4a,0x48,0x5a,0x88,0x4a,0x47,0x52,0x88,0x52,0x68,
    0x52,0x48,0x5a,0x88,0x52,0x68,0x52,0x68,0x4a,0x48,0x4a,0x48,0x4a,0x48,0x4a,0x47,0x4a,0x47,0x4a,0x27,0x4a,0x47,0x52,0x47,
    0x52,0x68,0x52,0x68,0x4a,0x48,0x4a,0x27,0x52,0x89,0x52,0x88,0x4a,0x48,0x4a,0x27,0x52,0x48,0x52,0x68,0x52,0x68,0x5a,0xc9,
    0x52,0x68,0x52,0x48,0x4a,0x27,0x52,0x88,0x4a,0x47,0x52,0x68,0x52,0x68,0x52,0x88,0x52,0x68,0x5a,0xa9,0x5a,0xa9,0x5a,0xa9,
    0x62,0xea,0x4a,0x48,0x52,0x88,0x52,0x88,0x5a,0xa9,0x52,0x88,0x52,0x68,0x5a,0x89,0x52,0x68,0x4a,0x47,0x42,0x07,0x4a,0x27,
    0x52,0x48,0x4a,0x48,0x4a,0x27,0x4a,0x27,0x52,0x48,0x52,0x68,0x4a,0x47,0x4a,0x27,0x52,0x68,0x52,0x68,0x52,0x68,0x4a,0x27,
    0x4a,0x27,0x42,0x27,0x52,0x68,0x52,0x88,0x42,0x07,0x4a,0x47,0x52,0x68,0x52,0x68,0x52,0x48,0x52,0x68,0x52,0x68,0x52,0x68,
    0x4a,0x27,0x52,0x88,0x4a,0x47,0x52,0x47,0x5a,0x88,0x4a,0x47,0x52,0x48,0x52,0x89,0x52,0x68,0x5a,0x88,0x5a,0xa9,0x5a,0xa9,
    0x52,0x68,0x5a,0x88,0x52,0x88,0x5a,0xa9,0x52,0x68,0x52,0x68,0x5a,0xa9,0x52,0x88,0x6b,0x0a,0x62,0xea,0x52,0x68,0x4a,0x48,
    0x5a,0xa9,0x5a,0xc9,0x52,0x88,0x4a,0x47,0x52,0x88,0x52,0x68,0x52,0x68,0x5a,0xa9,0x5a,0x88,0x4a,0x47,0x4a,0x48,0x5a,0xa9,
    0x4a,0x27,0x4a,0x27,0x4a,0x48,0x4a,0x27,0x4a,0x27,0x52,0x48,0x5a,0x89,0x52,0x68,0x5a,0x88,0x4a,0x47,0x4a,0x48,0x52,0x68,
    0x5a,0x88,0x5a,0x88,0x52,0x88,0x52,0x68,0x42,0x07,0x52,0x68,0x5a,0xc9,0x52,0x89,0x52,0x68,0x4a,0x47,0x52,0x88,0x4a,0x48,
    0x52,0x89,0x52,0x88,0x4a,0x47,0x52,0x68,0x5a,0x88,0x52,0x68,0x5a,0x88,0x52,0x68,0x52,0x68,0x52,0x48,0x4a,0x48,0x52,0x68,
    0x52,0x68,0x5a,0x88,0x52,0x68,0x52,0x68,0x52,0x68,0x4a,0x28,0x4a,0x48,0x52,0x68,0x4a,0x48,0x4a,0x48,0x52,0x68,0x52,0x68,
    0x52,0x68,0x52,0x88,0x52,0x88,0x4a,0x48,0x52,0x88,0x52,0x88,0x52,0x68,0x4a,0x47,0x5a,0xa9,0x5a,0xa9,0x52,0x68,0x4a,0x27,
    0x5a,0xa9,0x52,0x68,0x5a,0xa9,0x4a,0x27,0x52,0x48,0x52,0x48,0x52,0x68,0x52,0x68,0x52,0x68,0x4a,0x27,0x52,0x68,0x5a,0x89,
    0x4a,0x28,0x52,0x68,0x52,0x68,0x52,0x68,0x4a,0x48,0x4a,0x48,0x42,0x07,0x4a,0x27,0x52,0x88,0x52,0x68,0x5a,0xa9,0x5a,0xa9,
    0x52,0x68,0x52,0x88,0x52,0x68,0x52,0x89,0x52,0x88,0x5a,0xa8,0x4a,0x48,0x4a,0x48,0x4a,0x27,0x52,0x88,0x5a,0x89,0x52,0x88,
    0x5a,0xa9,0x52,0x68,0x52,0x68,0x52,0x68,0x52,0x68,0x5a,0x89,0x5a,0xa9,0x52,0x68,0x52,0x68,0x4a,0x48,0x52,0x68,0x4a,0x48,
    0x4a,0x48,0x4a,0x27,0x52,0x68,0x4a,0x27,0x4a,0x27,0x4a,0x48,0x4a,0x48,0x52,0x68,0x4a,0x48,0x4a,0x48,0x4a,0x27,0x4a,0x27,
    0x4a,0x48,0x4a,0x48,0x4a,0x48,0x4a,0x48,0x52,0x68,0x52,0x68,0x52,0x88,0x5a,0xa9,0x52,0x89,0x52,0x68,0x4a,0x48,0x4a,0x48,
    0x52,0x89,0x5a,0xa9,0x52,0x68,0x4a,0x48,0x52,0x68,0x52,0x88,0x4a,0x48,0x4a,0x48,0x52,0x68,0x4a,0x27,0x4a,0x27,0x52,0x68,
    0x52,0x68,0x4a,0x47,0x4a,0x47,0x5a,0xa9,0x52,0x68,0x52,0x68,0x5a,0xa9,0x5a,0xc9,0x4a,0x27,0x52,0x88,0x5a,0xc9,0x5a,0x89,
    0x4a,0x47,0x52,0x68,0x52,0x88,0x4a,0x48,0x5a,0xa9,0x52,0x68,0x4a,0x27,0x4a,0x48,0x5a,0xa9,0x4a,0x48,0x52,0x48,0x52,0x68,
    0x5a,0xa9,0x4a,0x27,0x52,0x68,0x52,0x88,0x4a,0x48,0x4a,0x47,0x4a,0x27,0x4a,0x47,0x4a,0x48,0x52,0x88,0x52,0x88,0x52,0x68,
    0x4a,0x48,0x5a,0xa9,0x52,0x68,0x4a,0x47,0x5a,0xa9,0x5a,0xa9,0x5a,0xa9,0x52,0x88,0x52,0x88,0x52,0x68,0x5a,0xa9,0x5a,0xa9,
    0x52,0x68,0x52,0x68,0x4a,0x48,0x4a,0x48,0x52,0x88,0x4a,0x47,0x4a,0x48,0x4a,0x27,0x52,0x68,0x4a,0x48,0x52,0x68,0x52,0x68,
    0x5a,0x89,0x4a,0x48,0x52,0x68,0x5a,0xa9,0x4a,0x48,0x52,0x68,0x52,0x68,0x52,0x47,0x4a,0x48,0x4a,0x48,0x52,0x68,0x42,0x07,
    0x52,0x68,0x52,0x88,0x4a,0x48,0x52,0x68,0x4a,0x47,0x52,0x48,0x4a,0x48,0x4a,0x27,0x4a,0x27,0x52,0x68,0x52,0x88,0x52,0x89,
    0x42,0x07,0x42,0x07,0x52,0x48,0x52,0x68,0x4a,0x47,0x4a,0x27,0x4a,0x47,0x52,0x47,0x52,0x68,0x52,0x89,0x52,0x48,0x52,0x47,
    0x52,0x88,0x52,0x68,0x52,0x68,0x52,0x48,0x4a,0x47,0x4a,0x47,0x4a,0x47,0x52,0x48,0x4a,0x47,0x4a,0x27,0x4a,0x27,0x4a,0x27,
    0x52,0x68,0x52,0x88,0x52,0x88,0x52,0x68,0x5a,0xa9,0x5a,0xa9,0x52,0x88,0x52,0x88,0x52,0x68,0x4a,0x27,0x4a,0x48,0x52,0x88,
    0x4a,0x48,0x4a,0x27,0x42,0x07,0x4a,0x27,0x42,0x27,0x4a,0x27,0x4a,0x27,0x4a,0x48,0x5a,0xa8,0x52,0x68,0x52,0x88,0x52,0x88,
    0x4a,0x47,0x5a,0xa9,0x5a,0xa9,0x5a,0xa9,0x4a,0x27,0x52,0x68,0x52,0x89,0x52,0x68,0x4a,0x48,0x4a,0x48,0x4a,0x48,0x4a,0x48,
    0x52,0x88,0x4a,0x48,0x4a,0x48,0x4a,0x48,0x62,0xea,0x52,0x88,0x4a,0x27,0x52,0x68,0x52,0x68,0x52,0x89,0x5a,0xa9,0x52,0x89,
    0x4a,0x27,0x52,0x68,0x52,0x68,0x5a,0x89,0x52,0x68,0x4a,0x48,0x4a,0x27,0x52,0x68,0x4a,0x27,0x42,0x27,0x4a,0x27,0x52,0x68,
    0x52,0x68,0x4a,0x48,0x52,0x89,0x52,0x68,0x52,0x68,0x52,0x68,0x4a,0x48,0x4a,0x47,0x52,0x89,0x52,0x68,0x42,0x07,0x4a,0x27,
    0x5a,0xa9,0x52,0x68,0x52,0x68,0x4a,0x27,0x5a,0xa9,0x52,0x89,0x52,0x68,0x52,0x68,0x5a,0xa9,0x52,0x88,0x4a,0x48,0x52,0x68,
    0x41,0xe6,0x4a,0x27,0x52,0x67,0x5a,0xc9,0x4a,0x27,0x4a,0x27,0x4a,0x27,0x52,0x47,0x5a,0xa9,0x5a,0xa9,0x4a,0x47,0x52,0x48,
    0x52,0x68,0x52,0x48,0x4a,0x27,0x4a,0x47,0x4a,0x48,0x52,0x48,0x52,0x88,0x52,0x68,0x52,0x68,0x52,0x48,0x4a,0x27,0x4a,0x48,
    0x4a,0x48,0x4a,0x27,0x52,0x48,0x4a,0x48,0x4a,0x48,0x4a,0x48,0x4a,0x27,0x4a,0x27,0x4a,0x48,0x4a,0x48,0x52,0x48,0x52,0x68,
    0x4a,0x48,0x4a,0x27,0x4a,0x48,0x42,0x07,0x52,0x48,0x52,0x68,0x52,0x68,0x52,0x68,0x52,0x48,0x52,0x68,0x52,0x68,0x52,0x88,
    0x4a,0x27,0x4a,0x27,0x4a,0x27,0x52,0x68,0x42,0x07,0x41,0xe6,0x4a,0x48,0x52,0x68,0x4a,0x27,0x4a,0x27,0x4a,0x48,0x5a,0xc9,
    0x4a,0x47,0x4a,0x47,0x5a,0xa9,0x5a,0xc9,0x5a,0xa9,0x62,0xc9,0x52,0x88,0x4a,0x07,0x62,0xc9,0x62,0xc9,0x4a,0x27,0x52,0x68,
    0x5a,0xc9,0x52,0x88,0x4a,0x48,0x4a,0x47,0x52,0x88,0x52,0x88,0x52,0x68,0x52,0x48,0x4a,0x48,0x5a,0xa9,0x52,0x68,0x4a,0x27,
    0x52,0x88,0x5a,0x89,0x52,0x88,0x4a,0x47,0x52,0x68,0x4a,0x47,0x52,0x68,0x4a,0x48,0x52,0x68,0x4a,0x27,0x4a,0x47,0x4a,0x48,
    0x52,0x48,0x52,0x88,0x4a,0x47,0x52,0x68,0x4a,0x27,0x4a,0x47,0x52,0x68,0x52,0x68,0x52,0x68,0x4a,0x48,0x52,0x88,0x52,0x88,
    0x52,0x89,0x4a,0x47,0x52,0x68,0x52,0x48,0x5a,0xa9,0x5a,0xa9,0x52,0x68,0x62,0xea,0x52,0x88,0x5a,0x89,0x52,0x68,0x4a,0x47,
    0x4a,0x27,0x4a,0x27,0x4a,0x48,0x4a,0x48,0x42,0x07,0x4a,0x47,0x4a,0x27,0x52,0x68,0x52,0x68,0x52,0x68,0x4a,0x48,0x52,0x68,
    0x52,0x48,0x5a,0xa9,0x52,0x68,0x5a,0x89,0x4a,0x27,0x4a,0x47,0x52,0x89,0x5a,0xa9,0x52,0x68,0x4a,0x48,0x52,0x68,0x52,0x88,
    0x52,0x48,0x52,0x88,0x4a,0x48,0x52,0x47,0x52,0x88,0x52,0x68,0x5a,0xa9,0x52,0x68,0x5a,0x89,0x52,0x88,0x52,0x68,0x52,0x48,
    0x5a,0xa9,0x5a,0x89,0x52,0x68,0x52,0x68,0x5a,0xa9,0x5a,0xc9,0x4a,0x27,0x4a,0x27,0x52,0x68,0x52,0x68,0x52,0x88,0x4a,0x48,
    0x52,0x88,0x4a,0x27,0x52,0x68,0x4a,0x27,0x52,0x68,0x52,0x68,0x52,0x68,0x4a,0x48,0x52,0x48,0x42,0x07,0x4a,0x27,0x4a,0x47,
    0x4a,0x27,0x4a,0x27,0x4a,0x27,0x4a,0x27,0x42,0x07,0x4a,0x48,0x52,0x68,0x52,0x68,0x4a,0x27,0x4a,0x27,0x4a,0x48,0x52,0x68,
    0x52,0x68,0x42,0x07,0x4a,0x48,0x52,0x68,0x4a,0x47,0x4a,0x27,0x52,0x68,0x52,0x88,0x52,0x48,0x4a,0x47,0x4a,0x47,0x52,0x48,
    0x52,0x68,0x52,0x88,0x4a,0x47,0x4a,0x27,0x4a,0x27,0x52,0x68,0x52,0x68,0x52,0x68,0x4a,0x47,0x52,0x48,0x52,0x68,0x4a,0x48,
    0x42,0x07,0x4a,0x47,0x52,0x88,0x52,0x68,0x4a,0x27,0x4a,0x27,0x52,0x68,0x52,0x89,0x52,0x68,0x4a,0x48,0x4a,0x27,0x4a,0x27,
    0x52,0x68,0x4a,0x48,0x4a,0x27,0x4a,0x27,0x4a,0x48,0x4a,0x48,0x4a,0x48,0x52,0x48,0x52,0x68,0x4a,0x48,0x52,0x68,0x52,0x68,
    0x4a,0x48,0x52,0x68,0x52,0x68,0x52,0x68,0x4a,0x48,0x52,0x68,0x5a,0x88,0x52,0x68,0x52,0x88,0x52,0x68,0x52,0x48,0x52,0x68,
    0x52,0x68,0x4a,0x48,0x52,0x68,0x52,0x68,0x5a,0xa9,0x52,0x88,0x52,0x68,0x52,0x68,0x52,0x88,0x52,0x88,0x52,0x68,0x4a,0x48,
    0x5a,0x88,0x5a,0x88,0x4a,0x27,0x4a,0x27,0x52,0x68,0x52,0x68,0x52,0x68,0x4a,0x27,0x4a,0x27,0x4a,0x27,0x4a,0x47,0x4a,0x47,
    0x52,0x68,0x4a,0x48,0x42,0x27,0x4a,0x48,0x4a,0x27,0x52,0x68,0x52,0x68,0x4a,0x47,0x4a,0x47,0x4a,0x27,0x4a,0x27,0x4a,0x48,
    0x4a,0x48,0x4a,0x68,0x4a,0x48,0x52,0x88,0x52,0x68,0x4a,0x47,0x4a,0x48,0x52,0x48,0x52,0x68,0x4a,0x47,0x4a,0x27,0x4a,0x27,
    0x4a,0x48,0x52,0x68,0x52,0x68,0x4a,0x27,0x5a,0xa9,0x5a,0xa9,0x52,0x88,0x52,0x68,0x5a,0xa9,0x52,0x68,0x5a,0xa9,0x52,0x68,
    0x52,0x68,0x52,0x68,0x5a,0x88,0x52,0x68,0x4a,0x48,0x4a,0x48,0x4a,0x47,0x52,0x68,0x62,0xc9,0x52,0x88,0x5a,0xa9,0x52,0x68,
    0x52,0x88,0x62,0xc9,0x5a,0xa9,0x52,0x89,0x52,0x68,0x52,0x68,0x4a,0x27,0x4a,0x48,0x4a,0x47,0x4a,0x27,0x4a,0x47,0x4a,0x27,
    0x4a,0x47,0x52,0x68,0x4a,0x48,0x4a,0x48,0x5a,0xa9,0x52,0x89,0x4a,0x48,0x52,0x68,0x52,0x88,0x5a,0xa9,0x52,0x88,0x4a,0x48,
    0x52,0x68,0x5a,0x88,0x62,0xc9,0x5a,0xa9,0x4a,0x48,0x42,0x27,0x4a,0x27,0x52,0x48,0x4a,0x27,0x4a,0x27,0x4a,0x27,0x52,0x68,
    0x4a,0x27,0x52,0x68,0x4a,0x48,0x4a,0x27,0x52,0x68,0x52,0x88,0x5a,0xa9,0x4a,0x27,0x4a,0x48,0x4a,0x48,0x4a,0x48,0x4a,0x48,
    0x52,0x89,0x52,0x68,0x4a,0x48,0x52,0x48,0x52,0x88,0x52,0x68,0x52,0x68,0x52,0x68,0x52,0x68,0x52,0x48,0x4a,0x27,0x4a,0x27,
    0x4a,0x48,0x4a,0x48,0x4a,0x48,0x52,0x68,0x52,0x68,0x4a,0x48,0x52,0x88,0x52,0x88,0x52,0x68,0x5a,0x89,0x5a,0xc9,0x5a,0xa9,
    0x5a,0x89,0x5a,0xa9,0x5a,0x89,0x52,0x68,0x52,0x88,0x4a,0x47,0x52,0x88,0x52,0x48,0x5a,0xa9,0x52,0x88,0x52,0x48,0x4a,0x48,
    0x5a,0xa9,0x5a,0xa9,0x52,0x68,0x4a,0x48,0x52,0x68,0x5a,0xa9,0x5a,0xa9,0x4a,0x48,0x4a,0x47,0x52,0x88,0x52,0x68,0x52,0x68,
    0x52,0x68,0x4a,0x27,0x42,0x07,0x4a,0x47,0x4a,0x27,0x42,0x07,0x4a,0x27,0x4a,0x47,0x42,0x07,0x42,0x07,0x52,0x68,0x52,0x68,
    0x4a,0x47,0x4a,0x27,0x4a,0x48,0x52,0x68,0x52,0x68,0x4a,0x47,0x4a,0x48,0x52,0x68,0x52,0x68,0x4a,0x27,0x4a,0x48,0x52,0x68,
    0x52,0x68,0x4a,0x48,0x4a,0x47,0x4a,0x27,0x52,0x88,0x5a,0xa9,0x52,0x68,0x52,0x47,0x52,0x68,0x5a,0x88,0x5a,0x88,0x52,0x68,
    0x4a,0x47,0x52,0x68,0x5a,0x88,0x52,0x47,0x4a,0x27,0x4a,0x48,0x5a,0xc9,0x52,0x68,0x52,0x47,0x4a,0x47,0x52,0x68,0x52,0x68,
    0x4a,0x47,0x4a,0x47,0x4a,0x48,0x4a,0x27,0x52,0x48,0x4a,0x48,0x4a,0x27,0x4a,0x48,0x52,0x47,0x52,0x68,0x52,0x88,0x62,0xc9,
    0x52,0x88,0x4a,0x48,0x52,0x68,0x52,0x68,0x4a,0x48,0x52,0x68,0x52,0x89,0x52,0x68,0x5a,0xa9,0x5a,0xa9,0x52,0x88,0x52,0x48,
    0x5a,0xa9,0x52,0x89,0x4a,0x48,0x4a,0x48,0x52,0x68,0x52,0x68,0x4a,0x47,0x4a,0x48,0x4a,0x27,0x4a,0x27,0x4a,0x48,0x42,0x07,
    0x4a,0x48,0x52,0x68,0x4a,0x47,0x4a,0x27,0x52,0x89,0x52,0x68,0x4a,0x47,0x4a,0x47,0x52,0x68,0x52,0x68,0x4a,0x48,0x4a,0x48,
    0x4a,0x27,0x4a,0x48,0x4a,0x48,0x4a,0x48,0x4a,0x47,0x52,0x68,0x5a,0xa9,0x5a,0x89,0x52,0x68,0x52,0x88,0x5a,0xa9,0x5a,0xa9,
    0x4a,0x27,0x52,0x68,0x52,0x68,0x52,0x68,0x52,0x88,0x52,0x88,0x4a,0x48,0x4a,0x48,0x5a,0x89,0x52,0x68,0x4a,0x27,0x4a,0x48,
    0x52,0x68,0x52,0x89,0x52,0x68,0x4a,0x48,0x4a,0x27,0x5a,0xa9,0x52,0x88,0x4a,0x27,0x52,0x68,0x4a,0x47,0x4a,0x48,0x4a,0x48,
    0x52,0x88,0x4a,0x27,0x42,0x07,0x4a,0x27,0x52,0x68,0x52,0x68,0x52,0x68,0x4a,0x47,0x52,0x88,0x4a,0x27,0x4a,0x27,0x52,0x88,
    0x4a,0x27,0x4a,0x48,0x4a,0x48,0x52,0x88,0x42,0x07,0x52,0x68,0x52,0x88,0x5a,0xa9,0x4a,0x48,0x4a,0x48,0x52,0x68,0x52,0x89,
    0x4a,0x47,0x52,0x68,0x52,0x68,0x4a,0x48,0x5a,0x89,0x52,0x88,0x52,0x68,0x52,0x68,0x5a,0xa9,0x5a,0xa9,0x52,0x89,0x4a,0x48,
    0x4a,0x27,0x4a,0x27,0x4a,0x48,0x52,0x68,0x52,0x89,0x52,0x88,0x4a,0x27,0x4a,0x48,0x52,0x68,0x4a,0x48,0x42,0x27,0x4a,0x27,
    0x4a,0x27,0x4a,0x48,0x4a,0x48,0x4a,0x27,0x52,0x68,0x4a,0x48,0x4a,0x48,0x52,0x68,0x4a,0x47,0x52,0x88,0x5a,0x89,0x52,0x68,
    0x4a,0x47,0x4a,0x47,0x52,0x68,0x5a,0xa9,0x52,0x88,0x5a,0x89,0x52,0x67,0x52,0x68,0x52,0x68,0x52,0x88,0x52,0x88,0x52,0x48,
    0x4a,0x27,0x4a,0x48,0x52,0x68,0x52,0x68,0x5a,0xa9,0x4a,0x27,0x52,0x88,0x5a,0xa9,0x52,0x89,0x52,0x88,0x52,0x88,0x52,0x68,
    0x52,0x68,0x52,0x68,0x5a,0xa9,0x52,0x68,0x52,0x89,0x52,0x89,0x5a,0xa9,0x4a,0x48,0x52,0x68,0x52,0x88,0x52,0x88,0x52,0x68,
    0x52,0x68,0x5a,0xa9,0x5a,0xa9,0x4a,0x48,0x4a,0x48,0x5a,0xa9,0x5a,0x89,0x52,0x68,0x52,0x89,0x5a,0xa9,0x5a,0xa9,0x52,0x88,
    0x52,0x68,0x52,0x68,0x4a,0x48,0x4a,0x47,0x52,0x68,0x52,0x68,0x52,0x68,0x4a,0x27,0x52,0x88,0x4a,0x48,0x5a,0xa9,0x52,0x68,
    0x52,0x88,0x52,0x89,0x52,0x68,0x4a,0x48,0x52,0x68,0x52,0x88,0x62,0xca,0x52,0x88,0x42,0x07,0x52,0x47,0x52,0x68,0x52,0x68,
    0x4a,0x47,0x4a,0x27,0x42,0x06,0x4a,0x27,0x52,0x68,0x4a,0x27,0x42,0x27,0x4a,0x27,0x4a,0x48,0x52,0x88,0x4a,0x47,0x4a,0x27,
    0x52,0x88,0x52,0x68,0x52,0x88,0x52,0x68,0x52,0x68,0x52,0x68,0x4a,0x48,0x52,0x68,0x4a,0x27,0x52,0x68,0x52,0x88,0x5a,0xa9,
    0x52,0x68,0x52,0x48,0x4a,0x27,0x52,0x68,0x4a,0x48,0x52,0x68,0x52,0x88,0x52,0x68,0x52,0x68,0x52,0x68,0x52,0x88,0x5a,0xa9,
    0x5a,0xa9,0x52,0x88,0x52,0x68,0x5a,0xa9,0x5a,0xa9,0x5a,0xca,0x5a,0xa9,0x52,0x88,0x52,0x68,0x52,0x68,0x62,0xea,0x5a,0xa9,
    0x52,0x68,0x52,0x48,0x5a,0xa9,0x52,0x88,0x52,0x68,0x52,0x68,0x4a,0x48,0x52,0x68,0x52,0x88,0x4a,0x48,0x4a,0x48,0x4a,0x27,
    0x52,0x68,0x5a,0x88,0x52,0x48,0x4a,0x27,0x52,0x68,0x5a,0xa9,0x52,0x68,0x52,0x68,0x4a,0x48,0x4a,0x48,0x4a,0x27,0x4a,0x27,
    0x4a,0x48,0x4a,0x27,0x4a,0x47,0x4a,0x27,0x4a,0x27,0x4a,0x47,0x4a,0x47,0x4a,0x47,0x52,0x68,0x4a,0x47,0x52,0x68,0x52,0x68,
    0x4a,0x47,0x52,0x68,0x52,0x88,0x52,0x89,0x52,0x68,0x52,0x88,0x52,0x88,0x52,0x68,0x5a,0xa9,0x52,0x68,0x52,0x68,0x52,0x68,
    0x52,0x88,0x52,0x88,0x4a,0x48,0x52,0x89,0x52,0x89,0x4a,0x48,0x52,0x89,0x52,0x88,0x52,0x68,0x52,0x88,0x52,0x68,0x52,0x68,
    0x52,0x89,0x5a,0xa9,0x52,0x68,0x4a,0x48,0x52,0x68,0x52,0x68,0x5a,0x89,0x4a,0x48,0x52,0x68,0x52,0x88,0x52,0x68,0x4a,0x48,
    0x52,0x68,0x52,0x68,0x4a,0x27,0x4a,0x27,0x4a,0x47,0x52,0x88,0x4a,0x47,0x4a,0x47,0x4a,0x48,0x4a,0x48,0x4a,0x47,0x4a,0x47,
    0x52,0x68,0x4a,0x47,0x4a,0x47,0x52,0x48,0x4a,0x27,0x4a,0x47,0x52,0x47,0x4a,0x47,0x52,0x88,0x4a,0x47,0x52,0x68,0x4a,0x48,
    0x52,0x68,0x52,0x68,0x52,0x68,0x4a,0x48,0x4a,0x07,0x4a,0x27,0x4a,0x27,0x4a,0x27,0x4a,0x27,0x42,0x07,0x4a,0x27,0x4a,0x48,
    0x4a,0x48,0x4a,0x27,0x4a,0x48,0x4a,0x48,0x4a,0x47,0x4a,0x48,0x4a,0x48,0x4a,0x27,0x52,0x68,0x4a,0x48,0x4a,0x48,0x52,0x68,
    0x4a,0x27,0x4a,0x47,0x52,0x48,0x52,0x68,0x4a,0x27,0x52,0x68,0x4a,0x27,0x52,0x68,0x4a,0x48,0x4a,0x48,0x4a,0x27,0x4a,0x48,
    0x52,0x68,0x52,0x88,0x52,0x68,0x4a,0x47,0x4a,0x48,0x4a,0x27,0x52,0x68,0x52,0x68,0x52,0x68,0x52,0x68,0x5a,0xa9,0x5a,0x88,
    0x52,0x68,0x52,0x88,0x62,0xe9,0x5a,0xa9,0x52,0x68,0x52,0x68,0x52,0x68,0x52,0x68,0x52,0x48,0x4a,0x27,0x52,0x68,0x52,0x88,
    0x52,0x68,0x52,0x47,0x5a,0x88,0x52,0x68,0x52,0x68,0x52,0x88,0x4a,0x47,0x52,0x68,0x52,0x68,0x52,0x88,0x52,0x68,0x5a,0xa9,
    0x52,0x88,0x52,0x88,0x4a,0x48,0x4a,0x48,0x5a,0xa9,0x52,0x68,0x52,0x68,0x52,0x68,0x52,0x68,0x52,0x68,0x5a,0x89,0x4a,0x48,
    0x52,0x88,0x4a,0x48,0x52,0x68,0x52,0x88,0x52,0x68,0x4a,0x27,0x4a,0x48,0x5a,0x88,0x42,0x27,0x5a,0xa9,0x52,0x89,0x4a,0x48,
    0x4a,0x27,0x52,0x68,0x5a,0x89,0x4a,0x48,0x52,0x68,0x52,0x47,0x52,0x68,0x52,0x47,0x5a,0x88,0x5a,0x88,0x52,0x68,0x62,0xc9,
    0x4a,0x27,0x4a,0x27,0x4a,0x47,0x4a,0x47,0x4a,0x27,0x42,0x27,0x52,0x68,0x5a,0xa9,0x52,0x68,0x4a,0x48,0x4a,0x48,0x52,0x89,
    0x4a,0x47,0x4a,0x27,0x5a,0x89,0x52,0x89,0x42,0x06,0x41,0xe6,0x52,0x68,0x5a,0x88,0x42,0x07,0x42,0x07,0x4a,0x27,0x5a,0x88,
    0x52,0x88,0x52,0x68,0x52,0x88,0x52,0x89,0x52,0x88,0x5a,0xa9,0x5a,0xa9,0x52,0x68,0x52,0x68,0x5a,0xc9,0x52,0x89,0x52,0x89,
    0x62,0xc9,0x5a,0x88,0x5a,0xc9,0x5a,0x89,0x52,0x68,0x52,0x68,0x52,0x68,0x4a,0x48,0x52,0x68,0x4a,0x47,0x4a,0x27,0x4a,0x48,
    0x52,0x68,0x5a,0xa9,0x52,0x68,0x52,0x68,0x52,0x68,0x5a,0xa9,0x52,0x68,0x52,0x68,0x4a,0x27,0x5a,0xa9,0x5a,0xa9,0x52,0x88,
    0x52,0x68,0x4a,0x48,0x4a,0x48,0x52,0x88,0x5a,0xa9,0x52,0x68,0x52,0x68,0x4a,0x27,0x52,0x68,0x52,0x68,0x52,0x68,0x52,0x68,
    0x52,0x88,0x4a,0x47,0x52,0x68,0x52,0x68,0x52,0x68,0x52,0x68,0x4a,0x48,0x52,0x48,0x4a,0x27,0x4a,0x47,0x4a,0x27,0x4a,0x48,
    0x4a,0x47,0x42,0x07,0x4a,0x27,0x52,0x68,0x5a,0xa9,0x52,0x88,0x52,0x68,0x52,0x88,0x4a,0x48,0x52,0x68,0x5a,0x89,0x52,0x68,
    0x52,0x88,0x52,0x88,0x5a,0x89,0x5a,0xa9,0x52,0x68,0x52,0x68,0x52,0x88,0x5a,0x89,0x52,0x68,0x4a,0x47,0x4a,0x48,0x52,0x68,
    0x52,0x68,0x52,0x88,0x52,0x68,0x52,0x88,0x52,0x68,0x52,0x88,0x5a,0xc9,0x5a,0xa9,0x52,0x88,0x52,0x47,0x52,0x68,0x4a,0x27,
    0x5a,0xa9,0x52,0x68,0x4a,0x48,0x52,0x68,0x5a,0xa9,0x4a,0x48,0x4a,0x48,0x52,0x88,0x4a,0x27,0x4a,0x27,0x4a,0x48,0x52,0x68,
    0x4a,0x48,0x4a,0x27,0x4a,0x27,0x4a,0x27,0x4a,0x48,0x52,0x48,0x52,0x88,0x4a,0x48,0x52,0x68,0x4a,0x47,0x52,0x88,0x52,0x68,
    0x4a,0x48,0x4a,0x47,0x52,0x68,0x52,0x68,0x52,0x48,0x52,0x68,0x4a,0x48,0x52,0x68,0x42,0x27,0x4a,0x48,0x4a,0x47,0x4a,0x47,
    0x4a,0x48,0x4a,0x47,0x52,0x68,0x5a,0x88,0x52,0x88,0x52,0x88,0x5a,0xa9,0x52,0x88,0x52,0x68,0x52,0x88,0x5a,0xa9,0x52,0x88,
    0x42,0x07,0x42,0x07,0x4a,0x48,0x52,0x68,0x52,0x47,0x52,0x68,0x52,0x88,0x52,0x88,0x52,0x67,0x52,0x68,0x52,0x88,0x52,0x88,
    0x52,0x68,0x52,0x47,0x5a,0x88,0x52,0x68,0x52,0x88,0x5a,0xc9,0x62,0xc9,0x52,0x88,0x5a,0x89,0x62,0xc9,0x5a,0xa9,0x52,0x68,
    0x4a,0x48,0x5a,0xa9,0x52,0x88,0x52,0x88,0x52,0x68,0x52,0x68,0x52,0x88,0x5a,0xa9,0x52,0x47,0x52,0x68,0x52,0x88,0x52,0x88,
    0x52,0x88,0x4a,0x47,0x4a,0x48,0x52,0x68,0x52,0x68,0x52,0x88,0x52,0x88,0x52,0x88,0x52,0x48,0x52,0x68,0x52,0x68,0x4a,0x47,
    0x4a,0x47,0x52,0x88,0x4a,0x48,0x52,0x48,0x52,0x68,0x4a,0x48,0x52,0x68,0x52,0x68,0x4a,0x27,0x4a,0x27,0x4a,0x47,0x52,0x68,
    0x4a,0x47,0x52,0x68,0x4a,0x48,0x52,0x48,0x52,0x68,0x52,0x68,0x52,0x68,0x52,0x68,0x52,0x68,0x5a,0xa9,0x4a,0x48,0x52,0x88,
    0x52,0x88,0x5a,0xa9,0x5a,0xa9,0x52,0x68,0x5a,0xa9,0x4a,0x48,0x52,0x68,0x52,0x88,0x42,0x07,0x39,0xe6,0x4a,0x47,0x62,0xca,
    0x4a,0x27,0x42,0x07,0x4a,0x27,0x4a,0x47,0x4a,0x27,0x4a,0x48,0x52,0x68,0x52,0x68,0x52,0x88,0x4a,0x27,0x42,0x07,0x4a,0x27,
    0x4a,0x07,0x52,0x48,0x4a,0x47,0x52,0x68,0x4a,0x27,0x52,0x48,0x52,0x68,0x52,0x48,0x4a,0x27,0x52,0x68,0x52,0x68,0x52,0x68,
    0x4a,0x27,0x52,0x48,0x4a,0x27,0x4a,0x27,0x62,0xc9,0x5a,0xa9,0x5a,0xa9,0x52,0x88,0x52,0x68,0x4a,0x48,0x52,0x68,0x52,0x68,
    0x5a,0x89,0x4a,0x48,0x52,0x68,0x5a,0x88,0x52,0x68,0x5a,0xa9,0x4a,0x27,0x4a,0x27,0x52,0x68,0x52,0x68,0x52,0x68,0x52,0x48,
    0x4a,0x48,0x4a,0x27,0x4a,0x27,0x4a,0x47,0x52,0x68,0x4a,0x47,0x4a,0x07,0x4a,0x27,0x4a,0x47,0x5a,0x88,0x52,0x68,0x52,0x68,
    0x4a,0x48,0x42,0x07,0x4a,0x27,0x52,0x68,0x4a,0x47,0x42,0x07,0x4a,0x27,0x4a,0x47,0x4a,0x27,0x4a,0x47,0x4a,0x47,0x42,0x07,
    0x52,0x68,0x4a,0x48,0x4a,0x48,0x4a,0x48,0x52,0x68,0x4a,0x27,0x52,0x48,0x5a,0x89,0x4a,0x48,0x52,0x68,0x4a,0x48,0x52,0x68,
    0x4a,0x27,0x52,0x68,0x52,0x89,0x52,0x68,0x42,0x07,0x52,0x68,0x4a,0x48,0x52,0x68,0x52,0x68,0x4a,0x28,0x52,0x68,0x52,0x88,
    0x52,0x68,0x4a,0x48,0x4a,0x47,0x5a,0x89,0x4a,0x48,0x42,0x07,0x4a,0x68,0x5a,0x89,0x52,0x68,0x42,0x07,0x42,0x07,0x4a,0x27,
    0x52,0x68,0x5a,0x88,0x52,0x68,0x4a,0x48,0x5a,0x88,0x52,0x68,0x52,0x68,0x4a,0x48,0x5a,0xa9,0x4a,0x27,0x52,0x68,0x52,0x88,
    0x5a,0xa9,0x5a,0xa9,0x52,0x88,0x52,0x68,0x5a,0xa9,0x52,0x68,0x52,0x68,0x52,0x68,0x4a,0x48,0x4a,0x48,0x52,0x68,0x52,0x68,
    0x52,0x68,0x4a,0x48,0x52,0x48,0x4a,0x47,0x4a,0x47,0x52,0x48,0x52,0x68,0x4a,0x47,0x4a,0x48,0x4a,0x48,0x52,0x68,0x52,0x48,
    0x4a,0x27,0x4a,0x48,0x52,0x68,0x4a,0x48,0x4a,0x48,0x4a,0x48,0x52,0x68,0x52,0x68,0x4a,0x48,0x4a,0x48,0x4a,0x47,0x52,0x47,
    0x4a,0x48,0x52,0x68,0x52,0x88,0x5a,0xa9,0x4a,0x47,0x52,0x88,0x52,0x68,0x5a,0xa9,0x4a,0x47,0x4a,0x48,0x52,0x68,0x4a,0x27,
    0x52,0x68,0x4a,0x48,0x4a,0x47,0x4a,0x48,0x5a,0xa9,0x5a,0xa8,0x62,0xe9,0x62,0xc9,0x5a,0xa9,0x5a,0xa9,0x5a,0xa8,0x5a,0x88,
    0x4a,0x48,0x4a,0x27,0x42,0x07,0x52,0x68,0x4a,0x27,0x4a,0x48,0x4a,0x47,0x4a,0x48,0x52,0x68,0x4a,0x27,0x52,0x88,0x52,0x68,
    0x52,0x68,0x52,0x68,0x52,0x68,0x52,0x68,0x4a,0x27,0x52,0x68,0x52,0x68,0x52,0x68,0x4a,0x48,0x4a,0x48,0x4a,0x27,0x52,0x88,
    0x5a,0xa9,0x4a,0x47,0x4a,0x48,0x4a,0x48,0x4a,0x48,0x4a,0x47,0x52,0x68,0x52,0x88,0x52,0x68,0x4a,0x48,0x52,0x68,0x5a,0x89,
    0x52,0x68,0x4a,0x48,0x4a,0x48,0x52,0x68,0x4a,0x27,0x52,0x68,0x5a,0xa9,0x5a,0xa9,0x52,0x68,0x52,0x68,0x5a,0xa9,0x52,0x89,
    0x5a,0xa9,0x5a,0x89,0x52,0x68,0x52,0x68,0x5a,0xa9,0x52,0x88,0x4a,0x27,0x4a,0x48,0x52,0x68,0x4a,0x48,0x4a,0x48,0x52,0x68,
    0x4a,0x48,0x4a,0x48,0x4a,0x48,0x4a,0x48,0x52,0x68,0x52,0x68,0x52,0x68,0x52,0x68,0x52,0x88,0x52,0x68,0x52,0x88,0x5a,0x89,
    0x52,0x68,0x52,0x68,0x4a,0x27,0x4a,0x27,0x52,0x68,0x4a,0x48,0x52,0x68,0x52,0x68,0x52,0x68,0x52,0x88,0x52,0x88,0x5a,0xa9,
    0x52,0x68,0x52,0x88,0x52,0x88,0x52,0x68,0x4a,0x27,0x4a,0x27,0x42,0x07,0x4a,0x27,0x4a,0x47,0x4a,0x47,0x4a,0x27,0x4a,0x27,
    0x4a,0x48,0x4a,0x27,0x4a,0x27,0x4a,0x47,0x4a,0x27,0x52,0x68,0x52,0x68,0x4a,0x47,0x4a,0x48,0x62,0xea,0x52,0x68,0x42,0x06,
    0x4a,0x27,0x52,0x88,0x5a,0xa9,0x4a,0x27,0x4a,0x47,0x52,0x48,0x5a,0xa9,0x52,0x88,0x4a,0x27,0x4a,0x27,0x52,0x89,0x4a,0x48,
    0x4a,0x47,0x52,0x68,0x52,0x68,0x52,0x68,0x4a,0x27,0x52,0x48,0x52,0x68,0x52,0x68,0x4a,0x48,0x4a,0x27,0x4a,0x48,0x5a,0x89,
    0x52,0x68,0x4a,0x48,0x52,0x88,0x52,0x88,0x4a,0x47,0x4a,0x27,0x4a,0x48,0x52,0x48,0x4a,0x48,0x4a,0x48,0x52,0x68,0x52,0x68,
    0x5a,0xa9,0x52,0x88,0x52,0x89,0x52,0x68,0x52,0x88,0x5a,0xa9,0x52,0x68,0x5a,0x88,0x52,0x68,0x52,0x68,0x4a,0x27,0x42,0x07,
    0x52,0x48,0x4a,0x47,0x4a,0x48,0x4a,0x27,0x4a,0x27,0x52,0x48,0x52,0x48,0x4a,0x48,0x52,0x88,0x52,0x48,0x52,0x68,0x52,0x68,
    0x4a,0x27,0x41,0xe7,0x42,0x07,0x52,0x68,0x4a,0x27,0x4a,0x27,0x4a,0x27,0x4a,0x27,0x4a,0x47,0x4a,0x48,0x52,0x68,0x52,0x48,
    0x4a,0x48,0x52,0x68,0x52,0x68,0x5a,0xa9,0x52,0x68,0x5a,0xc9,0x52,0x68,0x4a,0x47,0x52,0x88,0x5a,0xa9,0x5a,0xa8,0x4a,0x47,
    0x5a,0xc9,0x62,0xc9,0x4a,0x48,0x4a,0x47,0x5a,0xa9,0x52,0x68,0x52,0x68,0x52,0x68,0x42,0x07,0x52,0x48,0x52,0x88,0x52,0x68,
    0x4a,0x47,0x52,0x68,0x52,0x88,0x4a,0x48,0x52,0x68,0x5a,0x89,0x5a,0xa9,0x52,0x68,0x52,0x89,0x5a,0xa9,0x52,0x88,0x52,0x48,
    0x4a,0x47,0x4a,0x27,0x4a,0x27,0x4a,0x47,0x4a,0x27,0x4a,0x27,0x4a,0x47,0x52,0x68,0x4a,0x47,0x4a,0x27,0x4a,0x27,0x52,0x68,
    0x4a,0x27,0x42,0x07,0x52,0x68,0x52,0x88,0x4a,0x48,0x4a,0x27,0x52,0x88,0x5a,0xa9,0x4a,0x27,0x4a,0x27,0x52,0x68,0x5a,0x88,
    0x52,0x88,0x4a,0x47,0x4a,0x48,0x52,0x68,0x52,0x68,0x4a,0x27,0x4a,0x48,0x4a,0x48,0x4a,0x27,0x42,0x07,0x42,0x07,0x4a,0x47,
    0x52,0x68,0x41,0xe6,0x4a,0x27,0x4a,0x27,0x52,0x89,0x4a,0x27,0x42,0x06,0x4a,0x27,0x52,0x89,0x5a,0x89,0x52,0x47,0x42,0x07,
    0x52,0x48,0x5a,0xa9,0x5a,0xa9,0x4a,0x27,0x4a,0x48,0x52,0x88,0x52,0x68,0x4a,0x27,0x4a,0x27,0x42,0x07,0x4a,0x47,0x4a,0x48,
    0x4a,0x27,0x52,0x68,0x4a,0x48,0x4a,0x48,0x4a,0x27,0x4a,0x47,0x4a,0x27,0x4a,0x27,0x4a,0x48,0x4a,0x27,0x4a,0x27,0x4a,0x27,
    0x52,0x68,0x52,0x68,0x4a,0x27,0x4a,0x48,0x4a,0x48,0x52,0x68,0x52,0x68,0x52,0x68,0x4a,0x27,0x52,0x88,0x4a,0x27,0x4a,0x27,
    0x4a,0x47,0x52,0x68,0x52,0x47,0x4a,0x47,0x52,0x68,0x4a,0x27,0x52,0x48,0x62,0xc9,0x52,0x68,0x4a,0x48,0x52,0x68,0x62,0xea,
    0x52,0x88,0x5a,0x88,0x52,0x88,0x52,0x68,0x52,0x68,0x52,0x88,0x5a,0xa9,0x5a,0xa9,0x5a,0x89,0x4a,0x27,0x52,0x47,0x5a,0xa9,
    0x5a,0xa9,0x5a,0xa8,0x52,0x88,0x62,0xc9,0x5a,0xa9,0x52,0x68,0x52,0x68,0x4a,0x27,0x5a,0xc9,0x4a,0x48,0x4a,0x27,0x52,0x88,
    0x5a,0xc9,0x52,0x68,0x4a,0x48,0x52,0x88,0x5a,0x89,0x52,0x89,0x5a,0x89,0x52,0x68,0x52,0x68,0x52,0x88,0x4a,0x48,0x4a,0x27,
    0x52,0x89,0x52,0x68,0x52,0x48,0x4a,0x48,0x52,0x89,0x4a,0x48,0x4a,0x48,0x52,0x68,0x4a,0x48,0x52,0x68,0x52,0x48,0x5a,0xa9,
    0x4a,0x47,0x52,0x47,0x4a,0x47,0x52,0x88,0x4a,0x47,0x4a,0x47,0x4a,0x47,0x4a,0x27,0x52,0x88,0x4a,0x47,0x4a,0x27,0x52,0x48,
    0x5a,0xa9,0x52,0x48,0x52,0x68,0x4a,0x48,0x52,0x68,0x52,0x68,0x52,0x88,0x52,0x89,0x52,0x68,0x52,0x68,0x5a,0x89,0x52,0x89,
    0x4a,0x48,0x4a,0x48,0x52,0x88,0x5a,0xa9,0x52,0x68,0x52,0x68,0x52,0x88,0x5a,0xa8,0x52,0x68,0x4a,0x48,0x52,0x68,0x52,0x88,
    0x52,0x68,0x52,0x68,0x52,0x89,0x52,0x68,0x5a,0xa9,0x5a,0xc9,0x52,0x88,0x52,0x68,0x5a,0xc9,0x5a,0xa9,0x5a,0x89,0x52,0x88,
    0x5a,0xa9,0x52,0x88,0x52,0x88,0x52,0x68,0x52,0x68,0x5a,0xa9,0x52,0x68,0x5a,0x89,0x52,0x88,0x52,0x68,0x52,0x88,0x52,0x88,
    0x4a,0x48,0x4a,0x47,0x52,0x68,0x5a,0x89,0x52,0x48,0x52,0x88,0x5a,0x89,0x5a,0xa9,0x62,0xc9,0x52,0x89,0x52,0x88,0x52,0x88,
    0x52,0x68,0x5a,0xc9,0x4a,0x48,0x4a,0x47,0x52,0x68,0x52,0x88,0x4a,0x48,0x4a,0x48,0x4a,0x27,0x4a,0x27,0x52,0x68,0x52,0x68,
    0x52,0x68,0x52,0x89,0x52,0x68,0x4a,0x48,0x5a,0xa9,0x52,0x89,0x52,0x88,0x52,0x68,0x52,0x89,0x52,0x68,0x52,0x68,0x52,0x68,
    0x52,0x68,0x4a,0x47,0x4a,0x27,0x52,0x48,0x52,0x68,0x4a,0x27,0x52,0x48,0x52,0x88,0x52,0x68,0x4a,0x48,0x52,0x68,0x5a,0xa9,
    0x52,0x68,0x4a,0x48,0x4a,0x48,0x52,0x68,0x4a,0x47,0x4a,0x48,0x4a,0x47,0x5a,0xca,0x52,0x68,0x52,0x88,0x4a,0x48,0x52,0x68,
    0x52,0x88,0x52,0x88,0x4a,0x47,0x52,0x68,0x52,0x88,0x5a,0xa9,0x5a,0xa9,0x52,0x68,0x6b,0x0b,0x42,0x07,0x4a,0x48,0x5a,0xa8,
    0x5a,0xa9,0x52,0x68,0x52,0x68,0x52,0x68,0x52,0x68,0x4a,0x48,0x4a,0x48,0x4a,0x48,0x4a,0x48,0x52,0x68,0x42,0x07,0x4a,0x48,
    0x4a,0x27,0x52,0x68,0x5a,0xc9,0x4a,0x47,0x52,0x68,0x52,0x88,0x4a,0x47,0x4a,0x07,0x52,0x68,0x52,0x68,0x4a,0x27,0x4a,0x27,
    0x4a,0x48,0x4a,0x27,0x4a,0x27,0x4a,0x27,0x52,0x68,0x4a,0x48,0x4a,0x27,0x4a,0x48,0x52,0x88,0x52,0x47,0x52,0x68,0x4a,0x47,
    0x4a,0x48,0x52,0x68,0x52,0x88,0x52,0x68,0x4a,0x48,0x52,0x68,0x52,0x47,0x52,0x88,0x5a,0xa9,0x52,0x68,0x52,0x68,0x4a,0x48,
    0x5a,0xa9,0x5a,0x89,0x4a,0x48,0x4a,0x48,0x52,0x88,0x5a,0xa9,0x52,0x68,0x52,0x68,0x5a,0xa9,0x52,0x68,0x4a,0x48,0x52,0x68,
    0x4a,0x48,0x5a,0xa9,0x4a,0x48,0x4a,0x27,0x52,0x68,0x52,0x89,0x5a,0xa9,0x52,0x88,0x52,0x89,0x4a,0x27,0x52,0x89,0x52,0x68,
    0x52,0x68,0x4a,0x27,0x42,0x07,0x4a,0x48,0x5a,0xc9,0x5a,0xc9,0x52,0x88,0x52,0x88,0x5a,0xa9,0x5a,0xa9,0x52,0x68,0x4a,0x27,
    0x52,0x89,0x5a,0x89,0x5a,0xa9,0x52,0x68,0x52,0x68,0x52,0x88,0x62,0xea,0x5a,0xa9,0x52,0x68,0x4a,0x27,0x4a,0x27,0x4a,0x48,
    0x4a,0x27,0x4a,0x27,0x4a,0x27,0x42,0x07,0x42,0x06,0x42,0x07,0x4a,0x27,0x42,0x27,0x4a,0x07,0x41,0xe6,0x4a,0x27,0x4a,0x27,
    0x4a,0x27,0x42,0x07,0x42,0x27,0x4a,0x47,0x42,0x07,0x42,0x07,0x4a,0x47,0x4a,0x47,0x4a,0x27,0x4a,0x27,0x52,0x68,0x52,0x68,
    0x42,0x07,0x4a,0x27,0x4a,0x27,0x52,0x68,0x52,0x68,0x52,0x68,0x52,0x68,0x52,0x68,0x52,0x68,0x52,0x68,0x4a,0x47,0x52,0x48,
    0x4a,0x47,0x52,0x88,0x4a,0x47,0x4a,0x27,0x5a,0x88,0x52,0x88,0x52,0x68,0x4a,0x48,0x52,0x68,0x52,0x88,0x5a,0x88,0x5a,0xa9,
    0x52,0x68,0x5a,0x88,0x5a,0xa8,0x52,0x88,0x52,0x47,0x52,0x68,0x52,0x88,0x52,0x48,0x4a,0x48,0x52,0x88,0x52,0x88,0x4a,0x47,
    0x52,0x89,0x52,0x88,0x5a,0x89,0x52,0x88,0x52,0x89,0x52,0x88,0x52,0x68,0x5a,0x89,0x5a,0x89,0x5a,0x89,0x5a,0x89,0x52,0x88,
    0x5a,0x89,0x5a,0xa9,0x4a,0x47,0x4a,0x47,0x4a,0x27,0x52,0x48,0x52,0x88,0x4a,0x47,0x4a,0x48,0x4a,0x48,0x52,0x48,0x4a,0x27,
    0x52,0x68,0x52,0x68,0x52,0x68,0x52,0x68,0x52,0x68,0x52,0x68,0x52,0x88,0x52,0x88,0x52,0x68,0x52,0x88,0x4a,0x48,0x52,0x68,
    0x52,0x89,0x52,0x68,0x52,0x88,0x52,0x68,0x5a,0x89,0x52,0x88,0x4a,0x47,0x52,0x88,0x52,0x88,0x52,0x88,0x52,0x88,0x4a,0x48,
    0x4a,0x27,0x52,0x68,0x4a,0x48,0x4a,0x48,0x4a,0x27,0x4a,0x27,0x52,0x68,0x52,0x88,0x4a,0x47,0x42,0x07,0x5a,0x88,0x5a,0xa9,
    0x4a,0x27,0x4a,0x48,0x4a,0x47,0x52,0x48,0x4a,0x48,0x52,0x68,0x4a,0x48,0x4a,0x48,0x4a,0x48,0x4a,0x27,0x52,0x88,0x52,0x68,
    0x4a,0x48,0x4a,0x47,0x52,0x68,0x4a,0x47,0x4a,0x48,0x4a,0x48,0x52,0x68,0x5a,0x89,0x52,0x68,0x52,0x68,0x52,0x68,0x5a,0x89,
    0x52,0x88,0x4a,0x47,0x4a,0x27,0x52,0x88,0x52,0x88,0x52,0x68,0x5a,0xc9,0x5a,0xa9,0x4a,0x48,0x4a,0x48,0x52,0x68,0x52,0x88,
    0x4a,0x48,0x4a,0x27,0x4a,0x48,0x4a,0x48,0x52,0x68,0x4a,0x47,0x4a,0x48,0x52,0x48,0x52,0x48,0x4a,0x48,0x52,0x68,0x4a,0x27,
    0x4a,0x47,0x4a,0x48,0x4a,0x27,0x4a,0x27,0x4a,0x27,0x4a,0x47,0x52,0x48,0x4a,0x27,0x4a,0x27,0x42,0x07,0x4a,0x27,0x52,0x68,
    0x52,0x68,0x52,0x68,0x4a,0x48,0x52,0x68,0x52,0x89,0x52,0x88,0x52,0x48,0x52,0x47,0x52,0x68,0x5a,0xa9,0x5a,0xa9,0x5a,0xc9,
    0x52,0x68,0x52,0x48,0x5a,0x89,0x5a,0xa9,0x4a,0x47,0x52,0x68,0x52,0x68,0x5a,0x89,0x4a,0x47,0x4a,0x47,0x4a,0x48,0x52,0x68,
    0x52,0x48,0x52,0x68,0x4a,0x27,0x52,0x48,0x4a,0x48,0x4a,0x27,0x4a,0x48,0x52,0x68,0x4a,0x27,0x4a,0x27,0x52,0x68,0x52,0x88,
    0x4a,0x27,0x52,0x68,0x52,0x68,0x52,0x68,0x52,0x88,0x4a,0x48,0x42,0x07,0x4a,0x47,0x52,0x68,0x4a,0x48,0x4a,0x48,0x4a,0x27,
    0x4a,0x47,0x52,0x68,0x52,0x68,0x4a,0x47,0x52,0x68,0x4a,0x48,0x52,0x68,0x52,0x68,0x4a,0x27,0x52,0x68,0x5a,0x89,0x5a,0x89,
    0x4a,0x27,0x52,0x68,0x42,0x07,0x52,0x68,0x4a,0x27,0x4a,0x27,0x4a,0x27,0x52,0x68,0x4a,0x48,0x52,0x48,0x52,0x68,0x4a,0x47,
    0x4a,0x27,0x4a,0x27,0x42,0x06,0x4a,0x27,0x4a,0x68,0x52,0x68,0x4a,0x27,0x42,0x07,0x52,0x68,0x52,0x88,0x52,0x88,0x52,0x48,
    0x52,0x68,0x52,0x88,0x52,0x68,0x52,0x68,0x42,0x07,0x42,0x07,0x52,0x68,0x52,0x88,0x4a,0x27,0x4a,0x27,0x4a,0x47,0x5a,0x88,
    0x4a,0x48,0x4a,0x27,0x4a,0x27,0x4a,0x48,0x42,0x07,0x52,0x88,0x52,0x88,0x4a,0x48,0x62,0xc9,0x5a,0xa8,0x5a,0xa9,0x52,0x48,
    0x52,0x68,0x52,0x48,0x52,0x68,0x5a,0xa9,0x42,0x07,0x4a,0x48,0x52,0x89,0x52,0x68,0x4a,0x48,0x4a,0x48,0x4a,0x48,0x4a,0x48,
    0x52,0x68,0x52,0x68,0x52,0x68,0x4a,0x27,0x52,0x68,0x52,0x88,0x52,0x88,0x4a,0x47,0x4a,0x48,0x4a,0x27,0x4a,0x27,0x52,0x48,
    0x4a,0x48,0x4a,0x47,0x4a,0x48,0x52,0x68,0x52,0x68,0x5a,0xa9,0x4a,0x47,0x4a,0x47,0x52,0x68,0x52,0x68,0x4a,0x27,0x4a,0x47,
    0x52,0x68,0x52,0x88,0x4a,0x47,0x52,0x48,0x4a,0x48,0x52,0x68,0x52,0x68,0x4a,0x47,0x52,0x88,0x52,0x88,0x52,0x68,0x5a,0xa9,
    0x5a,0x89,0x5a,0xa9,0x5a,0x89,0x5a,0xa9,0x52,0x68,0x52,0x88,0x5a,0x89,0x5a,0x89,0x4a,0x48,0x4a,0x48,0x5a,0x88,0x52,0x88,
    0x52,0x88,0x52,0x68,0x5a,0x88,0x52,0x68,0x5a,0xa9,0x52,0x88,0x52,0x68,0x52,0x68,0x5a,0xc9,0x5a,0xa9,0x5a,0xa9,0x4a,0x28,
    0x52,0x88,0x5a,0xa9,0x52,0x68,0x52,0x68,0x4a,0x27,0x4a,0x48,0x4a,0x27,0x42,0x07,0x4a,0x48,0x4a,0x28,0x4a,0x48,0x4a,0x48,
    0x4a,0x27,0x4a,0x48,0x42,0x07,0x4a,0x48,0x52,0x68,0x4a,0x27,0x42,0x07,0x4a,0x27,0x4a,0x27,0x4a,0x48,0x4a,0x48,0x52,0x89,
    0x4a,0x27,0x52,0x89,0x52,0x68,0x4a,0x48,0x4a,0x48,0x52,0x68,0x4a,0x48,0x4a,0x48,0x52,0x68,0x52,0x68,0x4a,0x48,0x4a,0x48,
    0x52,0x68,0x4a,0x48,0x4a,0x27,0x4a,0x48,0x52,0x68,0x4a,0x48,0x4a,0x48,0x4a,0x47,0x4a,0x48,0x52,0x48,0x4a,0x47,0x4a,0x27,
    0x4a,0x48,0x52,0x88,0x4a,0x48,0x4a,0x47,0x4a,0x48,0x52,0x68,0x5a,0xa9,0x52,0x68,0x4a,0x48,0x52,0x68,0x52,0x88,0x4a,0x48,
    0x52,0x68,0x52,0x68,0x52,0x68,0x4a,0x48,0x52,0x88,0x52,0x89,0x52,0x68,0x4a,0x48,0x52,0x88,0x4a,0x48,0x52,0x68,0x52,0x88,
    0x4a,0x27,0x4a,0x47,0x52,0x68,0x52,0x68,0x4a,0x27,0x4a,0x48,0x52,0x48,0x4a,0x27,0x4a,0x48,0x4a,0x47,0x52,0x68,0x4a,0x48,
    0x52,0x68,0x52,0x68,0x52,0x88,0x52,0x48,0x4a,0x27,0x52,0x68,0x5a,0xc9,0x5a,0x89,0x4a,0x48,0x52,0x89,0x5a,0xa8,0x5a,0xa8,
    0x5a,0xa9,0x5a,0x88,0x4a,0x48,0x52,0x68,0x62,0xc9,0x52,0x68,0x52,0x68,0x4a,0x27,0x4a,0x48,0x52,0x68,0x4a,0x48,0x4a,0x27,
    0x4a,0x47,0x52,0x68,0x4a,0x48,0x42,0x07,0x52,0x68,0x52,0x68,0x52,0x88,0x4a,0x47,0x4a,0x47,0x52,0x68,0x4a,0x48,0x4a,0x48,
    0x52,0x48,0x4a,0x47,0x4a,0x47,0x52,0x68,0x4a,0x47,0x52,0x68,0x4a,0x47,0x52,0x88,0x52,0x68,0x5a,0xa9,0x52,0x68,0x5a,0xa9,
    0x52,0x48,0x52,0x68,0x4a,0x47,0x42,0x07,0x52,0x68,0x52,0x68,0x4a,0x27,0x4a,0x47,0x52,0x68,0x5a,0xa9,0x52,0x48,0x5a,0xa9,
    0x52,0x88,0x52,0x68,0x52,0x68,0x52,0x89,0x4a,0x47,0x52,0x88,0x52,0x68,0x52,0x68,0x52,0x68,0x52,0x68,0x52,0x68,0x52,0x68,
    0x4a,0x48,0x4a,0x27,0x52,0x48,0x4a,0x27,0x4a,0x27,0x4a,0x48,0x42,0x27,0x4a,0x27,0x52,0x68,0x5a,0xa9,0x62,0xc9,0x5a,0xa9,
    0x52,0x88,0x52,0x68,0x4a,0x48,0x52,0x88,0x52,0x88,0x52,0x68,0x52,0x48,0x52,0x68,0x4a,0x27,0x52,0x68,0x5a,0x88,0x52,0x88,
    0x52,0x68,0x4a,0x48,0x4a,0x27,0x52,0x48,0x52,0x88,0x52,0x68,0x4a,0x48,0x4a,0x48,0x5a,0x88,0x5a,0xa9,0x4a,0x47,0x4a,0x48,
    0x4a,0x48,0x52,0x48,0x5a,0x88,0x5a,0xa9,0x52,0x68,0x4a,0x27,0x52,0x68,0x52,0x68,0x52,0x88,0x52,0x68,0x52,0x88,0x5a,0x89,
    0x52,0x68,0x52,0x88,0x4a,0x48,0x4a,0x48,0x52,0x68,0x5a,0xa9,0x52,0x68,0x4a,0x27,0x62,0xca,0x62,0xea,0x5a,0x88,0x52,0x68,
    0x52,0x88,0x52,0x88,0x5a,0xa9,0x52,0x47,0x4a,0x48,0x4a,0x27,0x4a,0x07,0x4a,0x27,0x4a,0x48,0x4a,0x47,0x4a,0x27,0x4a,0x27,
    0x4a,0x47,0x52,0x88,0x52,0x48,0x4a,0x48,0x52,0x48,0x5a,0xa9,0x52,0x68,0x4a,0x27,0x4a,0x27,0x52,0x68,0x52,0x88,0x4a,0x47,
    0x41,0xe6,0x52,0x68,0x4a,0x48,0x52,0x88,0x4a,0x47,0x5a,0x88,0x52,0x88,0x5a,0x88,0x52,0x47,0x52,0x88,0x52,0x68,0x52,0x68,
    0x52,0x88,0x5a,0xa9,0x5a,0x88,0x52,0x88,0x52,0x68,0x52,0x48,0x4a,0x48,0x52,0x68,0x52,0x47,0x4a,0x47,0x4a,0x27,0x4a,0x47,
    0x52,0x68,0x4a,0x47,0x52,0x68,0x4a,0x47,0x4a,0x48,0x52,0x68,0x52,0x68,0x52,0x68,0x4a,0x48,0x52,0x88,0x5a,0xa9,0x5a,0x89,
    0x52,0x68,0x52,0x68,0x52,0x68,0x52,0x68,0x42,0x07,0x52,0x68,0x52,0x88,0x52,0x68,0x4a,0x27,0x4a,0x27,0x52,0x88,0x52,0x68,
    0x5a,0xa9,0x52,0x68,0x52,0x89,0x52,0x68,0x4a,0x47,0x4a,0x27,0x4a,0x27,0x4a,0x27,0x52,0x48,0x4a,0x47,0x52,0x68,0x4a,0x48,
    0x4a,0x27,0x52,0x68,0x52,0x88,0x52,0x68,0x4a,0x47,0x52,0x68,0x52,0x68,0x52,0x68,0x52,0x68,0x52,0x89,0x52,0x68,0x52,0x88,
    0x52,0x48,0x5a,0x89,0x52,0x68,0x5a,0xa9,0x5a,0x88,0x5a,0x88,0x5a,0x88,0x52,0x88,0x52,0x68,0x5a,0xa8,0x5a,0xa9,0x4a,0x47,
    0x4a,0x48,0x52,0x68,0x52,0x68,0x52,0x68,0x52,0x68,0x52,0x68,0x5a,0x88,0x52,0x88,0x4a,0x47,0x52,0x88,0x5a,0xc9,0x5a,0x89,
    0x4a,0x27,0x52,0x68,0x4a,0x48,0x5a,0xc9,0x5a,0xa9,0x52,0x88,0x4a,0x47,0x52,0x68,0x52,0x68,0x52,0x48,0x52,0x68,0x52,0x68,
    0x52,0x88,0x52,0x68,0x52,0x68,0x52,0x68,0x5a,0xa9,0x52,0x68,0x4a,0x27,0x4a,0x27,0x4a,0x27,0x52,0x88,0x5a,0xa9,0x52,0x68,
    0x52,0x68,0x5a,0xc9,0x52,0x88,0x52,0x88,0x5a,0x89,0x52,0x89,0x52,0x88,0x4a,0x48,0x52,0x89,0x52,0x68,0x52,0x88,0x52,0x68,
    0x52,0x88,0x52,0x68,0x52,0x68,0x5a,0x89,0x5a,0x89,0x52,0x68,0x4a,0x47,0x4a,0x47,0x5a,0x89,0x52,0x88,0x52,0x88,0x52,0x68,
    0x52,0x68,0x52,0x88,0x52,0x88,0x52,0x68,0x52,0x88,0x52,0x68,0x62,0xea,0x4a,0x48,0x52,0x88,0x52,0x88,0x5a,0xa9,0x4a,0x48,
    0x4a,0x27,0x52,0x88,0x52,0x88,0x4a,0x27,0x52,0x68,0x52,0x48,0x5a,0x88,0x4a,0x68,0x4a,0x27,0x4a,0x48,0x4a,0x47,0x4a,0x27,
    0x4a,0x47,0x4a,0x48,0x52,0x68,0x4a,0x47,0x4a,0x27,0x4a,0x07,0x4a,0x48,0x52,0x68,0x4a,0x47,0x4a,0x48,0x52,0x88,0x52,0x88,
    0x4a,0x27,0x52,0x48,0x52,0x68,0x52,0x68,0x4a,0x48,0x52,0x68,0x52,0x68,0x4a,0x47,0x4a,0x48,0x52,0x68,0x52,0x68,0x4a,0x48,
    0x52,0x89,0x4a,0x48,0x4a,0x48,0x4a,0x48,0x4a,0x48,0x52,0x68,0x52,0x68,0x52,0x88,0x5a,0xc9,0x62,0xc9,0x4a,0x48,0x42,0x07,
    0x5a,0xa9,0x52,0x68,0x52,0x68,0x52,0x68,0x52,0x89,0x52,0x68,0x52,0x68,0x52,0x68,0x5a,0xa9,0x5a,0xa9,0x5a,0x89,0x52,0x68,
    0x52,0x68,0x4a,0x48,0x52,0x68,0x52,0x68,0x52,0x68,0x52,0x68,0x52,0x88,0x5a,0x88,0x5a,0xa9,0x5a,0x89,0x5a,0x89,0x52,0x88,
    0x52,0x68,0x4a,0x48,0x4a,0x48,0x4a,0x48,0x52,0x68,0x52,0x68,0x4a,0x48,0x4a,0x48,0x52,0x68,0x4a,0x48,0x4a,0x27,0x4a,0x47,
    0x52,0x67,0x52,0x68,0x52,0x68,0x4a,0x47,0x52,0x68,0x4a,0x47,0x5a,0x89,0x5a,0xa9,0x4a,0x48,0x4a,0x47,0x52,0x68,0x5a,0xa9,
    0x4a,0x48,0x52,0x68,0x4a,0x48,0x52,0x68,0x52,0x68,0x52,0x88,0x52,0x88,0x4a,0x48,0x4a,0x27,0x4a,0x27,0x42,0x07,0x4a,0x48,
    0x52,0x48,0x4a,0x48,0x4a,0x48,0x4a,0x27,0x4a,0x48,0x52,0x88,0x52,0x89,0x4a,0x48,0x4a,0x48,0x52,0x88,0x52,0x68,0x52,0x68,
    0x4a,0x48,0x52,0x68,0x52,0x88,0x4a,0x27,0x4a,0x48,0x4a,0x48,0x4a,0x48,0x4a,0x48,0x4a,0x48,0x4a,0x48,0x4a,0x48,0x52,0x68,
    0x52,0x48,0x52,0x68,0x52,0x68,0x52,0x88,0x52,0x48,0x5a,0x88,0x5a,0x88,0x52,0x68,0x41,0xe6,0x4a,0x27,0x52,0x88,0x52,0x68,
    0x4a,0x48,0x52,0x68,0x4a,0x27,0x4a,0x27,0x52,0x88,0x52,0x88,0x52,0x48,0x52,0x68,0x5a,0x88,0x52,0x89,0x52,0x68,0x52,0x89,
    0x52,0x68,0x5a,0xc9,0x52,0x88,0x52,0x88,0x4a,0x48,0x5a,0x89,0x52,0x88,0x52,0x88,0x52,0x88,0x52,0x88,0x5a,0xa9,0x5a,0x89,
    0x5a,0x89,0x52,0x88,0x52,0x68,0x4a,0x27,0x52,0x68,0x52,0x68,0x5a,0x88,0x4a,0x47,0x5a,0x88,0x5a,0x88,0x52,0x68,0x52,0x88,
    0x52,0x88,0x52,0x88,0x5a,0xa9,0x52,0x68,0x52,0x68,0x4a,0x48,0x52,0x68,0x52,0x48,0x52,0x48,0x52,0x68,0x4a,0x27,0x4a,0x48,
    0x52,0x88,0x4a,0x48,0x4a,0x48,0x52,0x48,0x52,0x68,0x52,0x88,0x52,0x68,0x4a,0x48,0x4a,0x48,0x52,0x88,0x42,0x07,0x4a,0x47,
    0x52,0x68,0x52,0x88,0x4a,0x27,0x42,0x07,0x52,0x68,0x52,0x68,0x52,0x48,0x4a,0x27,0x52,0x68,0x4a,0x27,0x4a,0x27,0x4a,0x48,
    0x52,0x68,0x52,0x68,0x5a,0x88,0x52,0x68,0x52,0x68,0x52,0x68,0x52,0x68,0x4a,0x48,0x52,0x68,0x52,0x68,0x52,0x48,0x52,0x68,
    0x52,0x88,0x52,0x88,0x52,0x68,0x42,0x07,0x4a,0x27,0x52,0x47,0x52,0x88,0x52,0x68,0x4a,0x27,0x52,0x68,0x52,0x68,0x52,0x88,
    0x52,0x68,0x4a,0x27,0x4a,0x48,0x4a,0x47,0x4a,0x27,0x4a,0x48,0x5a,0x89,0x52,0x68,0x52,0x68,0x52,0x68,0x4a,0x48,0x4a,0x48,
    0x5a,0x89,0x52,0x48,0x4a,0x48,0x52,0x68,0x52,0x68,0x52,0x88,0x52,0x68,0x4a,0x47,0x52,0x88,0x52,0x88,0x52,0x68,0x52,0x68,
    0x52,0x68,0x52,0x68,0x52,0x68,0x52,0x68,0x52,0x68,0x52,0x68,0x4a,0x47,0x52,0x68,0x52,0x48,0x52,0x68,0x52,0x68,0x4a,0x47,
    0x52,0x68,0x4a,0x48,0x52,0x68,0x52,0x68,0x52,0x68,0x5a,0x89,0x52,0x68,0x4a,0x48,0x4a,0x27,0x4a,0x48,0x4a,0x48,0x52,0x68,
    0x52,0x48,0x4a,0x27,0x4a,0x48,0x4a,0x47,0x52,0x88,0x4a,0x27,0x4a,0x47,0x4a,0x48,0x4a,0x47,0x52,0x68,0x52,0x68,0x52,0x68,
    0x52,0x68,0x52,0x68,0x52,0x88,0x5a,0xa9,0x52,0x68,0x4a,0x48,0x52,0x68,0x5a,0x88,0x4a,0x27,0x4a,0x47,0x52,0x68,0x52,0x68,
    0x5a,0x88,0x5a,0xa9,0x5a,0xa9,0x52,0x68,0x5a,0xa9,0x52,0x88,0x52,0x89,0x52,0x68,0x52,0x88,0x4a,0x48,0x52,0x68,0x52,0x68,
    0x52,0x68,0x52,0x68,0x52,0x48,0x52,0x68,0x52,0x68,0x52,0x88,0x52,0x68,0x4a,0x27,0x4a,0x48,0x5a,0xa9,0x52,0x68,0x4a,0x48,
    0x52,0x68,0x52,0x88,0x4a,0x48,0x4a,0x27,0x52,0x48,0x4a,0x48,0x4a,0x27,0x4a,0x47,0x5a,0xa9,0x5a,0xa9,0x5a,0xa9,0x4a,0x47,
    0x52,0x68,0x52,0x68,0x4a,0x48,0x52,0x68,0x4a,0x48,0x4a,0x27,0x4a,0x27,0x52,0x68,0x52,0x68,0x4a,0x47,0x52,0x48,0x52,0x68,
    0x4a,0x47,0x52,0x68,0x52,0x88,0x52,0x88,0x5a,0xa9,0x52,0x88,0x5a,0xa9,0x4a,0x48,0x52,0x68,0x5a,0x88,0x62,0xea,0x52,0x68,
    0x52,0x68,0x5a,0xa9,0x52,0x68,0x52,0x88,0x52,0x68,0x52,0x68,0x4a,0x48,0x4a,0x48,0x4a,0x27,0x4a,0x27,0x4a,0x48,0x52,0x68,
    0x4a,0x27,0x4a,0x48,0x4a,0x48,0x52,0x88,0x52,0x88,0x52,0x68,0x52,0x88,0x52,0x68,0x4a,0x48,0x4a,0x48,0x52,0x89,0x5a,0xa9,
    0x52,0x68,0x4a,0x48,0x52,0x88,0x5a,0x89,0x52,0x68,0x52,0x68,0x52,0x68,0x52,0x68,0x4a,0x48,0x52,0x68,0x5a,0xa9,0x4a,0x48,
    0x52,0x68,0x52,0x88,0x4a,0x48,0x52,0x48,0x4a,0x48,0x52,0x68,0x52,0x68,0x52,0x68,0x4a,0x48,0x52,0x68,0x52,0x88,0x52,0x89,
    0x4a,0x48,0x4a,0x48,0x52,0x68,0x52,0x68,0x4a,0x27,0x4a,0x48,0x4a,0x48,0x52,0x68,0x52,0x68,0x4a,0x47,0x4a,0x47,0x52,0x68,
    0x52,0x89,0x52,0x68,0x4a,0x48,0x4a,0x48,0x4a,0x48,0x4a,0x48,0x4a,0x48,0x52,0x68,0x52,0x68,0x4a,0x47,0x52,0x68,0x52,0x68,
    0x52,0x68,0x52,0x68,0x4a,0x47,0x4a,0x47,0x52,0x88,0x52,0x48,0x4a,0x48,0x5a,0xa9,0x52,0x68,0x4a,0x47,0x52,0x68,0x5a,0x89,
    0x52,0x68,0x4a,0x48,0x52,0x68,0x52,0x89,0x52,0x68,0x52,0x68,0x5a,0xa9,0x52,0x88,0x52,0x88,0x4a,0x48,0x52,0x68,0x52,0x68,
    0x4a,0x48,0x4a,0x48,0x5a,0x89,0x5a,0x89,0x52,0x68,0x4a,0x48,0x4a,0x48,0x4a,0x47,0x52,0x68,0x52,0x68,0x52,0x68,0x4a,0x47,
    0x5a,0x89,0x52,0x88,0x52,0x68,0x52,0x68,0x4a,0x27,0x4a,0x48,0x4a,0x48,0x52,0x88,0x4a,0x27,0x52,0x68,0x52,0x47,0x4a,0x48,
    0x4a,0x48,0x4a,0x47,0x52,0x68,0x4a,0x48,0x52,0x68,0x52,0x68,0x52,0x88,0x4a,0x48,0x52,0x89,0x52,0x68,0x52,0x68,0x4a,0x48,
    0x52,0x68,0x52,0x68,0x52,0x88,0x5a,0xa9,0x4a,0x27,0x4a,0x27,0x4a,0x48,0x52,0x68,0x4a,0x27,0x4a,0x27,0x4a,0x47,0x4a,0x48,
    0x4a,0x27,0x52,0x68,0x52,0x68,0x4a,0x47,0x52,0x89,0x4a,0x48,0x4a,0x47,0x52,0x48,0x52,0x68,0x52,0x89,0x52,0x68,0x52,0x68,
    0x4a,0x48,0x52,0x68,0x4a,0x48,0x4a,0x27,0x4a,0x27,0x52,0x88,0x4a,0x48,0x4a,0x48,0x52,0x88,0x4a,0x27,0x4a,0x27,0x52,0x68,
    0x52,0x89,0x52,0x68,0x52,0x88,0x4a,0x47,0x52,0x68,0x52,0x68,0x52,0x88,0x52,0x68,0x52,0x68,0x52,0x68,0x52,0x88,0x4a,0x47,
    0x52,0x68,0x4a,0x48,0x4a,0x48,0x4a,0x48,0x4a,0x47,0x4a,0x47,0x52,0x68,0x52,0x68,0x4a,0x48,0x4a,0x47,0x4a,0x48,0x52,0x68,
    0x4a,0x47,0x4a,0x48,0x52,0x68,0x4a,0x48,0x42,0x07,0x4a,0x48,0x5a,0xa9,0x4a,0x48,0x4a,0x27,0x5a,0x89,0x5a,0xa9,0x52,0x48,
    0x5a,0xa9,0x52,0x88,0x5a,0xa9,0x52,0x88,0x4a,0x48,0x52,0x68,0x4a,0x47,0x4a,0x47,0x52,0x68,0x4a,0x48,0x4a,0x47,0x52,0x68,
    0x4a,0x48,0x4a,0x48,0x52,0x68,0x52,0x68,0x52,0x68,0x4a,0x48,0x4a,0x27,0x4a,0x47,0x5a,0x89,0x52,0x88,0x52,0x68,0x52,0x68,
    0x52,0x68,0x52,0x68,0x52,0x48,0x52,0x68,0x52,0x68,0x4a,0x48,0x5a,0x89,0x5a,0xa9,0x52,0x48,0x52,0x68,0x5a,0x89,0x52,0x68,
    0x52,0x89,0x52,0x68,0x52,0x88,0x52,0x88,0x52,0x88,0x52,0x48,0x4a,0x48,0x4a,0x48,0x5a,0xa9,0x52,0x68,0x42,0x27,0x4a,0x47,
    0x52,0x88,0x52,0x68,0x52,0x68,0x52,0x89,0x52,0x68,0x52,0x48,0x4a,0x27,0x4a,0x47,0x4a,0x47,0x4a,0x48,0x5a,0x88,0x52,0x68,
    0x4a,0x48,0x4a,0x27,0x52,0x48,0x52,0x88,0x4a,0x48,0x4a,0x27,0x4a,0x48,0x52,0x68,0x52,0x68,0x52,0x68,0x52,0x68,0x52,0x68,
    0x4a,0x47,0x4a,0x48,0x52,0x68,0x52,0x68,0x52,0x47,0x52,0x68,0x5a,0xa9,0x52,0x68,0x5a,0xa9,0x5a,0xa9,0x52,0x68,0x4a,0x48,
    0x52,0x88,0x5a,0xa9,0x52,0x88,0x52,0x68,0x4a,0x48,0x4a,0x27,0x52,0x48,0x4a,0x48,0x52,0x68,0x4a,0x27,0x52,0x48,0x5a,0xa9,
    0x4a,0x48,0x4a,0x27,0x52,0x68,0x52,0x88,0x4a,0x47,0x52,0x68,0x52,0x88,0x52,0x68,0x52,0x68,0x4a,0x48,0x52,0x68,0x4a,0x48,
    0x52,0x88,0x4a,0x48,0x52,0x68,0x4a,0x47,0x52,0x68,0x52,0x68,0x52,0x68,0x4a,0x48,0x52,0x88,0x52,0x68,0x4a,0x48,0x4a,0x47,
    0x4a,0x27,0x52,0x68,0x52,0x88,0x52,0x68,0x4a,0x48,0x52,0x88,0x52,0x68,0x52,0x68,0x4a,0x47,0x4a,0x47,0x42,0x07,0x4a,0x27,
    0x52,0x68,0x52,0x48,0x4a,0x27,0x4a,0x27,0x52,0x68,0x4a,0x47,0x52,0x68,0x52,0x88,0x4a,0x48,0x4a,0x48,0x52,0x68,0x52,0x68,
    0x4a,0x48,0x52,0x68,0x52,0x68,0x52,0x68,0x4a,0x48,0x4a,0x48,0x52,0x68,0x5a,0xa9,0x52,0x48,0x52,0x68,0x52,0x88,0x52,0x68,
    0x52,0x68,0x52,0x68,0x52,0x88,0x4a,0x48,0x52,0x68,0x52,0x68,0x52,0x68,0x52,0x48,0x52,0x68,0x52,0x68,0x4a,0x47,0x52,0x68,
    0x52,0x68,0x52,0x68,0x52,0x68,0x52,0x68,0x52,0x68,0x52,0x68,0x4a,0x27,0x52,0x68,0x52,0x88,0x52,0x68,0x42,0x07,0x52,0x48,
    0x5a,0x89,0x52,0x88,0x4a,0x48,0x4a,0x27,0x4a,0x47,0x52,0x68,0x52,0x88,0x52,0x89,0x42,0x07,0x52,0x68,0x5a,0xa9,0x5a,0x89,
    0x4a,0x47,0x52,0x68,0x52,0x88,0x52,0x88,0x4a,0x47,0x4a,0x48,0x52,0x68,0x4a,0x48,0x52,0x68,0x4a,0x48,0x52,0x68,0x52,0x88,
    0x52,0x88,0x52,0x68,0x52,0x68,0x52,0x68,0x52,0x48,0x4a,0x48,0x4a,0x27,0x4a,0x47,0x52,0x68,0x4a,0x47,0x4a,0x47,0x4a,0x27,
    0x52,0x68,0x52,0x68,0x52,0x68,0x52,0x88,0x4a,0x27,0x4a,0x48,0x52,0x68,0x52,0x89,0x4a,0x48,0x52,0x68,0x4a,0x48,0x52,0x68,
    0x4a,0x48,0x52,0x68,0x4a,0x27,0x4a,0x48,0x52,0x68,0x52,0x88,0x52,0x68,0x52,0x48,0x52,0x88,0x52,0x68,0x4a,0x47,0x4a,0x48,
    0x52,0x68,0x52,0x48,0x52,0x68,0x52,0x68,0x52,0x89,0x52,0x68,0x4a,0x48,0x4a,0x48,0x52,0x68,0x52,0x68,0x4a,0x48,0x52,0x48,
    0x52,0x48,0x52,0x68,0x52,0x68,0x5a,0x89,0x52,0x48,0x52,0x48,0x52,0x48,0x5a,0x89,0x4a,0x48,0x52,0x68,0x52,0x68,0x4a,0x48,
    0x4a,0x27,0x52,0x68,0x5a,0xa9,0x5a,0xa9,0x52,0x68,0x52,0x88,0x52,0x68,0x52,0x88,0x5a,0xa9,0x5a,0xa8,0x52,0x48,0x52,0x68,
    0x4a,0x47,0x4a,0x47,0x4a,0x48,0x52,0x68,0x52,0x68,0x52,0x68,0x52,0x68,0x5a,0xa9,0x4a,0x48,0x52,0x68,0x52,0x88,0x4a,0x48,
    0x4a,0x48,0x4a,0x27,0x4a,0x48,0x4a,0x47,0x52,0x68,0x4a,0x48,0x4a,0x48,0x5a,0x88,0x4a,0x48,0x4a,0x48,0x52,0x68,0x4a,0x48,
    0x52,0x68,0x52,0x68,0x52,0x68,0x52,0x88,0x52,0x68,0x5a,0x89,0x52,0x88,0x4a,0x48,0x5a,0x88,0x5a,0x88,0x5a,0x89,0x52,0x68,
    0x4a,0x27,0x42,0x07,0x52,0x88,0x4a,0x48,0x4a,0x48,0x4a,0x47,0x4a,0x47,0x52,0x88,0x52,0x68,0x4a,0x48,0x4a,0x47,0x52,0x48,
    0x52,0x68,0x52,0x68,0x52,0x68,0x4a,0x47,0x4a,0x47,0x52,0x68,0x4a,0x48,0x52,0x68,0x4a,0x48,0x52,0x68,0x52,0x89,0x52,0x88,
    0x52,0x68,0x52,0x89,0x52,0x68,0x52,0x88,0x52,0x68,0x5a,0x88,0x5a,0xa9,0x52,0x88,0x4a,0x48,0x4a,0x27,0x4a,0x27,0x4a,0x27,
    0x52,0x68,0x52,0x48,0x4a,0x48,0x52,0x68,0x5a,0x89,0x52,0x88,0x52,0x89,0x52,0x89,0x52,0x68,0x52,0x88,0x52,0x89,0x4a,0x48,
    0x5a,0xa9,0x52,0x68,0x4a,0x48,0x52,0x68,0x5a,0x89,0x52,0x68,0x52,0x88,0x52,0x68,0x52,0x68,0x52,0x68,0x4a,0x48,0x52,0x68,
    0x52,0x88,0x52,0x68,0x4a,0x48,0x52,0x68,0x4a,0x27,0x4a,0x47,0x4a,0x47,0x52,0x88,0x42,0x27,0x52,0x68,0x52,0x48,0x4a,0x48,
    0x52,0x48,0x52,0x88,0x52,0x89,0x52,0x48,0x5a,0x89,0x52,0x68,0x4a,0x48,0x4a,0x48,0x4a,0x27,0x42,0x07,0x52,0x68,0x52,0x68,
    0x52,0x68,0x4a,0x27,0x4a,0x27,0x4a,0x48,0x52,0x68,0x52,0x68,0x52,0x48,0x4a,0x48,0x52,0x68,0x4a,0x27,0x52,0x68,0x52,0x68,
    0x5a,0x89,0x52,0x68,0x52,0x68,0x52,0x88,0x52,0x88,0x52,0x68,0x52,0x68,0x4a,0x48,0x4a,0x48,0x52,0x48,0x52,0x68,0x4a,0x27,
    0x4a,0x48,0x52,0x68,0x52,0x68,0x4a,0x48,0x5a,0xa9,0x52,0x68,0x4a,0x47,0x4a,0x27,0x52,0x89,0x5a,0x89,0x42,0x06,0x42,0x27,
    0x4a,0x47,0x52,0x68,0x4a,0x48,0x4a,0x27,0x4a,0x47,0x4a,0x47,0x52,0x68,0x52,0x68,0x4a,0x27,0x4a,0x48,0x52,0x68,0x52,0x68,
    0x4a,0x27,0x52,0x68,0x52,0x88,0x4a,0x47,0x4a,0x07,0x52,0x68,0x5a,0x88,0x52,0x88,0x4a,0x48,0x52,0x68,0x4a,0x27,0x52,0x68,
    0x52,0x68,0x5a,0x89,0x52,0x89,0x52,0x88,0x52,0x68,0x52,0x68,0x52,0x89,0x52,0x68,0x52,0x68,0x4a,0x48,0x52,0x68,0x4a,0x47,
    0x4a,0x48,0x4a,0x48,0x52,0x68,0x52,0x48,0x4a,0x48,0x52,0x48,0x52,0x68,0x52,0x68,0x52,0x68,0x52,0x68,0x52,0x88,0x52,0x68,
    0x52,0x88,0x5a,0xa9,0x52,0x88,0x52,0x68,0x52,0x68,0x52,0x88,0x5a,0xa9,0x52,0x68,0x4a,0x47,0x52,0x68,0x52,0x48,0x52,0x68,
    0x4a,0x27,0x52,0x68,0x4a,0x48,0x52,0x68,0x4a,0x48,0x4a,0x27,0x4a,0x48,0x52,0x68,0x4a,0x47,0x4a,0x27,0x52,0x68,0x4a,0x48,
    0x52,0x68,0x52,0x68,0x52,0x48,0x4a,0x47,0x52,0x68,0x52,0x88,0x52,0x48,0x4a,0x48,0x4a,0x48,0x4a,0x47,0x52,0x68,0x52,0x68,
    0x4a,0x48,0x4a,0x47,0x52,0x68,0x52,0x68,0x4a,0x27,0x4a,0x48,0x52,0x68,0x5a,0xa9,0x52,0x68,0x52,0x68,0x4a,0x48,0x52,0x68,
    0x4a,0x48,0x52,0x68,0x52,0x68,0x52,0x88,0x4a,0x47,0x4a,0x48,0x52,0x88,0x52,0x88,0x52,0x88,0x4a,0x48,0x4a,0x47,0x4a,0x48,
    0x52,0x48,0x4a,0x48,0x52,0x68,0x52,0x88,0x52,0x88,0x52,0x89,0x52,0x68,0x52,0x68,0x52,0x89,0x52,0x68,0x52,0x88,0x52,0x68,
    0x52,0x68,0x4a,0x47,0x52,0x68,0x52,0x68,0x52,0x88,0x52,0x68,0x4a,0x48,0x4a,0x27,0x52,0x88,0x52,0x68,0x4a,0x27,0x4a,0x47,
    0x52,0x68,0x52,0x68,0x4a,0x27,0x52,0x68,0x52,0x88,0x5a,0x89,0x52,0x68,0x4a,0x48,0x52,0x68,0x52,0x68,0x52,0x68,0x52,0x68,
    0x4a,0x48,0x52,0x68,0x52,0x88,0x52,0x68,0x52,0x68,0x52,0x68,0x52,0x88,0x52,0x68,0x52,0x48,0x52,0x68,0x5a,0xa9,0x52,0x68,
    0x52,0x88,0x52,0x68,0x4a,0x27,0x4a,0x27,0x52,0x68,0x52,0x68,0x52,0x68,0x4a,0x48,0x52,0x68,0x52,0x88,0x52,0x68,0x4a,0x48,
    0x52,0x68,0x4a,0x48,0x52,0x68,0x52,0x88,0x4a,0x48,0x52,0x68,0x52,0x68,0x52,0x68,0x4a,0x48,0x52,0x88,0x4a,0x48,0x4a,0x27,
    0x52,0x68,0x52,0x68,0x52,0x68,0x52,0x68,0x52,0x47,0x4a,0x47,0x4a,0x48,0x52,0x68,0x52,0x68,0x52,0x88,0x52,0x68,0x52,0x68,
    0x4a,0x48,0x4a,0x48,0x4a,0x48,0x52,0x68,0x4a,0x48,0x52,0x68,0x52,0x68,0x4a,0x47,0x4a,0x48,0x4a,0x48,0x52,0x68,0x52,0x88,
    0x52,0x68,0x52,0x68,0x5a,0x88,0x52,0x88,0x52,0x88,0x52,0x88,0x52,0x88,0x52,0x68,0x52,0x68,0x5a,0x89,0x52,0x88,0x52,0x88,
    0x52,0x68,0x52,0x88,0x52,0x68,0x52,0x48,0x52,0x48,0x5a,0xa9,0x52,0x68,0x4a,0x47,0x4a,0x48,0x4a,0x48,0x52,0x68,0x4a,0x27,
    0x52,0x68,0x4a,0x48,0x52,0x68,0x4a,0x27,0x52,0x68,0x52,0x68,0x4a,0x47,0x52,0x68,0x52,0x88,0x4a,0x48,0x4a,0x47,0x52,0x68,
    0x52,0x88,0x52,0x68,0x52,0x68,0x52,0x88,0x4a,0x47,0x4a,0x47,0x5a,0x88,0x52,0x88,0x52,0x68,0x4a,0x48,0x52,0x68,0x52,0x68,
    0x52,0x88,0x52,0x68,0x52,0x48,0x52,0x68,0x4a,0x47,0x4a,0x48,0x52,0x68,0x52,0x88,0x52,0x48,0x52,0x68,0x52,0x68,0x52,0x68,
    0x52,0x68,0x52,0x48,0x52,0x68,0x52,0x88,0x4a,0x48,0x4a,0x47,0x4a,0x48,0x52,0x68,0x52,0x68,0x52,0x68,0x4a,0x48,0x52,0x48,
    0x4a,0x48,0x52,0x68,0x52,0x68,0x4a,0x48,0x5a,0x89,0x52,0x68,0x52,0x68,0x52,0x68,0x52,0x68,0x52,0x68,0x52,0x68,0x4a,0x48,
    0x52,0x68,0x52,0x68,0x52,0x68,0x52,0x68,0x4a,0x48,0x52,0x68,0x52,0x68,0x52,0x88,0x52,0x68,0x4a,0x48,0x4a,0x48,0x52,0x68,
    0x52,0x68,0x52,0x68,0x52,0x68,0x52,0x48,0x4a,0x48,0x52,0x88,0x52,0x88,0x4a,0x47,0x52,0x68,0x52,0x88,0x52,0x68,0x52,0x68,
    0x4a,0x48,0x52,0x68,0x52,0x68,0x52,0x68,0x4a,0x27,0x4a,0x48,0x52,0x48,0x4a,0x48,0x4a,0x48,0x52,0x68,0x52,0x68,0x52,0x68,
    0x52,0x68,0x52,0x68,0x5a,0x89,0x52,0x68,0x52,0x68,0x52,0x48,0x4a,0x48,0x4a,0x48,0x52,0x68,0x52,0x68,0x4a,0x47,0x52,0x48,
    0x4a,0x47,0x52,0x68,0x52,0x68,0x4a,0x48,0x4a,0x47,0x52,0x68,0x52,0x68,0x52,0x48,0x52,0x68,0x52,0x88,0x4a,0x48,0x52,0x68,
    0x52,0x68,0x52,0x68,0x52,0x68,0x4a,0x48,0x4a,0x48,0x52,0x68,0x52,0x48,0x52,0x68,0x4a,0x48,0x4a,0x27,0x4a,0x48,0x52,0x88,
    0x52,0x68,0x52,0x68,0x52,0x68,0x52,0x47,0x52,0x68,0x52,0x68,0x52,0x68,0x4a,0x27,0x52,0x68,0x52,0x68,0x52,0x68,0x52,0x68,
    0x4a,0x48,0x52,0x68,0x5a,0x88,0x52,0x88,0x52,0x68,0x5a,0x89,0x52,0x68,0x52,0x68,0x4a,0x48,0x52,0x68,0x52,0x48,0x4a,0x27,
    0x4a,0x27,0x52,0x48,0x52,0x68,0x52,0x68,0x52,0x48,0x52,0x48,0x52,0x88,0x52,0x89,0x52,0x48,0x52,0x88,0x52,0x68,0x52,0x48,
    0x4a,0x48,0x4a,0x48,0x52,0x68,0x4a,0x48,0x4a,0x48,0x4a,0x48,0x52,0x88,0x52,0x68,0x52,0x68,0x52,0x88,0x52,0x68,0x52,0x68,
    0x52,0x68,0x52,0x68,0x52,0x68,0x5a,0x89,0x4a,0x48,0x52,0x68,0x52,0x68,0x52,0x68,0x4a,0x47,0x52,0x68,0x4a,0x47,0x4a,0x48,
    0x52,0x68,0x52,0x68,0x4a,0x48,0x52,0x68,0x52,0x68,0x52,0x68,0x52,0x88,0x4a,0x27,0x52,0x68,0x4a,0x48,0x4a,0x48,0x4a,0x48,
    0x52,0x48,0x52,0x68,0x52,0x68,0x4a,0x48,0x52,0x88,0x52,0x68,0x52,0x68,0x4a,0x48,0x4a,0x47,0x52,0x68,0x52,0x68,0x52,0x88,
    0x4a,0x48,0x52,0x68,0x52,0x68,0x52,0x68,0x52,0x68,0x52,0x68,0x52,0x68,0x52,0x68,0x52,0x68,0x52,0x68,0x52,0x68,0x4a,0x48,
    0x52,0x68,0x52,0x68,0x4a,0x48,0x52,0x68,0x52,0x88,0x52,0x88,0x4a,0x27,0x4a,0x48,0x52,0x48,0x52,0x68,0x52,0x68,0x52,0x68,
    0x52,0x68,0x4a,0x48,0x52,0x48,0x52,0x68,0x52,0x68,0x4a,0x48,0x4a,0x48,0x52,0x68,0x4a,0x48,0x52,0x68,0x52,0x68,0x52,0x68,
    0x52,0x68,0x52,0x68,0x52,0x68,0x52,0x68,0x52,0x88,0x52,0x88,0x52,0x68,0x4a,0x48,0x52,0x68,0x52,0x68,0x52,0x68,0x52,0x68,
    0x52,0x68,0x52,0x68,0x52,0x68,0x52,0x68,0x52,0x68,0x52,0x68,0x4a,0x48,0x52,0x68,0x52,0x68,0x52,0x68,0x52,0x68,0x52,0x68,
    0x4a,0x48,0x52,0x68,0x52,0x88,0x52,0x68,0x52,0x68,0x4a,0x48,0x52,0x68,0x52,0x68,0x52,0x68,0x4a,0x48,0x52,0x68,0x52,0x68,
    0x52,0x68,0x52,0x68,0x4a,0x48,0x52,0x68,0x52,0x68,0x4a,0x48,0x52,0x68,0x52,0x68,0x52,0x68,0x52,0x68,0x4a,0x48,0x52,0x68,
    0x52,0x68,0x52,0x48,0x52,0x48,0x52,0x68,0x52,0x68,0x52,0x68,0x52,0x68,0x52,0x68,0x52,0x68,0x52,0x68,0x52,0x48,0x52,0x68,
    0x52,0x68,0x52,0x68,0x52,0x68,0x4a,0x48,0x52,0x68,0x4a,0x48,0x52,0x68,0x52,0x68,0x52,0x68,0x52,0x68,0x52,0x68,0x52,0x68,
    0x52,0x68,0x52,0x68,0x52,0x68,0x52,0x68,0x52,0x68,0x52,0x68,0x52,0x68,0x52,0x68,0x52,0x68,0x52,0x68,0x52,0x68,0x52,0x68,
    0x52,0x68,0x52,0x68,0x52,0x68,0x52,0x68,
};
} // namespace dawnlight::pedestal_art
